PassengerId,HomePlanet,CryoSleep,Cabin,Destination,Age,VIP,RoomService,FoodCourt,ShoppingMall,Spa,VRDeck,Name,Gender,Transported
0001_01,Europa,False,B/0/P,TRAPPIST-1e,39,False,0,0,0,0,0,Maham Ofracculy,M,False
0002_01,Earth,False,F/0/S,TRAPPIST-1e,24,False,109,9,25,549,44,Juanna Vines,F,True
0003_01,Europa,False,A/0/S,TRAPPIST-1e,58,True,43,3576,0,6715,49,Altark Susent,M,False
0003_02,Europa,False,A/0/S,TRAPPIST-1e,33,False,0,1283,371,3329,193,Solam Susent,F,False
0004_01,Earth,False,F/1/S,TRAPPIST-1e,16,False,303,70,151,565,2,Willy Santantines,M,True
0005_01,Earth,False,F/0/P,PSO J318.5-22,44,False,0,483,0,291,0,Sandie Hinetthews,F,True
0006_01,Earth,False,F/2/S,TRAPPIST-1e,26,False,42,1539,3,0,0,Billex Jacostaffey,M,True
0006_02,Earth,True,G/0/S,TRAPPIST-1e,28,False,0,0,0,0,,Candra Jacostaffey,F,True
0007_01,Earth,False,F/3/S,TRAPPIST-1e,35,False,0,785,17,216,0,Andona Beston,M,True
0008_01,Europa,True,B/1/P,55 Cancri e,14,False,0,0,0,0,0,Erraiam Flatic,F,True
0008_02,Europa,True,B/1/P,TRAPPIST-1e,34,False,0,0,,0,0,Altardr Flatic,M,True
0008_03,Europa,False,B/1/P,55 Cancri e,45,False,39,7295,589,110,124,Wezena Flatic,F,True
0009_01,Mars,False,F/1/P,TRAPPIST-1e,32,False,73,0,1123,0,113,Berers Barne,M,True
0010_01,Earth,False,G/1/S,TRAPPIST-1e,48,False,719,1,65,0,24,Reney Baketton,F,False
0011_01,Earth,False,F/2/P,TRAPPIST-1e,28,False,8,974,12,2,7,Elle Bertsontry,M,True
0012_01,Earth,False,,TRAPPIST-1e,31,False,32,0,876,0,0,Justie Pooles,F,False
0014_01,Mars,False,F/3/P,55 Cancri e,27,False,1286,122,,0,0,Flats Eccle,M,False
0015_01,Earth,False,F/4/P,55 Cancri e,24,False,0,1,0,0,637,Carry Hughriend,F,False
0016_01,Mars,True,F/5/P,TRAPPIST-1e,45,False,0,0,0,0,0,Alus Upead,M,True
0017_01,Earth,False,G/0/P,TRAPPIST-1e,0,False,0,0,0,0,0,Lyde Brighttt,F,True
0017_02,Earth,False,F/6/P,55 Cancri e,14,False,412,0,1,0,679,Philda Brighttt,M,False
0020_01,Earth,True,E/0/S,TRAPPIST-1e,1,False,0,0,0,0,0,Almary Brantuarez,F,False
0020_02,Earth,True,E/0/S,55 Cancri e,49,False,0,0,0,0,0,Glendy Brantuarez,M,False
0020_03,Earth,True,E/0/S,55 Cancri e,29,False,0,0,,0,0,Mollen Mcfaddennon,F,False
0020_04,Earth,False,E/0/S,TRAPPIST-1e,10,False,0,0,0,0,0,Breney Jacostanley,M,True
0020_05,Earth,True,E/0/S,PSO J318.5-22,1,False,,0,0,0,0,Mael Brantuarez,F,False
0020_06,Earth,False,E/0/S,TRAPPIST-1e,7,False,0,0,0,0,0,Terta Mcfaddennon,M,False
0022_01,Mars,False,D/0/P,TRAPPIST-1e,21,False,980,2,69,0,0,,,False
0024_01,Europa,True,C/2/S,TRAPPIST-1e,62,False,0,0,,0,0,Penton Fullided,M,True
0025_01,Earth,False,F/6/S,TRAPPIST-1e,15,False,0,225,0,998,0,Karard Brookenson,F,False
0026_01,Europa,False,C/0/P,55 Cancri e,34,False,22,6073,0,1438,328,Anyoni Unconary,M,False
0028_01,Mars,False,F/8/P,TRAPPIST-1e,43,False,1125,0,136,48,0,Ceros Mare,F,False
0030_01,Earth,False,G/4/S,TRAPPIST-1e,32,False,0,850,81,437,453,Ginia Morsentley,M,False
0031_01,Mars,False,F/9/P,TRAPPIST-1e,47,False,214,0,1411,0,1229,Coobix Datie,F,True
0031_02,Mars,False,F/9/P,TRAPPIST-1e,2,False,0,0,0,0,0,Cinets Datie,M,True
0031_03,Mars,False,F/9/P,TRAPPIST-1e,20,False,,0,1750,990,0,Dontch Datie,F,True
0034_01,Europa,True,D/1/S,55 Cancri e,28,False,0,0,0,0,0,Ziba Oingwhedly,M,True
0035_01,Mars,False,D/1/P,55 Cancri e,23,False,784,964,0,951,0,Luse Butte,F,False
0036_01,Earth,False,F/8/S,55 Cancri e,15,,0,492,48,20,401,Marina Leodger,M,False
0038_01,Earth,False,F/10/S,55 Cancri e,20,False,554,195,0,2606,0,Loise Wheelez,F,False
0039_01,Earth,True,G/1/P,55 Cancri e,30,False,0,0,,0,0,Jorgie Batthewitt,M,False
0041_01,Earth,True,G/2/P,TRAPPIST-1e,17,False,0,0,0,0,0,Margia Moodsey,F,True
0043_01,Europa,False,B/3/P,TRAPPIST-1e,45,False,0,164,45,2511,855,Ankalik Cylistrand,M,False
0044_01,Earth,True,G/3/P,TRAPPIST-1e,55,False,0,0,0,0,0,Jodye Coopelandez,F,False
0044_02,Earth,True,G/3/P,55 Cancri e,4,False,0,0,0,0,0,Kayne Coopelandez,M,True
0044_03,Earth,True,G/3/P,PSO J318.5-22,21,False,0,0,0,0,0,Cassa Coopelandez,F,True
0045_01,Mars,False,F/10/P,TRAPPIST-1e,21,False,970,0,180,0,64,Zelowl Chmad,M,False
0045_02,Mars,True,F/10/P,,19,False,0,0,0,0,0,Mass Chmad,F,True
0050_01,Earth,False,E/1/S,55 Cancri e,35,False,790,0,0,,0,Sony Lancis,M,False
0051_01,Earth,False,E/2/S,TRAPPIST-1e,56,False,0,112,0,1379,127,Vivia Johnshines,F,False
0052_01,Earth,False,G/6/S,TRAPPIST-1e,,False,4,0,2,4683,0,Elaney Hubbarton,M,False
0053_01,Earth,False,F/11/S,TRAPPIST-1e,25,False,0,0,1938,0,1,Elson Hickerson,F,True
0056_01,Europa,False,A/1/S,TRAPPIST-1e,2,False,0,0,0,0,0,Okulas Tractive,M,True
0056_02,Europa,True,A/1/S,TRAPPIST-1e,38,False,0,0,0,0,0,Instab Tractive,F,True
0056_03,Europa,False,A/1/S,TRAPPIST-1e,27,False,279,605,3374,286,3,Zinoces Tractive,M,True
0058_01,Earth,True,G/7/S,PSO J318.5-22,36,False,0,0,0,0,0,Warry Ayalazquez,F,False
0061_01,Earth,False,F/12/S,TRAPPIST-1e,22,False,45,1096,148,1377,1,Shanya Salez,M,False
0062_01,Earth,False,F/13/S,TRAPPIST-1e,62,False,0,592,0,17,25,Sterry Greeves,F,False
0064_01,Mars,True,F/14/S,TRAPPIST-1e,15,False,0,0,0,0,0,,,True
0064_02,,True,E/3/S,TRAPPIST-1e,33,False,0,0,,0,0,Colatz Keen,F,True
0066_01,Earth,False,G/6/P,TRAPPIST-1e,62,False,1,153,197,0,460,Diandy Pecketton,M,False
0067_01,Earth,True,G/10/S,PSO J318.5-22,0,False,0,0,0,0,0,Ninaha Leeves,F,True
0067_02,Earth,False,G/10/S,TRAPPIST-1e,18,False,1,258,446,0,0,Celine Leeves,M,True
0067_03,Earth,False,F/15/S,55 Cancri e,21,False,1946,37,0,0,24,Velyne Leeves,F,False
0068_01,Mars,False,E/4/S,TRAPPIST-1e,,False,793,0,2,253,0,Cinst Binie,M,False
0069_01,Earth,False,F/16/S,TRAPPIST-1e,42,False,887,0,9,6,0,,,True
0070_01,Earth,False,F/13/P,TRAPPIST-1e,19,False,190,0,5,1,726,Meremy Brighttt,M,False
0071_01,Earth,False,F/14/P,TRAPPIST-1e,17,False,16,2165,0,0,52,Nelly Dillines,F,False
0072_01,Earth,False,F/17/S,TRAPPIST-1e,14,False,0,1,0,0,1063,Thell Brantuarez,M,False
0073_01,Mars,False,D/3/P,PSO J318.5-22,37,False,46,83,738,0,12,Gorn Make,F,False
0074_01,Europa,False,C/3/S,TRAPPIST-1e,42,False,1,8397,0,0,506,Aldibah Mostedry,M,True
0076_01,Mars,False,F/18/S,TRAPPIST-1e,27,False,147,0,1018,0,0,Conk Dal,F,True
0077_01,Mars,False,F/15/P,TRAPPIST-1e,28,False,14,0,1295,0,0,Pon Blité,M,True
0078_01,Europa,False,C/4/S,TRAPPIST-1e,38,False,0,5840,0,321,9654,Spuri Pokerheed,F,False
0081_01,Earth,True,G/13/S,TRAPPIST-1e,13,False,0,0,0,0,0,Dellie Vinozarks,M,False
0082_01,Mars,False,F/16/P,TRAPPIST-1e,42,False,7406,0,0,0,0,Totse Datte,F,False
0082_02,Mars,True,F/16/P,TRAPPIST-1e,2,False,0,0,0,0,0,Eaturs Datte,M,True
0082_03,Mars,False,F/16/P,TRAPPIST-1e,8,False,0,0,0,0,0,,,True
0084_01,Earth,False,G/14/S,TRAPPIST-1e,24,False,688,0,0,0,17,Coren Coopezmaney,M,True
0085_01,Europa,True,C/5/S,TRAPPIST-1e,40,False,0,0,0,0,0,Furudah Ellcefulve,F,True
0086_01,Earth,False,F/17/P,TRAPPIST-1e,43,False,211,0,0,638,513,Jodye Kinson,M,False
0088_01,Mars,True,E/5/S,PSO J318.5-22,45,False,0,0,0,0,0,Stmeal Sacre,F,True
0090_01,Earth,True,G/15/S,TRAPPIST-1e,35,False,0,0,0,0,0,Heremy Santry,M,True
0091_01,Earth,True,G/16/S,TRAPPIST-1e,26,False,,0,0,0,0,Deanne Yorkland,F,True
0091_02,Earth,False,F/20/S,TRAPPIST-1e,27,False,1,697,31,188,0,Tinez Yorkland,M,False
0092_01,Earth,False,G/9/P,TRAPPIST-1e,19,False,0,0,670,1,34,Gracy Dunnisey,F,False
0092_02,Earth,True,G/9/P,TRAPPIST-1e,0,False,0,0,,0,0,Stald Hewson,M,True
0092_03,Earth,True,G/9/P,TRAPPIST-1e,3,False,0,0,0,0,0,Tiney Hewson,F,True
0097_01,Europa,False,A/2/S,TRAPPIST-1e,54,False,0,1208,0,3,637,Alchium Fictful,M,False
0098_01,Earth,False,G/11/P,TRAPPIST-1e,26,False,0,856,5,32,0,Doria Carezquez,F,False
0098_02,Earth,False,G/11/P,TRAPPIST-1e,26,False,0,2811,957,0,87,Leence Carezquez,M,True
0099_01,Earth,False,F/19/P,PSO J318.5-22,23,False,311,427,526,37,0,Aliey Leetersoney,F,False
0099_02,Earth,,G/12/P,TRAPPIST-1e,2,False,0,0,0,0,0,Thewis Connelson,M,True
0101_01,Mars,True,,TRAPPIST-1e,31,False,0,0,0,0,0,Book Trad,F,True
0102_01,Earth,False,F/23/S,TRAPPIST-1e,18,False,0,0,0,830,91,Ritany Holson,M,False
0103_01,Earth,False,F/24/S,TRAPPIST-1e,24,False,0,,0,0,17,Arlen Mclainez,F,True
0103_02,Earth,True,G/18/S,55 Cancri e,9,False,0,0,0,0,0,Shaele Mclainez,M,True
0103_03,Earth,True,G/18/S,TRAPPIST-1e,6,False,0,0,0,0,0,Fanne Mclainez,F,False
0105_01,Earth,,F/21/P,TRAPPIST-1e,27,False,0,0,570,2,131,Carry Cleachrand,M,False
0107_01,Mars,False,D/2/S,TRAPPIST-1e,21,False,1743,5,17,0,0,Coobix Hart,F,False
0108_01,Earth,True,G/19/S,TRAPPIST-1e,23,False,0,0,0,0,0,Natald Handertiz,M,False
0108_02,Earth,False,G/19/S,TRAPPIST-1e,31,False,562,0,326,0,0,,,False
0108_03,Earth,False,G/19/S,TRAPPIST-1e,0,,0,0,0,0,0,Oline Handertiz,M,True
0110_01,Europa,False,,TRAPPIST-1e,32,False,0,410,6,3929,764,Graviph Aloubtled,F,False
0110_02,Europa,,B/5/P,TRAPPIST-1e,40,False,0,331,0,0,1687,Aldeba Bootious,M,False
0110_03,Europa,False,B/5/P,TRAPPIST-1e,42,False,2209,11418,0,1868,445,Alaratz Aloubtled,F,True
0110_04,Europa,True,B/5/P,TRAPPIST-1e,28,False,0,0,0,0,0,Izark Aloubtled,M,True
0111_01,Europa,True,E/6/S,TRAPPIST-1e,29,False,0,0,0,0,0,Aldera Supred,F,True
0112_01,Europa,False,B/1/S,55 Cancri e,48,True,0,2537,87,17,13,Moth Cowtale,M,True
0113_01,Earth,False,F/23/P,TRAPPIST-1e,64,False,0,0,804,0,0,Idary Carvis,F,True
0114_01,Earth,False,G/20/S,TRAPPIST-1e,27,False,82,157,429,238,1,Maura Beckerson,M,False
0115_01,Mars,,F/24/P,TRAPPIST-1e,26,False,0,0,0,0,,Rohs Pead,F,True
0116_01,Europa,False,D/4/P,TRAPPIST-1e,33,False,1,2223,0,12,404,Alhenah Suptive,M,True
0119_01,,False,A/0/P,TRAPPIST-1e,39,False,0,2344,0,65,6898,Batan Coning,F,False
0119_02,Europa,True,A/0/P,TRAPPIST-1e,13,False,0,0,0,0,0,Kleeiak Coning,M,True
0120_01,Mars,True,F/25/P,TRAPPIST-1e,24,False,0,0,0,0,,Bees Sacre,F,True
0122_01,Earth,False,G/21/S,TRAPPIST-1e,29,False,0,0,0,699,74,Shelle Hayder,M,False
0123_01,Earth,False,F/27/P,TRAPPIST-1e,18,False,55,597,49,0,1,Iree Fielson,F,False
0126_01,Mars,True,F/27/S,TRAPPIST-1e,67,False,0,0,0,0,0,Milly Mish,M,True
0127_01,Mars,False,E/7/S,TRAPPIST-1e,35,False,701,0,296,0,25,Miloss Mesty,F,False
0128_01,Mars,False,D/3/S,TRAPPIST-1e,61,True,2353,334,9,316,2,Grohs Fles,M,False
0128_02,Mars,False,E/8/S,TRAPPIST-1e,45,False,2103,6,0,0,0,Barave Fles,F,False
0129_01,Earth,True,G/22/S,PSO J318.5-22,22,False,0,0,,0,0,Race Fowles,M,True
0133_01,Mars,True,F/29/S,TRAPPIST-1e,19,False,0,0,0,0,0,Flynx Blie,F,True
0133_02,Mars,False,D/5/S,TRAPPIST-1e,36,False,2738,0,0,0,0,Egrasp Blie,M,False
0134_01,Earth,False,G/17/P,TRAPPIST-1e,19,False,0,14,730,0,0,Camina Harmontry,F,True
0136_01,Earth,False,G/23/S,PSO J318.5-22,47,False,97,418,126,25,55,,,False
0138_01,Earth,True,G/18/P,TRAPPIST-1e,13,False,0,0,0,0,0,Fayene Gambs,F,True
0138_02,Earth,False,E/5/P,,34,False,0,22,0,564,207,Monah Gambs,M,False
0139_01,Europa,True,C/6/S,55 Cancri e,35,False,0,0,0,0,0,Charda Myling,F,True
0140_01,Earth,True,G/19/P,TRAPPIST-1e,24,False,0,0,0,0,0,Evaley Mejiaddox,M,True
0140_02,Earth,False,F/29/P,TRAPPIST-1e,26,False,440,0,0,0,462,Verney Whitakers,F,False
0141_01,Mars,False,F/30/P,TRAPPIST-1e,31,False,,0,97,0,0,Pyrohs Harte,M,False
0144_01,Earth,False,F/31/S,TRAPPIST-1e,20,False,0,420,210,0,0,Guadae Dayers,F,True
0146_01,Earth,False,G/25/S,TRAPPIST-1e,56,False,0,0,0,0,0,Verly Wolferguson,M,False
0147_01,Earth,True,G/26/S,TRAPPIST-1e,50,False,0,0,0,0,0,Samie Hubbarrison,F,True
0148_01,Mars,False,F/31/P,TRAPPIST-1e,42,False,1072,0,10,0,76,Corsh Pashe,M,False
0149_01,Earth,True,G/27/S,55 Cancri e,,False,0,0,0,0,0,Billya Hubbarrison,F,True
0151_01,Earth,True,G/20/P,55 Cancri e,38,False,0,0,0,0,0,Shanie Simson,M,False
0152_01,Earth,False,F/32/P,,41,False,0,0,0,0,607,Andan Estron,F,False
0160_01,Earth,False,G/22/P,TRAPPIST-1e,22,False,4119,0,0,0,61,Gory Atkinney,M,False
0163_01,Europa,True,B/8/P,TRAPPIST-1e,26,False,0,0,0,0,0,Kabiton Hetforhaft,F,True
0163_02,Europa,True,B/8/P,TRAPPIST-1e,17,False,0,0,0,0,0,Scharab Hetforhaft,M,True
0164_01,Earth,False,G/28/S,TRAPPIST-1e,57,False,50,1688,0,,135,Fany Hutchinton,F,True
0164_02,Earth,True,G/28/S,PSO J318.5-22,17,False,0,0,0,0,0,Ianya Hutchinton,M,False
0165_01,Mars,True,F/37/P,TRAPPIST-1e,35,,0,0,0,0,0,Graven Anche,F,True
0167_01,Mars,True,F/35/S,TRAPPIST-1e,13,False,0,0,0,0,0,Miten Floaf,M,True
0167_02,Mars,False,F/35/S,TRAPPIST-1e,27,False,1365,0,48,22,137,Rios Floaf,F,False
0169_01,Earth,True,G/23/P,TRAPPIST-1e,31,False,0,0,0,0,0,Wandy Fisherry,M,False
0170_01,Earth,False,E/10/S,TRAPPIST-1e,24,False,0,0,0,221,567,Mollie Mcmahoney,F,False
0171_01,Earth,True,G/30/S,PSO J318.5-22,19,False,0,0,0,0,0,Coracy Gordanieves,M,True
0172_01,Earth,True,G/24/P,TRAPPIST-1e,32,False,0,0,0,0,0,Hanna Johnshines,F,True
0173_01,Earth,,E/11/S,TRAPPIST-1e,58,False,0,985,0,5,0,Hilip Grifford,M,True
0174_01,Earth,False,F/38/P,55 Cancri e,21,False,287,0,16,115,175,Doryn Lambles,F,False
0177_01,Europa,False,B/2/S,TRAPPIST-1e,38,False,0,10346,1,14970,2111,Toperon Iniouser,M,False
0178_01,Mars,False,D/6/S,TRAPPIST-1e,38,False,3414,0,161,28,119,Wees Knik,F,False
0179_01,Earth,False,G/26/P,TRAPPIST-1e,19,False,1,219,673,2,11,Elaney Webstephrey,M,True
0179_02,Earth,False,G/26/P,TRAPPIST-1e,0,False,0,0,0,0,0,Raque Webstephrey,F,False
0179_03,Earth,False,G/26/P,TRAPPIST-1e,3,False,0,0,0,0,0,Sallyl Webstephrey,M,True
0181_01,Earth,False,G/27/P,TRAPPIST-1e,20,False,0,0,3,299,92,Nancis Brighttt,F,False
0182_01,Europa,True,C/3/P,TRAPPIST-1e,24,False,0,0,0,0,0,Ksorab Disight,M,True
0183_01,Earth,False,F/36/S,TRAPPIST-1e,37,False,17,146,426,0,232,Stany Weaves,F,True
0186_01,Earth,False,G/28/P,TRAPPIST-1e,25,False,62,0,0,0,956,Camiet Shephendry,M,False
0188_01,Earth,True,G/31/S,TRAPPIST-1e,56,False,0,0,0,0,0,Branda Romez,F,True
0189_01,Earth,False,E/8/P,55 Cancri e,49,False,84,3,401,202,98,Helly Booters,M,False
0190_01,Earth,True,G/32/S,55 Cancri e,11,False,0,0,0,0,0,,,False
0192_01,Earth,True,G/29/P,TRAPPIST-1e,1,False,0,0,0,0,0,Tance Adavisons,M,True
0192_02,Earth,False,G/29/P,TRAPPIST-1e,8,False,0,0,0,0,0,Robyny Adavisons,F,False
0192_03,Earth,False,G/29/P,TRAPPIST-1e,39,False,0,0,10,898,0,Lilace Adavisons,M,False
0193_01,Mars,True,F/41/P,TRAPPIST-1e,2,False,0,0,0,0,0,Sps Raf,F,True
0193_02,Mars,False,F/41/P,TRAPPIST-1e,23,False,,0,8,1072,0,Frook Raf,M,False
0193_03,Mars,False,F/41/P,TRAPPIST-1e,0,False,0,0,0,0,0,Goles Raf,F,True
0195_01,Mars,False,F/42/P,TRAPPIST-1e,39,False,406,0,867,0,0,Bar Floaf,M,True
0196_01,Mars,False,D/5/P,PSO J318.5-22,25,False,1052,0,719,0,7,Caper Emead,F,False
0197_01,Europa,False,C/5/P,TRAPPIST-1e,36,False,0,972,0,795,575,Astrak Dissper,M,False
0198_01,Earth,,G/30/P,PSO J318.5-22,52,False,0,0,0,0,0,Jeroy Cookson,F,True
0199_01,Earth,True,G/33/S,TRAPPIST-1e,18,False,0,0,0,0,0,Regana Morrows,M,False
0200_01,Earth,True,G/31/P,TRAPPIST-1e,15,False,0,0,0,0,0,Elia Colomonson,F,True
0201_01,Europa,True,B/3/S,TRAPPIST-1e,35,False,0,0,0,0,0,Kaffias Bacistion,M,True
0201_02,Europa,True,B/3/S,TRAPPIST-1e,47,False,0,0,0,0,0,Edaruma Bacistion,F,True
0202_01,Europa,True,B/9/P,55 Cancri e,45,False,0,0,0,0,0,Pomera Embleng,M,True
0202_02,Europa,False,A/2/P,55 Cancri e,,False,0,2433,,878,443,Vegas Embleng,F,True
0203_01,Europa,True,C/8/S,TRAPPIST-1e,51,False,0,0,0,0,0,Ancham Heateele,M,True
0205_01,Earth,False,G/34/S,TRAPPIST-1e,29,False,0,2,66,0,705,Carma Oneiles,F,False
0206_01,Europa,False,C/9/S,55 Cancri e,,False,2,1720,12,1125,122,Nuson Brugashed,M,True
0207_01,Earth,True,G/32/P,PSO J318.5-22,19,False,0,0,0,0,0,Thony Mcfaddennon,F,False
0210_01,,True,D/6/P,55 Cancri e,24,False,0,0,,0,0,Arraid Inicont,M,True
0211_01,Mars,False,F/44/P,TRAPPIST-1e,29,False,902,1,137,0,0,Pebuts Appie,F,True
0211_02,Mars,True,F/44/P,TRAPPIST-1e,11,False,0,0,0,0,0,Corsh Appie,M,True
0211_03,Mars,False,F/44/P,TRAPPIST-1e,17,False,848,0,307,182,0,Picers Date,F,False
0212_01,Earth,False,E/9/P,TRAPPIST-1e,13,False,192,0,0,51,739,Inen Workmans,M,False
0212_02,Earth,False,F/45/P,TRAPPIST-1e,35,False,147,188,0,10,387,Shally Workmans,F,False
0213_01,Earth,False,F/46/P,TRAPPIST-1e,21,False,367,281,0,0,146,Carita Navages,M,False
0216_01,Earth,False,F/40/S,55 Cancri e,21,False,0,56,0,0,1918,Searla Garnes,F,False
0217_01,Earth,False,F/47/P,TRAPPIST-1e,38,False,1517,0,0,27,0,Prilly Shieldson,M,False
0219_01,Earth,True,G/36/P,TRAPPIST-1e,19,False,0,0,0,0,0,Nica River,F,True
0220_01,Earth,True,G/37/P,TRAPPIST-1e,2,False,0,0,0,0,0,Tyle Wilsoney,M,True
0220_02,Earth,False,G/37/P,TRAPPIST-1e,0,False,0,0,0,0,0,Wena Wilsoney,F,True
0220_03,Earth,True,G/37/P,TRAPPIST-1e,13,False,0,0,0,0,0,Branca Wilsoney,M,False
0220_04,Earth,False,E/10/P,TRAPPIST-1e,25,False,122,84,,0,0,Dont Wilsoney,F,False
0220_05,Earth,False,F/48/P,TRAPPIST-1e,16,False,0,3,0,0,1099,Velyne Wilsoney,M,False
0220_06,Earth,False,G/37/P,55 Cancri e,1,False,0,0,0,0,0,Weney Wilsoney,F,False
0220_07,Earth,True,G/37/P,TRAPPIST-1e,15,False,0,0,0,0,0,Guye Wilsoney,M,True
0221_01,Mars,False,E/13/S,55 Cancri e,21,False,2237,0,119,0,0,Cowhex Blan,F,False
0221_02,Mars,False,E/13/S,TRAPPIST-1e,23,False,1215,80,1,2,0,Yogark Reke,M,False
0221_03,Mars,False,E/13/S,TRAPPIST-1e,33,False,1933,12,188,1,0,Jacks Reke,F,False
0221_04,Mars,True,E/13/S,TRAPPIST-1e,21,False,0,0,0,0,0,Eerch Reke,M,True
0221_05,Mars,False,E/13/S,TRAPPIST-1e,41,False,1230,0,301,43,1023,Panbug Reke,F,False
0221_06,Mars,False,E/13/S,TRAPPIST-1e,16,False,915,0,221,234,0,Gran Reke,M,False
0221_07,Mars,True,E/13/S,TRAPPIST-1e,42,False,0,0,0,0,0,Rohs Reke,F,False
0222_01,Mars,False,F/41/S,TRAPPIST-1e,20,False,1406,0,0,11,0,Gone Perte,M,False
0222_02,Mars,True,F/41/S,TRAPPIST-1e,24,False,0,0,0,0,0,Colf Deva,F,True
0222_03,Mars,True,E/14/S,TRAPPIST-1e,16,False,0,0,0,0,0,Grake Perte,M,True
0223_01,Earth,False,G/35/S,TRAPPIST-1e,21,False,0,2,665,0,9,Evan Sykess,F,False
0224_01,Mars,False,F/42/S,TRAPPIST-1e,32,True,181,0,5,1634,0,Blues Queen,M,False
0225_01,Earth,True,G/38/P,PSO J318.5-22,58,False,0,0,0,0,0,Carly Hortis,F,True
0229_01,Earth,False,F/43/S,TRAPPIST-1e,24,False,4,7,0,713,79,Done Sellahaney,M,False
0231_01,Mars,False,F/44/S,TRAPPIST-1e,30,False,85,0,1,1720,0,Krus Nate,F,False
0232_01,Earth,True,G/36/S,PSO J318.5-22,27,False,0,,0,0,0,Nica Bakerrison,M,False
0233_01,Mars,False,F/45/S,TRAPPIST-1e,32,False,56,0,256,1438,0,Teda Wist,F,False
0234_01,Earth,False,F/50/P,TRAPPIST-1e,43,False,,888,0,0,0,Keitha Josey,M,False
0237_01,Europa,True,B/11/P,TRAPPIST-1e,42,False,0,0,0,0,0,Weias Aginge,F,True
0239_01,Mars,False,,TRAPPIST-1e,37,False,637,0,0,92,319,Diedow Resty,M,False
0240_01,Mars,True,F/52/P,TRAPPIST-1e,35,False,0,0,0,0,0,Puffes Crie,F,True
0241_01,Europa,,E/11/P,55 Cancri e,33,False,0,1249,0,4812,1116,Alas Dischod,M,False
0242_01,,False,F/46/S,TRAPPIST-1e,18,False,313,1,691,283,0,Almone Sté,F,False
0243_01,Earth,True,G/37/S,TRAPPIST-1e,21,False,0,0,0,0,0,Lilace Cartyernan,M,False
0244_01,Mars,True,,TRAPPIST-1e,43,False,0,0,0,0,0,Froos Sad,F,True
0244_02,Mars,True,F/47/S,55 Cancri e,14,,0,0,0,0,0,Tous Sad,M,True
0245_01,Europa,False,C/6/P,55 Cancri e,46,False,0,3571,0,0,7,Glueba Repumparte,F,True
0245_02,Europa,False,C/6/P,TRAPPIST-1e,33,False,0,86,796,584,10912,Anchib Repumparte,M,False
0246_01,Mars,False,D/8/P,TRAPPIST-1e,21,False,2947,0,287,27,0,Mele Sesa,F,False
0248_01,Europa,False,C/10/S,TRAPPIST-1e,33,False,0,1,0,8620,1063,Genifi Spanxibus,M,False
0250_01,Earth,True,G/38/S,PSO J318.5-22,47,False,,0,0,0,0,Camily Kramosley,F,False
0251_01,,True,C/11/S,55 Cancri e,54,False,0,0,0,0,0,Diphah Amsive,M,True
0252_01,Earth,False,F/53/P,TRAPPIST-1e,30,False,335,695,541,0,0,Leenny Byerry,F,False
0253_01,Earth,False,G/42/P,TRAPPIST-1e,29,False,272,615,0,0,1,Dawne Cardner,M,False
0254_01,Earth,False,F/54/P,TRAPPIST-1e,21,False,702,172,408,2,6,Race Stenson,F,True
0255_01,Europa,True,A/3/S,TRAPPIST-1e,24,False,0,0,0,0,0,Ashir Mingious,M,True
0257_01,Mars,False,F/49/S,55 Cancri e,21,False,1664,0,,0,0,Errohs Berte,F,False
0257_02,Mars,True,F/49/S,TRAPPIST-1e,60,False,0,0,0,0,0,Squars Berte,M,True
0258_01,Earth,False,F/50/S,TRAPPIST-1e,22,False,0,0,313,299,92,Feryla Cooperkins,F,False
0260_01,Europa,False,E/16/S,TRAPPIST-1e,26,False,0,4810,0,981,2054,Segino Inderly,M,False
0261_01,Earth,False,F/56/P,TRAPPIST-1e,26,False,66,29,0,0,803,Dord Bookerson,F,False
0263_01,Earth,True,G/43/P,TRAPPIST-1e,28,False,0,0,0,0,0,Maen Merkins,M,True
0265_01,Europa,True,D/8/S,TRAPPIST-1e,39,False,0,0,0,,0,Etair Herpumble,F,True
0267_01,Earth,False,F/51/S,TRAPPIST-1e,13,False,118,0,0,754,1,Lilace Sancockett,M,False
0269_01,Earth,False,F/52/S,55 Cancri e,47,False,0,231,592,0,0,Lerome Polliamposs,F,True
0270_01,Earth,False,F/59/P,TRAPPIST-1e,63,False,0,25,128,0,1240,Cathya Fryersonis,M,False
0275_01,Europa,True,D/9/S,55 Cancri e,,False,0,0,0,0,0,Terf Obnoble,F,True
0277_01,Earth,False,F/61/P,55 Cancri e,50,False,44,2390,0,53,0,Byront Mcdanield,M,True
0278_01,Earth,False,,TRAPPIST-1e,35,False,0,0,0,888,,Judya Beachez,F,False
0278_02,Earth,False,G/45/P,TRAPPIST-1e,45,False,0,97,0,14,333,Marice Beachez,M,False
0281_01,Earth,False,F/63/P,TRAPPIST-1e,19,False,0,0,2078,0,0,Derine Pierry,F,True
0282_01,Earth,False,F/54/S,TRAPPIST-1e,21,False,0,918,0,0,0,Valex Baketton,M,True
0283_01,Earth,True,G/46/P,PSO J318.5-22,29,False,0,0,0,0,0,Jacky Santin,F,True
0283_02,Earth,False,F/64/P,TRAPPIST-1e,22,False,146,654,1,0,2,Roydo Santin,M,True
0285_01,Europa,True,E/16/P,TRAPPIST-1e,14,False,0,0,0,0,0,Krabik Invebodene,F,True
0285_02,Europa,True,E/16/P,55 Cancri e,42,False,0,0,0,0,0,Grasath Invebodene,M,True
0286_01,Earth,False,F/65/P,55 Cancri e,57,False,3,1281,29,162,13,Carita Jimes,F,False
0287_01,Europa,True,,55 Cancri e,39,False,0,0,0,0,0,Tetra Bootty,M,True
0287_02,Europa,False,B/12/P,TRAPPIST-1e,28,False,0,587,32,6,1460,Alasym Bootty,F,False
0288_01,Earth,False,F/55/S,55 Cancri e,19,False,0,0,0,0,828,Gory Delez,M,False
0289_01,Europa,True,C/12/S,55 Cancri e,19,False,0,0,0,0,0,Furuson Objeciane,F,True
0290_01,Europa,False,B/7/S,55 Cancri e,26,False,0,4458,0,1157,262,Skaton Excialing,M,True
0290_02,Europa,True,B/7/S,TRAPPIST-1e,17,False,0,0,0,0,0,Algor Excialing,F,True
0290_03,Europa,,B/7/S,TRAPPIST-1e,43,False,0,0,0,0,0,Dhenar Excialing,M,True
0290_04,Europa,False,B/7/S,55 Cancri e,9,False,0,0,0,0,0,Atino Excialing,F,True
0291_01,Europa,False,D/10/S,TRAPPIST-1e,40,False,0,6500,88,1090,0,Castab Brakeril,M,True
0294_01,Europa,True,B/8/S,TRAPPIST-1e,50,False,0,0,0,,0,Phonons Roforhauge,F,True
0297_01,Earth,False,G/47/P,TRAPPIST-1e,24,False,90,2,1324,17,0,Ernice Gardonadox,M,True
0298_01,Europa,True,A/3/P,55 Cancri e,57,False,0,0,0,0,0,Ashird Sorbitter,F,True
0301_01,Earth,True,,TRAPPIST-1e,16,False,0,0,0,0,0,Margia Wriggins,M,False
0302_01,Earth,False,F/67/P,TRAPPIST-1e,23,False,0,0,15,0,1370,Lesley Shephendry,F,False
0303_01,,True,G/41/S,TRAPPIST-1e,23,False,0,0,0,0,0,Oraryn Kirklander,M,True
0304_01,Europa,False,E/18/S,TRAPPIST-1e,28,False,0,422,0,1851,5166,Betena Ausivetpul,F,False
0305_01,Europa,False,C/7/P,55 Cancri e,23,False,0,584,0,20,2469,Suhelik Geousker,M,False
0306_01,Earth,False,E/19/S,TRAPPIST-1e,23,False,368,175,259,1,101,Dony Estevesters,F,False
0307_01,Earth,False,F/59/S,TRAPPIST-1e,18,False,0,0,1359,0,0,Natald Hickett,M,True
0309_01,Earth,False,F/60/S,TRAPPIST-1e,18,False,1194,0,157,6,0,Billya Bowerson,F,False
0310_01,Europa,False,,TRAPPIST-1e,67,False,,230,0,4476,241,Naviton Coudered,M,False
0313_01,Earth,False,F/68/P,PSO J318.5-22,60,False,7,540,1,0,4,Briney Mckinsond,F,True
0313_02,Earth,True,G/50/P,55 Cancri e,,False,0,0,,0,0,Jona Mckinsond,M,True
0313_03,Earth,False,F/68/P,55 Cancri e,49,False,331,0,0,318,0,Jaimer Mckinsond,F,True
0313_04,Earth,False,G/50/P,55 Cancri e,0,False,0,0,0,0,0,Hary Mckinsond,M,True
0314_01,Earth,False,G/51/P,55 Cancri e,26,False,386,0,74,0,1330,Kell Kochroeders,F,False
0315_01,,True,G/42/S,PSO J318.5-22,35,False,0,0,0,0,0,Adriet Valezaley,M,True
0316_01,Europa,False,B/9/S,TRAPPIST-1e,24,False,0,2628,,170,0,Hallah Sorbitter,F,True
0316_02,Europa,True,B/9/S,TRAPPIST-1e,20,False,0,0,0,0,,Beneba Sorbitter,M,True
0320_01,Earth,False,G/44/S,TRAPPIST-1e,18,False,0,2,0,,0,Breney Bellarkerd,F,False
0320_02,Earth,False,G/44/S,TRAPPIST-1e,21,False,0,5,3,0,,Garley Bellarkerd,M,False
0321_01,,False,F/61/S,TRAPPIST-1e,59,True,1018,0,209,0,0,Quites Bache,F,False
0322_01,Earth,True,G/45/S,PSO J318.5-22,13,False,0,0,0,0,0,Annya Blange,M,False
0324_01,Earth,True,G/53/P,55 Cancri e,43,False,0,0,0,0,0,Carma Hooperez,F,False
0326_01,Earth,True,G/47/S,TRAPPIST-1e,29,False,0,0,0,0,0,Charly Edwartizman,M,False
0327_01,Earth,False,,TRAPPIST-1e,19,False,17,0,784,0,2,Jasony Ocherman,F,True
0330_01,Europa,False,C/14/S,TRAPPIST-1e,2,False,0,0,0,0,0,Bellah Siveduced,M,True
0330_02,Europa,False,C/14/S,TRAPPIST-1e,32,False,247,4651,0,46,202,,,True
0330_03,Europa,False,C/14/S,TRAPPIST-1e,33,False,443,317,0,148,1260,Hekaton Siveduced,M,False
0331_01,Earth,False,F/72/P,TRAPPIST-1e,25,False,0,0,251,0,552,Lewise Burchard,F,False
0333_01,Mars,True,F/73/P,55 Cancri e,29,False,0,0,0,0,0,Phios Melie,M,True
0334_01,Mars,False,F/62/S,TRAPPIST-1e,29,False,5715,2,211,1476,0,Unfly Mushe,F,False
0336_01,Earth,False,F/74/P,TRAPPIST-1e,44,False,695,1,16,0,0,Maura Cookson,M,False
0337_01,Mars,True,F/63/S,55 Cancri e,2,False,0,0,0,0,0,Guanch Perle,F,True
0337_02,Mars,False,F/63/S,TRAPPIST-1e,19,False,417,349,634,3,1057,Weros Perle,M,True
0337_03,Mars,False,F/63/S,55 Cancri e,0,False,0,0,0,0,0,,,True
0338_01,Earth,True,G/48/S,TRAPPIST-1e,18,False,0,0,,0,0,Ireen Guerson,M,True
0340_01,Europa,True,B/10/S,55 Cancri e,38,False,0,0,0,0,0,Pentard Poille,F,True
0341_01,Earth,True,G/57/P,PSO J318.5-22,5,False,0,0,0,0,0,Lorian Webstephrey,M,False
0343_01,Earth,False,F/76/P,PSO J318.5-22,31,False,121,0,0,274,907,Meremy Salez,F,False
0345_01,Mars,True,E/21/S,TRAPPIST-1e,30,False,0,0,0,0,0,Berios Racke,M,False
0346_01,Earth,True,G/59/P,55 Cancri e,15,False,0,0,0,0,0,Lynney Chanan,F,True
0347_01,Mars,False,F/64/S,TRAPPIST-1e,27,False,434,0,1434,0,0,Cousk Kraie,M,False
0348_01,Mars,False,D/12/P,TRAPPIST-1e,22,False,142,2876,202,3,0,Stray Mane,F,True
0348_02,Mars,,,TRAPPIST-1e,36,False,520,0,1865,0,0,Weet Mane,M,True
0350_01,Earth,True,G/60/P,PSO J318.5-22,14,False,0,0,0,0,0,Loresa Burchanez,F,True
0352_01,Mars,False,F/78/P,TRAPPIST-1e,23,False,2001,0,2975,0,0,Hits Strad,M,False
0355_01,Earth,True,,TRAPPIST-1e,18,False,0,0,0,0,0,Tricky Warrison,F,True
0356_01,Europa,True,B/15/P,55 Cancri e,36,False,0,0,0,0,0,Pharmus Gloyanthy,M,True
0357_01,Earth,False,F/65/S,TRAPPIST-1e,41,False,,1198,0,124,572,Eduard Mcleaney,F,False
0358_01,Earth,True,G/50/S,TRAPPIST-1e,50,False,0,0,0,0,0,Ronna Connon,M,True
0358_02,Earth,True,G/50/S,PSO J318.5-22,32,False,0,0,0,0,0,Dandy Connon,F,True
0359_01,Earth,False,F/66/S,PSO J318.5-22,26,False,148,0,453,0,88,Celine Popez,M,False
0360_01,Earth,False,F/67/S,TRAPPIST-1e,15,False,358,212,33,0,112,Elancy Staffersby,F,False
0361_01,Earth,False,F/68/S,55 Cancri e,33,False,0,36,0,280,417,Virgie Headardyer,M,True
0365_01,Earth,False,G/51/S,55 Cancri e,,False,0,0,0,685,21,Dandra Jacostaney,F,False
0368_01,Mars,False,F/82/P,TRAPPIST-1e,26,False,2832,107,4447,15,4,Resers Perte,M,False
0368_02,Mars,True,F/82/P,TRAPPIST-1e,61,False,0,0,0,0,0,Batech Perte,F,True
0369_01,Earth,False,G/53/S,TRAPPIST-1e,24,False,0,0,592,177,58,Veroy Pottonalden,M,True
0370_01,Earth,False,F/83/P,TRAPPIST-1e,30,False,0,95,0,441,1023,Tine Coffmaney,F,False
0371_01,Mars,True,F/84/P,TRAPPIST-1e,24,False,0,0,0,0,0,Chrey Dutte,M,True
0372_01,Earth,False,F/85/P,TRAPPIST-1e,24,False,0,5,0,2766,0,,,False
0373_01,Earth,True,G/62/P,TRAPPIST-1e,41,False,0,0,0,0,0,Billex Mcneiderson,M,False
0375_01,Earth,False,E/22/P,TRAPPIST-1e,20,False,0,0,558,0,230,Luzel Vincenton,F,False
0376_01,Earth,False,G/54/S,TRAPPIST-1e,22,False,116,0,786,6,0,Francy Spentley,M,True
0377_01,Europa,False,C/15/S,55 Cancri e,63,False,0,1068,0,176,8188,Wezncha Excialing,F,False
0378_01,Europa,False,B/11/S,55 Cancri e,18,False,17,215,4,5132,697,Bram Pirejus,M,False
0378_02,Europa,True,B/11/S,55 Cancri e,21,False,0,0,0,0,0,Marfak Pirejus,F,True
0378_03,Europa,False,B/11/S,TRAPPIST-1e,79,False,5649,235,7,2579,2175,Naslon Pirejus,M,False
0378_04,Europa,True,B/11/S,TRAPPIST-1e,56,False,0,0,0,0,0,Muonons Pirejus,F,True
0378_05,Europa,True,B/11/S,TRAPPIST-1e,13,False,0,0,0,0,0,Polaton Pirejus,M,True
0378_06,Europa,False,B/11/S,TRAPPIST-1e,33,False,0,2491,6,1173,1059,Sollum Pirejus,F,False
0378_07,Europa,True,B/11/S,TRAPPIST-1e,32,False,0,0,0,0,0,Achib Pirejus,M,True
0379_01,Earth,False,G/63/P,TRAPPIST-1e,31,False,198,0,591,0,164,Brita Moodson,F,True
0380_01,Europa,True,,55 Cancri e,26,False,0,0,0,0,0,Zinopus Fuelddid,M,True
0381_01,Europa,True,B/16/P,55 Cancri e,18,False,0,0,0,0,0,Mesatan Mosteraked,F,True
0381_02,Europa,True,B/16/P,55 Cancri e,38,False,0,0,,0,0,Aston Mosteraked,M,True
0382_01,,False,G/64/P,,23,False,348,0,0,4,368,Blanie Floydendley,F,False
0383_01,Earth,False,G/55/S,TRAPPIST-1e,28,False,82,773,0,3693,140,Phia Wagnerray,M,False
0383_02,Earth,True,G/55/S,PSO J318.5-22,34,False,0,0,0,0,0,Evane Wagnerray,F,False
0384_01,Earth,False,G/56/S,55 Cancri e,0,False,0,0,0,0,0,Cliney Simpsonks,M,True
0384_02,Earth,False,G/56/S,TRAPPIST-1e,14,False,3,0,881,25,0,Ellard Simpsonks,F,True
0385_01,Earth,False,G/65/P,TRAPPIST-1e,23,False,13,747,0,0,128,Tanley Klinson,M,False
0387_01,Earth,True,G/66/P,TRAPPIST-1e,49,False,0,0,0,0,0,Verek Merce,F,False
0388_01,Earth,True,G/57/S,TRAPPIST-1e,14,False,0,0,0,0,0,Fanna Sullones,M,False
0389_01,Earth,False,E/23/P,TRAPPIST-1e,18,False,391,44,356,0,0,Elanda Savaraldez,F,False
0391_01,Europa,False,C/9/P,PSO J318.5-22,27,True,69,5728,0,0,987,Dabik Cowsearney,M,True
0392_01,Earth,False,E/24/P,TRAPPIST-1e,48,False,0,111,0,1508,0,Ward Carreralend,F,False
0395_01,Europa,False,B/17/P,55 Cancri e,31,True,0,11003,552,8157,5688,Meropus Hervel,M,False
0395_02,Europa,False,B/17/P,55 Cancri e,61,False,1,608,0,3835,1,Hadyon Hervel,F,False
0396_01,Earth,True,G/59/S,TRAPPIST-1e,18,False,0,0,0,0,0,Brinez Robins,M,True
0397_01,Mars,True,F/69/S,TRAPPIST-1e,45,False,0,0,0,0,0,Graw Mepie,F,True
0398_01,Mars,False,D/13/S,TRAPPIST-1e,22,False,28,420,36,6011,3,Wales Tité,M,False
0401_01,Mars,False,D/14/S,TRAPPIST-1e,30,True,1056,0,0,0,0,Luse Pimne,F,False
0401_02,Mars,False,D/14/S,TRAPPIST-1e,30,False,1770,0,0,13,0,Parney Pimne,M,False
0402_01,,True,D/15/S,55 Cancri e,32,True,0,0,0,0,0,Teron Sageng,F,True
0403_01,Mars,False,D/13/P,TRAPPIST-1e,43,True,353,896,0,0,2,Push Wate,M,True
0405_01,Earth,False,F/89/P,55 Cancri e,17,False,177,,0,310,7,Denis Flowensley,F,False
0407_01,Earth,False,G/69/P,TRAPPIST-1e,23,False,,21,0,0,1699,Dandy Mirez,M,False
0407_02,Earth,False,F/90/P,TRAPPIST-1e,20,False,0,465,0,5,223,Luzel Mirez,F,False
0407_03,Earth,True,G/69/P,TRAPPIST-1e,39,False,0,0,0,0,0,Dennya Mirez,M,False
0408_01,Mars,False,E/25/P,TRAPPIST-1e,35,False,1134,113,52,0,0,Cus Ble,F,False
0409_01,Mars,False,F/71/S,TRAPPIST-1e,31,False,0,0,1116,2,0,Mats Iccle,M,False
0410_01,Earth,False,F/72/S,55 Cancri e,21,False,0,150,0,567,0,Tyrona Roachoanand,F,False
0411_01,Earth,False,F/91/P,TRAPPIST-1e,16,False,691,0,101,140,0,Benny Rushorney,M,False
0412_01,Europa,False,C/11/P,TRAPPIST-1e,60,False,0,7255,5952,1537,0,Baton Quelfly,F,True
0413_01,Earth,False,F/92/P,TRAPPIST-1e,18,False,0,157,0,352,60,Elina Steinardson,M,False
0415_01,Earth,True,G/60/S,TRAPPIST-1e,42,False,0,0,0,0,0,Iney Pierry,F,False
0417_01,Europa,True,B/18/P,55 Cancri e,68,False,0,0,0,0,0,Lesatik Poicaptic,M,True
0417_02,Europa,False,B/18/P,55 Cancri e,22,False,0,1170,0,5467,1241,Mirark Unhearfus,F,False
0417_03,Europa,True,B/18/P,TRAPPIST-1e,59,False,0,0,0,0,0,Enifik Unhearfus,M,True
0423_01,Europa,False,B/19/P,TRAPPIST-1e,,False,8,3584,0,13,57,Syrmark Pumbody,F,True
0425_01,Mars,False,F/96/P,TRAPPIST-1e,37,False,1094,2,26,34,1,Blesh Fiha,M,False
0425_02,Mars,True,F/96/P,TRAPPIST-1e,3,False,0,0,0,0,0,Cowns Fiha,F,True
0425_03,Mars,True,F/96/P,TRAPPIST-1e,31,False,0,0,0,0,0,Ree Fiha,M,True
0427_01,Europa,False,E/26/P,TRAPPIST-1e,31,False,417,,7185,562,792,Algor Efulows,F,True
0428_01,Europa,False,C/16/S,TRAPPIST-1e,29,False,0,4118,0,715,3139,Chargin Chocaters,M,True
0429_01,Europa,False,A/5/S,55 Cancri e,20,False,2,10116,0,2,225,Aino Ineysive,F,True
0429_02,Europa,True,A/5/S,55 Cancri e,46,False,0,0,0,0,0,Taurak Ineysive,M,True
0430_01,Earth,False,F/75/S,TRAPPIST-1e,29,False,0,1026,0,16,0,Eliana Jorden,F,True
0431_01,Mars,True,F/97/P,TRAPPIST-1e,43,False,0,0,0,0,0,Fronch Melto,M,True
0432_01,Mars,False,F/76/S,TRAPPIST-1e,17,False,1483,10,0,0,0,Caper Knike,F,False
0433_01,Europa,,B/20/P,55 Cancri e,27,False,0,0,0,0,0,Hekark Mormonized,M,True
0433_02,Europa,False,B/20/P,TRAPPIST-1e,47,False,4,891,0,2962,3656,Naosura Mormonized,F,False
0434_01,Mars,True,F/77/S,TRAPPIST-1e,45,False,0,0,0,0,0,Row Pread,M,True
0435_01,Earth,True,G/62/S,TRAPPIST-1e,17,False,0,0,0,0,0,Allie Willynnedy,F,True
0436_01,Earth,False,G/63/S,55 Cancri e,10,False,0,0,0,0,0,Sallyl Hodes,M,True
0436_02,Earth,False,G/63/S,PSO J318.5-22,56,False,46,11,0,622,0,Lilace Hodes,F,False
0437_01,Earth,False,F/78/S,TRAPPIST-1e,39,False,382,0,22,467,0,Lynnee Oneiles,M,False
0437_02,Earth,False,F/78/S,PSO J318.5-22,40,False,7,0,840,26,0,Debora Oneiles,F,False
0438_01,Europa,True,B/13/S,TRAPPIST-1e,40,False,,0,0,0,0,Dyonon Diateous,M,True
0439_01,Europa,False,C/13/P,55 Cancri e,34,False,,5637,45,1936,56,Izarino Unciate,F,False
0441_01,Earth,False,F/79/S,55 Cancri e,32,False,0,0,0,722,0,Loree Hahnstonsen,M,False
0442_01,Earth,False,F/98/P,TRAPPIST-1e,35,False,7,1043,0,0,0,Elica Armstromez,F,False
0444_01,Mars,False,D/15/P,TRAPPIST-1e,32,True,2484,429,102,0,0,Camonk Curte,M,False
0444_02,,False,F/99/P,TRAPPIST-1e,26,True,1869,0,136,0,0,Colal Curte,F,False
0445_01,Earth,False,F/80/S,TRAPPIST-1e,25,False,1352,0,0,24,799,Loria Marshopper,M,False
0445_02,,False,E/25/S,TRAPPIST-1e,26,False,0,0,0,77,715,Rice Marshopper,F,False
0446_01,Europa,True,B/21/P,55 Cancri e,22,False,0,0,0,0,0,Hadira Singmage,M,True
0447_01,Earth,False,F/81/S,TRAPPIST-1e,22,False,9,0,795,0,0,Ferry Mcclayton,F,True
0448_01,Earth,False,E/27/P,TRAPPIST-1e,24,False,757,0,0,32,0,Elara Hoppernardy,M,False
0448_02,Earth,True,G/71/P,PSO J318.5-22,32,False,0,0,0,0,0,,,True
0449_01,Earth,True,G/64/S,TRAPPIST-1e,11,False,0,0,0,0,0,Nathy Moongton,M,True
0452_01,Mars,True,E/26/S,TRAPPIST-1e,22,False,0,0,0,0,0,Swafox Ecart,F,True
0453_01,Europa,True,B/14/S,TRAPPIST-1e,19,False,0,0,0,0,0,Aldun Taptiritty,M,True
0453_02,Europa,True,,55 Cancri e,34,False,0,0,0,0,0,Minopus Taptiritty,F,True
0453_03,Europa,True,B/14/S,TRAPPIST-1e,74,False,0,0,0,0,0,Wezena Taptiritty,M,True
0454_01,Europa,,B/15/S,55 Cancri e,28,True,5,4288,0,745,5,Tabius Geoconne,F,True
0454_02,Europa,True,B/15/S,TRAPPIST-1e,42,False,0,0,0,0,0,Etair Fushausive,M,True
0454_03,Europa,True,B/15/S,TRAPPIST-1e,43,False,0,0,0,0,0,Hallux Geoconne,F,True
0456_01,Earth,False,F/83/S,TRAPPIST-1e,55,False,210,185,188,59,73,Lulah Hinetthews,M,False
0457_01,Earth,False,G/72/P,PSO J318.5-22,19,False,0,0,747,26,0,Leonyl Poperez,F,True
0457_02,Earth,True,G/72/P,TRAPPIST-1e,6,False,0,0,0,0,0,Sallyl Poperez,M,False
0457_03,Earth,False,G/72/P,TRAPPIST-1e,7,False,0,0,0,0,0,Joela Poperez,F,False
0458_01,Europa,True,D/16/S,55 Cancri e,28,False,0,0,0,0,0,Zanin Bedectical,M,True
0459_01,Earth,False,F/84/S,TRAPPIST-1e,15,False,2156,0,0,59,2,Hardy Nichoan,F,False
0460_01,Earth,True,G/65/S,PSO J318.5-22,24,False,0,0,0,0,0,Shawne Jenningley,M,True
0461_01,Earth,False,E/27/S,PSO J318.5-22,31,False,0,869,0,0,0,Shany Yorkland,F,True
0461_02,Earth,False,F/85/S,TRAPPIST-1e,22,False,0,70,182,612,20,Warry Yorkland,M,True
0461_03,Earth,False,G/66/S,55 Cancri e,1,False,0,0,0,0,0,Len Yorkland,F,True
0462_01,Earth,True,G/67/S,,50,False,0,0,0,0,0,Ronia Sosanturney,M,False
0463_01,Mars,False,F/100/P,TRAPPIST-1e,34,False,865,0,257,,35,Grats Staf,F,False
0463_02,Mars,False,F/100/P,TRAPPIST-1e,14,False,928,852,81,0,0,Flamal Staf,M,False
0465_01,Earth,False,E/28/P,TRAPPIST-1e,19,False,4,10,0,1178,428,Deandy Chaellerty,F,False
0465_02,Earth,False,E/28/P,TRAPPIST-1e,,False,0,654,22,146,4,Kyley Chaellerty,M,True
0466_01,Earth,False,F/101/P,TRAPPIST-1e,36,False,0,0,863,1,1,Aude Beachez,F,False
0468_01,Earth,True,,TRAPPIST-1e,34,False,0,0,0,0,0,Haryn Wynneyerson,M,False
0470_01,Mars,True,F/86/S,55 Cancri e,25,False,0,0,0,0,,Aptal Binie,F,True
0470_02,,True,F/86/S,TRAPPIST-1e,36,False,0,0,0,0,0,Jurs Binie,M,True
0471_01,Europa,False,B/22/P,TRAPPIST-1e,16,False,0,45,2,5183,170,Astab Fuelisent,F,False
0471_02,Europa,False,B/22/P,55 Cancri e,30,False,0,7972,0,0,4,Izarino Fuelisent,M,True
0472_01,Earth,False,F/87/S,PSO J318.5-22,37,False,0,10,544,9,299,Stene Solinez,F,False
0474_01,Earth,True,G/69/S,55 Cancri e,15,False,0,0,0,0,0,Nicey Chardst,M,True
0475_01,Earth,False,E/29/P,TRAPPIST-1e,36,False,0,0,38,9,943,Danie Gilesonston,F,False
0476_01,Mars,False,F/103/P,PSO J318.5-22,27,False,,6,145,144,0,Coves Chiff,M,False
0476_02,Mars,True,F/103/P,TRAPPIST-1e,27,False,0,0,0,0,0,Book Chiff,F,True
0476_03,Mars,True,F/103/P,TRAPPIST-1e,12,False,0,0,0,0,0,Beah Chiff,M,True
0477_01,Earth,False,E/30/P,TRAPPIST-1e,22,False,0,5,0,1619,0,Benny Moongton,F,False
0480_01,Earth,False,G/74/P,TRAPPIST-1e,27,False,,34,23,0,275,Chrisa Mcdanield,M,False
0481_01,Earth,True,G/70/S,TRAPPIST-1e,13,False,0,0,0,0,0,Gera Peckerson,F,True
0482_01,Earth,False,E/28/S,TRAPPIST-1e,27,False,0,118,0,5,665,Anny Mallerez,M,False
0482_02,Earth,False,F/88/S,TRAPPIST-1e,28,False,0,14,0,0,615,Isaacy Mallerez,F,False
0485_01,Europa,False,B/17/S,55 Cancri e,21,False,0,33,0,3348,55,Furudah Unloweedic,M,False
0487_01,Europa,,C/19/S,TRAPPIST-1e,39,False,172,1794,12,4303,246,Sadirak Obeaded,F,False
0488_01,Earth,True,G/76/P,PSO J318.5-22,28,False,0,0,,0,0,Chery Vantonson,M,False
0490_01,Earth,True,G/71/S,TRAPPIST-1e,14,False,0,0,0,0,0,Hanne Kirklander,F,True
0498_01,Europa,True,,55 Cancri e,27,False,0,,0,0,0,Batomam Preent,M,True
0498_02,Europa,True,B/18/S,55 Cancri e,46,False,0,0,0,,0,Kastrak Preent,F,True
0499_01,Mars,True,F/89/S,55 Cancri e,27,False,0,0,0,0,0,Eclass Meake,M,True
0499_02,Mars,False,E/29/S,TRAPPIST-1e,21,False,0,0,0,0,0,Yogark Meake,F,False
0500_01,Mars,False,D/19/P,55 Cancri e,21,False,513,0,1749,82,0,Ots Cakie,M,True
0501_01,Europa,False,E/32/P,TRAPPIST-1e,42,False,0,929,967,,481,Hadirk Spedlybood,F,False
0502_01,Mars,False,,TRAPPIST-1e,22,False,10,0,817,471,0,Pigars Swell,M,False
0503_01,Mars,False,F/90/S,TRAPPIST-1e,10,False,0,0,0,0,0,Gal Fone,F,True
0503_02,Mars,False,F/90/S,TRAPPIST-1e,43,False,1821,0,47,29,0,Torms Fone,M,False
0503_03,Mars,False,E/31/S,TRAPPIST-1e,42,False,1246,35,16,0,0,Pios Fone,F,False
0504_01,Europa,True,B/19/S,55 Cancri e,18,False,0,0,0,0,0,Thabius Unpasine,M,True
0504_02,Europa,True,B/19/S,55 Cancri e,54,False,0,0,0,0,0,Mirfar Unpasine,F,True
0504_03,Europa,True,B/19/S,,24,False,0,0,0,0,0,Sterops Unpasine,M,True
0504_04,Europa,False,B/19/S,TRAPPIST-1e,64,False,0,1737,11,401,752,Tauria Unpasine,F,False
0504_05,Europa,True,B/19/S,55 Cancri e,18,False,0,0,0,0,0,Azharga Unpasine,M,True
0504_06,,True,B/19/S,55 Cancri e,53,False,0,0,0,0,0,Alheneb Unpasine,F,True
0506_01,Mars,True,F/91/S,TRAPPIST-1e,23,False,0,0,0,0,0,Kad Backe,M,True
0507_01,Earth,False,G/74/S,TRAPPIST-1e,39,False,0,0,0,0,0,Kylen Mccarry,F,True
0510_01,Europa,False,C/16/P,TRAPPIST-1e,59,False,0,16521,0,323,0,Astrark Sinecthex,M,True
0512_01,Europa,False,D/18/S,55 Cancri e,32,False,0,5755,0,59,122,Sadirak Nateansive,F,True
0512_02,Europa,True,D/18/S,TRAPPIST-1e,55,False,0,0,0,0,0,Ankalik Nateansive,M,True
0513_01,Earth,True,G/78/P,PSO J318.5-22,21,False,0,0,0,0,0,Rayley Blandez,F,True
0515_01,Europa,True,B/20/S,TRAPPIST-1e,50,False,0,0,0,0,0,Alramix Swinvul,M,True
0516_01,Europa,False,A/6/S,55 Cancri e,55,False,113,2492,41,0,2376,Vindem Eneurordry,F,False
0517_01,Earth,False,F/109/P,TRAPPIST-1e,,False,1445,0,1,2,73,Jandy Kimons,M,False
0518_01,,True,F/92/S,TRAPPIST-1e,35,False,0,0,0,0,0,Soyos Parta,F,True
0519_01,Earth,True,G/77/S,TRAPPIST-1e,,False,0,0,0,0,0,Ryany Farleyatton,M,True
0520_01,Earth,False,G/78/S,TRAPPIST-1e,55,False,62,,0,0,,Bel Mcguirez,F,False
0521_01,Earth,False,E/32/S,TRAPPIST-1e,23,False,39,263,0,0,,Hery Hornettoney,M,True
0522_01,Earth,False,E/33/P,TRAPPIST-1e,42,False,0,0,750,0,156,Glenry Parklaney,F,False
0523_01,Earth,False,E/33/S,TRAPPIST-1e,35,False,553,213,1733,0,6,Helley Joyneidez,M,True
0525_01,Earth,True,,TRAPPIST-1e,47,False,0,0,0,0,0,Wenise Mirezavis,F,True
0527_01,Mars,False,F/93/S,55 Cancri e,,False,1172,11,3,0,4,Supce Stité,M,False
0527_02,Mars,True,F/93/S,TRAPPIST-1e,34,False,0,0,0,0,0,Llat Stité,F,True
0528_01,Europa,False,C/17/P,TRAPPIST-1e,46,False,0,1119,0,3427,6595,Alasmon Stiven,M,False
0529_01,Earth,True,G/81/P,PSO J318.5-22,26,False,0,0,0,0,0,Ericia Sellahaney,F,False
0531_01,Earth,True,G/82/P,55 Cancri e,1,False,0,0,0,0,0,Estine Alentonway,M,False
0531_02,Earth,True,G/82/P,55 Cancri e,,False,0,0,0,0,0,Darley Alentonway,F,True
0533_01,Mars,False,D/21/P,TRAPPIST-1e,33,False,20,0,384,557,0,Tops Stike,M,False
0534_01,Europa,False,B/23/P,TRAPPIST-1e,34,False,98,715,29,5732,1902,Asellux Parbage,F,False
0534_02,Europa,False,B/23/P,TRAPPIST-1e,49,False,3573,1308,316,641,25,Weia Parbage,M,False
0537_01,Earth,False,G/83/P,TRAPPIST-1e,22,False,0,5,0,320,352,Kylen Staffersby,F,False
0538_01,Earth,False,F/110/P,TRAPPIST-1e,28,False,0,1073,0,0,5,Walla Swanardy,M,True
0539_01,Europa,True,C/18/P,TRAPPIST-1e,,False,0,0,,0,0,Tard Nalanet,F,True
0539_02,Europa,True,C/18/P,55 Cancri e,36,False,0,0,0,0,0,Achyon Nalanet,M,True
0539_03,,True,C/18/P,55 Cancri e,30,False,0,0,0,0,0,Alderak Nalanet,F,True
0539_04,Europa,True,C/18/P,TRAPPIST-1e,49,False,0,0,0,0,0,Betenif Nalanet,M,True
0539_05,Europa,False,C/18/P,TRAPPIST-1e,38,False,0,1793,479,9,4987,Mardyon Nalanet,F,False
0540_01,Mars,True,F/95/S,TRAPPIST-1e,31,False,0,0,0,0,0,Jell Conie,M,True
0540_02,,False,F/95/S,TRAPPIST-1e,17,False,1471,0,0,45,16,Rantax Conie,F,False
0542_01,Earth,False,G/84/P,TRAPPIST-1e,26,False,9,0,0,0,878,Landa Ments,M,False
0545_01,Earth,False,F/111/P,TRAPPIST-1e,23,False,59,0,0,681,0,Kaye Sextones,F,False
0546_01,Earth,False,F/96/S,55 Cancri e,24,False,930,691,838,0,0,Shawne Stenson,M,False
0547_01,Earth,False,F/97/S,TRAPPIST-1e,23,False,0,15,831,16,3,Trick Weavesend,F,False
0548_01,Earth,False,E/36/S,TRAPPIST-1e,24,False,0,86,704,0,1,Kariel Webstes,M,True
0549_01,Mars,False,D/19/S,PSO J318.5-22,32,False,666,0,0,252,1,Warets Watte,F,True
0549_02,Mars,True,F/98/S,TRAPPIST-1e,43,False,0,0,0,0,0,Guans Watte,M,True
0550_01,Earth,False,F/99/S,TRAPPIST-1e,23,False,13,12,0,762,0,Maen Cleminglas,F,True
0551_01,Earth,False,G/80/S,TRAPPIST-1e,42,False,126,0,266,445,12,Stene Bradlerson,M,False
0552_01,Europa,True,C/21/S,55 Cancri e,29,False,0,0,0,0,0,Minkab Brathful,F,True
0553_01,Europa,True,C/19/P,TRAPPIST-1e,40,False,0,0,0,0,0,Tope Valindle,M,True
0553_02,Europa,False,C/19/P,TRAPPIST-1e,37,False,0,6506,0,764,0,Gluinol Valindle,F,True
0555_01,Europa,True,C/20/P,55 Cancri e,61,False,0,0,0,0,0,Alraixa Graciansus,M,True
0555_02,Europa,False,C/20/P,TRAPPIST-1e,33,False,0,165,1,2525,0,Alhain Graciansus,F,False
0556_01,Earth,False,F/100/S,TRAPPIST-1e,19,False,0,1428,0,1,19,Jilla Rames,M,True
0559_01,Earth,False,F/102/S,PSO J318.5-22,21,False,0,12,580,0,79,Margia Harmond,F,False
0560_01,Earth,False,G/81/S,TRAPPIST-1e,4,False,0,0,0,0,0,Anniey Hortez,M,False
0560_02,Earth,False,G/81/S,PSO J318.5-22,12,False,0,0,0,0,0,Tonyn Hortez,F,True
0560_03,,False,F/103/S,TRAPPIST-1e,44,False,1440,293,74,32,0,Annah Josey,M,True
0561_01,Earth,False,G/82/S,TRAPPIST-1e,22,False,0,0,332,442,0,Jessa Flemaney,F,False
0563_01,Mars,False,F/114/P,55 Cancri e,33,False,840,642,402,21,0,Hamsp Petie,M,False
0564_01,Europa,True,B/24/P,55 Cancri e,32,False,0,0,0,0,0,Bath Dinsprody,F,True
0564_02,Europa,True,B/24/P,TRAPPIST-1e,28,False,0,0,0,0,0,Taura Dinsprody,M,True
0564_03,Europa,False,B/24/P,,28,False,0,410,2,1354,3695,Aldibi Dinsprody,F,False
0565_01,Mars,False,F/115/P,TRAPPIST-1e,31,False,697,0,612,0,0,Cines Ble,M,False
0566_01,Mars,True,E/37/S,TRAPPIST-1e,13,False,0,0,0,0,0,Muls Mish,F,True
0567_01,Earth,True,G/83/S,TRAPPIST-1e,14,False,0,0,0,0,0,Jeron Munozanson,M,True
0568_01,Europa,,D/20/S,TRAPPIST-1e,33,False,1908,33,0,1,4,Enibik Baciffhaut,F,False
0568_02,Europa,True,D/20/S,55 Cancri e,,False,0,0,0,0,,Pentard Baciffhaut,M,True
0569_01,Earth,False,F/116/P,TRAPPIST-1e,23,False,0,334,310,0,0,Tin Merce,F,True
0570_01,Europa,False,C/22/S,TRAPPIST-1e,36,True,530,5085,1,146,872,Chard Tramsor,M,True
0571_01,Europa,True,C/21/P,55 Cancri e,22,False,0,0,0,0,0,Branev Ousious,F,True
0571_02,Europa,True,C/21/P,TRAPPIST-1e,19,False,0,0,0,0,0,Alchium Ousious,M,False
0571_03,Europa,True,C/21/P,TRAPPIST-1e,42,False,0,0,0,0,0,Bahoton Ousious,F,True
0571_04,Europa,True,C/21/P,,30,False,0,0,0,0,,Izark Hednigic,M,True
0571_05,Europa,True,C/21/P,55 Cancri e,16,False,0,0,0,0,0,Polam Ousious,F,True
0571_06,Europa,False,C/21/P,TRAPPIST-1e,55,False,0,1542,0,1814,1568,Hasich Ousious,M,False
0571_07,Europa,True,C/21/P,TRAPPIST-1e,55,False,0,0,0,0,0,Isoton Ousious,F,True
0572_01,Earth,False,F/105/S,TRAPPIST-1e,19,False,1911,0,21,854,0,Lesley Lamberguson,M,False
0573_01,Earth,False,F/117/P,TRAPPIST-1e,,False,14,809,25,54,,Deandy Dickley,F,False
0575_01,Europa,True,E/34/P,TRAPPIST-1e,18,False,0,0,0,0,0,Minoton Bootty,M,True
0576_01,Earth,False,F/107/S,,21,False,0,,625,110,0,Melice Herry,F,False
0577_01,Earth,False,G/86/P,TRAPPIST-1e,65,False,0,0,521,105,0,Gwendy Holson,M,False
0579_01,Earth,False,F/108/S,TRAPPIST-1e,55,False,53,790,37,0,0,Greggy Trankliney,F,True
0579_02,Earth,False,G/85/S,TRAPPIST-1e,50,False,,233,0,0,0,Scotty Trankliney,M,False
0580_01,Earth,True,G/87/P,TRAPPIST-1e,49,False,0,0,0,0,0,Guye Wagnerray,F,True
0581_01,Earth,False,E/38/S,TRAPPIST-1e,22,False,0,0,601,183,4,Chael Woodgezalez,M,False
0582_01,Mars,True,F/118/P,TRAPPIST-1e,33,False,0,0,0,0,0,Dicks Chort,F,True
0583_01,Mars,True,F/109/S,TRAPPIST-1e,3,False,0,0,0,0,0,Muebix Erle,M,True
0583_02,Mars,True,F/109/S,TRAPPIST-1e,0,False,0,0,0,0,0,Beeres Erle,F,True
0583_03,Mars,True,F/109/S,TRAPPIST-1e,33,False,0,0,0,0,0,Cricks Erle,M,True
0585_01,Mars,True,F/120/P,TRAPPIST-1e,48,False,0,0,0,0,0,Graven Fone,F,True
0585_02,Mars,True,F/120/P,TRAPPIST-1e,5,False,0,0,0,0,0,Sugard Fone,M,True
0585_03,Mars,False,D/22/P,TRAPPIST-1e,23,False,2648,0,1092,0,0,Flams Fone,F,False
0586_01,Europa,True,D/23/P,TRAPPIST-1e,53,False,0,0,0,0,0,Askeid Oillicaly,M,True
0587_01,Mars,False,F/121/P,TRAPPIST-1e,18,False,5,25,616,0,1042,Gorn Tecre,F,False
0588_01,Earth,True,G/89/P,PSO J318.5-22,20,False,0,0,0,0,0,Camiet Delazarson,M,False
0589_01,Earth,False,E/35/P,TRAPPIST-1e,23,False,234,1,551,0,1,Maya Hardley,F,False
0590_01,Earth,False,G/90/P,TRAPPIST-1e,48,False,801,2,0,1,973,Chelsa Burchanez,M,False
0591_01,Earth,True,G/86/S,PSO J318.5-22,19,False,0,0,0,0,0,Loreen Mcclayton,F,False
0593_01,Mars,False,D/24/P,TRAPPIST-1e,,,43,152,182,1,2005,Hon Kra,M,False
0594_01,Earth,False,G/87/S,55 Cancri e,9,False,0,0,0,0,0,Joana Flynner,F,False
0594_02,,False,E/39/S,TRAPPIST-1e,24,False,,4,0,670,113,Cores Flynner,M,False
0596_01,Mars,False,F/123/P,TRAPPIST-1e,46,False,21,0,2155,422,,Ton Gene,F,True
0597_01,Earth,True,G/91/P,,23,False,0,0,0,0,0,Arllia Roachoanand,M,True
0597_02,Earth,True,G/91/P,TRAPPIST-1e,21,False,0,0,0,0,0,Bertle Roachoanand,F,False
0598_01,Earth,True,G/89/S,TRAPPIST-1e,19,False,0,0,,0,,Gabrin Buckeelez,M,False
0599_01,Mars,False,F/124/P,TRAPPIST-1e,0,False,0,0,0,0,0,Losp Crité,F,True
0599_02,Mars,False,F/124/P,TRAPPIST-1e,4,False,0,,0,0,0,Bases Crité,M,True
0599_03,Mars,False,F/124/P,TRAPPIST-1e,26,False,1252,0,46,124,6,Apple Crité,F,False
0599_04,Mars,True,F/124/P,TRAPPIST-1e,9,False,0,0,0,0,0,Honjay Crité,M,True
0600_01,Europa,False,C/23/S,TRAPPIST-1e,24,False,0,3385,826,9,793,Muonon Ormler,F,True
0602_01,Mars,True,F/125/P,TRAPPIST-1e,24,False,0,0,0,0,0,Seats Brine,M,True
0602_02,Mars,False,E/36/P,TRAPPIST-1e,25,False,0,0,0,0,0,Oats Brine,F,False
0602_03,Mars,True,F/125/P,TRAPPIST-1e,21,False,0,0,0,0,0,Rana Brine,M,True
0603_01,Earth,False,F/126/P,TRAPPIST-1e,21,False,0,0,12,0,747,Lyny Scheron,F,False
0607_01,Europa,False,C/22/P,TRAPPIST-1e,37,,27,654,10,881,9568,Dyonium Hontichre,M,False
0607_02,Europa,False,C/22/P,55 Cancri e,44,False,434,3113,19,,892,Mino Hontichre,F,False
0607_03,Europa,False,C/22/P,TRAPPIST-1e,43,False,4,1111,118,1852,,Pola Hontichre,M,False
0608_01,Earth,False,G/94/P,TRAPPIST-1e,7,False,0,0,0,0,0,Maril Rilley,F,True
0609_01,Mars,False,F/128/P,TRAPPIST-1e,33,False,149,0,,0,109,Guteda Sacle,M,False
0610_01,Earth,False,F/129/P,TRAPPIST-1e,24,False,0,,229,502,5,Erie Potters,F,False
0611_01,Earth,True,G/90/S,PSO J318.5-22,31,False,0,0,0,0,0,Paulas Klinson,M,True
0612_01,Europa,True,B/25/P,TRAPPIST-1e,27,True,0,0,0,0,0,Achyon Ranaly,F,True
0614_01,Earth,False,G/91/S,TRAPPIST-1e,34,False,0,0,0,,0,Feline Carterson,M,True
0615_01,Earth,True,G/92/S,TRAPPIST-1e,58,False,0,0,0,0,0,Blancy Pollarkeeks,F,False
0615_02,Earth,False,G/92/S,TRAPPIST-1e,7,False,0,0,0,0,0,Elina Hodes,M,True
0615_03,Earth,True,G/92/S,55 Cancri e,3,False,0,0,0,0,0,Stance Hodes,F,True
0618_01,Earth,False,G/95/P,55 Cancri e,21,False,0,0,908,49,0,Philda Yorkland,M,True
0618_02,Earth,False,F/131/P,PSO J318.5-22,21,False,1,368,0,0,388,Troyce Yorkland,F,False
0619_01,Europa,True,C/24/S,TRAPPIST-1e,39,,0,0,0,0,0,Scellus Holatirint,M,True
0619_02,Europa,True,C/24/S,55 Cancri e,43,False,0,0,0,0,0,Ankabit Holatirint,F,True
0623_01,Earth,True,G/93/S,TRAPPIST-1e,22,False,0,0,0,0,0,Ellene Gaington,M,True
0628_01,Earth,False,F/133/P,TRAPPIST-1e,44,False,103,0,18,1197,1,Joela Gainebergan,F,True
0629_01,Earth,False,G/96/P,TRAPPIST-1e,38,False,0,0,0,1018,0,Rickie Portananney,M,False
0630_01,Mars,True,F/112/S,TRAPPIST-1e,32,False,0,0,0,0,0,Cord Anpie,F,True
0631_01,Mars,True,F/113/S,TRAPPIST-1e,55,False,0,0,0,0,0,Croos She,M,True
0633_01,Mars,False,D/25/P,PSO J318.5-22,31,True,629,0,0,150,0,Cakes Gread,F,False
0634_01,Earth,False,F/135/P,TRAPPIST-1e,39,False,0,1496,0,140,383,Patoya Wolfaddox,M,False
0635_01,Earth,False,G/94/S,TRAPPIST-1e,35,False,0,1778,0,0,0,Ronna Powery,F,True
0635_02,Earth,False,E/43/S,TRAPPIST-1e,37,False,614,0,50,11,319,Millia Powery,M,False
0636_01,Earth,False,F/136/P,55 Cancri e,13,False,0,7,0,339,359,Craine Santantines,F,False
0636_02,Earth,False,F/136/P,TRAPPIST-1e,21,False,0,0,7,675,0,Loresa Santantines,M,False
0637_01,Mars,False,E/44/S,TRAPPIST-1e,20,False,0,0,0,0,0,Cowl Pamca,F,False
0638_01,Europa,True,B/28/P,55 Cancri e,20,False,0,0,0,0,0,Eleonon Geoconne,M,True
0639_01,Earth,False,F/137/P,TRAPPIST-1e,63,False,0,123,956,25,,Dory Wooterston,F,True
0641_01,Earth,False,F/114/S,TRAPPIST-1e,36,False,2,0,0,1958,19,Krisa Yanton,M,False
0642_01,Europa,False,C/25/S,55 Cancri e,29,False,0,3344,0,118,972,Dilatik Kiling,F,True
0642_02,Europa,False,C/25/S,55 Cancri e,36,False,0,4967,82,1517,575,Aviton Kiling,M,True
0642_03,Europa,False,C/25/S,TRAPPIST-1e,79,False,0,0,0,2210,2,Chabik Kiling,F,False
0642_04,Europa,True,C/25/S,55 Cancri e,30,False,0,0,0,0,0,Tachir Kiling,M,True
0642_05,Europa,True,C/25/S,55 Cancri e,30,False,0,0,0,0,0,Duhrk Kiling,F,True
0643_01,Mars,False,F/138/P,TRAPPIST-1e,19,False,1019,266,141,0,0,Tran Watie,M,True
0644_01,Europa,True,E/38/P,TRAPPIST-1e,33,False,0,0,0,0,0,Hadlam Prucerod,F,True
0645_01,Earth,False,G/98/P,,20,False,1724,0,0,1,0,Troyra Grahangory,M,False
0646_01,Europa,True,C/26/S,55 Cancri e,38,False,0,0,0,0,0,Errim Trattle,F,True
0647_01,Mars,True,F/115/S,TRAPPIST-1e,7,False,0,0,0,0,0,Lidex Deeke,M,True
0647_02,Mars,True,F/115/S,TRAPPIST-1e,58,False,0,0,0,0,0,Anack Deeke,F,True
0647_03,Mars,False,F/115/S,TRAPPIST-1e,33,False,105,0,1087,0,0,Oareel Deeke,M,False
0650_01,Earth,True,G/95/S,PSO J318.5-22,3,False,0,0,0,0,0,Eulah Hammonton,F,True
0653_01,Mars,,E/45/S,TRAPPIST-1e,39,False,0,0,0,0,0,Rionk Paska,M,True
0655_01,Mars,False,E/39/P,TRAPPIST-1e,37,False,237,2,708,0,0,Phios Cure,F,True
0656_01,Earth,False,G/101/P,TRAPPIST-1e,32,False,0,0,0,768,3,Nicey Gordond,M,False
0657_01,Earth,False,F/117/S,TRAPPIST-1e,28,False,0,863,0,17,0,,,True
0657_02,Earth,False,G/97/S,TRAPPIST-1e,38,False,0,8,736,140,0,Glenna Cardner,M,False
0658_01,Earth,False,F/118/S,PSO J318.5-22,21,False,0,576,1,20,,Ernice Jarvey,F,False
0659_01,Earth,True,G/98/S,TRAPPIST-1e,18,False,0,0,0,0,0,Stal Andackson,M,True
0660_01,Earth,True,G/99/S,TRAPPIST-1e,15,False,0,0,0,0,0,Leonyl Saley,F,False
0661_01,Europa,False,C/23/P,TRAPPIST-1e,44,False,0,2506,0,1360,722,Misadr Ticagent,M,False
0663_01,Earth,False,F/140/P,TRAPPIST-1e,44,False,86,525,16,49,39,Jeroy Buckentry,F,True
0664_01,Europa,False,E/46/S,TRAPPIST-1e,36,False,0,0,0,4507,5689,Jabba Cylistrand,M,False
0665_01,,False,F/141/P,TRAPPIST-1e,28,False,,0,7104,0,0,Cineys Winie,F,True
0665_02,Mars,False,F/141/P,TRAPPIST-1e,15,False,1264,0,2,23,0,Lix Winie,M,False
0668_01,Earth,False,F/142/P,TRAPPIST-1e,45,False,0,25,87,989,482,Rician Torrez,F,False
0669_01,Earth,False,F/143/P,TRAPPIST-1e,26,False,0,530,2,9,403,Elanie Hardson,M,False
0671_01,Earth,True,G/102/P,PSO J318.5-22,46,False,0,0,0,0,0,Veroy Santry,F,True
0672_01,Earth,False,G/103/P,TRAPPIST-1e,25,False,1,0,38,7,740,Josey Carreralend,M,False
0674_01,Earth,True,G/101/S,PSO J318.5-22,46,False,0,0,0,0,0,Grette Dillips,F,False
0677_01,Earth,True,G/102/S,TRAPPIST-1e,15,False,0,0,0,0,0,Lorian Josey,M,False
0678_01,Earth,True,G/103/S,TRAPPIST-1e,37,False,0,0,0,0,0,Bettie Moodman,F,False
0679_01,Earth,False,G/104/S,TRAPPIST-1e,20,,,215,0,541,0,Vana Nichoan,M,False
0680_01,Earth,True,G/105/P,PSO J318.5-22,45,False,0,0,0,0,0,Garyan Garnes,F,False
0680_02,Earth,True,G/105/P,TRAPPIST-1e,7,False,0,0,0,0,0,Annard Garnes,M,False
0680_03,Earth,True,G/105/P,TRAPPIST-1e,5,,0,0,0,0,0,Joandy Camerrison,F,False
0682_01,Mars,True,F/121/S,TRAPPIST-1e,38,False,0,0,0,0,0,Grany Cla,M,True
0683_01,Mars,False,F/144/P,TRAPPIST-1e,30,False,269,96,252,0,0,Wheals Parté,F,False
0684_01,Mars,False,F/145/P,TRAPPIST-1e,,False,0,0,0,0,0,Sug Conie,M,True
0684_02,Mars,False,F/145/P,TRAPPIST-1e,0,False,0,0,0,0,0,Trohs Conie,F,True
0684_03,Mars,True,F/145/P,TRAPPIST-1e,20,False,0,0,0,0,0,Jack Conie,M,True
0685_01,Earth,False,E/41/P,TRAPPIST-1e,41,False,1,922,4,55,15,Arl Lerez,F,False
0686_01,Mars,True,F/146/P,TRAPPIST-1e,18,False,0,0,0,0,0,Permit Bert,M,True
0686_02,Mars,False,D/30/P,TRAPPIST-1e,29,True,3887,0,,12,0,Cheat Bert,F,False
0687_01,Mars,False,D/23/S,TRAPPIST-1e,19,False,3097,0,9,0,213,Lix Concy,M,False
0688_01,Mars,False,E/48/S,TRAPPIST-1e,34,False,1973,0,97,41,3,Goos Erpie,F,False
0689_01,Europa,True,B/25/S,TRAPPIST-1e,36,False,0,0,0,0,0,Chard Motive,M,True
0690_01,Mars,True,F/122/S,TRAPPIST-1e,54,False,0,0,0,0,0,Yapich Start,F,True
0691_01,Mars,False,E/49/S,TRAPPIST-1e,19,False,164,0,783,0,0,Bubbix Potte,M,False
0691_02,Mars,False,F/123/S,TRAPPIST-1e,21,False,505,0,1952,0,0,Fis Potte,F,False
0691_03,Mars,True,E/49/S,TRAPPIST-1e,23,False,0,0,0,0,0,Moss Potte,M,True
0693_01,Europa,True,,55 Cancri e,35,False,0,0,0,,0,Mothab Dedometeel,F,True
0693_02,Europa,False,C/27/S,TRAPPIST-1e,34,False,0,3488,0,4343,38,Tetraix Dedometeel,M,False
0696_01,Earth,False,G/107/S,TRAPPIST-1e,22,False,0,581,226,74,0,Stany Haydenzier,F,True
0697_01,Earth,False,F/147/P,55 Cancri e,24,False,21,0,689,12,0,Dixiel Buchansen,M,True
0699_01,Mars,True,F/126/S,,18,False,0,0,0,0,0,Roswal Sha,F,True
0699_02,Mars,False,D/24/S,55 Cancri e,24,False,2698,0,301,8,5,Flyros Rhuba,M,False
0701_01,Europa,True,D/25/S,TRAPPIST-1e,33,False,0,0,0,0,0,Menkibi Voliat,F,True
0702_01,Earth,False,F/127/S,TRAPPIST-1e,24,False,121,237,4,387,54,Briane Sellahaney,M,False
0703_01,Earth,True,G/108/S,TRAPPIST-1e,18,False,0,0,0,0,0,Brank Estein,F,True
0704_01,Earth,True,G/107/P,TRAPPIST-1e,19,False,0,0,0,0,0,Adanne Wartyson,M,True
0705_01,Earth,False,F/149/P,55 Cancri e,43,False,0,0,722,0,0,Denny Mccarveymon,F,True
0707_01,Earth,True,G/109/S,TRAPPIST-1e,44,False,0,0,,0,0,Jorgie Haydenzier,M,True
0709_01,Europa,False,A/7/S,55 Cancri e,25,False,0,4949,0,452,15,Astorux Missefle,F,True
0709_02,Europa,True,A/7/S,55 Cancri e,25,,0,,0,0,0,Thaban Missefle,M,True
0709_03,Europa,True,,55 Cancri e,23,False,0,0,,0,0,Props Missefle,F,True
0710_01,Mars,False,E/42/P,TRAPPIST-1e,23,False,1695,0,0,31,349,Nute Coflé,M,False
0712_01,Mars,,F/150/P,TRAPPIST-1e,20,False,457,0,170,1132,0,Pik Apeau,F,False
0712_02,Mars,,F/150/P,TRAPPIST-1e,2,False,0,0,0,0,0,Crans Apeau,M,True
0713_01,Earth,False,E/50/S,TRAPPIST-1e,26,False,1577,2,0,30,0,Vivia Stantiagord,F,False
0714_01,Earth,True,G/109/P,PSO J318.5-22,38,False,0,0,0,0,0,Erie Rilley,M,True
0714_02,Earth,False,G/109/P,TRAPPIST-1e,1,False,0,0,0,0,0,Claine Rilley,F,False
0714_03,Earth,False,G/109/P,,12,False,0,0,,0,0,Sony Rilley,M,True
0714_04,Earth,True,G/109/P,PSO J318.5-22,2,False,0,0,0,0,0,Charry Rilley,F,False
0714_05,Earth,True,G/109/P,PSO J318.5-22,25,False,0,0,0,0,0,Jeanny Rilley,M,False
0714_06,Earth,True,G/109/P,55 Cancri e,1,False,0,0,0,0,0,Man Rilley,F,True
0714_07,Earth,True,G/109/P,55 Cancri e,0,False,0,0,0,0,0,Brene Rilley,M,True
0715_01,Europa,,,55 Cancri e,54,False,0,0,0,0,0,Izarfik Unconary,F,True
0718_01,Earth,False,E/43/P,TRAPPIST-1e,21,False,521,0,4,261,1,Alendy Mondsey,M,False
0719_01,Mars,False,E/44/P,TRAPPIST-1e,19,False,0,0,0,0,0,Naros Reate,F,False
0724_01,Earth,False,F/132/S,PSO J318.5-22,24,False,0,23,0,184,2566,Mela Bensley,M,False
0726_01,Earth,True,G/111/P,TRAPPIST-1e,20,False,0,0,0,0,0,Verly Fitzgerson,F,False
0727_01,Earth,False,F/133/S,TRAPPIST-1e,23,False,139,0,1,152,354,Branda Potthews,M,True
0728_01,Earth,False,F/134/S,55 Cancri e,29,False,0,0,2,786,594,Johna Currisones,F,True
0729_01,Earth,False,E/53/S,TRAPPIST-1e,14,False,7,781,0,0,0,Briam Lewinton,M,True
0732_01,Earth,False,,TRAPPIST-1e,19,False,0,714,2,0,0,Jilla Bairdford,F,False
0733_01,Earth,False,F/153/P,55 Cancri e,23,False,0,38,88,4,561,Lulah Hamberterry,M,False
0734_01,Earth,False,F/154/P,TRAPPIST-1e,62,False,712,2,322,0,517,Elinda Ewiseston,F,False
0736_01,Earth,False,F/156/P,TRAPPIST-1e,23,False,0,0,484,188,0,Lerion Mcbritts,M,False
0737_01,Europa,False,C/28/S,55 Cancri e,65,False,0,835,0,38,,Charmus Inghtal,F,False
0738_01,Mars,,F/157/P,TRAPPIST-1e,47,False,0,0,0,0,0,Ran Pread,M,True
0740_01,Europa,False,C/24/P,55 Cancri e,67,False,76,16,0,2247,1166,Dyonevi Sageng,F,False
0740_02,Europa,True,C/24/P,55 Cancri e,14,False,0,0,0,0,0,Zaurah Sageng,M,True
0740_03,Europa,False,C/24/P,TRAPPIST-1e,41,False,3594,3425,0,0,58,Thab Sageng,F,False
0743_01,Earth,True,G/111/S,TRAPPIST-1e,14,False,0,0,0,0,0,Loree Brighttt,M,True
0746_01,Earth,True,G/112/S,TRAPPIST-1e,19,False,0,0,0,0,0,Milyla Waltonnedy,F,False
0750_01,Earth,False,F/140/S,55 Cancri e,22,False,15,142,0,41,493,Tiney Kramosley,M,False
0753_01,Europa,True,A/4/P,,34,False,0,0,0,0,0,Mesarix Ennalve,F,True
0753_02,Europa,False,A/4/P,55 Cancri e,65,False,19,1344,4,3190,8,,,False
0753_03,Europa,True,,55 Cancri e,42,False,0,0,0,0,0,Matan Ennalve,F,True
0754_01,Europa,True,D/31/P,55 Cancri e,22,False,0,0,0,0,,Atikard Fusimodent,M,True
0756_01,Europa,True,B/27/S,55 Cancri e,54,False,0,0,0,0,0,Ashelik Ainserfle,F,True
0756_02,Europa,False,B/27/S,TRAPPIST-1e,34,False,47,287,0,4302,0,Ranon Geraing,M,False
0756_03,Europa,True,B/27/S,TRAPPIST-1e,27,False,0,0,,0,0,Hadalm Ainserfle,F,True
0757_01,Mars,False,D/33/P,55 Cancri e,67,False,1,0,5,1022,151,Mins Traie,M,False
0761_01,Europa,False,C/26/P,,33,False,0,3879,0,48,67,Izarki Fliblerolt,F,True
0762_01,Earth,True,G/114/S,PSO J318.5-22,30,False,0,0,0,0,0,Elody Hubbarrison,M,False
0764_01,Earth,,G/115/S,TRAPPIST-1e,22,False,0,0,0,0,0,Danna Toddleton,F,False
0765_01,Mars,False,F/142/S,PSO J318.5-22,35,False,1248,0,55,12,0,Frus Burle,M,True
0765_02,Mars,False,F/142/S,TRAPPIST-1e,23,False,755,0,121,,0,Ponts Burle,F,False
0767_01,Earth,False,G/116/S,TRAPPIST-1e,49,False,0,6,679,15,187,Francy Meltonway,M,False
0768_01,Europa,False,B/32/P,55 Cancri e,36,False,29,12180,0,93,17306,Maiam Oilloody,F,False
0768_02,Europa,True,B/32/P,TRAPPIST-1e,31,False,0,0,0,,0,Arix Oilloody,M,True
0769_01,Europa,True,B/28/S,55 Cancri e,54,False,0,0,0,0,0,Astrah Reeddommy,F,True
0770_01,Earth,True,G/117/S,TRAPPIST-1e,0,False,0,0,0,0,0,Alendy Mclardson,M,False
0770_02,Earth,False,G/117/S,TRAPPIST-1e,,False,0,715,0,170,0,Sanney Mclardson,F,False
0770_03,Earth,,G/117/S,TRAPPIST-1e,54,False,0,0,0,0,0,Hughy Mclardson,M,False
0770_04,Earth,True,G/117/S,PSO J318.5-22,10,False,0,0,0,0,0,Kimmy Mclardson,F,False
0770_05,Earth,False,G/117/S,55 Cancri e,0,False,0,0,0,0,0,Harlen Mclardson,M,True
0770_06,Earth,True,G/117/S,PSO J318.5-22,7,False,0,0,0,0,0,,,True
0771_01,Earth,True,G/112/P,TRAPPIST-1e,25,False,0,0,0,0,0,Troyra Steeletters,M,False
0772_01,Europa,False,E/56/S,55 Cancri e,37,False,0,16,325,4476,1359,Minoton Hednigic,F,False
0772_02,Europa,True,E/56/S,55 Cancri e,15,False,0,0,0,0,0,Halleth Plegred,M,True
0772_03,,True,E/56/S,TRAPPIST-1e,26,False,0,0,0,0,0,Weia Hednigic,F,True
0772_04,Europa,False,E/56/S,55 Cancri e,7,False,0,0,0,0,0,Arrain Hednigic,M,True
0773_01,Earth,False,F/143/S,TRAPPIST-1e,30,False,558,4,0,175,0,Gwendy Beston,F,False
0776_01,Earth,False,F/161/P,TRAPPIST-1e,19,False,0,2,1399,0,18,Breney Roycentes,M,True
0777_01,Europa,False,A/5/P,TRAPPIST-1e,30,False,0,3004,0,1018,0,Wasalm Plattering,F,False
0779_01,Earth,False,F/162/P,,21,False,562,2,0,0,11,Holey Rodger,M,False
0781_01,Earth,False,G/118/S,PSO J318.5-22,21,False,14,33,0,3,467,Diandy Valexandez,F,False
0782_01,Mars,True,F/163/P,TRAPPIST-1e,59,False,0,0,0,0,0,Clus Walé,M,True
0784_01,Europa,True,C/33/S,55 Cancri e,28,False,0,0,0,0,0,Grafirk Aiming,F,True
0785_01,Earth,False,F/165/P,TRAPPIST-1e,32,False,713,0,2,0,1,Francy Hughriend,M,False
0786_01,Earth,True,G/113/P,TRAPPIST-1e,19,False,0,0,0,0,0,Robyny Hartz,F,True
0787_01,Earth,True,G/114/P,TRAPPIST-1e,7,False,0,0,0,0,,Ritany Quinnerry,M,False
0788_01,Earth,False,F/166/P,55 Cancri e,16,False,797,0,0,0,0,,,False
0789_01,Europa,False,A/8/S,TRAPPIST-1e,31,True,0,166,4,2177,342,Mesath Imprank,M,False
0789_02,Europa,False,A/8/S,TRAPPIST-1e,30,False,0,142,870,89,3497,Auvan Frolestty,F,False
0789_03,Europa,True,A/8/S,TRAPPIST-1e,26,False,0,0,0,0,0,Zaninon Frolestty,M,True
0790_01,Earth,True,G/119/S,PSO J318.5-22,20,False,0,0,,0,0,Fanne Pottmanley,F,True
0791_01,Earth,True,G/115/P,PSO J318.5-22,24,False,0,0,0,0,0,Neila Mcfarmerson,M,False
0793_01,Earth,False,G/117/P,PSO J318.5-22,39,False,0,0,0,7,766,Millie Powenoble,F,False
0794_01,Mars,,F/144/S,55 Cancri e,19,False,0,0,0,0,0,Nakes Dutte,M,True
0794_02,Mars,True,F/144/S,55 Cancri e,27,False,0,0,0,0,0,Squars Dutte,F,True
0795_01,Earth,False,F/145/S,TRAPPIST-1e,34,False,0,0,0,874,0,Pristy Klindsey,M,False
0796_01,Europa,True,D/28/S,55 Cancri e,28,False,0,0,0,0,0,Alatrix Unfile,F,True
0797_01,Earth,False,F/146/S,TRAPPIST-1e,29,False,0,0,0,0,645,Hery Noelan,M,False
0798_01,Mars,True,F/147/S,PSO J318.5-22,38,False,0,0,0,0,0,Ecco Gelle,F,True
0799_01,Europa,False,A/6/P,55 Cancri e,,False,0,3462,5,1590,4,Genibah Presstic,M,False
0802_01,Mars,True,F/148/S,TRAPPIST-1e,1,False,0,0,0,0,0,Plat Pimne,F,True
0805_01,Europa,False,C/29/P,55 Cancri e,36,True,0,13248,100,1953,1,Glueba Chuble,M,True
0806_01,Earth,False,F/149/S,TRAPPIST-1e,31,False,183,0,32,0,1171,Deaney Nieldson,F,False
0806_02,Earth,False,G/120/S,TRAPPIST-1e,1,False,0,0,0,0,0,Bonyam Nieldson,M,True
0808_01,Earth,False,E/57/S,TRAPPIST-1e,31,False,159,110,701,0,10,Benew Ramoran,F,False
0809_01,Mars,False,F/151/S,TRAPPIST-1e,10,False,0,0,0,0,,Oaters Meake,M,True
0809_02,Mars,False,F/151/S,TRAPPIST-1e,,False,1227,42,1,0,0,Crin Meake,F,False
0809_03,Mars,False,F/151/S,TRAPPIST-1e,42,False,836,0,51,304,0,Smal Meake,M,False
0809_04,Mars,False,F/151/S,TRAPPIST-1e,0,False,0,0,0,0,0,Wales Meake,F,True
0811_01,Mars,False,F/152/S,PSO J318.5-22,41,False,1209,0,0,0,833,Ranutz Knik,M,False
0811_02,Mars,True,F/152/S,TRAPPIST-1e,0,False,0,0,0,0,0,Pan Nutte,F,True
0811_03,Mars,False,F/152/S,TRAPPIST-1e,0,False,0,0,0,0,0,Phams Nutte,M,True
0813_01,Mars,True,F/169/P,TRAPPIST-1e,59,False,0,0,0,0,0,Frouse Katte,F,True
0815_01,Earth,False,E/59/S,TRAPPIST-1e,13,False,2,1,30,,0,Wenise Meyersones,M,False
0816_01,Europa,False,E/60/S,55 Cancri e,24,False,0,284,0,4614,438,Giedir Asoppor,F,False
0817_01,Earth,True,G/119/P,TRAPPIST-1e,20,False,0,0,0,0,0,Carona Baxters,M,False
0818_01,Europa,False,B/29/S,TRAPPIST-1e,71,True,0,0,0,0,0,Ksorab Couseced,F,True
0819_01,Earth,True,G/121/S,PSO J318.5-22,23,,0,0,0,0,0,Patsya Gainney,M,True
0820_01,Earth,False,F/154/S,55 Cancri e,15,False,0,59,714,0,3,Hanry Strongers,F,True
0820_02,Earth,False,G/122/S,TRAPPIST-1e,18,False,751,0,0,0,0,Sus Strongers,M,False
0822_01,Earth,False,F/156/S,TRAPPIST-1e,19,False,0,561,10,0,161,Scotte Sweeton,F,True
0823_01,Earth,True,G/123/S,55 Cancri e,4,False,0,0,0,0,0,Chadie Carrishley,M,True
0823_02,Earth,False,,55 Cancri e,42,False,0,0,739,0,0,Wenten Carrishley,F,True
0824_01,Mars,False,F/158/S,TRAPPIST-1e,51,False,815,0,343,55,0,Teda Chpie,M,False
0825_01,Earth,True,G/120/P,TRAPPIST-1e,13,False,0,0,0,0,0,Alendy Wardendez,F,True
0826_01,Earth,False,,TRAPPIST-1e,27,False,174,653,0,0,0,Danna Hoopez,M,True
0828_01,Earth,False,F/159/S,TRAPPIST-1e,42,False,786,0,22,59,0,Juliey Santry,F,False
0828_02,Earth,False,F/159/S,TRAPPIST-1e,41,False,324,2,,7,26,Rosey Santry,M,True
0829_01,Earth,False,F/170/P,PSO J318.5-22,21,False,15,0,2695,2,0,Myrace Carverson,F,True
0830_01,Earth,False,F/171/P,TRAPPIST-1e,31,False,14,5,0,795,0,Eilan Hinesh,M,True
0833_01,Europa,True,,55 Cancri e,36,False,0,0,0,0,0,Tarmus Poicaptic,F,True
0834_01,Earth,False,F/173/P,TRAPPIST-1e,31,False,0,0,0,838,27,Garry Pacerty,M,False
0835_01,Earth,False,G/124/S,55 Cancri e,14,False,77,0,9,424,166,Briane Frazie,F,False
0836_01,Mars,False,F/160/S,PSO J318.5-22,32,True,494,701,71,0,0,Set Butte,M,False
0839_01,Europa,False,B/30/S,TRAPPIST-1e,32,False,0,179,0,0,5152,Grumak Pokerheed,F,False
0840_01,Earth,,G/123/P,TRAPPIST-1e,27,False,663,1111,0,0,2,Ebonyd Braymon,M,False
0845_01,Europa,False,B/31/S,55 Cancri e,57,False,2651,2956,0,266,1300,Achbah Fueling,F,False
0846_01,Earth,True,G/125/S,TRAPPIST-1e,13,False,0,0,0,0,0,Tera Simstravery,M,False
0848_01,Mars,True,F/175/P,TRAPPIST-1e,30,False,0,0,0,0,0,Sts Raca,F,True
0848_02,Mars,True,F/175/P,TRAPPIST-1e,14,False,0,0,0,0,0,Monam Raca,M,True
0849_01,Europa,False,B/32/S,TRAPPIST-1e,27,False,0,0,0,0,0,Cellum Oidederval,F,True
0849_02,Europa,True,B/32/S,55 Cancri e,32,False,0,0,0,0,0,Tareson Oidederval,M,True
0850_01,Mars,True,E/62/S,TRAPPIST-1e,54,False,0,0,0,0,0,Koops Nan,F,True
0851_01,Earth,False,F/176/P,55 Cancri e,23,False,217,378,19,1,12,Iandy Sarios,M,False
0853_01,,True,A/9/S,55 Cancri e,38,False,0,0,0,0,0,Hamelik Ageurante,F,True
0859_01,Earth,True,G/127/S,TRAPPIST-1e,32,False,0,0,0,0,0,Eleaha Lambles,M,True
0860_01,Earth,False,E/48/P,TRAPPIST-1e,24,False,34,7,320,0,427,,,False
0863_01,Earth,True,G/129/S,TRAPPIST-1e,36,False,0,0,0,0,0,Jone Walkerez,M,False
0863_02,Earth,False,G/129/S,TRAPPIST-1e,11,False,0,0,0,0,0,Lynez Walkerez,F,False
0863_03,Earth,True,G/129/S,TRAPPIST-1e,6,False,0,0,0,0,0,Rald Walkerez,M,False
0865_01,Europa,True,B/35/S,55 Cancri e,36,False,0,,0,0,0,,,True
0865_02,Europa,True,B/35/S,55 Cancri e,22,False,0,0,0,0,0,Neutria Sandul,M,True
0867_01,Earth,False,F/163/S,TRAPPIST-1e,,False,2,850,18,2,0,Ernice Stephendsey,F,False
0868_01,Earth,True,G/130/S,TRAPPIST-1e,37,False,0,0,0,0,0,Ianya Peckers,M,True
0869_01,Earth,False,F/164/S,TRAPPIST-1e,55,False,280,0,444,0,0,Hilley Sweene,F,False
0870_01,Earth,False,G/126/P,PSO J318.5-22,,False,112,473,0,92,0,Dessie Maynardner,M,False
0871_01,Europa,False,A/10/S,TRAPPIST-1e,20,False,2,4754,0,246,31,Polar Geneltic,F,True
0873_01,Earth,False,F/180/P,TRAPPIST-1e,16,False,,0,32,2529,92,Garyan Franton,M,False
0874_01,Earth,False,F/165/S,TRAPPIST-1e,19,False,0,162,540,0,0,Breney Briggston,F,False
0875_01,Earth,False,G/131/S,TRAPPIST-1e,38,False,0,0,0,0,0,,,False
0876_01,Earth,False,F/166/S,TRAPPIST-1e,35,False,12,687,46,2,0,Teryla Leodger,F,False
0877_01,Europa,True,C/30/P,55 Cancri e,33,False,0,0,0,0,0,Hallus Covetive,M,True
0878_01,Mars,False,D/31/S,PSO J318.5-22,37,True,381,0,3,447,0,Sceres Bancy,F,False
0879_01,Earth,False,,TRAPPIST-1e,46,False,784,0,0,0,4,Therta Lanks,M,False
0881_01,Europa,False,D/32/S,TRAPPIST-1e,41,False,3103,3,0,31,26,Gollux Reedall,F,False
0883_01,Earth,False,G/127/P,TRAPPIST-1e,13,False,875,5,10,18,0,Elson Malliamsey,M,False
0885_01,Earth,True,G/133/S,TRAPPIST-1e,31,False,0,0,0,0,0,Chelsa Pittson,F,False
0885_02,Earth,True,G/133/S,55 Cancri e,52,False,0,0,0,0,0,Velyne Pittson,M,True
0889_01,Europa,False,C/32/P,TRAPPIST-1e,48,False,0,0,0,0,0,Marfak Polksy,F,False
0889_02,Europa,False,C/32/P,55 Cancri e,27,,1,12804,0,10,52,Izaron Polksy,M,True
0890_01,Mars,False,F/184/P,TRAPPIST-1e,16,False,172,,338,9,0,,,False
0893_01,Earth,True,G/129/P,55 Cancri e,32,False,0,0,0,0,0,Rica Barris,M,True
0898_01,Earth,True,G/134/S,TRAPPIST-1e,25,,0,0,0,0,0,Jilla Alldson,F,False
0899_01,Earth,False,F/187/P,TRAPPIST-1e,26,False,0,0,716,0,1,Evane Warrishales,M,True
0899_02,Earth,True,G/130/P,TRAPPIST-1e,44,False,0,0,0,0,0,Allene Warrishales,F,False
0901_01,Mars,False,F/167/S,TRAPPIST-1e,32,False,47,0,2552,0,0,Grake Porki,M,True
0902_01,Earth,False,F/188/P,TRAPPIST-1e,18,False,200,124,0,413,0,Duana Jacostaney,F,True
0903_01,Earth,True,G/135/S,55 Cancri e,23,,0,0,0,,0,Nelley Rushorney,M,False
0904_01,Europa,False,C/33/P,TRAPPIST-1e,44,False,0,2792,0,148,1043,Wein Alcemblery,F,False
0905_01,Mars,False,D/38/P,PSO J318.5-22,29,False,4,0,421,435,19,Gicks Kin,M,False
0906_01,Earth,False,F/168/S,55 Cancri e,19,False,0,388,469,,0,Gwenda Hinetthews,F,True
0907_01,Europa,False,B/34/P,55 Cancri e,41,False,0,5738,7,9038,28,Achah Cassiding,M,False
0907_02,Europa,False,B/34/P,TRAPPIST-1e,28,False,0,1736,,145,634,Marinon Cassiding,F,False
0910_01,Earth,True,G/137/S,TRAPPIST-1e,19,False,0,0,0,0,0,Violey Burryerson,M,True
0911_01,Mars,False,F/189/P,TRAPPIST-1e,32,True,2492,0,,136,4,Angars Blate,F,False
0911_02,,False,F/189/P,TRAPPIST-1e,74,False,853,0,543,31,0,Froops Blate,M,True
0912_01,Europa,False,B/37/S,TRAPPIST-1e,31,False,0,7461,0,369,450,Dyonon Imprank,F,True
0913_01,Europa,False,E/51/P,55 Cancri e,38,,0,172,0,5907,34,Shail Parymider,M,False
0915_01,Earth,False,G/138/S,TRAPPIST-1e,20,False,157,0,0,544,3,Jerrye Leodger,F,False
0918_01,Earth,False,E/66/S,TRAPPIST-1e,24,False,47,0,10,139,1406,Caseye Fuenterson,M,False
0919_01,Earth,False,F/190/P,PSO J318.5-22,26,False,18,84,93,886,289,Hery Kimons,F,False
0921_01,Earth,True,G/139/S,PSO J318.5-22,44,False,0,0,0,0,0,Gracy Vinston,M,False
0922_01,Europa,True,B/35/P,55 Cancri e,33,False,0,0,0,0,,Shaiam Obedaming,F,True
0922_02,Europa,False,B/35/P,55 Cancri e,31,False,0,1095,0,169,1226,Achyon Obedaming,M,False
0923_01,Europa,False,C/38/S,55 Cancri e,,False,0,7767,0,15,2453,Hadaron Stiviorad,F,True
0923_02,Europa,True,B/38/S,TRAPPIST-1e,22,False,0,0,0,0,0,Alpha Stiviorad,M,True
0924_01,Earth,False,E/67/S,TRAPPIST-1e,33,False,13,0,984,0,0,Jona Chaellerty,F,False
0925_01,Mars,False,F/191/P,TRAPPIST-1e,34,False,379,0,1626,0,0,Skix Kraie,M,False
0925_02,Mars,True,F/191/P,TRAPPIST-1e,11,False,0,0,0,0,0,Varkes Kraie,F,True
0925_03,Mars,True,F/191/P,TRAPPIST-1e,41,False,0,,0,0,0,Almone Kraie,M,True
0926_01,Europa,False,B/39/S,55 Cancri e,30,False,0,7992,0,507,25,Minchib Asticit,F,True
0926_02,Europa,False,B/39/S,TRAPPIST-1e,30,False,0,760,234,2761,81,Alkeson Asticit,M,False
0927_01,Earth,False,G/140/S,TRAPPIST-1e,25,False,0,,699,43,22,Emmax Avisnydes,F,False
0928_01,Earth,True,G/133/P,PSO J318.5-22,31,False,0,0,0,0,0,Elene Ryanglasey,M,True
0930_01,Earth,False,F/192/P,TRAPPIST-1e,38,False,646,0,0,135,260,Arlie Sweett,F,False
0930_02,Earth,True,G/134/P,TRAPPIST-1e,15,False,0,0,0,0,0,Elanie Sweett,M,True
0931_01,Earth,False,F/193/P,TRAPPIST-1e,19,False,0,,115,126,491,Therie Flynnis,F,True
0932_01,Mars,True,,TRAPPIST-1e,29,False,0,0,0,0,0,Boats Pette,M,True
0933_01,Europa,False,C/35/P,TRAPPIST-1e,30,False,14,12045,0,2121,0,,,True
0933_02,Europa,False,C/35/P,TRAPPIST-1e,29,False,0,1127,0,1867,1070,Astorux Fawnsive,M,False
0935_01,Earth,False,F/194/P,TRAPPIST-1e,36,False,0,11,0,18,872,Terly Rocknight,F,False
0938_01,Earth,False,F/172/S,TRAPPIST-1e,24,False,174,0,0,630,0,Earlie Solinez,M,False
0938_02,Earth,False,E/68/S,TRAPPIST-1e,30,False,0,0,871,0,0,Walles Solinez,F,True
0938_03,Earth,False,G/143/S,TRAPPIST-1e,0,False,0,0,0,0,0,Tiney Solinez,M,True
0939_01,Earth,True,G/135/P,,15,False,0,0,0,0,0,Eulah Peter,F,True
0940_01,Earth,False,G/136/P,TRAPPIST-1e,38,False,55,741,0,0,13,Armen Byerton,M,True
0941_01,Earth,False,F/195/P,TRAPPIST-1e,13,False,0,7,0,1175,0,Carita Steeletters,F,False
0942_01,Mars,False,F/196/P,TRAPPIST-1e,18,False,594,0,555,0,0,Triple Vloaf,M,False
0944_01,Earth,False,G/137/P,TRAPPIST-1e,16,False,891,0,831,0,0,Hilley Weaverays,F,False
0944_02,Earth,False,G/137/P,55 Cancri e,8,False,0,0,0,0,0,Terrie Weaverays,M,False
0946_01,Earth,False,F/198/P,TRAPPIST-1e,19,False,72,5,0,342,188,Verly Emenez,F,True
0947_01,Earth,False,G/138/P,55 Cancri e,26,False,0,474,0,0,201,Lyny Frandriquez,M,False
0949_01,Earth,True,G/140/P,55 Cancri e,15,False,0,0,0,0,0,Benny Johnsby,F,True
0951_01,Earth,True,G/144/S,PSO J318.5-22,38,False,0,0,0,0,0,Done Lunapperts,M,True
0952_01,Mars,False,F/175/S,TRAPPIST-1e,45,False,877,0,1383,0,0,Grios Colle,F,False
0953_01,Earth,False,F/199/P,PSO J318.5-22,48,False,0,306,3,,359,Erice Potters,M,False
0955_01,Earth,True,G/145/S,55 Cancri e,17,False,,0,0,0,0,Glena Smalloney,F,False
0956_01,Earth,False,E/70/S,TRAPPIST-1e,28,False,0,631,0,5,0,Jimen Bartez,M,True
0957_01,Mars,True,F/201/P,TRAPPIST-1e,41,False,0,0,0,0,0,Waffs Hapie,F,True
0960_01,Earth,False,E/72/S,TRAPPIST-1e,19,False,3,0,,0,788,Lorian Youngrayes,M,False
0961_01,Earth,False,G/141/P,55 Cancri e,14,False,0,885,8,0,0,Gailia Lewinez,F,True
0964_01,Europa,True,B/36/P,TRAPPIST-1e,21,False,0,0,0,0,,Alderak Platch,M,True
0964_02,Europa,True,B/36/P,TRAPPIST-1e,48,False,0,0,0,0,0,Weidus Platch,F,True
0965_01,Mars,False,F/178/S,TRAPPIST-1e,19,False,631,0,834,304,0,Wacks Depie,M,False
0966_01,Earth,False,F/179/S,TRAPPIST-1e,29,False,1377,0,0,167,0,Duana Fulloydez,F,False
0968_01,Earth,False,E/53/P,TRAPPIST-1e,20,False,792,0,0,0,0,Tyrona Figuez,M,False
0969_01,Mars,True,F/202/P,TRAPPIST-1e,44,False,0,0,0,0,0,Lar Emone,F,True
0970_01,Earth,True,G/142/P,TRAPPIST-1e,19,False,0,0,0,0,0,Tamie Blace,M,True
0971_01,Earth,True,G/143/P,TRAPPIST-1e,64,False,0,0,0,0,0,,,False
0972_01,Earth,False,E/54/P,TRAPPIST-1e,21,False,0,314,323,1026,6,Glendy Humphreyes,M,False
0975_01,Earth,False,E/56/P,55 Cancri e,32,False,58,317,448,3,0,Allena Hoppernardy,F,True
0976_01,Earth,True,G/146/S,TRAPPIST-1e,20,False,0,0,0,0,0,Tonyn Sweeton,M,False
0978_01,Earth,False,F/203/P,TRAPPIST-1e,24,False,,32,8,0,0,Lesley Coxterez,F,False
0979_01,Europa,False,B/40/S,,44,False,0,0,0,0,0,Gimph Fushausive,M,True
0982_01,Earth,True,G/145/P,PSO J318.5-22,57,False,0,0,0,0,0,Eriky Hewson,F,True
0982_02,Earth,False,G/145/P,TRAPPIST-1e,51,False,,,4,0,0,Joyton Hewson,M,False
0983_01,Earth,True,G/149/S,55 Cancri e,34,False,0,0,0,0,0,Teremy Wiggs,F,True
0984_01,Earth,False,G/150/S,TRAPPIST-1e,45,False,0,1,13,0,873,Wen Woodwin,M,False
0984_02,Earth,False,F/182/S,TRAPPIST-1e,24,False,0,0,718,0,0,,,False
0984_03,Earth,False,G/150/S,TRAPPIST-1e,23,False,0,0,490,0,319,Morrie Sweekstarks,M,False
0984_04,Earth,True,G/150/S,TRAPPIST-1e,30,False,0,0,0,0,0,Lyde Sweekstarks,F,True
0984_05,Earth,False,F/182/S,55 Cancri e,20,False,0,11,0,136,1088,Greggy Sweekstarks,M,False
0984_06,Earth,True,G/150/S,TRAPPIST-1e,22,False,0,0,0,0,0,Walley Sweekstarks,F,True
0984_07,Earth,True,G/150/S,PSO J318.5-22,,False,0,0,0,0,0,Shery Flemaney,M,False
0984_08,Earth,True,G/150/S,TRAPPIST-1e,71,False,0,0,0,0,0,Alancy Flemaney,F,True
0985_01,Earth,False,E/57/P,55 Cancri e,18,False,6,0,,12,704,Dory Reyerson,M,True
0987_01,Earth,False,F/204/P,TRAPPIST-1e,16,False,3,0,35,150,478,Fayen Norrison,F,False
0988_01,,False,G/151/S,TRAPPIST-1e,28,False,0,3,906,0,0,Lyne Bartez,M,False
0988_02,Earth,False,E/73/S,TRAPPIST-1e,36,False,1,784,0,55,149,Jeresa Bartez,F,True
0989_01,Earth,False,G/146/P,TRAPPIST-1e,6,False,0,0,0,0,0,Kayd Moranthons,M,False
0990_01,Earth,False,F/183/S,PSO J318.5-22,26,False,0,541,46,4,96,Tonia Cochrisons,F,False
0991_01,Earth,True,G/152/S,TRAPPIST-1e,27,,0,0,0,0,0,Bethew Acobsond,M,False
0992_01,Europa,False,D/35/S,TRAPPIST-1e,49,False,31,2727,0,184,135,Zino Kiling,F,True
0992_02,Europa,False,D/35/S,TRAPPIST-1e,29,False,387,942,0,9927,1341,Tareson Kiling,M,False
0992_03,Europa,False,D/35/S,55 Cancri e,46,False,1192,1736,17,21,0,Matan Herpumble,F,True
0992_04,Europa,False,,55 Cancri e,35,True,8030,300,0,0,1436,Naosa Herpumble,M,False
0992_05,Europa,True,D/35/S,55 Cancri e,17,False,0,0,0,0,0,Sinon Kiling,F,True
0992_06,Europa,False,D/35/S,55 Cancri e,37,False,4301,791,0,1748,91,Weidus Kiling,M,False
0993_01,Earth,False,F/184/S,55 Cancri e,24,False,252,0,0,449,0,Juanie Miltongson,F,False
0994_01,Earth,True,G/153/S,TRAPPIST-1e,47,False,0,0,0,0,0,Ellene Wartyson,M,False
0994_02,Earth,False,F/185/S,TRAPPIST-1e,26,False,621,1,98,11,135,Dell Wartyson,F,False
0995_01,Europa,True,C/36/P,55 Cancri e,46,False,0,0,0,0,0,Chabik Barmant,M,True
0997_01,Mars,False,F/186/S,TRAPPIST-1e,27,False,253,0,880,22,2,Berios Shpie,F,False
0998_01,Europa,False,C/37/P,TRAPPIST-1e,56,False,0,7447,0,253,35,Muonin Suptibler,M,True
1000_01,Mars,False,D/39/P,,18,False,885,0,32,0,0,Alus Harte,F,False
1001_01,Earth,True,G/154/S,TRAPPIST-1e,15,False,0,0,0,0,0,Nadie Llonovancis,M,False
1002_01,Mars,False,F/187/S,55 Cancri e,3,False,0,0,0,0,0,Caish Leste,F,True
1002_02,Mars,False,F/187/S,TRAPPIST-1e,42,False,1050,0,715,0,3,Bun Leste,M,False
1002_03,Mars,True,F/187/S,TRAPPIST-1e,1,False,0,0,0,0,0,Spuffs Leste,F,True
1004_01,Europa,True,A/11/S,55 Cancri e,56,,0,0,0,0,0,Aldun Wassird,M,True
1005_01,Earth,False,G/156/S,TRAPPIST-1e,20,False,0,0,4,9,773,Coreee Juartis,F,False
1006_01,Earth,False,E/74/S,TRAPPIST-1e,21,False,0,0,0,0,791,Velyne Summington,M,False
1006_02,Earth,True,E/74/S,TRAPPIST-1e,5,False,0,0,0,0,0,Stany Summington,F,True
1006_03,Earth,False,,TRAPPIST-1e,12,False,0,0,0,0,0,Stenny Summington,M,True
1008_01,Europa,True,C/39/S,55 Cancri e,39,False,0,0,0,0,0,Wasatz Spistory,F,True
1008_02,Europa,True,C/39/S,TRAPPIST-1e,60,False,0,0,0,0,0,Wimpha Spistory,M,True
1011_01,Earth,False,,TRAPPIST-1e,31,False,1633,4,49,6,0,Camie Prinson,F,False
1011_02,Earth,True,G/148/P,TRAPPIST-1e,58,False,0,0,0,0,0,Kaye Prinson,M,False
1012_01,Earth,True,G/149/P,TRAPPIST-1e,19,False,0,0,0,0,0,Valey Hubbarton,F,True
1013_01,Earth,True,G/158/S,TRAPPIST-1e,29,False,0,0,0,0,0,Weslie Farleyatton,M,False
1014_01,Mars,True,F/207/P,TRAPPIST-1e,19,False,0,0,0,0,0,Ranuts Frasp,F,True
1015_01,Earth,False,F/189/S,TRAPPIST-1e,44,,0,131,267,554,0,Wilmay Antoshipson,M,False
1017_01,Earth,False,F/190/S,TRAPPIST-1e,20,False,0,15,122,1125,0,Joya Blanglison,F,False
1018_01,Earth,True,G/150/P,TRAPPIST-1e,18,False,0,0,0,0,0,Elaney Webstephrey,M,True
1019_01,Earth,False,F/191/S,,36,False,1,1410,0,1,0,Melia Wilderssen,F,True
1020_01,Mars,True,F/208/P,TRAPPIST-1e,25,False,0,0,0,0,0,Appers Wala,M,True
1022_01,Earth,False,,TRAPPIST-1e,15,,48,6,0,954,0,Melvia Blanglison,F,False
1024_01,Earth,False,F/209/P,55 Cancri e,18,False,187,12,0,1277,0,Verly Chavezalez,M,False
1024_02,Earth,True,G/152/P,TRAPPIST-1e,0,False,0,0,0,0,0,Myrace Nichaner,F,True
1024_03,,False,G/152/P,55 Cancri e,54,False,0,5,0,594,209,Bellee Chavezalez,M,False
1024_04,Earth,False,G/152/P,55 Cancri e,0,False,0,0,0,0,0,Bethew Chavezalez,F,False
1025_01,Earth,False,F/210/P,TRAPPIST-1e,20,False,759,0,106,202,0,Chrisa Harverez,M,False
1026_01,Earth,True,G/159/S,TRAPPIST-1e,21,False,,0,0,0,0,Lilace Leetersoney,F,False
1027_01,Mars,False,F/211/P,TRAPPIST-1e,8,False,0,0,0,0,0,Cort Dal,M,True
1027_02,Mars,False,F/211/P,TRAPPIST-1e,46,False,1454,0,81,38,0,Anamse Dal,F,False
1027_03,Mars,False,F/211/P,TRAPPIST-1e,31,False,231,0,,279,9,Basps Dal,M,False
1027_04,Mars,False,F/211/P,55 Cancri e,3,False,0,0,0,0,0,Trine Dal,F,True
1029_01,Mars,True,F/212/P,TRAPPIST-1e,30,False,0,0,0,0,0,Crowk Racke,M,True
1030_01,Earth,False,F/213/P,TRAPPIST-1e,23,False,1081,0,0,0,7,Jorgie Farleyatton,F,False
1031_01,Earth,False,F/194/S,TRAPPIST-1e,14,False,756,84,0,8,99,Warry Leonzaley,M,False
1032_01,Earth,True,G/153/P,PSO J318.5-22,25,False,0,0,0,0,0,Aude Garzaley,F,False
1033_01,Earth,True,G/154/P,TRAPPIST-1e,61,False,0,0,0,0,0,Ericky Gonzaley,M,True
1034_01,Earth,False,G/155/P,TRAPPIST-1e,31,False,0,0,0,675,213,Aliedy Cleman,F,False
1035_01,Mars,False,F/214/P,55 Cancri e,13,False,4,0,1973,0,39,Nutz Bra,M,True
1036_01,Earth,True,G/161/S,PSO J318.5-22,24,False,0,,0,0,0,Laude Georgasey,F,True
1038_01,Earth,False,G/163/S,TRAPPIST-1e,47,False,0,306,84,499,0,Naomie Knoxonway,M,False
1040_01,Earth,False,G/164/S,PSO J318.5-22,15,False,521,162,62,5,0,Clard Mcbritts,F,True
1041_01,Europa,True,,TRAPPIST-1e,46,False,0,0,0,0,0,Algrafi Heedry,M,True
1043_01,Earth,False,F/215/P,TRAPPIST-1e,49,False,0,0,1526,960,0,Gwenda Talls,F,False
1045_01,Europa,False,C/38/P,TRAPPIST-1e,37,False,0,0,0,0,0,Halsham Unteckery,M,False
1045_02,Europa,False,C/38/P,TRAPPIST-1e,44,False,0,2349,7,815,10896,Shail Unteckery,F,False
1046_01,Earth,False,F/196/S,TRAPPIST-1e,16,False,507,0,0,0,,Wena Beachez,M,False
1047_01,Earth,True,G/156/P,TRAPPIST-1e,58,False,0,0,0,0,0,,,True
1048_01,Earth,False,F/216/P,TRAPPIST-1e,20,False,0,537,612,3,0,Deany Mcdon,M,True
1049_01,Mars,True,F/217/P,55 Cancri e,36,False,0,0,0,0,0,Ockies Prie,F,True
1049_02,Mars,True,F/217/P,TRAPPIST-1e,31,False,0,0,0,0,0,Yakers Prie,M,True
1051_01,Earth,False,F/197/S,TRAPPIST-1e,21,False,2,447,81,74,,Frandy Warrison,F,False
1052_01,Earth,False,F/198/S,55 Cancri e,22,False,,0,21,0,0,Leenny Gallard,M,False
1053_01,Earth,False,F/199/S,PSO J318.5-22,27,False,182,0,0,0,376,Rald Colleruces,F,False
1054_01,Earth,False,F/200/S,TRAPPIST-1e,58,False,0,0,828,0,96,Blanie Valexandez,M,True
1056_01,,True,F/218/P,TRAPPIST-1e,38,False,0,0,0,0,0,Cineys Ble,F,True
1056_02,Mars,True,F/218/P,55 Cancri e,30,False,0,0,0,0,0,Otlios Ble,M,True
1057_01,Europa,True,C/39/P,55 Cancri e,20,False,0,0,0,0,0,Cherkar Braned,F,True
1058_01,Earth,False,F/201/S,TRAPPIST-1e,19,False,0,0,27,53,677,Keithy Ingston,M,False
1060_01,Earth,False,G/166/S,TRAPPIST-1e,57,False,,20,157,21,689,Willip Clayson,F,False
1062_01,Earth,False,F/219/P,TRAPPIST-1e,26,False,0,773,48,0,149,Erina Wolffy,M,False
1063_01,,False,B/38/P,TRAPPIST-1e,38,False,0,3262,0,295,1374,Markar Ingwhed,F,True
1063_02,Europa,True,B/38/P,TRAPPIST-1e,15,False,0,,0,0,0,Aldebah Ingwhed,M,True
1065_01,Mars,True,F/202/S,TRAPPIST-1e,,,0,0,0,0,0,Chios Jaf,F,True
1066_01,Mars,True,F/220/P,TRAPPIST-1e,35,False,0,0,0,0,0,Weres Staf,M,True
1068_01,Earth,True,G/167/S,PSO J318.5-22,38,False,0,0,0,0,0,Kayd Pughanders,F,False
1071_01,,False,T/0/P,TRAPPIST-1e,35,False,415,1328,0,14,60,Alraida Dingauge,M,False
1075_01,Europa,True,B/41/S,TRAPPIST-1e,14,False,0,0,0,0,0,Teron Objeciane,F,True
1075_02,Europa,True,B/41/S,TRAPPIST-1e,27,False,0,0,0,0,0,Duhra Objeciane,M,True
1076_01,Earth,True,G/161/P,TRAPPIST-1e,25,False,0,0,0,0,0,Raque Scheron,F,False
1077_01,Earth,,G/162/P,TRAPPIST-1e,37,False,0,113,0,283,455,Dorene Bardinard,M,False
1078_01,Earth,False,E/60/P,55 Cancri e,25,False,79,709,0,0,0,Hellia Ewins,F,False
1079_01,Earth,False,G/163/P,55 Cancri e,41,False,638,0,133,0,,Helean Traverdy,M,False
1080_01,Mars,False,F/204/S,TRAPPIST-1e,50,False,202,,1108,0,0,Ret Parte,F,False
1082_01,Mars,False,F/205/S,TRAPPIST-1e,33,False,694,0,60,564,0,Grake Traie,M,False
1083_01,Mars,True,F/206/S,TRAPPIST-1e,27,False,0,0,0,0,0,Ste Sfin,F,True
1083_02,Mars,True,F/206/S,TRAPPIST-1e,23,False,0,0,0,0,0,Pars Sfin,M,True
1083_03,Mars,False,F/206/S,TRAPPIST-1e,18,False,556,0,0,852,6,Hion Sfin,F,True
1084_01,Earth,False,F/207/S,TRAPPIST-1e,31,False,0,1,0,16,843,Kylen Holcompson,M,False
1085_01,Earth,,G/165/P,TRAPPIST-1e,54,,0,0,0,0,0,Troyce Wagnerray,F,False
1086_01,Earth,True,G/166/P,TRAPPIST-1e,0,False,0,0,0,0,0,Hellia Carpennels,M,True
1086_02,Earth,False,G/166/P,TRAPPIST-1e,11,False,0,0,0,0,,Nancey Willangsey,F,False
1086_03,Earth,True,G/166/P,TRAPPIST-1e,4,False,0,0,0,0,0,Fany Willangsey,M,False
1086_04,Earth,False,E/61/P,,19,False,0,0,0,641,0,Almary Willangsey,F,True
1086_05,Earth,False,G/166/P,TRAPPIST-1e,7,False,0,0,0,0,0,Elly Willangsey,M,True
1088_01,Earth,True,G/169/S,PSO J318.5-22,20,False,0,0,0,0,0,Kayd Pottney,F,False
1089_01,,True,D/41/P,55 Cancri e,33,False,0,0,0,0,0,Sheleon Pronfraked,M,True
1089_02,Europa,False,D/41/P,TRAPPIST-1e,26,False,0,565,1,677,794,Gacrab Pronfraked,F,False
1091_01,Mars,True,F/223/P,TRAPPIST-1e,35,False,0,0,0,0,0,Dills Miste,M,True
1093_01,Mars,False,D/42/P,TRAPPIST-1e,23,False,1862,59,18,192,0,Beass Winie,F,True
1094_01,Earth,False,F/224/P,TRAPPIST-1e,60,,437,2,0,0,365,Carona Webstenson,M,False
1095_01,Europa,True,,TRAPPIST-1e,34,False,0,0,0,0,0,Alhail Drelcate,F,True
1096_01,Earth,False,G/170/S,TRAPPIST-1e,,False,233,0,0,0,488,Essara Simson,M,False
1097_01,Mars,True,E/76/S,TRAPPIST-1e,42,False,0,0,0,0,0,Tundsh Weeke,F,True
1099_01,Earth,False,F/225/P,PSO J318.5-22,22,False,0,78,642,0,0,Andine Mcneiley,M,False
1100_01,Mars,False,F/226/P,TRAPPIST-1e,18,False,490,355,298,245,0,Ros Cuche,F,False
1100_02,Mars,False,F/226/P,TRAPPIST-1e,5,False,,0,0,0,0,Jel Cuche,M,True
1100_03,Mars,False,F/226/P,TRAPPIST-1e,18,False,787,0,106,1710,0,Cireal Cuche,F,False
1100_04,Mars,False,E/62/P,TRAPPIST-1e,29,False,528,271,99,0,130,Heat Frité,M,False
1102_01,Mars,,F/227/P,PSO J318.5-22,39,False,173,0,660,1,781,Boats Dan,F,False
1105_01,Earth,False,F/208/S,TRAPPIST-1e,17,False,82,0,263,16,515,Leen Willangsey,M,False
1108_01,Mars,False,F/211/S,TRAPPIST-1e,58,False,55,0,756,246,100,Blesh Seen,F,False
1108_02,Mars,True,F/211/S,TRAPPIST-1e,5,False,0,0,0,0,0,,,True
1110_01,Europa,False,C/42/S,TRAPPIST-1e,23,False,0,24,0,55,7516,Auvara Ennalve,F,False
1110_02,Europa,False,C/42/S,55 Cancri e,26,False,8,6138,0,3,754,Batomam Ennalve,M,True
1112_01,Europa,False,B/39/P,55 Cancri e,40,False,0,4076,6124,58,100,Elebola Opshaft,F,True
1113_01,Earth,False,E/78/S,TRAPPIST-1e,20,False,0,0,0,0,719,Stevey Fielsenders,M,True
1114_01,Mars,False,E/79/S,TRAPPIST-1e,38,True,936,0,363,0,0,Jet Kidne,F,False
1114_02,Mars,False,E/79/S,TRAPPIST-1e,31,False,0,0,0,0,0,Apple Kidne,M,False
1115_01,Earth,True,G/173/S,TRAPPIST-1e,34,False,0,0,0,0,0,Arl Oneidson,F,True
1116_01,Earth,False,G/174/S,TRAPPIST-1e,9,False,0,0,0,0,0,Rickie Barnolaney,M,True
1116_02,Earth,,,TRAPPIST-1e,36,False,0,3011,0,0,98,Evane Barnolaney,F,True
1116_03,Earth,True,G/174/S,TRAPPIST-1e,26,False,0,0,0,0,0,Colly Barnolaney,M,True
1117_01,Earth,False,E/63/P,TRAPPIST-1e,18,False,855,0,51,0,0,Jimen Andackson,F,False
1121_01,Earth,False,F/229/P,PSO J318.5-22,55,,98,46,0,743,0,Lynez Burnerez,M,True
1123_01,Europa,False,B/40/P,TRAPPIST-1e,28,False,0,402,0,135,9010,Altanin Praded,F,False
1127_01,Europa,True,B/43/S,55 Cancri e,18,False,0,0,0,0,0,Weid Dishocatal,M,True
1129_01,Earth,False,E/80/S,TRAPPIST-1e,28,False,2,0,0,787,3,Ritany Bellyonsley,F,False
1130_01,Mars,True,E/81/S,TRAPPIST-1e,23,False,,0,0,0,0,Guaney Cako,M,False
1130_02,Mars,False,D/38/S,55 Cancri e,20,False,,3,3505,199,17,Camonk Cako,F,True
1132_01,Earth,True,,TRAPPIST-1e,22,False,0,0,0,0,0,Kariel Benney,M,False
1133_01,Mars,False,E/64/P,TRAPPIST-1e,27,False,0,0,0,0,0,Anes Lake,F,True
1134_01,Europa,True,,55 Cancri e,13,False,0,0,0,0,0,Hadyon Sobvisted,M,True
1136_01,Earth,False,G/175/S,TRAPPIST-1e,32,False,0,1755,0,0,67,Dessie Bowenasey,F,True
1140_01,Europa,False,B/46/S,TRAPPIST-1e,53,False,0,143,1632,3,756,Scelava Sofraten,M,True
1140_02,Europa,True,B/46/S,TRAPPIST-1e,34,False,0,0,0,0,0,Mergas Sofraten,F,True
1140_03,Europa,True,B/46/S,55 Cancri e,42,False,0,0,0,0,0,Wasaleh Sofraten,M,True
1141_01,Earth,True,G/176/S,TRAPPIST-1e,19,False,0,0,0,0,0,Kerrie Simstravery,F,True
1142_01,Earth,False,G/173/P,TRAPPIST-1e,54,False,0,0,0,0,908,Evaned Pugherman,M,True
1144_01,Earth,False,G/177/S,TRAPPIST-1e,12,False,0,0,0,0,0,Molley Barnolderg,F,True
1144_02,Earth,False,F/217/S,TRAPPIST-1e,35,False,482,0,884,0,30,Carlie Barnolderg,M,False
1144_03,Earth,False,G/177/S,TRAPPIST-1e,55,False,412,97,3,0,,Landa Barnolderg,F,False
1146_01,Earth,False,F/232/P,55 Cancri e,26,,620,0,187,0,1304,Dianie Roses,M,False
1147_01,Europa,True,B/42/P,TRAPPIST-1e,49,False,0,0,0,0,0,Solam Semageary,F,True
1148_01,Europa,True,C/42/P,55 Cancri e,22,False,0,,0,0,0,Bosonon Clugete,M,True
1148_02,Europa,False,C/42/P,55 Cancri e,,False,0,122,2138,7368,1213,Axinon Clugete,F,False
1148_03,Europa,False,C/42/P,TRAPPIST-1e,30,False,0,5225,0,8,1933,Caia Clugete,M,False
1148_04,Europa,False,,55 Cancri e,39,False,0,5212,2,118,61,Azet Clugete,F,True
1148_05,Europa,True,C/42/P,,14,False,0,0,0,0,0,Halleth Clugete,M,True
1148_06,Europa,True,C/42/P,TRAPPIST-1e,29,False,0,0,,0,0,Batares Clugete,F,True
1148_07,Europa,False,C/42/P,55 Cancri e,34,False,2386,841,76,26,1693,Edaron Clugete,M,False
1149_01,Earth,False,G/178/S,55 Cancri e,8,False,0,0,0,0,0,Lyne Logannon,F,True
1149_02,Earth,False,G/178/S,TRAPPIST-1e,7,False,0,0,0,0,0,Paulie Quinnerettt,M,False
1149_03,Earth,True,G/178/S,TRAPPIST-1e,3,False,0,0,0,0,0,Sonnie Quinnerettt,F,False
1149_04,Earth,False,G/178/S,TRAPPIST-1e,0,False,0,0,0,0,0,Chadie Vaught,M,False
1149_05,Earth,False,G/178/S,55 Cancri e,10,False,0,0,0,0,0,Karie Quinnerettt,F,False
1150_01,Earth,True,G/179/S,55 Cancri e,16,,,0,0,0,0,Dona Brookes,M,False
1152_01,Mars,False,F/218/S,TRAPPIST-1e,41,False,29,0,1095,0,4,Gral Coflé,F,False
1153_01,Earth,True,G/174/P,TRAPPIST-1e,18,False,0,0,0,0,0,Alfrey Corman,M,True
1154_01,Europa,True,B/43/P,TRAPPIST-1e,25,False,0,,0,,0,Celeb Ingascomet,F,True
1154_02,Europa,True,B/43/P,TRAPPIST-1e,32,False,0,0,0,0,0,Bahyon Ingascomet,M,True
1154_03,Europa,True,B/43/P,55 Cancri e,26,False,0,0,0,0,0,Cella Ingascomet,F,True
1155_01,Earth,False,F/233/P,TRAPPIST-1e,26,False,131,799,0,0,16,,,False
1155_02,Earth,True,G/175/P,TRAPPIST-1e,18,False,0,0,0,0,0,Jayne Hessey,F,True
1156_01,Europa,False,B/47/S,TRAPPIST-1e,27,False,0,2987,2,3072,67,Sterfik Motter,M,False
1156_02,Europa,True,B/47/S,TRAPPIST-1e,26,False,0,0,0,0,0,Kocha Motter,F,True
1161_01,Europa,False,B/48/S,55 Cancri e,28,False,0,11330,72,43,461,Zanino Anderking,M,True
1161_02,Europa,False,B/48/S,55 Cancri e,19,False,0,1291,0,16139,687,Mirfark Anderking,F,False
1162_01,Europa,False,C/45/S,TRAPPIST-1e,31,False,0,1847,0,103,694,Menchah Radisiouss,M,True
1163_01,Earth,False,F/235/P,55 Cancri e,35,False,0,1328,5,0,7,,,True
1165_01,Europa,False,B/44/P,55 Cancri e,46,False,0,7201,0,32,2587,Azhah Heermy,M,False
1165_02,Europa,False,B/44/P,TRAPPIST-1e,37,False,636,333,0,205,67,Kumark Heermy,F,False
1165_03,Europa,True,B/44/P,TRAPPIST-1e,29,False,0,0,0,0,0,Nusakab Waring,M,True
1165_04,Europa,True,B/44/P,TRAPPIST-1e,17,False,0,0,0,0,0,Okulas Waring,F,True
1166_01,Europa,False,C/43/P,55 Cancri e,30,False,0,3564,926,1,1920,Wasath Shoeweely,M,False
1167_01,Mars,True,F/236/P,TRAPPIST-1e,28,False,0,0,,0,0,Sugbix Terry,F,True
1168_01,Earth,False,E/69/P,TRAPPIST-1e,16,False,0,58,12,68,653,Brancy Hughriend,M,False
1169_01,Mars,,F/221/S,TRAPPIST-1e,40,False,2357,0,9,0,0,Tifet Sin,F,False
1170_01,Earth,False,E/83/S,TRAPPIST-1e,23,False,0,0,279,0,512,Samie Mcneiley,M,False
1173_01,Earth,False,G/182/S,PSO J318.5-22,24,,96,592,12,0,0,Ryany Gallandez,F,True
1174_01,Earth,True,G/176/P,TRAPPIST-1e,36,False,0,0,,0,0,Janita Lessonerry,M,True
1175_01,Mars,True,F/223/S,TRAPPIST-1e,34,False,0,0,0,0,0,Ers Brin,F,True
1177_01,Europa,True,C/44/P,TRAPPIST-1e,59,False,0,0,0,0,0,Kaffias Wasterivel,M,True
1178_01,Earth,False,F/224/S,TRAPPIST-1e,20,False,0,0,600,0,0,Walla Summington,F,False
1179_01,Europa,True,B/49/S,TRAPPIST-1e,15,False,0,0,0,0,0,Kleeiak Dischod,M,True
1180_01,Earth,False,F/225/S,TRAPPIST-1e,19,False,0,,957,4,0,Reneen Irwines,F,False
1182_01,Mars,True,F/237/P,55 Cancri e,64,False,0,0,0,0,0,Mits Pota,M,True
1182_02,Mars,False,E/70/P,TRAPPIST-1e,24,False,2997,0,3,0,7,Wee Pota,F,True
1182_03,Mars,False,F/237/P,TRAPPIST-1e,23,,60,1356,0,0,0,Ork Pota,M,True
1185_01,Mars,False,E/71/P,TRAPPIST-1e,30,False,,0,0,679,0,Alls Nutty,F,False
1186_01,Earth,False,G/183/S,TRAPPIST-1e,0,False,0,0,0,0,0,Card Browlerson,M,True
1186_02,Earth,False,G/183/S,TRAPPIST-1e,8,,0,0,0,0,0,Elany Browlerson,F,False
1186_03,Earth,True,G/183/S,TRAPPIST-1e,1,False,0,0,0,0,0,Harrie Browlerson,M,False
1186_04,Earth,False,F/227/S,TRAPPIST-1e,48,False,0,33,654,0,113,Oraryn Browlerson,F,True
1186_05,Earth,False,G/183/S,TRAPPIST-1e,12,False,0,0,0,0,0,Eriney Browlerson,M,False
1187_01,Earth,False,F/228/S,TRAPPIST-1e,30,False,0,575,180,4,44,Erick Matts,F,False
1187_02,Earth,False,G/184/S,TRAPPIST-1e,10,False,0,0,0,0,0,Hughan Matts,M,False
1187_03,Earth,False,G/184/S,TRAPPIST-1e,11,False,0,0,0,0,0,Stace Matts,F,False
1188_01,Europa,False,C/46/P,TRAPPIST-1e,58,False,204,4227,0,3026,61,Genubi Sorticbar,M,False
1190_01,Earth,False,E/72/P,TRAPPIST-1e,52,False,0,243,464,71,8,Melica Carpennels,F,True
1191_01,Earth,False,F/229/S,TRAPPIST-1e,36,False,0,0,0,0,1583,Annah Santry,M,False
1192_01,Earth,False,F/238/P,TRAPPIST-1e,32,False,600,670,0,187,0,Ivaney Moodman,F,False
1193_01,Europa,True,B/50/S,TRAPPIST-1e,16,False,0,0,0,0,0,Eleonon Presstic,M,True
1193_02,Europa,True,B/50/S,55 Cancri e,25,False,0,0,0,0,0,Solam Presstic,F,True
1195_01,Earth,False,F/239/P,55 Cancri e,28,False,2,558,0,0,0,Mael Lancis,M,True
1197_01,Europa,False,B/45/P,55 Cancri e,32,True,0,122,3700,337,1388,Wasatan Folhal,F,False
1198_01,Mars,False,,TRAPPIST-1e,28,,42,1116,0,0,0,Rinnab Tie,M,True
1199_01,Earth,False,E/73/P,TRAPPIST-1e,16,False,0,0,752,0,235,Lillen Hubbarnett,F,False
1203_01,Europa,False,B/51/S,55 Cancri e,50,True,0,5473,0,703,6381,Celava Unrent,M,False
1206_01,Earth,False,F/241/P,TRAPPIST-1e,20,False,71,8,513,354,0,Vana Powery,F,False
1208_01,Earth,False,G/178/P,TRAPPIST-1e,23,False,,0,6,30,200,Arllia Blainson,M,False
1210_01,Earth,True,G/179/P,TRAPPIST-1e,45,,0,0,0,0,0,Helean Brooker,F,True
1210_02,Earth,False,G/179/P,TRAPPIST-1e,23,False,393,510,0,0,5,Done Brooker,M,False
1211_01,Earth,True,G/186/S,PSO J318.5-22,53,False,0,0,0,0,0,Andyn Alvasquez,F,False
1211_02,Earth,True,G/186/S,TRAPPIST-1e,8,False,0,0,0,0,0,Curtle Alvasquez,M,False
1211_03,Earth,True,G/186/S,TRAPPIST-1e,6,False,0,0,0,0,0,Bethy Pollarkeeks,F,True
1211_04,Earth,True,G/186/S,TRAPPIST-1e,3,False,0,0,0,0,0,Erick Pollarkeeks,M,False
1211_05,Earth,False,F/232/S,55 Cancri e,13,False,1,212,843,78,10,Scotty Alvasquez,F,True
1211_06,Earth,True,G/186/S,TRAPPIST-1e,60,False,0,0,0,0,0,Ianna Alvasquez,M,False
1211_07,Earth,False,G/186/S,55 Cancri e,1,False,0,0,0,,0,Bretty Pollarkeeks,F,True
1212_01,Earth,False,G/180/P,TRAPPIST-1e,40,False,0,1,195,560,0,Luise Vales,M,False
1213_01,Earth,False,F/242/P,TRAPPIST-1e,51,False,0,,800,0,4,Lison Mckinsond,F,True
1214_01,Earth,True,G/181/P,55 Cancri e,31,False,0,0,0,0,0,Elanie Fulloydez,M,True
1215_01,Earth,True,G/187/S,TRAPPIST-1e,28,False,0,0,0,0,0,Kaye Huntt,F,True
1216_01,Earth,False,G/182/P,TRAPPIST-1e,20,False,65,905,0,0,0,Iree Pentss,M,True
1218_01,Earth,False,F/243/P,TRAPPIST-1e,14,False,0,0,0,2143,7,Karah Gilleranks,F,False
1220_01,Europa,False,E/76/P,TRAPPIST-1e,23,False,0,592,0,345,810,Misamak Fanchy,M,False
1221_01,Earth,False,G/188/S,TRAPPIST-1e,4,False,0,0,0,0,0,Wine Alfordonard,F,False
1221_02,Earth,False,E/87/S,TRAPPIST-1e,20,False,0,0,0,1608,1,Tricky Alfordonard,M,False
1222_01,Earth,False,G/183/P,TRAPPIST-1e,75,False,0,493,0,131,132,Evenna Hubert,F,False
1223_01,Europa,True,C/48/S,55 Cancri e,24,False,0,0,0,0,0,Terope Coweboded,M,True
1225_01,Earth,False,F/244/P,TRAPPIST-1e,18,False,2,1311,60,28,1,Margia Morrodgers,F,True
1228_01,Mars,True,,TRAPPIST-1e,21,False,0,0,0,0,0,Snich Purle,M,True
1228_02,Mars,False,E/89/S,TRAPPIST-1e,59,False,142,0,907,0,0,Newtch Purle,F,True
1229_01,Earth,False,F/245/P,TRAPPIST-1e,27,False,0,0,863,33,2,Nelsie Floydendley,M,True
1230_01,Earth,False,G/189/S,TRAPPIST-1e,38,False,354,34,0,291,229,Catha Gainebergan,F,False
1231_01,Mars,True,E/77/P,TRAPPIST-1e,41,False,0,0,0,0,0,Marms Emead,M,False
1232_01,Europa,True,C/49/S,TRAPPIST-1e,36,False,0,0,0,0,0,Sarthim Geraing,F,True
1232_02,Europa,False,C/49/S,55 Cancri e,29,False,0,42,0,4651,661,Tope Geraing,M,False
1233_01,Earth,True,G/184/P,PSO J318.5-22,22,False,0,0,0,0,0,Aarone Burryerson,F,True
1234_01,Earth,False,F/236/S,PSO J318.5-22,23,False,0,0,1250,0,0,Derina Lambles,M,True
1235_01,Earth,False,F/237/S,TRAPPIST-1e,32,False,27,393,1061,27,0,Lyn Scottuez,F,True
1236_01,Earth,False,F/246/P,55 Cancri e,21,False,614,43,0,1,0,Briany Lancock,M,False
1238_01,Europa,False,C/50/S,TRAPPIST-1e,26,False,0,1026,3301,831,356,Merops Pronfraked,F,True
1238_02,Europa,True,B/53/S,TRAPPIST-1e,61,False,0,0,0,0,0,,,True
1239_01,Earth,False,E/78/P,PSO J318.5-22,30,False,585,13,122,40,105,Guye Klindsey,F,True
1240_01,Earth,False,F/238/S,TRAPPIST-1e,40,False,889,185,0,0,28,Nelsie Bookson,M,True
1242_01,Europa,False,C/48/P,55 Cancri e,37,False,0,4677,0,115,223,Antonon Clugeadry,F,True
1243_01,Europa,False,A/9/P,TRAPPIST-1e,41,False,0,4224,0,1374,1281,Tautrix Drivery,M,False
1243_02,Europa,False,A/9/P,TRAPPIST-1e,32,False,8168,69,11,371,0,Geno Oderient,F,False
1246_01,Earth,False,G/185/P,TRAPPIST-1e,30,False,0,192,0,565,0,Valey Schmondez,M,False
1248_01,Earth,False,F/239/S,PSO J318.5-22,27,False,0,,0,0,0,Landa Ewiseston,F,True
1250_01,Earth,False,F/240/S,TRAPPIST-1e,22,False,0,17,0,61,567,Dony Torrez,M,False
1254_01,Mars,False,D/44/S,TRAPPIST-1e,54,False,704,0,431,0,47,Cupers Breke,F,False
1254_02,Mars,False,F/241/S,TRAPPIST-1e,27,False,4,0,896,229,0,Babix Breke,M,False
1255_01,Mars,True,F/242/S,TRAPPIST-1e,52,False,0,0,0,,0,Shres Potte,F,True
1255_02,Mars,True,F/242/S,TRAPPIST-1e,15,False,0,0,0,0,0,Razzle Potte,M,True
1256_01,Mars,False,E/92/S,TRAPPIST-1e,27,False,1277,0,1,10,9,Hary Erpie,F,False
1258_01,Europa,False,A/10/P,55 Cancri e,30,False,0,3628,289,1737,4987,Tauva Cowsearney,M,False
1259_01,Earth,False,F/243/S,TRAPPIST-1e,19,False,0,0,619,0,142,Eulahy Mcguirez,F,False
1260_01,Earth,True,G/186/P,PSO J318.5-22,22,False,0,0,0,0,0,Glena Scotterkins,M,True
1261_01,Europa,False,C/49/P,55 Cancri e,43,False,1365,3106,0,50,2313,Brafirk Healted,F,False
1263_01,Mars,False,F/244/S,TRAPPIST-1e,25,False,1084,1,66,0,5,Batses Vloaf,M,False
1264_01,Earth,False,E/79/P,TRAPPIST-1e,51,False,0,1,0,51,945,Franda Roberrenn,F,False
1267_01,Earth,True,G/191/S,PSO J318.5-22,34,,0,0,0,0,0,Hencey Jacostaffey,M,True
1269_01,Mars,False,E/80/P,TRAPPIST-1e,21,False,2066,0,15,0,1,Gorn Pane,F,False
1271_01,Earth,True,G/189/P,PSO J318.5-22,21,False,0,0,0,0,0,Melara Hubbarrison,M,False
1273_01,Earth,False,F/246/S,TRAPPIST-1e,23,False,0,0,0,759,0,Teremy Cruzaley,F,False
1274_01,Earth,False,F/254/P,55 Cancri e,38,False,0,0,591,40,173,Claine Willangsey,M,False
1278_01,Earth,True,G/190/P,TRAPPIST-1e,30,False,0,0,0,0,0,Ren Howayery,F,False
1279_01,Europa,True,C/50/P,55 Cancri e,31,False,0,0,0,0,0,Sadark Dynigic,M,True
1280_01,Earth,False,F/257/P,PSO J318.5-22,44,False,0,178,482,0,0,Antone Leton,F,True
1281_01,Earth,True,G/193/S,TRAPPIST-1e,14,False,0,0,0,0,0,Andice Tranciams,M,False
1282_01,Earth,True,G/191/P,PSO J318.5-22,18,,0,0,0,0,0,Dony Handertiz,F,False
1283_01,Earth,False,G/194/S,TRAPPIST-1e,19,False,6,,1,714,0,Enrie Burchanez,M,False
1284_01,Mars,True,F/247/S,,,False,0,,0,0,0,Hal Knité,F,True
1285_01,Earth,False,F/258/P,55 Cancri e,36,False,286,415,16,0,0,Ricia Weaverays,M,False
1286_01,Mars,True,F/248/S,TRAPPIST-1e,10,False,0,0,0,0,0,Jackix Fache,F,True
1287_01,Mars,True,F/259/P,TRAPPIST-1e,1,False,0,0,0,0,0,Wilves Pimne,M,True
1287_02,Mars,True,F/259/P,55 Cancri e,4,False,0,0,0,,0,,,True
1287_03,Mars,False,F/259/P,TRAPPIST-1e,21,False,733,0,1084,1,43,Diles Pimne,M,False
1288_01,Earth,False,G/192/P,TRAPPIST-1e,24,False,621,0,0,0,0,Nance Flemaney,F,False
1289_01,Earth,False,G/195/S,TRAPPIST-1e,8,False,0,0,0,0,,Idace Fultz,M,False
1289_02,Earth,False,G/195/S,TRAPPIST-1e,18,False,789,0,2,0,19,Chelsa Fultz,F,False
1291_01,Mars,False,F/260/P,TRAPPIST-1e,33,False,1758,59,4,0,0,Sceres Ponie,M,False
1292_01,Europa,False,B/55/S,55 Cancri e,31,True,0,27723,3,202,3146,Scharab Conale,F,True
1292_02,Europa,False,B/55/S,TRAPPIST-1e,43,False,105,368,268,842,13,Izarino Conale,M,True
1293_01,Earth,False,F/261/P,TRAPPIST-1e,20,False,213,0,,0,584,Elany Bertsontry,F,False
1294_01,Europa,True,A/14/S,TRAPPIST-1e,28,False,0,0,0,0,0,Aldhib Gulcepusy,M,True
1294_02,Europa,True,A/14/S,PSO J318.5-22,30,False,0,0,0,0,0,Chamak Plegred,F,True
1294_03,Europa,False,A/14/S,TRAPPIST-1e,28,True,,0,,0,0,Dscheat Gulcepusy,M,False
1295_01,Earth,,,TRAPPIST-1e,19,False,68,0,0,719,0,Nica Vaught,F,False
1299_01,Earth,False,F/250/S,TRAPPIST-1e,22,False,0,0,675,5,0,Naomin Moodsey,M,True
1300_01,Earth,False,F/251/S,55 Cancri e,27,False,1,299,1,380,13,Loria Robins,F,False
1302_01,Mars,False,D/45/S,55 Cancri e,22,False,218,50,4817,146,256,Beah Erry,M,True
1304_01,Earth,True,E/82/P,55 Cancri e,2,False,0,0,0,0,0,Lyde Quinnedy,F,True
1304_02,Earth,False,E/82/P,TRAPPIST-1e,4,False,0,0,0,0,0,Mamina Carrishley,M,False
1304_03,Earth,False,E/82/P,TRAPPIST-1e,10,False,0,0,,0,0,Winia Quinnedy,F,False
1304_04,Earth,False,E/82/P,TRAPPIST-1e,9,False,0,0,0,0,0,Sethew Powenoble,M,True
1304_05,Earth,True,E/82/P,TRAPPIST-1e,37,False,0,0,0,0,0,Moniey Powenoble,F,False
1304_06,Earth,False,E/82/P,PSO J318.5-22,2,False,0,0,0,0,0,Margia Powenoble,M,True
1306_01,Europa,False,B/56/S,TRAPPIST-1e,44,False,0,3863,1,1010,514,Zaurah Irintious,F,True
1306_02,Europa,False,B/56/S,55 Cancri e,11,False,0,0,0,0,0,Alsham Irintious,M,True
1307_01,Earth,True,G/193/P,TRAPPIST-1e,22,False,0,0,0,0,0,Andrey Norrison,F,False
1308_01,Europa,True,,55 Cancri e,40,False,0,0,0,0,0,Diram Plegred,M,True
1308_02,Europa,False,E/94/S,55 Cancri e,30,False,278,3300,0,8145,2519,Tachba Plegred,F,False
1308_03,Europa,False,E/94/S,55 Cancri e,37,False,0,439,0,3198,6,Grafi Plegred,M,False
1308_04,Europa,True,E/94/S,55 Cancri e,26,False,0,0,0,0,0,Medib Plegred,F,True
1309_01,Earth,False,F/264/P,TRAPPIST-1e,19,False,0,4,109,0,671,Regana Gordond,M,True
1310_01,Europa,False,C/52/S,TRAPPIST-1e,57,False,0,987,1,4948,53,Kitauon Coillery,F,False
1311_01,Mars,False,F/265/P,,1,False,0,0,0,0,0,Pios Make,M,True
1311_02,Mars,False,F/265/P,TRAPPIST-1e,17,False,948,47,292,0,0,Wale Make,F,False
1311_03,Mars,False,D/43/P,TRAPPIST-1e,26,False,1946,4,4,0,623,Muld Make,M,False
1312_01,Earth,True,G/194/P,55 Cancri e,21,False,0,0,0,0,0,Darley Blandez,F,True
1316_01,Europa,True,E/95/S,TRAPPIST-1e,28,False,0,0,0,0,0,Sadrus Quelfly,M,True
1316_02,Europa,False,E/95/S,55 Cancri e,36,False,0,847,,4664,89,Arion Quelfly,F,False
1317_01,Mars,False,F/266/P,TRAPPIST-1e,25,False,2508,0,23,0,67,Ton Tité,M,False
1322_01,Earth,True,G/196/P,TRAPPIST-1e,40,False,0,0,0,0,0,Tonnie Masquez,F,True
1323_01,Earth,True,F/267/P,55 Cancri e,23,False,0,0,0,0,0,Jilla Gamberson,M,True
1324_01,Earth,True,G/199/S,55 Cancri e,2,False,0,0,0,0,0,Carona Gilleyons,F,False
1324_02,Earth,False,G/199/S,55 Cancri e,10,False,0,0,0,0,0,Wen Gilleyons,M,False
1324_03,Earth,True,G/199/S,TRAPPIST-1e,43,False,0,0,0,0,0,Lewise Gilleyons,F,True
1325_01,Earth,True,E/97/S,TRAPPIST-1e,0,False,0,0,0,0,0,Jimen Barbes,M,True
1325_02,Earth,False,E/97/S,TRAPPIST-1e,24,False,70,160,340,0,336,Wilmay Barbes,F,False
1325_03,Earth,True,E/97/S,TRAPPIST-1e,42,False,0,0,0,0,0,Lilasa Barbes,M,True
1326_01,Mars,False,F/257/S,TRAPPIST-1e,30,False,1450,0,,0,1147,Wales Gelte,F,False
1326_02,Mars,False,F/257/S,TRAPPIST-1e,19,False,1507,0,260,0,0,Stote Gelte,M,False
1328_01,Earth,True,G/198/P,TRAPPIST-1e,26,False,0,0,0,0,0,Joandy Rigginsen,F,False
1330_01,Mars,False,D/46/S,TRAPPIST-1e,47,False,405,0,193,458,0,Sts Mare,M,False
1330_02,Mars,False,D/46/S,TRAPPIST-1e,28,False,120,8,1128,1,7,Hocops Datty,F,True
1331_01,Earth,True,G/200/S,PSO J318.5-22,24,False,0,0,0,0,0,Cathya Alshipson,M,True
1332_01,Earth,False,E/98/S,TRAPPIST-1e,29,False,28,0,561,203,0,Kayd Hurchez,F,False
1333_01,Earth,False,F/269/P,PSO J318.5-22,32,False,0,486,0,229,26,Elindy Fryes,M,False
1335_01,Earth,True,G/199/P,TRAPPIST-1e,44,False,0,0,0,0,0,Shan Moodsey,F,False
1336_01,Earth,True,G/201/S,TRAPPIST-1e,17,False,0,0,0,0,0,,,True
1337_01,Earth,,F/258/S,55 Cancri e,35,False,775,14,0,610,4,Brank Shermann,F,False
1340_01,Earth,True,G/203/S,TRAPPIST-1e,23,False,0,0,0,0,0,Pamiea Harrenoldez,M,False
1342_01,Earth,False,G/200/P,TRAPPIST-1e,34,False,0,118,5,0,761,Darry Mayder,F,False
1345_01,Earth,False,F/260/S,TRAPPIST-1e,25,False,1174,0,18,721,0,Mistie Flowensley,M,False
1347_01,,False,F/271/P,TRAPPIST-1e,67,False,0,761,0,1,0,Karah Horners,F,True
1348_01,Europa,False,B/57/S,TRAPPIST-1e,22,False,0,1531,0,369,2969,Batan Balightal,M,False
1348_02,Europa,True,B/57/S,TRAPPIST-1e,,False,0,0,0,0,0,Aske Balightal,F,True
1350_01,Earth,True,G/206/S,55 Cancri e,27,False,0,0,0,0,0,Sharie Cleang,M,True
1350_02,Earth,False,F/261/S,TRAPPIST-1e,14,False,1489,2,126,460,72,Isa Cleang,F,False
1350_03,Earth,False,G/206/S,PSO J318.5-22,42,False,491,106,8,202,0,Mamina Cleang,M,False
1350_04,Earth,True,G/206/S,PSO J318.5-22,19,False,0,0,0,0,0,Lulah Cleang,F,False
1351_01,Earth,False,G/202/P,TRAPPIST-1e,22,False,0,0,0,0,0,,,False
1352_01,Mars,False,F/272/P,TRAPPIST-1e,31,False,43,782,1,660,0,Sps Gerry,F,False
1353_01,Mars,False,F/262/S,TRAPPIST-1e,10,False,0,0,0,0,0,Dontch Tepie,M,True
1353_02,Mars,False,F/262/S,TRAPPIST-1e,39,False,1535,0,340,0,723,Beant Tepie,F,False
1353_03,Mars,True,F/262/S,TRAPPIST-1e,41,False,0,0,0,0,,Cings Tepie,M,True
1353_04,Mars,False,F/262/S,TRAPPIST-1e,0,False,0,0,0,0,0,Fex Tepie,F,True
1355_01,Earth,True,G/203/P,PSO J318.5-22,22,False,0,0,0,0,0,Timmie Paynard,M,True
1356_01,Earth,False,G/207/S,TRAPPIST-1e,21,False,0,39,0,310,539,Leony Rothewson,F,False
1357_01,Mars,True,D/48/S,TRAPPIST-1e,40,False,0,0,0,0,0,Bet Stre,M,True
1360_01,Earth,False,E/100/S,TRAPPIST-1e,25,False,0,997,0,0,0,Terta Blandez,F,True
1362_01,Earth,False,F/265/S,TRAPPIST-1e,23,False,0,1268,0,119,2,,,False
1365_01,Europa,False,B/58/S,55 Cancri e,33,False,77,2381,0,3656,150,Alkeson Exnutch,F,False
1365_02,Europa,True,B/58/S,TRAPPIST-1e,20,False,0,0,0,0,0,Anchird Exnutch,M,True
1366_01,Earth,True,G/206/P,55 Cancri e,40,False,0,,0,0,0,Searla Hestes,F,True
1368_01,Earth,True,G/208/P,TRAPPIST-1e,27,False,0,0,0,0,0,Iandy Lanks,M,False
1370_01,Earth,False,E/102/S,TRAPPIST-1e,21,False,965,0,23,3,0,Timmy Waterson,F,False
1371_01,Mars,,D/44/P,TRAPPIST-1e,25,False,591,466,0,0,0,Dunch Kuche,M,False
1375_01,Earth,False,G/208/S,TRAPPIST-1e,2,False,0,0,0,0,0,Aleen Sykess,F,False
1375_02,Earth,False,F/267/S,TRAPPIST-1e,19,False,0,3,946,0,0,Gwendy Sykess,M,False
1376_01,Earth,True,G/211/P,TRAPPIST-1e,41,False,0,0,0,0,0,Karia Delez,F,False
1377_01,Europa,False,C/52/P,TRAPPIST-1e,43,False,0,2801,537,42,144,Coxah Coniple,M,True
1378_01,Earth,False,G/212/P,TRAPPIST-1e,19,False,245,41,550,,0,Joyces Caineson,F,False
1378_02,Earth,False,F/275/P,TRAPPIST-1e,22,False,926,0,0,0,78,Ellena Caineson,M,True
1379_01,Earth,False,F/268/S,TRAPPIST-1e,16,False,0,30,0,769,4,Lillen Mcgowaymond,F,False
1380_01,Europa,False,C/53/S,55 Cancri e,42,False,0,21,0,2735,3604,Quarke Fuleng,M,False
1381_01,Earth,True,G/209/S,PSO J318.5-22,20,False,0,0,0,0,0,Stevey Hoopez,F,True
1382_01,Earth,False,E/104/S,,35,False,0,1125,429,0,55,Ritany Daughttley,M,False
1383_01,Europa,True,D/49/S,TRAPPIST-1e,53,False,0,0,0,0,0,Rasatik Resendent,F,True
1384_01,Earth,False,E/105/S,TRAPPIST-1e,17,False,21,0,690,260,5,Violan Mayods,M,False
1384_02,Earth,True,G/210/S,TRAPPIST-1e,6,False,0,0,0,0,0,Berty Mayods,F,False
1384_03,Earth,False,F/269/S,TRAPPIST-1e,22,False,0,442,0,0,368,Fredy Mayods,M,True
1384_04,Earth,False,F/269/S,TRAPPIST-1e,41,False,338,0,377,2,86,Shard Mayods,F,True
1384_05,Earth,False,E/105/S,,19,False,189,510,0,0,0,Fany Mayods,M,True
1385_01,,False,G/213/P,TRAPPIST-1e,39,False,705,3,0,0,0,Alvira Foxter,F,False
1386_01,Earth,True,G/214/P,TRAPPIST-1e,23,False,0,0,0,0,0,Murie Polliamposs,M,True
1387_01,Mars,False,E/85/P,TRAPPIST-1e,31,False,1088,0,280,0,0,Trise Hacle,F,False
1389_01,Earth,True,G/212/S,55 Cancri e,38,False,0,0,0,0,0,Hatty Lowelliott,M,True
1390_01,Earth,True,G/215/P,PSO J318.5-22,1,False,0,0,,0,0,Mathy Meltoney,F,True
1391_01,Mars,True,F/276/P,TRAPPIST-1e,13,False,0,0,0,0,0,Berios Apie,M,True
1391_02,Mars,False,F/276/P,TRAPPIST-1e,21,False,1072,79,46,16,0,Cines Apie,F,False
1391_03,Mars,False,F/276/P,,44,False,485,2,210,0,351,Frunch Apie,M,False
1393_01,Mars,False,F/270/S,TRAPPIST-1e,36,False,42,0,212,151,1853,Mes Kake,F,False
1393_02,Mars,False,F/270/S,TRAPPIST-1e,19,False,2058,0,224,298,19,,,False
1395_01,Earth,False,G/214/S,TRAPPIST-1e,7,False,0,0,0,0,0,Willah Fryes,F,True
1397_01,Earth,False,F/271/S,TRAPPIST-1e,39,False,386,190,0,489,0,Hanne Hodes,M,False
1398_01,Earth,False,G/216/P,TRAPPIST-1e,28,False,0,508,334,0,46,Adria Cookentaney,F,True
1399_01,Earth,False,F/272/S,TRAPPIST-1e,28,False,0,0,529,560,60,Hellia Popelase,M,False
1400_01,Earth,True,G/217/P,55 Cancri e,14,False,0,0,0,0,0,Hanne Colleruces,F,True
1401_01,Earth,,G/218/P,TRAPPIST-1e,18,False,0,0,599,59,152,Guyne Burtiz,M,False
1402_01,Earth,True,G/215/S,PSO J318.5-22,23,False,0,0,0,0,0,Darlie Blacks,F,True
1402_02,Earth,True,G/215/S,55 Cancri e,33,False,0,0,,0,0,Leony Blacks,M,True
1403_01,Earth,False,E/86/P,TRAPPIST-1e,18,False,1656,0,0,,0,Bobbyn Coopelandez,F,False
1404_01,Europa,False,B/60/S,TRAPPIST-1e,47,False,1,734,28,78,3471,Alaton Mornaned,M,False
1404_02,Europa,False,,TRAPPIST-1e,42,False,0,51,0,4170,13,Arkard Mornaned,F,False
1406_01,Mars,False,E/106/S,TRAPPIST-1e,17,False,36,0,1013,0,0,Muffs Gres,M,False
1407_01,Earth,False,F/278/P,TRAPPIST-1e,21,False,737,4,27,8,0,Lerome Foxter,F,False
1407_02,Earth,False,F/278/P,PSO J318.5-22,17,False,8,222,3,401,0,Derina Foxter,M,True
1408_01,Earth,False,G/216/S,PSO J318.5-22,26,False,4,770,0,0,0,Prilly Fulloydez,F,False
1410_01,Earth,False,F/279/P,TRAPPIST-1e,23,False,0,567,896,0,122,Evane Lerez,M,False
1412_01,Earth,False,G/217/S,55 Cancri e,15,False,0,0,,0,832,Andona Winsley,F,False
1413_01,Earth,True,G/218/S,PSO J318.5-22,18,False,0,0,0,0,0,Genee Nichoan,M,False
1414_01,Earth,False,F/280/P,TRAPPIST-1e,65,False,259,0,0,0,1916,Andace Kinson,F,False
1415_01,Europa,False,D/45/P,55 Cancri e,33,False,13,,2011,17,32,Preo Higast,M,True
1416_01,Earth,True,G/219/P,TRAPPIST-1e,27,False,0,0,0,0,0,Therie Macdonadows,F,False
1417_01,Europa,False,C/54/S,TRAPPIST-1e,41,False,0,184,0,1520,3358,Alik Spedlinale,M,False
1419_01,Mars,False,F/273/S,TRAPPIST-1e,42,False,1381,0,1243,0,0,Goles Apeau,F,False
1420_01,Mars,True,E/108/S,TRAPPIST-1e,,False,0,0,0,0,0,Wheard Shbre,M,False
1421_01,Mars,False,F/274/S,TRAPPIST-1e,37,False,328,6153,,26,820,Whark Cres,F,False
1421_02,Mars,False,F/274/S,55 Cancri e,17,False,891,0,243,0,5,Ars Cres,M,False
1423_01,Europa,True,B/61/S,TRAPPIST-1e,24,False,0,0,0,0,0,Seginon Asoppor,F,True
1423_02,Europa,True,B/61/S,TRAPPIST-1e,39,False,0,0,0,0,0,Beneb Asoppor,M,True
1423_03,Europa,True,B/61/S,55 Cancri e,59,False,0,0,0,0,0,Sadra Rodwative,F,True
1424_01,Europa,True,B/47/P,TRAPPIST-1e,32,False,0,0,0,0,0,Sarid Sageng,M,True
1424_02,Europa,False,B/47/P,55 Cancri e,29,False,2988,2147,0,0,1779,Goros Sageng,F,False
1424_03,Europa,False,B/47/P,TRAPPIST-1e,8,False,0,0,0,0,0,Elebola Sageng,M,True
1424_04,Europa,False,B/47/P,55 Cancri e,28,False,0,4380,0,692,0,Proxima Sageng,F,True
1424_05,Europa,True,B/47/P,TRAPPIST-1e,35,False,0,0,0,0,0,Weia Sageng,M,True
1425_01,Earth,False,F/282/P,TRAPPIST-1e,24,False,711,0,0,59,57,Melvia Adavisons,F,False
1425_02,Earth,True,G/220/P,TRAPPIST-1e,1,False,0,0,0,0,0,Mael Adavisons,M,True
1425_03,Earth,True,G/220/P,TRAPPIST-1e,4,False,0,0,0,0,0,Maryne Adavisons,F,True
1426_01,Europa,True,D/46/P,55 Cancri e,28,False,0,0,0,0,0,Duhrid Drelcate,M,True
1427_01,Mars,True,F/275/S,,46,False,0,0,,0,0,Jumars Pead,F,True
1427_02,Mars,False,F/275/S,TRAPPIST-1e,67,False,443,0,1721,250,2,Hont Pead,M,False
1428_01,Earth,False,E/109/S,TRAPPIST-1e,44,False,0,200,128,460,0,Artis Hanghanson,F,False
1430_01,Earth,False,F/283/P,TRAPPIST-1e,14,False,360,0,2116,1,8,Lina Popez,M,False
1431_01,Earth,False,G/221/P,TRAPPIST-1e,23,False,0,0,4,0,965,Tonioe Ments,F,True
1433_01,Earth,True,G/219/S,TRAPPIST-1e,51,False,0,0,0,0,0,Allene Noeley,M,False
1434_01,Earth,False,G/222/P,TRAPPIST-1e,20,False,0,258,331,133,,Dandy Cartez,F,False
1434_02,Earth,False,,TRAPPIST-1e,0,False,0,0,0,0,0,Hughan Cartez,M,True
1434_03,Earth,True,G/222/P,TRAPPIST-1e,0,False,0,0,0,0,0,Emilla Cartez,F,False
1435_01,Earth,False,G/223/P,,23,False,0,20,26,0,659,Gabrin Gilleranks,M,False
1438_01,Earth,False,E/89/P,TRAPPIST-1e,24,False,181,224,0,195,191,Anae Sancasey,F,False
1439_01,Mars,False,F/279/S,TRAPPIST-1e,41,False,112,186,228,760,0,Lios Lette,M,False
1439_02,Mars,False,D/52/S,TRAPPIST-1e,30,False,806,100,9,,47,Croo Lette,F,False
1440_01,Earth,False,F/280/S,TRAPPIST-1e,27,False,0,1826,39,11,649,Jerek Mcleaney,M,False
1442_01,Earth,True,G/220/S,PSO J318.5-22,13,False,0,0,0,0,0,Leenny Pughanders,F,True
1443_01,Earth,True,G/225/P,TRAPPIST-1e,16,False,0,0,0,0,0,Anda Jimes,M,True
1444_01,Europa,False,C/55/S,TRAPPIST-1e,30,False,50,1248,0,1,912,Luxion Coarswing,F,True
1445_01,Earth,False,G/221/S,PSO J318.5-22,8,False,0,0,0,0,0,Walles Wellenez,M,True
1447_01,Earth,False,G/227/P,TRAPPIST-1e,59,False,0,0,0,0,755,Sadine Simson,F,False
1450_01,Europa,True,D/53/S,55 Cancri e,43,False,0,0,0,0,0,Tabih Ailled,M,True
1450_02,Europa,False,D/53/S,55 Cancri e,30,False,0,138,0,5467,112,Cella Ailled,F,False
1451_01,Europa,False,C/56/S,55 Cancri e,46,False,202,484,0,3208,2485,Zinor Proorbeng,M,False
1451_02,Europa,True,C/56/S,TRAPPIST-1e,39,False,0,0,0,0,0,Unukath Proorbeng,F,True
1452_01,Europa,False,C/53/P,TRAPPIST-1e,21,False,5,251,10,26,3384,Arkar Distured,M,False
1452_02,Europa,True,,TRAPPIST-1e,70,False,0,0,0,0,0,Gorab Distured,F,True
1452_03,Europa,False,C/53/P,55 Cancri e,34,False,0,1646,0,51,1462,Alzird Distured,M,False
1452_04,Europa,False,C/53/P,TRAPPIST-1e,33,False,0,774,0,6255,6,Hamak Distured,F,False
1452_05,Europa,True,C/53/P,55 Cancri e,44,False,0,0,0,0,0,Gimph Distured,M,True
1453_01,Earth,,G/229/P,55 Cancri e,16,,0,2838,32,5,3404,Kimena Thorney,F,False
1453_02,Earth,False,G/229/P,TRAPPIST-1e,63,False,3,801,0,0,5,Annon Thorney,M,True
1454_01,Europa,False,D/54/S,TRAPPIST-1e,37,False,0,13561,15,4060,72,Canonon Righturter,F,False
1455_01,Europa,True,B/62/S,55 Cancri e,29,False,0,0,0,0,0,Markton Wassird,M,True
1455_02,Europa,False,B/62/S,TRAPPIST-1e,29,False,0,2509,0,16,698,Teronan Conaly,F,True
1455_03,Europa,True,B/62/S,55 Cancri e,22,False,0,0,0,0,0,Rotanin Wassird,M,True
1455_04,Europa,False,B/62/S,TRAPPIST-1e,26,False,0,533,2119,10,504,Rasaleh Wassird,F,True
1455_05,Europa,False,B/62/S,55 Cancri e,76,False,0,2732,422,16594,330,Antino Wassird,M,False
1457_01,Earth,False,E/110/S,TRAPPIST-1e,61,False,0,368,3,4422,0,Bra Combson,F,False
1458_01,,False,G/223/S,TRAPPIST-1e,46,False,0,0,2020,323,0,Arllia Mccarveymon,M,False
1460_01,Earth,False,F/285/P,,19,False,,905,387,0,0,Bony Williotters,F,True
1460_02,Earth,True,G/230/P,PSO J318.5-22,13,False,0,0,0,0,0,Eduana Williotters,M,True
1461_01,Earth,True,G/224/S,TRAPPIST-1e,,False,0,,0,0,0,Naomin Gordond,F,False
1462_01,Earth,True,G/231/P,TRAPPIST-1e,30,False,0,0,0,0,0,Timmie Webstes,M,True
1463_01,Earth,False,F/282/S,PSO J318.5-22,23,False,200,414,73,1,1,,,False
1465_01,Earth,False,G/233/P,PSO J318.5-22,63,False,356,287,0,0,248,Byrona Alfordonard,M,False
1467_01,,False,E/111/S,TRAPPIST-1e,21,False,894,1,0,61,26,Russey Dillips,F,False
1474_01,Mars,True,F/287/P,TRAPPIST-1e,32,False,0,0,0,,0,Morms Melte,M,True
1478_01,Earth,False,F/289/P,TRAPPIST-1e,33,False,0,0,0,417,2372,,,False
1478_02,Earth,False,F/289/P,PSO J318.5-22,39,False,,19,733,0,701,Toniel Sweene,M,False
1479_01,Mars,True,F/290/P,TRAPPIST-1e,49,False,0,0,0,0,0,Clues Erle,F,True
1481_01,Mars,False,E/91/P,TRAPPIST-1e,27,False,555,0,744,0,0,Krus Prist,M,False
1484_01,Earth,,E/93/P,TRAPPIST-1e,16,False,92,1,884,0,0,Lan Roachoanand,F,False
1485_01,Mars,True,F/291/P,TRAPPIST-1e,38,False,0,0,0,0,0,Hones Man,M,True
1488_01,Mars,True,E/94/P,TRAPPIST-1e,42,False,0,0,0,0,,Powhex Betie,F,True
1489_01,Earth,False,G/229/S,TRAPPIST-1e,19,False,73,0,0,813,2,Katiey Gallencis,M,False
1490_01,Europa,False,D/47/P,55 Cancri e,26,False,0,304,0,3998,,Caphird Crioncery,F,False
1491_01,Earth,False,G/240/P,55 Cancri e,32,False,0,0,0,817,8,Leneva Sosalinson,M,True
1491_02,Earth,False,F/292/P,TRAPPIST-1e,56,False,0,51,0,2,706,Tanley Sosalinson,F,False
1491_03,Earth,False,G/240/P,TRAPPIST-1e,0,False,0,0,0,0,0,,,True
1493_01,Earth,False,F/285/S,TRAPPIST-1e,38,False,35,0,0,0,713,Eilace Hardley,F,False
1498_01,Earth,False,F/295/P,TRAPPIST-1e,30,False,0,495,,0,153,Karay Talls,M,False
1499_01,Earth,False,F/287/S,TRAPPIST-1e,21,False,5,0,0,2,1061,Teryla Keithunts,F,False
1500_01,Earth,False,G/230/S,TRAPPIST-1e,11,False,0,0,0,0,0,Hollie Cooperkins,M,False
1500_02,Earth,False,G/230/S,TRAPPIST-1e,3,False,0,0,0,0,0,Gerly Cooperkins,F,False
1500_03,Earth,False,G/230/S,55 Cancri e,17,False,0,55,913,0,55,Joandy Barbes,M,True
1500_04,Earth,,G/230/S,55 Cancri e,35,False,0,0,0,0,0,Andrey Cooperkins,F,True
1500_05,Earth,False,F/288/S,55 Cancri e,17,False,319,184,0,0,376,Irmark Barbes,M,False
1500_06,Earth,True,G/230/S,TRAPPIST-1e,0,False,0,0,0,0,0,Bobbyn Barbes,F,True
1500_07,Earth,True,G/230/S,TRAPPIST-1e,46,False,0,0,0,0,0,Everly Barbes,M,True
1501_01,Earth,False,G/243/P,TRAPPIST-1e,63,False,0,216,0,594,0,Julin Fryan,F,False
1503_01,Mars,False,D/48/P,TRAPPIST-1e,35,False,1890,0,497,1,0,Koops Haste,M,False
1503_02,Mars,False,D/48/P,TRAPPIST-1e,61,False,1114,0,68,0,0,Wat Haste,F,False
1506_01,Earth,False,F/298/P,,19,False,0,24,615,9,0,Bara Vines,M,True
1507_01,Earth,False,F/289/S,TRAPPIST-1e,43,False,0,0,1217,2,0,,,True
1507_02,Earth,False,F/289/S,TRAPPIST-1e,14,False,1,1,683,419,0,Jerek Jeffey,M,False
1507_03,Earth,False,G/231/S,TRAPPIST-1e,78,False,0,0,0,441,4,Anny Jeffey,F,False
1507_04,Earth,False,F/289/S,TRAPPIST-1e,21,False,398,490,0,,0,Kirky Jeffey,M,False
1509_01,Mars,False,E/95/P,TRAPPIST-1e,32,,1240,0,58,0,0,Sumpix Dal,F,False
1510_01,Mars,False,F/291/S,TRAPPIST-1e,31,False,1226,0,1,0,0,Yakers Swin,M,False
1511_01,Europa,False,B/63/S,TRAPPIST-1e,40,False,1006,,0,284,329,Ancham Spandisket,F,True
1511_02,Europa,True,B/63/S,TRAPPIST-1e,13,False,0,0,0,0,0,Diram Whealeed,M,True
1511_03,Europa,False,B/63/S,TRAPPIST-1e,36,False,0,2345,0,1966,27,Maham Spandisket,F,False
1511_04,Europa,False,B/63/S,55 Cancri e,31,False,65,2121,0,6431,1,Winon Whealeed,M,False
1515_01,Earth,False,F/293/S,TRAPPIST-1e,18,False,765,0,13,0,0,Herina Oconley,F,False
1520_01,Earth,True,G/235/S,TRAPPIST-1e,40,False,0,0,0,0,0,Harrie Klindsey,M,True
1521_01,Mars,True,F/295/S,TRAPPIST-1e,28,False,0,0,0,0,0,Repart Flité,F,True
1523_01,Europa,True,B/64/S,55 Cancri e,41,False,0,,0,0,0,Izares Waring,M,True
1523_02,Europa,True,B/64/S,TRAPPIST-1e,35,False,0,0,0,0,0,Baton Waring,F,True
1524_01,Earth,True,G/236/S,TRAPPIST-1e,14,False,0,0,0,0,0,Therie Shawforden,M,True
1525_01,Mars,False,F/299/P,TRAPPIST-1e,20,False,539,1269,38,0,0,Sceros Gin,F,True
1526_01,Earth,False,F/300/P,55 Cancri e,23,False,4,,2,254,521,Karia Sotond,M,False
1527_01,Europa,True,D/49/P,55 Cancri e,22,False,0,0,0,0,0,Dirius Boderbint,F,True
1527_02,Europa,False,D/49/P,TRAPPIST-1e,25,False,0,0,0,0,0,Anchird Boderbint,M,True
1528_01,Mars,False,D/50/P,55 Cancri e,18,False,3992,673,1360,2,0,Eang Madan,F,True
1529_01,Europa,False,A/16/S,PSO J318.5-22,25,True,0,7069,0,45,282,Almino Slable,M,True
1529_02,Europa,False,A/16/S,TRAPPIST-1e,30,False,0,0,0,0,0,Krab Slable,F,True
1531_01,Earth,False,G/237/S,TRAPPIST-1e,46,False,0,0,533,277,0,Kimena Puckley,M,False
1532_01,Europa,False,B/65/S,TRAPPIST-1e,27,False,0,31,0,1,11378,Alcorux Bealvewd,F,False
1533_01,Earth,False,G/244/P,TRAPPIST-1e,53,False,1015,0,0,0,1,Tricky Potters,M,False
1536_01,Mars,True,F/297/S,TRAPPIST-1e,21,False,0,0,0,0,0,Croo Nuthe,F,True
1539_01,Europa,,A/17/S,55 Cancri e,32,False,54,3782,0,21,5,Alyadum Barmant,M,True
1540_01,Europa,False,C/55/P,TRAPPIST-1e,32,False,1,470,0,1440,2114,Shamak Clumshangs,F,False
1540_02,Europa,False,C/55/P,TRAPPIST-1e,33,True,0,7139,22,0,553,Duhratz Clumshangs,M,True
1540_03,Europa,False,C/55/P,TRAPPIST-1e,26,False,0,170,0,3718,0,Bahoton Clumshangs,F,False
1541_01,Earth,False,F/298/S,TRAPPIST-1e,47,False,12,7,0,720,0,Carma Woody,M,True
1542_01,Mars,False,F/299/S,TRAPPIST-1e,13,False,7172,0,157,20,0,Tot Seche,F,False
1543_01,Europa,True,C/56/P,55 Cancri e,34,False,0,0,0,0,0,Izarkab Clidly,M,True
1544_01,Earth,False,G/245/P,TRAPPIST-1e,21,False,9,0,0,0,800,Rosiey Ayalazquez,F,False
1545_01,Mars,False,,TRAPPIST-1e,20,False,206,0,629,67,523,Hocks Fiha,M,True
1547_01,Earth,False,F/301/S,TRAPPIST-1e,21,False,163,0,661,32,0,Aarone Hoppers,F,False
1548_01,Europa,True,B/50/P,55 Cancri e,51,,0,0,0,0,0,Okulk Unicting,M,True
1548_02,Europa,True,B/50/P,TRAPPIST-1e,18,False,0,0,0,0,0,Sarid Stivelte,F,True
1550_01,Europa,False,C/58/S,TRAPPIST-1e,26,False,1,230,0,42,4030,Marin Supiensive,M,False
1550_02,Europa,False,,55 Cancri e,53,True,5022,2376,0,0,235,Coxaton Supiensive,F,False
1551_01,Europa,False,E/96/P,TRAPPIST-1e,30,False,0,1376,43,0,1460,Skyrmak Clidly,M,True
1552_01,Earth,True,G/240/S,TRAPPIST-1e,37,False,0,0,0,0,0,Millie Batestonley,F,False
1555_01,Europa,False,A/18/S,TRAPPIST-1e,45,False,0,1389,0,2987,0,Alcorix Spistory,M,False
1558_01,Earth,False,G/247/P,TRAPPIST-1e,62,False,877,15,0,0,1,Benja Mcdowns,F,False
1560_01,Earth,False,G/242/S,TRAPPIST-1e,38,False,0,1,45,0,837,Chary Guezaley,M,False
1561_01,Earth,False,F/305/P,55 Cancri e,24,False,1030,0,0,0,1122,Kyley Briggins,F,False
1562_01,Earth,False,F/306/P,TRAPPIST-1e,18,False,341,0,332,102,0,Shelle Simmonders,M,False
1564_01,Mars,True,F/303/S,TRAPPIST-1e,23,False,0,0,0,0,0,Weers Merie,F,False
1565_01,Earth,False,F/304/S,PSO J318.5-22,16,False,0,1519,0,0,766,Gordo Fitzgerson,M,False
1567_01,Europa,True,B/53/P,TRAPPIST-1e,37,False,0,0,0,0,0,Tark Replic,F,True
1568_01,Earth,False,,TRAPPIST-1e,22,False,1018,100,0,9,0,Idace Burchrison,M,False
1568_02,Earth,True,G/248/P,PSO J318.5-22,18,False,0,0,,0,0,Samany Burchrison,F,True
1569_01,Mars,True,F/308/P,TRAPPIST-1e,25,False,0,0,0,0,0,Tors Hac,M,True
1572_01,Earth,False,G/249/P,TRAPPIST-1e,26,,758,17,11,0,0,Karie Shephendry,F,False
1572_02,Earth,False,F/309/P,TRAPPIST-1e,25,False,4,0,146,723,0,Lynnie Pager,M,False
1573_01,Mars,False,D/56/S,TRAPPIST-1e,55,False,938,0,82,0,162,Lychex Butte,F,False
1576_01,Mars,False,E/97/P,TRAPPIST-1e,28,False,641,0,372,0,16,Oahars Hapie,M,False
1577_01,Earth,False,F/310/P,,23,False,0,169,,0,0,Keitha Grahangory,F,True
1578_01,Earth,False,E/98/P,TRAPPIST-1e,22,False,0,24,0,176,783,Everly Garrincent,M,False
1579_01,Earth,False,F/311/P,55 Cancri e,26,False,333,1819,0,1,0,Rankie Pughanders,F,True
1580_01,Earth,False,G/246/S,TRAPPIST-1e,13,False,0,0,8,0,714,Enrie Hinesh,M,False
1580_02,Earth,False,G/246/S,TRAPPIST-1e,18,False,428,0,36,0,424,Janita Hinesh,F,False
1581_01,Mars,True,F/312/P,TRAPPIST-1e,38,False,0,0,0,0,0,Cor Che,M,True
1581_02,Mars,True,,TRAPPIST-1e,28,False,0,0,0,0,0,Prabon Che,F,True
1584_01,Earth,False,F/314/P,TRAPPIST-1e,57,False,433,0,0,371,0,Paulia Thony,M,False
1584_02,Earth,True,G/251/P,TRAPPIST-1e,0,False,,0,0,0,0,Ronne Thony,F,False
1585_01,Earth,True,G/252/P,TRAPPIST-1e,18,False,0,0,0,0,0,Salley Crosarios,M,True
1588_01,Europa,True,E/99/P,TRAPPIST-1e,25,False,0,0,0,0,0,Errima Fullous,F,True
1588_02,Europa,False,E/99/P,55 Cancri e,35,False,0,17394,0,724,0,Hyaduma Fullous,M,True
1590_01,Europa,False,D/57/S,TRAPPIST-1e,37,False,0,1336,2,12,7,Neutrin Crakenecal,F,True
1590_02,Europa,False,D/57/S,55 Cancri e,33,False,0,26,1,33,2439,Ankark Crakenecal,M,False
1592_01,Europa,False,C/60/S,TRAPPIST-1e,35,False,305,3621,0,320,341,Ankabih Idivent,F,True
1592_02,Europa,False,C/60/S,55 Cancri e,47,False,16,2127,1487,0,196,Arid Idivent,M,True
1593_01,Earth,False,E/114/S,TRAPPIST-1e,23,False,5,51,0,732,0,Gwendy Savaraldez,F,False
1594_01,Earth,False,G/253/P,TRAPPIST-1e,,False,0,3,0,2,923,Lis Delazarson,M,True
1595_01,Europa,False,C/57/P,55 Cancri e,27,False,0,4342,0,,36,Pharmus Reming,F,True
1596_01,Europa,True,B/54/P,TRAPPIST-1e,23,False,0,0,0,0,0,Izarfik Replipent,M,True
1597_01,Earth,True,G/254/P,TRAPPIST-1e,31,False,0,0,0,0,,Thewis Hahnstonsen,F,True
1599_01,Europa,True,C/58/P,TRAPPIST-1e,19,False,0,0,,0,0,Giedion Drelcate,M,True
1599_02,Europa,True,C/58/P,55 Cancri e,53,False,0,0,0,0,0,Enifak Drelcate,F,True
1601_01,Earth,False,G/255/P,TRAPPIST-1e,37,False,22,5,0,747,0,Elenna Mulley,M,False
1602_01,Earth,False,F/307/S,TRAPPIST-1e,18,False,0,0,0,2681,55,Vina Chardsons,F,False
1603_01,Earth,False,F/317/P,TRAPPIST-1e,42,False,0,594,0,0,119,Tyle Carreralend,M,False
1603_02,Earth,True,G/256/P,TRAPPIST-1e,7,False,0,0,0,0,0,Card Carreralend,F,True
1603_03,Earth,False,G/256/P,55 Cancri e,7,False,0,0,0,0,0,Dessie Carreralend,M,True
1604_01,Earth,False,G/257/P,TRAPPIST-1e,24,False,2,3,0,616,161,Dellie Rostarks,F,False
1606_01,Europa,False,E/116/S,TRAPPIST-1e,20,False,13,817,0,1435,22,Furuson Oilloody,M,True
1608_01,Earth,False,F/319/P,TRAPPIST-1e,24,False,1158,193,798,2,0,Glena Dicksons,F,False
1611_01,Earth,False,G/248/S,TRAPPIST-1e,42,False,0,865,0,0,44,Lorey Torrez,M,True
1612_01,Europa,False,E/101/P,TRAPPIST-1e,49,False,0,3750,0,2,341,Furuson Entenedy,F,True
1612_02,Europa,True,E/101/P,TRAPPIST-1e,47,False,0,0,0,0,0,Arraid Entenedy,M,True
1613_01,Earth,False,,55 Cancri e,16,False,825,9,0,0,42,Judya Josey,F,False
1614_01,Mars,False,F/321/P,TRAPPIST-1e,26,True,432,0,965,35,0,Duckes Conie,M,False
1615_01,Earth,False,F/322/P,TRAPPIST-1e,24,False,0,0,6,685,0,Kencey Lopelases,F,False
1615_02,Earth,True,G/259/P,TRAPPIST-1e,38,False,0,0,,0,0,Therta Harperez,M,True
1615_03,Earth,False,G/259/P,TRAPPIST-1e,0,False,0,0,0,0,0,Terina Lopelases,F,True
1617_01,Mars,False,D/53/P,PSO J318.5-22,37,False,295,1575,19,515,0,Ots Blan,M,False
1619_01,Earth,True,G/249/S,TRAPPIST-1e,39,False,0,0,0,0,0,Vanard Hinglendez,F,True
1621_01,Earth,False,F/308/S,55 Cancri e,25,False,553,0,1,239,8,Jeane Dukertyler,M,True
1621_02,Earth,False,F/308/S,PSO J318.5-22,25,False,172,129,41,0,341,Valex Dukertyler,F,False
1622_01,Mars,True,F/323/P,TRAPPIST-1e,35,False,0,0,0,0,0,Jayrin Sau,M,True
1624_01,Earth,True,G/250/S,PSO J318.5-22,0,False,0,0,0,,0,Joanry Barbes,F,True
1624_02,Earth,False,G/250/S,55 Cancri e,46,False,612,0,62,0,0,Dorice Barbes,M,True
1624_03,Earth,,G/250/S,TRAPPIST-1e,4,False,0,0,0,0,,Eristy Barbes,F,True
1625_01,Europa,True,C/59/P,55 Cancri e,19,False,0,0,0,0,0,Weznif Patimonne,M,True
1625_02,Europa,False,C/59/P,TRAPPIST-1e,29,False,0,930,0,2113,98,Dabik Patimonne,F,False
1626_01,Earth,False,F/324/P,TRAPPIST-1e,19,False,,9,0,0,1,Raceky Logannon,M,False
1628_01,Europa,True,B/71/S,TRAPPIST-1e,47,False,0,0,0,0,0,Zauri Foraud,F,True
1630_01,Earth,True,G/252/S,PSO J318.5-22,1,False,0,0,0,0,0,Rayne Cofferson,M,True
1630_02,Earth,True,G/252/S,TRAPPIST-1e,4,False,0,0,0,0,0,Shery Cofferson,F,False
1630_03,Earth,False,F/309/S,TRAPPIST-1e,37,False,0,27,11,732,5,Elanda Cofferson,M,False
1631_01,Earth,False,E/118/S,TRAPPIST-1e,61,False,1215,32,0,0,362,Toniel Kennetty,F,False
1632_01,Europa,True,C/62/S,TRAPPIST-1e,32,False,0,,0,0,0,Cella Fatted,M,True
1633_01,Earth,True,G/261/P,TRAPPIST-1e,4,False,0,0,0,0,,Ferry Thony,F,True
1633_02,Earth,True,G/261/P,TRAPPIST-1e,16,False,0,0,0,0,0,Tyrony Thony,M,True
1634_01,Earth,True,G/253/S,55 Cancri e,25,False,0,0,0,0,0,Armen Conleydenan,F,False
1635_01,Earth,False,F/325/P,TRAPPIST-1e,22,False,1300,0,,0,1134,Iandy Tuckers,M,False
1636_01,Earth,False,G/254/S,TRAPPIST-1e,41,False,139,666,6,71,25,Daisya Connelson,F,False
1637_01,Earth,True,G/255/S,TRAPPIST-1e,25,False,0,0,0,0,0,Leony Ricews,M,True
1638_01,Earth,False,E/119/S,TRAPPIST-1e,19,False,414,0,66,307,0,Roydo Ballocks,F,False
1640_01,Earth,False,G/262/P,TRAPPIST-1e,21,False,305,0,1,618,2,Essara Scotterkins,M,True
1644_01,Earth,False,F/327/P,55 Cancri e,14,False,0,2,0,0,794,Lavey Waltonnedy,F,False
1645_01,,True,,55 Cancri e,18,False,0,0,0,0,0,Andace Thonyderson,M,False
1646_01,Earth,False,G/264/P,TRAPPIST-1e,34,False,0,0,885,0,0,Marily Monroellynn,F,True
1647_01,Earth,False,F/328/P,TRAPPIST-1e,33,False,954,0,10,3,2,Juanna Fisheparks,M,False
1649_01,Earth,True,G/265/P,55 Cancri e,14,False,0,0,0,0,0,Diandi Hinglendez,F,False
1650_01,Earth,True,G/258/S,55 Cancri e,28,False,0,0,0,0,0,Walla Hodes,M,True
1651_01,Earth,True,G/266/P,PSO J318.5-22,43,False,0,0,0,,0,Camina Wonglasquez,F,False
1651_02,Earth,False,G/266/P,55 Cancri e,3,False,0,0,0,0,0,Ebonyd Lynnerett,M,True
1651_03,Earth,True,G/266/P,PSO J318.5-22,0,False,0,0,0,0,0,Deanny Wonglasquez,F,True
1653_01,Europa,False,A/19/S,,47,False,4,1303,830,774,2,Phernar Oderient,M,False
1655_01,Earth,False,,TRAPPIST-1e,28,False,3202,,0,0,5,Karay Dicksons,F,False
1655_02,Earth,False,F/310/S,TRAPPIST-1e,40,False,0,807,0,0,0,Nadie Dicksons,M,True
1656_01,Earth,False,F/311/S,TRAPPIST-1e,17,False,1,160,37,0,,Keithy Mallerez,F,False
1657_01,Earth,False,G/267/P,TRAPPIST-1e,21,False,0,0,218,109,5321,Shally Alest,M,False
1658_01,Mars,False,F/312/S,TRAPPIST-1e,,False,1150,0,6,4,0,Sallos Part,F,True
1659_01,Earth,False,F/313/S,TRAPPIST-1e,41,False,0,82,3,0,718,Rayle Pugherman,M,False
1660_01,Earth,,E/122/S,TRAPPIST-1e,20,False,0,1,0,905,0,Estina Cardner,F,False
1661_01,Europa,False,A/20/S,TRAPPIST-1e,56,False,0,0,0,0,0,Arin Fringh,M,False
1661_02,Europa,False,A/20/S,TRAPPIST-1e,57,False,0,62,0,2136,178,Almino Earmeter,F,False
1661_03,Europa,True,A/20/S,TRAPPIST-1e,48,False,0,0,0,0,0,Quarkib Fringh,M,True
1661_04,Europa,False,A/20/S,TRAPPIST-1e,37,False,0,2390,0,1306,,Branev Fringh,F,False
1662_01,Earth,False,F/314/S,PSO J318.5-22,20,False,127,0,0,542,0,Wenise Sterson,M,False
1663_01,Earth,True,G/268/P,PSO J318.5-22,36,False,0,0,0,0,0,Carita Villenson,F,True
1666_01,Europa,False,D/59/S,TRAPPIST-1e,38,False,158,787,2820,,86,Askedus Retefule,M,True
1668_01,Earth,False,F/316/S,TRAPPIST-1e,22,False,2,0,6,101,536,Millia Watsongley,F,False
1669_01,Mars,False,F/317/S,TRAPPIST-1e,31,False,2436,0,147,16,0,Flams Spane,M,False
1669_02,Mars,True,F/317/S,TRAPPIST-1e,0,False,0,0,0,0,0,Spuffs Spane,F,True
1669_03,Mars,False,F/317/S,55 Cancri e,21,False,1481,0,881,0,0,Pokix Perte,M,False
1670_01,Earth,False,G/269/P,TRAPPIST-1e,49,False,0,67,213,2,1442,Aleen Sancasey,F,False
1670_02,Earth,True,G/269/P,TRAPPIST-1e,44,False,0,0,0,0,0,Jordy Sancasey,M,False
1671_01,Europa,False,B/73/S,55 Cancri e,,False,0,859,0,6704,64,Muonan Mosteraked,F,False
1672_01,Earth,False,F/318/S,TRAPPIST-1e,29,False,7,0,0,797,0,Elicia Solivers,M,False
1673_01,Earth,False,F/330/P,55 Cancri e,16,False,876,0,5,1,16,Benny Perrerojass,F,False
1674_01,Earth,True,G/260/S,PSO J318.5-22,20,False,0,0,0,0,0,,,False
1676_01,Earth,True,G/270/P,TRAPPIST-1e,26,False,0,0,0,0,0,Pennie Staffersby,F,False
1677_01,Earth,False,E/103/P,TRAPPIST-1e,19,False,5,87,0,0,,Warry Robins,M,False
1681_01,Earth,False,G/261/S,TRAPPIST-1e,34,False,1,89,0,793,0,Tonia Englence,F,False
1682_01,Mars,True,F/331/P,TRAPPIST-1e,38,False,0,0,0,0,0,Miten Watte,M,True
1685_01,Earth,False,,55 Cancri e,51,False,0,260,91,0,264,Sanda Dillestron,F,False
1685_02,Earth,False,G/272/P,55 Cancri e,7,False,0,0,0,0,0,Vana Dillestron,M,False
1685_03,Earth,True,G/272/P,TRAPPIST-1e,3,False,0,0,0,0,0,Camina Dillestron,F,True
1687_01,Mars,False,F/334/P,TRAPPIST-1e,26,True,714,450,208,0,44,Bases Batte,M,False
1688_01,Earth,False,E/124/S,TRAPPIST-1e,27,False,233,554,0,0,0,Tyle Webstenson,F,False
1688_02,Earth,True,,TRAPPIST-1e,7,False,,0,0,0,0,Claura Webstenson,M,False
1688_03,Earth,True,G/262/S,TRAPPIST-1e,19,False,,0,0,0,0,Line Webstenson,F,True
1690_01,Earth,False,F/335/P,TRAPPIST-1e,28,False,0,26,88,5,754,Heryle Paulllegory,M,False
1691_01,Mars,False,F/321/S,TRAPPIST-1e,27,False,3482,1234,1155,0,0,Sesh Giba,F,False
1694_01,Earth,True,G/263/S,PSO J318.5-22,31,False,0,,0,0,0,Iria Chavezalez,M,True
1695_01,Earth,False,G/264/S,TRAPPIST-1e,26,False,324,0,201,2,256,Fredy Moraleney,F,False
1696_01,Europa,False,B/55/P,TRAPPIST-1e,43,False,0,760,17,15331,427,Alam Iderinelay,M,False
1697_01,Earth,False,G/274/P,TRAPPIST-1e,23,,0,13,0,773,0,Hollie Blainson,F,False
1698_01,,True,E/125/S,PSO J318.5-22,14,False,0,0,0,0,0,Cakes Make,M,True
1699_01,Earth,False,F/336/P,55 Cancri e,47,False,0,574,0,0,68,Sall Barkeretton,F,True
1700_01,Europa,True,B/74/S,TRAPPIST-1e,17,False,0,0,0,0,0,Zavior Waring,M,True
1700_02,Europa,False,B/74/S,TRAPPIST-1e,64,False,0,4,0,6200,622,Solaron Waring,F,False
1704_01,Mars,False,D/60/S,TRAPPIST-1e,13,False,1112,0,687,0,3,Tors Breke,M,False
1704_02,Mars,False,D/60/S,55 Cancri e,18,False,86,1164,516,0,0,Allota Fincy,F,True
1705_01,Mars,False,E/126/S,TRAPPIST-1e,29,True,0,0,0,0,0,Barave Chake,M,False
1708_01,Earth,False,F/338/P,PSO J318.5-22,70,False,0,3,1,2,1290,Lavey Hopez,F,False
1709_01,Mars,False,F/326/S,TRAPPIST-1e,23,False,31,0,1247,0,47,Jurbet Minen,M,False
1709_02,Mars,False,D/61/S,TRAPPIST-1e,23,False,2210,0,89,0,0,Bet Minen,F,True
1709_03,Mars,False,,TRAPPIST-1e,35,False,1313,0,24,0,1,Bleark Minen,M,False
1709_04,Mars,False,E/127/S,TRAPPIST-1e,17,False,1744,0,136,8,8,Donut Minen,F,False
1709_05,Mars,True,F/326/S,TRAPPIST-1e,26,False,0,0,0,0,0,Fams Minen,M,True
1709_06,Mars,False,D/61/S,TRAPPIST-1e,15,False,1554,0,646,20,1241,Tyog Minen,F,False
1709_07,Mars,False,F/326/S,TRAPPIST-1e,19,False,285,54,1246,102,0,Cocowl Minen,M,False
1710_01,Earth,True,G/276/P,PSO J318.5-22,20,False,0,0,0,0,0,Andrey Mcgowaymond,F,True
1711_01,Earth,,F/327/S,TRAPPIST-1e,51,False,437,244,908,825,0,,,False
1712_01,Mars,,F/339/P,TRAPPIST-1e,17,False,139,0,959,21,0,,,False
1712_02,Mars,False,F/339/P,TRAPPIST-1e,27,False,103,1,49,2421,24,Cinets Pamca,M,False
1713_01,Earth,False,G/277/P,TRAPPIST-1e,43,False,84,726,2,0,0,Calvia Dyers,F,False
1714_01,Earth,False,G/265/S,TRAPPIST-1e,5,False,0,0,0,0,0,Lorian Parsoney,M,False
1715_01,Earth,True,G/266/S,TRAPPIST-1e,17,False,0,0,0,0,0,Camily Mirandry,F,False
1717_01,Earth,False,E/105/P,TRAPPIST-1e,40,False,813,0,473,236,0,Alicey Franankson,M,True
1717_02,Earth,False,E/105/P,TRAPPIST-1e,38,False,4,0,0,0,1679,Yola Fielsenders,F,False
1718_01,Earth,True,,TRAPPIST-1e,20,False,0,0,0,0,0,Elindy Reyervaney,M,True
1719_01,Earth,True,G/278/P,TRAPPIST-1e,13,False,0,0,,0,0,Kerryn Savaraldez,F,False
1721_01,Earth,False,F/341/P,TRAPPIST-1e,15,False,320,36,5,0,640,Frandy Alest,M,False
1723_01,Earth,False,E/128/S,TRAPPIST-1e,15,,852,0,0,135,0,Ivaney Holcompson,F,False
1724_01,Europa,False,A/21/S,55 Cancri e,59,False,8,1563,0,73,31,Hekark Diateous,M,True
1725_01,Earth,False,F/328/S,TRAPPIST-1e,24,False,0,201,0,0,603,Breney Wheelez,F,False
1727_01,Mars,True,F/342/P,,,False,0,0,0,0,0,Gibil Barte,M,True
1727_02,Mars,False,D/54/P,55 Cancri e,52,False,1279,0,1061,359,0,Emoles Barte,F,False
1728_01,Earth,False,G/280/P,TRAPPIST-1e,38,False,553,0,0,87,243,Elle Bakerson,M,False
1729_01,Earth,False,F/343/P,TRAPPIST-1e,26,False,21,0,499,568,0,Billya Merce,F,True
1730_01,Earth,False,E/106/P,55 Cancri e,17,False,68,0,0,0,795,Elson Curton,M,True
1731_01,Earth,True,G/281/P,PSO J318.5-22,17,False,0,0,0,0,0,Alfrey Santry,F,True
1731_02,Earth,False,G/281/P,55 Cancri e,20,False,1,808,0,0,0,Lestie Santry,M,True
1733_01,Earth,False,F/344/P,TRAPPIST-1e,15,False,1336,108,0,0,0,Stevey Chanan,F,False
1734_01,Earth,True,G/283/P,TRAPPIST-1e,30,False,0,0,0,0,0,Guadae Patrichane,M,True
1736_01,Earth,True,G/284/P,PSO J318.5-22,22,False,0,0,0,0,0,Therry Blancoy,F,False
1738_01,Earth,False,E/129/S,TRAPPIST-1e,18,False,0,0,19,467,,Rosey Sawyerson,M,False
1738_02,Earth,True,G/268/S,55 Cancri e,22,False,0,0,0,0,0,Wenny Sawyerson,F,True
1739_01,Earth,True,G/269/S,PSO J318.5-22,20,False,0,0,0,0,0,Wine Jarvey,M,True
1740_01,Earth,False,G/270/S,TRAPPIST-1e,22,False,762,13,10,0,0,Eillis Torrez,F,False
1742_01,Mars,False,D/55/P,PSO J318.5-22,34,True,49,478,387,0,0,Anack Trad,M,False
1745_01,Europa,False,E/130/S,TRAPPIST-1e,28,False,0,1310,0,221,6064,,,False
1746_01,Mars,True,F/331/S,TRAPPIST-1e,50,False,0,0,0,0,0,Clers Bache,M,True
1747_01,Earth,False,G/271/S,55 Cancri e,19,False,0,0,496,13,0,Line Santantines,F,True
1748_01,Earth,False,G/287/P,TRAPPIST-1e,21,False,0,0,0,2,807,Jeresa Burchrison,M,False
1748_02,Earth,False,G/287/P,TRAPPIST-1e,0,False,0,0,0,0,0,Erice Burchrison,F,False
1748_03,Earth,False,G/287/P,TRAPPIST-1e,4,False,0,0,0,0,0,Keithy Burchrison,M,True
1749_01,Earth,True,G/288/P,PSO J318.5-22,59,False,0,0,0,0,0,Monald Coley,F,False
1752_01,Earth,False,F/333/S,55 Cancri e,15,False,1006,1,0,0,308,Dell Chavezalez,M,True
1753_01,Earth,True,G/272/S,TRAPPIST-1e,24,False,0,0,0,0,0,Amela Moodson,F,True
1755_01,Earth,True,G/273/S,TRAPPIST-1e,26,False,0,0,0,0,0,Leneva Mulley,M,False
1757_01,Earth,False,F/334/S,TRAPPIST-1e,67,False,26,809,0,39,26,Juline Bradamss,F,False
1758_01,Earth,False,G/274/S,TRAPPIST-1e,55,False,587,0,0,318,3,Maril Fielsenders,M,False
1760_01,Earth,False,F/336/S,TRAPPIST-1e,50,False,742,21,10,26,4,Elicey Cardsay,F,False
1761_01,Earth,False,F/347/P,55 Cancri e,23,False,145,490,17,49,1,Ine Sweekstarks,M,False
1762_01,Earth,False,E/132/S,PSO J318.5-22,21,False,2400,7,0,20,0,Sylvin Casez,F,True
1762_02,Earth,False,G/275/S,,15,False,104,,0,174,253,Thery Casez,M,False
1763_01,Europa,False,E/133/S,TRAPPIST-1e,41,False,0,3240,0,59,0,Diskeon Stering,F,True
1764_01,Mars,True,F/337/S,TRAPPIST-1e,59,False,0,0,0,0,0,Gies Laai,M,True
1764_02,Mars,False,E/134/S,TRAPPIST-1e,18,False,0,0,0,0,0,Cin Laai,F,False
1766_01,Earth,False,F/338/S,55 Cancri e,21,False,112,0,0,0,1333,Ronne Adavisons,M,False
1767_01,Europa,True,C/65/S,55 Cancri e,14,False,0,0,0,0,0,Hekaron Gleroling,F,True
1767_02,Europa,False,C/65/S,TRAPPIST-1e,50,False,3677,782,0,6,1168,Decruxa Stewder,M,True
1767_03,Europa,False,C/65/S,TRAPPIST-1e,32,False,2973,3368,124,57,42,Coxatik Gleroling,F,True
1767_04,Europa,True,C/65/S,TRAPPIST-1e,46,False,0,0,0,0,0,Coxah Gleroling,M,True
1768_01,Earth,False,G/276/S,TRAPPIST-1e,,False,0,24,0,732,0,Artis Beckeey,F,False
1769_01,Mars,True,F/339/S,TRAPPIST-1e,58,False,0,0,0,0,0,Choney Sinda,M,True
1770_01,Europa,True,B/75/S,55 Cancri e,15,False,0,0,0,0,0,Tauxon Wincer,F,True
1771_01,Earth,False,G/291/P,TRAPPIST-1e,35,False,0,338,436,,0,Antone Cardner,M,True
1772_01,Mars,False,F/348/P,TRAPPIST-1e,30,False,1220,0,49,39,0,Cheats Butty,F,False
1774_01,Mars,True,E/135/S,TRAPPIST-1e,30,False,0,0,0,0,0,Anakes Canie,M,True
1775_01,Earth,False,G/277/S,TRAPPIST-1e,43,False,0,0,870,0,14,Murie Mejiaddox,F,True
1776_01,Earth,False,G/278/S,TRAPPIST-1e,21,False,0,0,809,0,0,Lynnon Wolffy,M,False
1778_01,Earth,True,G/279/S,PSO J318.5-22,15,False,0,0,0,0,0,Stanya Adkinson,F,False
1779_01,Earth,False,F/349/P,55 Cancri e,37,False,164,603,0,0,11,Evan Hermanapp,M,True
1781_01,Europa,False,C/66/S,55 Cancri e,28,False,0,11026,0,0,12,Alballa Brailidy,F,True
1782_01,Earth,True,,TRAPPIST-1e,28,False,0,0,0,0,0,Stald Moodson,M,False
1782_02,Earth,False,F/341/S,TRAPPIST-1e,40,,596,,135,73,0,Carold Moodson,F,False
1783_01,Earth,False,G/281/S,55 Cancri e,42,False,28,0,0,0,591,Carma Garnettiz,M,False
1783_02,Earth,True,G/281/S,PSO J318.5-22,21,False,0,0,0,,0,Francy Garnettiz,F,False
1785_01,Mars,True,E/107/P,55 Cancri e,31,False,0,0,0,,0,Miten Kniva,M,False
1786_01,Earth,False,F/342/S,TRAPPIST-1e,51,False,28,94,0,34,638,Violey Jacostaney,F,False
1792_01,Mars,False,F/352/P,TRAPPIST-1e,73,False,27,2,71,1208,0,Duckes Brazo,M,False
1796_01,Europa,True,C/67/S,TRAPPIST-1e,26,,0,0,0,0,0,Alcyon Hariourcal,F,True
1797_01,Europa,True,B/57/P,55 Cancri e,33,False,0,0,0,0,0,Dhenar Blanspe,M,True
1798_01,Earth,False,E/137/S,TRAPPIST-1e,39,False,1,275,33,376,105,Bel Mcfarley,F,False
1799_01,Earth,False,G/295/P,TRAPPIST-1e,19,,5,639,0,84,180,Shalle Leonaldez,M,False
1800_01,Earth,False,G/283/S,55 Cancri e,12,False,0,0,0,0,0,Jarena Goffey,F,True
1800_02,Earth,True,G/283/S,55 Cancri e,10,False,0,0,0,0,0,Nelle Goffey,M,False
1800_03,Earth,True,G/283/S,TRAPPIST-1e,0,False,0,0,0,0,0,Vick Goffey,F,False
1800_04,Earth,False,G/283/S,TRAPPIST-1e,0,False,0,0,0,0,0,Annah Morsentley,M,True
1800_05,Earth,True,G/283/S,TRAPPIST-1e,1,False,0,0,0,0,0,Wandy Goffey,F,True
1802_01,Earth,False,E/109/P,TRAPPIST-1e,33,False,0,0,2,787,1,Alley Brantuarez,M,False
1803_01,Earth,False,F/354/P,55 Cancri e,23,False,0,169,0,553,0,Nelsie Puckley,F,False
1804_01,Mars,True,F/355/P,TRAPPIST-1e,5,False,0,0,0,0,0,Minies Curle,M,True
1805_01,Earth,True,G/284/S,TRAPPIST-1e,24,False,0,0,0,0,0,Doryn Bradlerson,F,True
1806_01,Mars,False,E/138/S,TRAPPIST-1e,26,False,0,0,0,0,0,Goos Hotte,M,False
1807_01,Europa,False,B/58/P,55 Cancri e,30,False,0,3722,4,140,4045,Ainor Ingetrody,F,False
1808_01,Earth,False,F/346/S,TRAPPIST-1e,33,False,0,763,8,2,30,Rician Pollarkeeks,M,False
1810_01,Mars,False,F/356/P,TRAPPIST-1e,56,False,4694,0,2661,51,0,Whee Ruité,F,False
1811_01,Earth,True,G/285/S,PSO J318.5-22,25,False,0,0,0,0,0,Gerry Georgasey,M,True
1811_02,Earth,False,F/347/S,TRAPPIST-1e,,,928,20,0,0,0,Gerek Georgasey,F,False
1812_01,,False,F/357/P,TRAPPIST-1e,25,False,9,852,73,12,57,Agnesa Hickson,M,True
1813_01,Earth,False,F/358/P,55 Cancri e,18,False,0,0,454,0,263,Allara Cainghannon,F,False
1816_01,Europa,False,C/68/S,TRAPPIST-1e,60,True,1891,640,0,360,52,Naosura Dicomeng,M,True
1816_02,Europa,False,C/68/S,TRAPPIST-1e,41,False,0,2334,1,6,23,Shail Tertchty,F,True
1817_01,Earth,False,F/349/S,PSO J318.5-22,16,False,112,0,38,77,443,Marky Lanks,M,False
1818_01,Earth,True,G/297/P,TRAPPIST-1e,17,False,0,0,0,0,0,Felia Portananney,F,True
1821_01,Earth,False,G/298/P,TRAPPIST-1e,26,False,,4,361,0,19,Ronna Cohendright,M,False
1822_01,Earth,False,G/299/P,TRAPPIST-1e,31,False,2,811,0,0,0,Charly Mirez,F,True
1823_01,,False,,TRAPPIST-1e,67,False,143,68,496,182,9,Loree Byerson,M,True
1826_01,Earth,False,F/351/S,55 Cancri e,16,False,,231,569,2,0,Mollen Lewintos,F,False
1827_01,Earth,False,F/352/S,55 Cancri e,24,False,0,94,1,56,427,Chrisa Norrison,M,False
1828_01,Earth,False,F/361/P,,19,False,0,1333,3,624,254,Thelix Hultz,F,True
1829_01,Europa,False,D/56/P,55 Cancri e,48,False,0,3578,80,123,,,,True
1829_02,Europa,False,D/56/P,TRAPPIST-1e,30,False,1,6398,0,2,295,Propsh Clumshangs,F,True
1829_03,Europa,False,D/56/P,TRAPPIST-1e,22,False,0,8882,21,2204,19,Luxion Clumshangs,M,True
1829_04,Europa,False,D/56/P,TRAPPIST-1e,28,True,0,4424,3,207,1572,Hadiram Gloother,F,True
1829_05,Europa,True,D/56/P,55 Cancri e,23,False,0,0,0,0,0,Atrinon Persed,M,True
1829_06,Europa,False,D/56/P,TRAPPIST-1e,29,False,0,699,0,0,1955,Ankark Persed,F,False
1831_01,Earth,True,G/288/S,TRAPPIST-1e,22,False,0,0,0,0,,Almary Gordanieves,M,False
1833_01,Europa,False,C/61/P,55 Cancri e,48,False,140,127,0,4102,521,Mirark Scoudelle,F,False
1834_01,Mars,False,F/354/S,,26,False,17,0,1582,0,0,,,True
1836_01,Earth,False,F/362/P,TRAPPIST-1e,23,False,1639,1218,0,1,0,Ronne Meleon,F,True
1841_01,Earth,False,F/365/P,TRAPPIST-1e,55,False,1104,0,0,0,0,Ivaney Flynney,M,False
1843_01,Europa,False,E/112/P,TRAPPIST-1e,46,False,2249,153,137,,194,Saxinon Unaasor,F,False
1844_01,Earth,False,F/355/S,PSO J318.5-22,38,False,0,0,0,0,1381,Andan Stannondez,M,False
1844_02,Earth,True,G/289/S,TRAPPIST-1e,2,False,0,0,0,0,0,Garley Stannondez,F,True
1844_03,Earth,True,G/289/S,TRAPPIST-1e,3,False,0,0,0,0,0,Winia Stannondez,M,True
1846_01,Earth,False,F/366/P,TRAPPIST-1e,20,False,0,0,0,788,16,Elicia Mejiamsey,F,False
1847_01,Earth,False,G/290/S,TRAPPIST-1e,65,False,5,317,,0,123,Jaimez Tuckers,M,False
1848_01,Earth,False,G/291/S,TRAPPIST-1e,,False,181,0,2,0,663,Hellia Gilleranks,F,False
1849_01,Earth,False,F/367/P,TRAPPIST-1e,25,False,113,0,0,1282,0,Antone Sellentry,M,False
1850_01,Earth,False,F/356/S,PSO J318.5-22,54,False,0,316,257,0,0,Troya Schwardson,F,False
1850_02,Earth,False,F/356/S,55 Cancri e,25,False,0,0,1,735,25,Leene Schwardson,M,False
1853_01,Earth,True,G/302/P,TRAPPIST-1e,14,False,0,0,0,0,0,Annez Webstenson,F,True
1854_01,Europa,False,A/22/S,55 Cancri e,53,False,0,13527,0,0,771,Gorab Unprive,M,True
1855_01,Earth,True,G/303/P,TRAPPIST-1e,0,False,0,0,0,0,0,Ellena Jenson,F,True
1855_02,Earth,False,E/113/P,TRAPPIST-1e,39,False,0,43,864,0,85,Mabela Jenson,M,False
1856_01,Earth,False,F/368/P,TRAPPIST-1e,22,False,8,710,0,27,0,Adriet Combson,F,True
1857_01,Mars,False,D/63/S,55 Cancri e,31,False,120,0,657,52,0,Pios Emone,M,False
1859_01,Mars,True,F/357/S,,24,False,0,0,0,0,0,Slix Seen,F,True
1860_01,Europa,False,A/13/P,TRAPPIST-1e,35,True,0,1,0,0,3156,Caiah Headfair,M,False
1860_02,Europa,False,A/13/P,55 Cancri e,35,False,95,3441,0,391,318,Krazet Headfair,F,False
1861_01,Mars,True,F/358/S,TRAPPIST-1e,32,False,0,0,0,0,0,Choney Clake,M,True
1861_02,Mars,False,F/358/S,TRAPPIST-1e,61,False,953,415,974,0,133,Apix Clake,F,False
1863_01,Earth,False,F/370/P,55 Cancri e,58,False,14,0,1081,0,0,Bony Handertiz,M,True
1864_01,Mars,False,D/64/S,TRAPPIST-1e,26,False,1752,22,0,4,,Hone Erflé,F,False
1865_01,Earth,True,G/292/S,TRAPPIST-1e,4,,0,0,0,0,0,Elanda Roses,M,False
1865_02,Earth,False,G/292/S,TRAPPIST-1e,1,False,0,0,0,0,0,Dandra Roses,F,False
1865_03,Earth,False,G/292/S,TRAPPIST-1e,8,False,0,0,0,0,0,Idary Owery,M,True
1865_04,Earth,False,G/292/S,TRAPPIST-1e,7,False,0,0,0,0,,,,False
1865_05,Earth,,G/292/S,TRAPPIST-1e,25,False,0,60,0,646,1115,Terly Roses,M,False
1865_06,,False,G/292/S,TRAPPIST-1e,6,False,0,0,0,0,0,Racyle Roses,F,False
1866_01,Earth,False,F/371/P,TRAPPIST-1e,29,False,0,0,0,0,865,Billey Wolffy,M,False
1868_01,Mars,True,F/372/P,TRAPPIST-1e,64,False,0,0,0,0,0,Sug Fincy,F,True
1871_01,Europa,False,C/70/S,TRAPPIST-1e,31,,0,1983,0,172,52,Aston Spedlybood,M,True
1872_01,Mars,True,E/139/S,TRAPPIST-1e,25,False,0,0,0,0,0,Stote Wala,F,False
1873_01,Earth,True,G/293/S,TRAPPIST-1e,30,False,0,,0,0,0,Shalle Barrison,M,True
1874_01,Earth,True,G/305/P,TRAPPIST-1e,0,False,0,0,0,0,0,Armene Woodgezalez,F,False
1874_02,Earth,,F/374/P,PSO J318.5-22,29,False,0,0,0,486,1479,Vanley Woodgezalez,M,False
1877_01,Earth,False,G/306/P,TRAPPIST-1e,37,False,28,25,26,806,3,Raque Ellahan,F,False
1878_01,Earth,False,F/375/P,TRAPPIST-1e,49,False,0,0,0,724,0,Fanna Chenson,M,False
1879_01,Europa,False,D/58/P,TRAPPIST-1e,36,False,0,583,1789,19,1009,Alhair Inderly,F,False
1880_01,Earth,False,F/376/P,55 Cancri e,20,False,470,128,0,0,9,Valey Clean,M,False
1881_01,Earth,False,F/377/P,TRAPPIST-1e,20,False,2215,0,0,86,0,Samie Valey,F,True
1882_01,Europa,,C/71/S,55 Cancri e,18,False,0,16263,72,0,15,Magnon Antcal,M,True
1882_02,Europa,True,,55 Cancri e,17,False,0,0,0,0,0,Phonons Antcal,F,True
1884_01,Mars,True,E/140/S,TRAPPIST-1e,48,False,0,0,0,0,0,Whers Meake,M,False
1886_01,Earth,False,E/141/S,TRAPPIST-1e,26,False,0,3,176,611,0,Briane Morrows,F,False
1887_01,Earth,False,G/295/S,TRAPPIST-1e,35,False,0,88,718,46,0,Wilmay Pooley,M,False
1888_01,Earth,False,F/361/S,TRAPPIST-1e,30,False,116,0,0,728,29,Benda Barrelliver,F,True
1889_01,Earth,False,F/378/P,TRAPPIST-1e,22,False,0,0,22,0,702,Vandy Hewson,M,False
1889_02,Earth,True,G/307/P,TRAPPIST-1e,5,False,0,0,0,0,0,Lerome Hewson,F,False
1890_01,Earth,True,G/308/P,55 Cancri e,43,False,0,0,0,0,0,Beathy Englence,M,False
1891_01,Mars,True,E/142/S,TRAPPIST-1e,52,False,0,0,0,0,0,,,False
1892_01,Europa,False,D/59/P,TRAPPIST-1e,50,False,5,809,0,309,731,Coxark Couseced,M,True
1892_02,Europa,False,,TRAPPIST-1e,29,False,4,841,0,363,1107,Ashira Stpingepid,F,True
1892_03,Europa,False,D/59/P,55 Cancri e,19,False,0,748,158,5037,44,Schird Stpingepid,M,False
1897_01,Europa,False,C/72/S,55 Cancri e,39,False,0,10153,1,78,5063,Zaurion Gocent,F,True
1897_02,Europa,False,C/72/S,TRAPPIST-1e,38,False,0,354,0,1806,0,Arino Gocent,M,True
1898_01,Earth,True,G/296/S,55 Cancri e,21,False,,0,0,0,0,Walles Fishopper,F,False
1899_01,Earth,False,G/297/S,PSO J318.5-22,25,False,11,44,397,0,0,Sylvin Curton,M,False
1901_01,Europa,True,A/14/P,55 Cancri e,42,False,0,0,0,0,0,Castork Tractive,F,True
1901_02,Europa,True,A/14/P,55 Cancri e,36,False,0,0,0,0,0,Neshath Tractive,M,True
1902_01,Earth,False,G/298/S,TRAPPIST-1e,19,False,42,0,345,1431,0,Benny Carvis,F,False
1903_01,Earth,True,G/309/P,TRAPPIST-1e,42,False,0,0,0,0,0,Brina Loway,M,False
1905_01,Earth,False,F/364/S,55 Cancri e,40,False,1465,39,0,0,1225,Kimena Torrez,F,False
1906_01,Earth,True,G/299/S,TRAPPIST-1e,14,False,0,0,0,0,0,Claura Booneid,M,False
1907_01,Europa,False,D/60/P,TRAPPIST-1e,50,False,,1810,0,126,247,Axionif Neceriont,F,False
1908_01,Mars,False,E/115/P,TRAPPIST-1e,18,False,1218,0,34,1095,0,Herms Chcak,M,False
1911_01,Earth,False,G/300/S,TRAPPIST-1e,46,False,8,652,0,5,90,Dia Cartez,F,False
1915_01,Earth,False,E/116/P,TRAPPIST-1e,,False,0,51,0,37,704,Letta Hurchez,M,False
1916_01,Europa,True,D/61/P,TRAPPIST-1e,15,False,0,0,0,0,0,Cheddin Castery,F,True
1916_02,Europa,False,D/61/P,55 Cancri e,22,False,1744,79,0,12,1514,,,False
1918_01,Europa,True,A/23/S,TRAPPIST-1e,0,False,0,0,0,0,0,Nesham Assibler,F,False
1918_02,Europa,True,A/23/S,TRAPPIST-1e,52,False,0,0,0,0,0,Sheleb Assibler,M,True
1918_03,Europa,False,A/23/S,TRAPPIST-1e,38,False,34,2043,0,1339,0,Hallux Assibler,F,True
1920_01,Mars,False,E/117/P,TRAPPIST-1e,46,False,731,0,288,0,2,Burbix Horte,M,False
1922_01,Earth,True,G/303/S,55 Cancri e,23,False,0,0,0,0,0,Tonald Hickson,F,False
1923_01,Europa,False,C/65/P,TRAPPIST-1e,63,False,0,4286,18,4,872,Wasaleh Dister,M,True
1923_02,Europa,True,C/65/P,55 Cancri e,24,False,0,0,0,0,0,Ranan Dister,F,True
1925_01,Earth,True,G/304/S,TRAPPIST-1e,50,False,0,0,0,0,0,Olgary Matts,M,False
1926_01,,True,G/305/S,TRAPPIST-1e,20,False,0,0,0,0,0,Billey Conney,F,False
1927_01,Mars,False,D/66/S,TRAPPIST-1e,55,False,2424,0,1,0,284,Trohs Hapie,M,False
1928_01,Earth,False,E/144/S,PSO J318.5-22,21,False,0,0,107,166,388,Leence Anthon,F,True
1931_01,Europa,True,C/73/S,55 Cancri e,56,False,0,0,0,0,0,Kumark Dressink,M,True
1933_01,Earth,False,E/118/P,TRAPPIST-1e,45,False,10,0,0,,0,Timyra Hammons,F,True
1935_01,Earth,True,G/307/S,55 Cancri e,18,False,0,0,0,0,0,Sharie Gallenry,M,False
1937_01,Earth,False,F/368/S,TRAPPIST-1e,47,False,7,877,17,0,0,Therly Knoxtones,F,False
1938_01,Earth,False,F/369/S,TRAPPIST-1e,36,False,0,0,1508,110,117,Gretty Charpelaney,M,True
1939_01,Mars,False,F/385/P,TRAPPIST-1e,57,True,975,0,295,39,0,Wacks Burta,F,False
1939_02,Mars,False,D/62/P,TRAPPIST-1e,13,False,3037,10,43,0,0,Sex Burta,M,False
1940_01,Mars,False,F/386/P,TRAPPIST-1e,27,False,120,0,1476,3,0,Wins Bate,F,False
1941_01,Earth,False,F/370/S,TRAPPIST-1e,20,False,717,0,0,0,0,Man Hendrewsons,M,False
1942_01,Earth,False,G/312/P,TRAPPIST-1e,47,False,0,444,328,56,,Gerly Gaineyerson,F,False
1945_01,Earth,False,E/120/P,TRAPPIST-1e,15,False,0,0,787,0,0,Ambert Guezaley,M,False
1946_01,Earth,False,G/313/P,TRAPPIST-1e,34,False,0,0,53,731,0,Rayley Castannison,F,False
1947_01,Earth,False,F/372/S,TRAPPIST-1e,21,False,942,0,0,0,7,Lorian Vandan,M,False
1950_01,Earth,False,F/374/S,TRAPPIST-1e,51,False,0,0,0,101,1357,Tonyn Welles,F,False
1952_01,Earth,False,E/121/P,TRAPPIST-1e,23,False,382,0,398,8,0,,,False
1953_01,Earth,False,F/387/P,TRAPPIST-1e,58,False,0,0,0,0,717,Verney Bradlerson,F,False
1956_01,Mars,False,D/68/S,TRAPPIST-1e,37,False,2765,0,1134,0,0,,,False
1956_02,Mars,False,D/68/S,PSO J318.5-22,44,,708,0,5,0,74,Mesh Pread,F,True
1957_01,Earth,True,G/309/S,TRAPPIST-1e,25,False,0,0,0,0,0,Patoya Maynardner,M,False
1959_01,Europa,True,C/66/P,TRAPPIST-1e,15,False,0,0,0,0,0,Weion Exibuctich,F,True
1959_02,Europa,False,C/66/P,TRAPPIST-1e,40,False,0,382,0,1,3822,,,False
1959_03,Europa,False,C/66/P,55 Cancri e,29,False,0,433,4899,393,260,Menchah Exibuctich,F,True
1960_01,Earth,True,E/122/P,TRAPPIST-1e,36,False,0,0,0,0,0,Deanny Lynnerett,M,True
1960_02,Earth,False,E/122/P,PSO J318.5-22,21,False,0,0,677,4,0,Joana Lynnerett,F,True
1961_01,Earth,False,G/315/P,TRAPPIST-1e,35,False,302,6,0,6,613,Kayne Giller,M,True
1962_01,Earth,False,F/390/P,TRAPPIST-1e,24,False,3,361,94,824,160,Verek Buckeenez,F,False
1962_02,Earth,False,G/316/P,55 Cancri e,2,False,0,0,0,0,0,Jasony Buckeenez,M,False
1962_03,Earth,True,G/316/P,TRAPPIST-1e,0,False,,0,0,0,0,Dixiel Ryanga,F,True
1963_01,Earth,False,F/391/P,TRAPPIST-1e,43,False,0,0,0,1200,17,Aarone Fowlaney,M,False
1964_01,Europa,False,C/74/S,TRAPPIST-1e,63,False,,869,1,375,3377,Altara Righturter,F,False
1967_01,Earth,True,G/318/P,TRAPPIST-1e,30,,0,0,0,0,0,Megany Humphreyes,M,True
1968_01,Earth,True,G/319/P,PSO J318.5-22,38,False,0,0,0,0,0,Delody Traverdy,F,True
1969_01,Europa,False,C/75/S,55 Cancri e,27,False,,21066,0,2448,2293,Unukath Sandul,M,True
1971_01,Earth,False,F/375/S,PSO J318.5-22,54,False,3,0,56,633,0,Megany Irwinson,F,False
1973_01,Europa,True,A/24/S,55 Cancri e,39,False,0,0,0,0,0,Gomeron Clindy,M,True
1974_01,Mars,False,D/63/P,TRAPPIST-1e,41,False,3702,0,1,0,18,Sugark Cusa,F,False
1975_01,Earth,False,G/310/S,TRAPPIST-1e,22,False,0,0,0,10,761,Jeandy Hobbinson,M,False
1976_01,Europa,False,B/82/S,55 Cancri e,23,False,0,8037,,1,2,Sadirab Craleve,F,True
1976_02,Europa,False,B/82/S,TRAPPIST-1e,34,False,15,3578,0,,473,Alam Lansuffle,M,True
1976_03,Europa,True,B/82/S,55 Cancri e,26,True,0,0,0,0,0,Cellah Lansuffle,F,True
1976_04,Europa,False,B/82/S,TRAPPIST-1e,39,False,1,2972,0,3175,1,Zinoth Lansuffle,M,False
1976_05,Europa,True,B/82/S,55 Cancri e,15,False,0,0,0,0,0,Plas Lansuffle,F,True
1976_06,Europa,True,B/82/S,TRAPPIST-1e,64,False,0,0,0,0,0,Wasaleh Lansuffle,M,True
1976_07,Europa,True,B/82/S,TRAPPIST-1e,25,False,0,0,0,0,0,Alaslon Craleve,F,True
1977_01,Mars,True,F/393/P,TRAPPIST-1e,35,False,0,0,0,0,0,Froder Paska,M,True
1978_01,,True,G/311/S,TRAPPIST-1e,19,False,0,0,0,0,0,,,True
1979_01,Earth,False,F/376/S,TRAPPIST-1e,26,False,401,0,693,62,0,Delley Moodson,M,False
1980_01,Earth,True,G/312/S,TRAPPIST-1e,3,False,0,0,0,0,0,Scotte Browlerson,F,True
1980_02,Earth,False,G/312/S,TRAPPIST-1e,29,False,1434,5,0,0,0,Man Freevenson,M,False
1980_03,Earth,True,G/312/S,TRAPPIST-1e,44,False,0,0,0,0,0,Penne Browlerson,F,True
1981_01,Earth,False,E/124/P,TRAPPIST-1e,27,False,196,602,0,0,198,Julion Cobson,M,False
1983_01,Earth,False,G/320/P,PSO J318.5-22,17,False,414,0,139,28,173,Felia Cooperkins,F,False
1984_01,Europa,False,,55 Cancri e,37,False,0,3166,0,91,6,Mesath Wassid,M,True
1985_01,Mars,True,F/394/P,55 Cancri e,19,False,0,0,0,0,0,Apuffs Facle,F,True
1988_01,Earth,True,G/321/P,TRAPPIST-1e,44,False,0,0,0,0,0,Eleaha Wallerson,M,False
1991_01,Earth,False,F/378/S,55 Cancri e,22,,0,0,30,499,138,Leenny Palmes,F,False
1991_02,Earth,False,E/146/S,TRAPPIST-1e,22,False,213,85,352,12,1,Aude Palmes,M,True
1992_01,Mars,True,F/379/S,TRAPPIST-1e,21,False,,0,0,0,0,Lucan Killé,F,True
1993_01,Earth,False,F/380/S,TRAPPIST-1e,31,False,1062,0,802,71,0,Lorey Fishopper,M,False
1994_01,Earth,False,E/125/P,TRAPPIST-1e,17,False,0,0,249,537,5,Cary Pagedy,F,True
1995_01,Earth,False,G/314/S,PSO J318.5-22,30,False,231,0,0,274,26,Gerry Sterreray,M,False
1996_01,Earth,False,F/381/S,TRAPPIST-1e,15,False,12,25,197,631,0,Sallie Fryan,F,False
1997_01,Earth,,G/315/S,TRAPPIST-1e,42,False,37,1670,0,0,0,Joyn Hartley,M,True
1999_01,Earth,False,F/383/S,TRAPPIST-1e,55,False,373,1,1,496,0,Shelle Kimons,F,False
2000_01,Europa,False,C/76/S,55 Cancri e,28,False,5,2676,13,0,157,Weia Plattering,M,True
2001_01,Earth,False,F/396/P,TRAPPIST-1e,33,False,673,194,548,59,40,All Pittler,F,False
2003_01,Earth,False,G/323/P,TRAPPIST-1e,19,,3,6,20,60,719,Viviay Oconley,M,False
2006_01,Earth,False,F/386/S,TRAPPIST-1e,24,False,,856,0,0,5,Eriky Moorez,F,False
2006_02,Earth,False,G/317/S,TRAPPIST-1e,4,False,0,0,0,0,0,Crisey Moorez,M,False
2006_03,Earth,True,G/317/S,TRAPPIST-1e,2,False,0,0,0,0,0,Joana Moorez,F,False
2007_01,Europa,False,A/25/S,55 Cancri e,30,False,0,5734,0,5,1,Aviton Gocent,M,True
2009_01,Europa,False,B/59/P,TRAPPIST-1e,31,False,0,0,0,0,0,Aldibah Contery,F,False
2009_02,Europa,True,B/59/P,TRAPPIST-1e,17,False,0,0,0,0,0,Cheliak Contery,M,True
2009_03,Europa,True,B/59/P,55 Cancri e,40,False,0,0,0,0,0,Gluebah Contery,F,True
2010_01,Earth,True,G/324/P,PSO J318.5-22,33,False,0,0,0,0,,Candyn Gregordy,M,True
2011_01,Earth,True,G/318/S,PSO J318.5-22,46,False,0,0,0,0,,Tonyn Bartines,F,False
2012_01,Europa,False,B/60/P,55 Cancri e,30,True,1250,865,0,3725,5416,Mirakis Amincrerus,M,False
2013_01,Earth,False,F/398/P,TRAPPIST-1e,17,False,0,0,0,0,804,Emmax Water,F,False
2015_01,Earth,False,F/387/S,TRAPPIST-1e,19,False,1139,18,0,0,671,Fayene Hickett,M,True
2019_01,Europa,False,B/83/S,55 Cancri e,22,False,0,5183,0,1080,2,Dirfak Oppressive,F,True
2019_02,Europa,,B/83/S,55 Cancri e,20,False,0,162,0,148,7619,Okulus Oppressive,M,False
2022_01,Earth,False,F/390/S,PSO J318.5-22,36,False,0,809,0,86,0,Gracia Houseson,F,False
2024_01,,False,G/322/S,TRAPPIST-1e,0,False,0,0,0,0,0,Ellard Kinson,M,True
2024_02,Earth,False,E/150/S,55 Cancri e,17,False,44,1535,10,51,0,Ianne Kinson,F,True
2026_01,Earth,True,G/323/S,TRAPPIST-1e,,False,0,0,0,0,0,Marlly Warrishales,M,True
2026_02,Earth,True,G/323/S,PSO J318.5-22,15,False,0,0,0,0,0,Franda Warrishales,F,True
2026_03,Earth,False,G/323/S,TRAPPIST-1e,20,False,0,4,429,0,287,Heald Alldson,M,False
2027_01,Earth,False,F/399/P,55 Cancri e,19,False,30,1,1051,0,6,Iree Oconley,F,True
2028_01,Earth,False,F/391/S,PSO J318.5-22,24,False,662,0,0,0,9,Louisa Pooles,M,False
2029_01,Earth,False,F/400/P,55 Cancri e,43,False,0,6,730,1,0,Lyne Camerrison,F,False
2032_01,Mars,True,F/402/P,TRAPPIST-1e,26,False,0,0,0,0,0,Powl Shcad,M,True
2034_01,Earth,False,F/393/S,TRAPPIST-1e,42,False,399,75,38,771,0,Anton Pearsalason,F,False
2038_01,Earth,False,F/404/P,TRAPPIST-1e,21,False,6,133,503,0,2,Racyle Ingston,M,False
2040_01,Europa,True,B/85/S,TRAPPIST-1e,50,False,0,0,0,0,0,Lesaten Stiven,F,True
2040_02,Europa,True,B/85/S,TRAPPIST-1e,25,False,0,0,0,0,0,Alramak Stiven,M,True
2041_01,Earth,True,G/327/P,TRAPPIST-1e,64,False,,0,0,0,0,Pattin Weavesend,F,True
2042_01,Earth,False,F/394/S,TRAPPIST-1e,50,False,0,0,0,785,19,Rosiey Floways,M,False
2043_01,Mars,True,F/395/S,TRAPPIST-1e,24,False,,0,0,0,0,Goles Teake,F,True
2044_01,Earth,False,F/396/S,TRAPPIST-1e,27,,0,0,634,1,23,Breney Conleydenan,M,True
2045_01,Earth,True,G/324/S,55 Cancri e,42,False,0,0,0,0,,Gaylah Whitneyes,F,True
2046_01,Earth,True,G/328/P,55 Cancri e,30,False,0,0,0,0,0,Luison Beston,M,False
2051_01,Earth,False,E/126/P,TRAPPIST-1e,20,False,2,0,694,0,22,,,True
2052_01,Mars,False,E/151/S,TRAPPIST-1e,31,False,162,1211,4,0,1,Jele Balle,M,True
2053_01,Europa,False,C/68/P,55 Cancri e,26,False,281,741,13,0,4724,Tabbah Wasede,F,False
2054_01,Europa,False,C/69/P,55 Cancri e,39,False,0,,0,1528,1119,Alark Stivelte,M,False
2055_01,Earth,False,G/330/P,TRAPPIST-1e,,False,0,0,0,0,0,Belly Woodwinez,F,False
2055_02,,False,G/330/P,PSO J318.5-22,32,False,0,58,0,0,642,Sall Woodwinez,M,True
2055_03,Earth,True,G/330/P,TRAPPIST-1e,25,False,0,0,0,0,0,,,True
2055_04,Earth,False,G/330/P,TRAPPIST-1e,6,False,0,0,0,0,0,Lesley Woodwinez,M,True
2055_05,Earth,True,G/330/P,TRAPPIST-1e,3,False,0,0,0,0,0,Harlen Woodwinez,F,True
2055_06,Earth,True,G/330/P,TRAPPIST-1e,11,False,0,0,0,0,0,Janee Canton,M,False
2056_01,Earth,True,G/331/P,TRAPPIST-1e,52,False,0,0,0,0,0,Marynk Hanghanson,F,False
2056_02,Earth,False,F/407/P,TRAPPIST-1e,14,False,16,0,0,712,149,Claura Hanghanson,M,False
2056_03,Earth,False,F/407/P,TRAPPIST-1e,68,False,0,286,0,1739,13,Elany Hanghanson,F,False
2056_04,Earth,True,G/331/P,PSO J318.5-22,18,False,0,0,0,0,0,Philia Hanghanson,M,True
2059_01,Earth,False,G/333/P,TRAPPIST-1e,55,False,2,0,0,0,907,Ellena Moodmandez,F,True
2060_01,,False,G/327/S,55 Cancri e,22,False,1430,0,0,0,423,Anniey Baketton,M,False
2061_01,Europa,False,D/65/P,TRAPPIST-1e,34,False,0,5063,0,56,327,Dscha Sedece,F,True
2062_01,Mars,,F/398/S,TRAPPIST-1e,17,False,583,0,753,0,0,,,False
2063_01,Earth,True,G/328/S,PSO J318.5-22,38,False,0,0,0,0,0,Mistie Leonaldez,F,False
2065_01,Earth,False,F/410/P,TRAPPIST-1e,13,False,12,0,0,0,1963,Lavey Jeffey,M,False
2066_01,Earth,True,G/329/S,TRAPPIST-1e,19,False,0,0,0,0,0,Bryany Chapmaney,F,True
2067_01,Europa,True,C/70/P,TRAPPIST-1e,30,False,0,0,0,0,0,Alatrin Sprender,M,True
2067_02,Europa,False,C/70/P,TRAPPIST-1e,27,True,0,0,72,668,2713,Asellan Sprender,F,False
2070_01,Earth,False,E/127/P,TRAPPIST-1e,17,False,,1,533,326,0,Sanda Gilleyons,M,True
2071_01,Europa,False,C/78/S,55 Cancri e,45,False,0,3559,0,3615,163,Zaninon Subateful,F,False
2071_02,Europa,False,C/78/S,55 Cancri e,28,False,167,2406,71,283,650,Alduson Subateful,M,True
2073_01,Earth,False,F/401/S,TRAPPIST-1e,23,False,177,0,7,0,448,Landa Rivanseney,F,False
2074_01,Europa,False,D/69/S,TRAPPIST-1e,24,False,1289,3343,0,4996,729,Sadir Alaring,M,False
2074_02,Europa,False,D/69/S,TRAPPIST-1e,23,False,9,4081,0,0,16,Mergas Alaring,F,True
2075_01,Earth,False,F/402/S,55 Cancri e,29,False,270,0,0,25,343,Janne Yatters,M,False
2080_01,Earth,False,G/334/P,TRAPPIST-1e,46,False,430,0,340,52,61,Henryn Joycerton,F,False
2081_01,Earth,False,F/411/P,PSO J318.5-22,17,False,8,911,0,0,0,Brie Moodsey,M,True
2082_01,Earth,False,G/335/P,TRAPPIST-1e,20,False,0,0,4,35,769,Carlie Kirks,F,False
2083_01,Earth,False,F/407/S,TRAPPIST-1e,24,False,121,20,0,68,506,Wen Gibbsonton,M,False
2084_01,Europa,False,A/16/P,TRAPPIST-1e,40,False,19,10,1,4759,6007,Aston Boltund,F,False
2084_02,Europa,True,A/16/P,TRAPPIST-1e,,False,0,0,0,0,0,Dyonon Boltund,M,True
2085_01,Europa,False,C/72/P,TRAPPIST-1e,38,False,0,590,2640,6202,99,Algedia Unaasor,F,False
2086_01,Europa,False,A/26/S,TRAPPIST-1e,65,False,51,4451,0,20,397,Marf Wasterivel,M,True
2086_02,Europa,False,A/26/S,TRAPPIST-1e,19,False,0,1342,0,152,556,Aldera Wasterivel,F,True
2087_01,Earth,False,F/408/S,TRAPPIST-1e,54,False,0,0,872,0,1,Olliey Brownings,M,True
2088_01,Earth,False,F/409/S,55 Cancri e,38,False,0,717,0,0,0,Eriey Weaves,F,False
2088_02,Earth,False,G/331/S,TRAPPIST-1e,40,False,51,0,1,368,509,Len Weaves,M,True
2089_01,Earth,False,F/412/P,PSO J318.5-22,21,False,,2,133,0,549,Sonard Sterreray,F,False
2090_01,Earth,False,F/413/P,TRAPPIST-1e,22,False,8,0,801,0,12,Dia Watkinsley,M,True
2091_01,Earth,False,F/414/P,TRAPPIST-1e,33,False,356,,0,245,0,Arlie Woodwinez,F,False
2092_01,Mars,False,D/70/S,TRAPPIST-1e,18,False,29,0,2315,0,1,Muffs Blan,M,True
2092_02,Mars,False,E/153/S,TRAPPIST-1e,43,False,546,0,41,710,0,Wins Stpie,F,False
2092_03,Mars,False,,TRAPPIST-1e,13,,6726,0,1605,1266,0,Cray Stpie,M,False
2092_04,Mars,False,F/410/S,TRAPPIST-1e,26,False,1751,0,0,0,0,,,False
2092_05,Mars,False,D/70/S,TRAPPIST-1e,22,False,2300,0,22,256,0,Jur Stpie,M,False
2094_01,Mars,True,F/415/P,TRAPPIST-1e,21,False,0,0,0,0,0,Lles Buncy,F,True
2095_01,Earth,False,F/411/S,PSO J318.5-22,25,False,0,11,0,13,1344,Mabley Gallencis,M,False
2096_01,Mars,False,F/412/S,TRAPPIST-1e,29,False,216,10,611,594,0,Milly Kité,F,False
2096_02,Mars,False,F/412/S,TRAPPIST-1e,49,False,1624,0,68,,0,Weaffs Kinie,M,False
2097_01,Europa,True,B/86/S,55 Cancri e,29,False,0,0,0,0,0,Tetra Roftfuling,F,True
2099_01,Mars,False,D/71/S,,45,False,10,1095,1474,0,0,Cupers Boste,M,True
2100_01,Earth,False,F/413/S,PSO J318.5-22,45,False,0,0,734,3,5,Garyan Briggins,F,True
2102_01,Europa,False,C/79/S,TRAPPIST-1e,30,False,63,9314,249,2624,4538,Giedia Seadler,M,False
2104_01,Earth,False,F/414/S,TRAPPIST-1e,29,False,776,0,4,0,23,Sonard Bootez,F,False
2104_02,Earth,False,,TRAPPIST-1e,26,False,0,0,0,0,0,Brinez Bootez,M,False
2105_01,Earth,True,G/335/S,55 Cancri e,16,False,0,0,0,0,0,Benda Loway,F,False
2106_01,Earth,False,G/336/S,55 Cancri e,20,False,1,0,0,4926,1,Bertle Calhounez,M,False
2107_01,Earth,False,G/338/P,TRAPPIST-1e,33,False,235,2,1,650,0,Sylvin Haynardy,F,False
2110_01,Earth,True,G/339/P,TRAPPIST-1e,18,False,0,0,0,0,0,Ernice Joynewtonks,M,False
2111_01,Mars,False,F/417/P,TRAPPIST-1e,24,False,600,593,1404,0,1,Beals Blan,F,False
2112_01,Mars,False,F/418/P,TRAPPIST-1e,29,False,860,305,18,1415,0,Latsts Perty,M,False
2114_01,Europa,True,B/87/S,55 Cancri e,40,False,0,0,0,0,0,Gollux Folhal,F,True
2115_01,Europa,True,D/72/S,TRAPPIST-1e,27,False,0,0,0,0,0,Schird Oinded,M,True
2116_01,Earth,True,G/339/S,TRAPPIST-1e,35,False,0,0,0,0,0,Dellie Waderoachez,F,False
2117_01,Europa,False,,TRAPPIST-1e,31,False,0,8718,0,13036,267,Azet Rocketedy,M,False
2118_01,Earth,True,G/340/P,PSO J318.5-22,26,False,0,0,0,0,0,Kene Macdonadows,F,False
2120_01,Mars,False,D/73/S,TRAPPIST-1e,49,False,0,0,1058,0,0,Prah Bla,M,True
2121_01,Earth,True,G/341/P,TRAPPIST-1e,23,False,0,0,0,0,0,Timyra Peterstarks,F,False
2123_01,Earth,True,G/342/P,PSO J318.5-22,23,False,0,0,0,0,0,Dianya Johnsondez,M,False
2123_02,Earth,True,G/342/P,PSO J318.5-22,14,False,0,0,0,0,0,France Johnsondez,F,True
2124_01,Earth,False,G/341/S,55 Cancri e,21,False,770,0,0,40,0,Ine Litthews,M,False
2125_01,Earth,False,G/343/P,TRAPPIST-1e,18,False,0,1,0,80,826,Stenny Pagedy,F,False
2126_01,Earth,False,F/415/S,TRAPPIST-1e,,False,717,0,0,0,0,Natha Ricews,M,False
2127_01,Earth,False,F/419/P,TRAPPIST-1e,19,False,721,62,7,0,0,Dorice Bailes,F,True
2128_01,Earth,False,G/344/P,TRAPPIST-1e,22,False,624,0,0,0,185,Artis Sancockett,M,False
2129_01,Earth,False,F/420/P,TRAPPIST-1e,17,False,736,0,2,20,0,Rice Camerrison,F,False
2130_01,Earth,False,F/421/P,PSO J318.5-22,13,False,0,2,480,10,176,Marine Oneiles,M,False
2131_01,Earth,False,E/128/P,TRAPPIST-1e,26,False,0,,0,91,900,Terrie Mayder,F,False
2133_01,Mars,False,D/74/S,TRAPPIST-1e,,False,1054,0,43,85,0,Caish Chrie,M,False
2133_02,Mars,True,F/416/S,TRAPPIST-1e,16,False,0,0,0,0,0,Elfs Chrie,F,True
2134_01,Mars,False,F/422/P,TRAPPIST-1e,20,False,1146,0,0,0,3,Mes Pimne,M,False
2135_01,Earth,False,E/129/P,TRAPPIST-1e,20,False,75,0,0,1545,0,Tin Monroellynn,F,False
2135_02,Earth,,E/129/P,TRAPPIST-1e,23,False,426,0,362,0,0,Aarone Monroellynn,M,False
2136_01,Earth,False,G/343/S,TRAPPIST-1e,61,False,2,0,17,868,28,Sallie Waltonnedy,F,False
2137_01,Mars,True,F/423/P,TRAPPIST-1e,27,False,0,0,0,0,0,Lopedo Ruité,M,True
2137_02,Mars,False,F/423/P,55 Cancri e,3,False,0,0,0,0,0,Stoate Queke,F,True
2137_03,Mars,False,F/423/P,55 Cancri e,4,False,0,0,0,0,0,Slig Queke,M,True
2138_01,Earth,True,G/344/S,55 Cancri e,13,,0,0,0,0,0,Colly Powery,F,True
2139_01,Mars,True,F/417/S,TRAPPIST-1e,19,False,0,0,0,0,0,Gibil Razo,M,True
2140_01,Earth,False,F/424/P,TRAPPIST-1e,18,False,0,0,698,0,0,Andra Drakeekss,F,True
2141_01,Earth,False,E/130/P,55 Cancri e,66,False,0,0,1610,0,0,Annaha Rivanseney,M,True
2142_01,Mars,True,F/418/S,TRAPPIST-1e,39,,0,0,0,0,0,Tostex Pri,F,True
2143_01,Earth,False,F/419/S,TRAPPIST-1e,21,False,0,1433,0,1234,0,Justie Miltongson,M,False
2143_02,Earth,True,G/345/S,TRAPPIST-1e,7,False,0,0,0,0,0,Thel Miltongson,F,False
2144_01,Earth,True,,TRAPPIST-1e,56,False,0,0,0,0,0,Helley Philliames,M,False
2145_01,Earth,False,F/425/P,TRAPPIST-1e,15,False,0,951,128,0,0,Karene Pecketton,F,False
2147_01,Mars,False,E/155/S,TRAPPIST-1e,,False,1146,0,47,0,105,Chon Ban,M,True
2148_01,Earth,False,F/420/S,TRAPPIST-1e,13,False,579,226,61,1,7,Ellana Grahangory,F,False
2149_01,Europa,True,B/89/S,TRAPPIST-1e,18,False,0,0,0,0,0,Altares Persed,M,True
2150_01,Earth,True,G/346/P,PSO J318.5-22,38,False,0,0,0,0,0,Walley Prickmantes,F,False
2152_01,Earth,False,F/426/P,TRAPPIST-1e,45,False,2138,0,0,659,0,Eulah Bakericks,M,False
2153_01,Earth,True,G/347/P,TRAPPIST-1e,21,False,0,0,0,0,,Alvia Daviddley,F,False
2154_01,Earth,False,G/348/P,TRAPPIST-1e,19,False,78,0,0,550,0,Regana Barles,M,False
2156_01,Earth,False,F/421/S,TRAPPIST-1e,49,False,651,25,0,849,2,Troya Cofferson,F,False
2158_01,Earth,False,F/423/S,TRAPPIST-1e,21,False,0,820,0,45,0,Joyn Moraleney,M,True
2159_01,Earth,False,F/424/S,TRAPPIST-1e,18,False,0,402,2027,0,0,Hencey Casez,F,True
2161_01,Mars,True,F/429/P,TRAPPIST-1e,43,False,0,0,0,0,0,Poselk Sidie,M,True
2162_01,Mars,True,F/425/S,PSO J318.5-22,27,False,0,0,0,0,0,Ral Graie,F,True
2162_02,Mars,False,F/425/S,TRAPPIST-1e,0,False,0,0,0,0,0,Hoces Graie,M,True
2163_01,Earth,False,G/349/P,TRAPPIST-1e,27,False,0,0,6,745,22,Adanne Mosepherry,F,False
2164_01,Europa,True,B/63/P,TRAPPIST-1e,21,,0,0,0,0,0,Coxaton Queldry,M,True
2167_01,Earth,False,F/431/P,PSO J318.5-22,20,False,38,220,495,0,,Weney Mckinn,F,False
2168_01,Mars,True,F/427/S,TRAPPIST-1e,35,False,0,0,0,0,0,Fow Lacke,M,True
2168_02,Mars,False,F/427/S,TRAPPIST-1e,20,False,212,0,991,0,13,Gorice Lacke,F,False
2171_01,Earth,False,F/433/P,TRAPPIST-1e,24,False,388,0,7,409,0,Sergia Camerrison,M,False
2171_02,Earth,False,G/351/P,TRAPPIST-1e,41,False,2,0,551,5577,68,Karene Camerrison,F,False
2172_01,Earth,False,G/347/S,PSO J318.5-22,23,False,0,774,0,0,0,Belly Barbes,M,True
2173_01,Earth,True,G/352/P,PSO J318.5-22,27,False,0,0,0,0,0,Vina Landolphrey,F,True
2175_01,Earth,True,G/348/S,55 Cancri e,58,False,0,0,0,0,0,Gabria Callowery,M,True
2177_01,Mars,True,F/435/P,TRAPPIST-1e,53,False,0,0,0,,0,Clech Colle,F,True
2179_01,Europa,False,C/80/S,TRAPPIST-1e,30,False,437,3585,0,4488,281,Eltaird Dianket,M,False
2180_01,Earth,False,F/428/S,55 Cancri e,24,False,1,0,0,318,247,Coreen Masquez,F,False
2182_01,Europa,False,B/64/P,TRAPPIST-1e,31,False,46,1935,0,995,1254,Unukath Tiouserful,M,False
2183_01,Mars,False,F/429/S,PSO J318.5-22,46,False,607,0,41,334,251,Cheeet Ruity,F,False
2183_02,Mars,False,F/429/S,TRAPPIST-1e,20,False,938,59,31,12,0,Prish Ruity,M,False
2186_01,Earth,True,G/350/S,TRAPPIST-1e,20,False,0,0,0,0,0,Ivanne Johnsby,F,False
2187_01,Earth,False,F/437/P,TRAPPIST-1e,30,False,0,236,0,1149,0,Hary Wiggson,M,False
2188_01,Earth,False,F/438/P,55 Cancri e,24,False,0,421,0,207,63,Ollip Hopez,F,False
2189_01,Earth,,G/354/P,TRAPPIST-1e,34,False,0,0,0,628,0,Nelly Cruzaley,M,False
2190_01,Earth,False,F/430/S,,20,False,1750,0,446,0,76,Allia Barris,F,False
2191_01,Mars,True,F/431/S,TRAPPIST-1e,48,False,0,0,0,0,0,Barkix Sidie,M,True
2193_01,Earth,False,F/439/P,PSO J318.5-22,25,False,0,0,619,0,70,Karlen Singtons,F,False
2194_01,Earth,True,G/352/S,TRAPPIST-1e,43,False,0,0,0,0,0,Danie Blacks,M,False
2195_01,Earth,False,F/440/P,TRAPPIST-1e,27,False,0,280,119,646,5,Naomie Coleyanglas,F,True
2196_01,Europa,False,B/65/P,TRAPPIST-1e,47,False,,32,0,4027,1440,Muonin Veriedeezy,M,False
2196_02,Europa,False,B/65/P,55 Cancri e,26,False,26,4587,0,102,0,Zinonon Veriedeezy,F,True
2196_03,Europa,True,B/65/P,TRAPPIST-1e,37,False,0,0,0,0,0,Genubi Veriedeezy,M,True
2196_04,Europa,False,B/65/P,55 Cancri e,42,False,0,1180,0,2677,283,Alrairk Veriedeezy,F,False
2198_01,Earth,False,E/156/S,55 Cancri e,61,False,0,654,902,0,68,Joela Franey,M,True
2200_01,Mars,False,F/442/P,TRAPPIST-1e,29,False,1443,1108,47,0,0,Grawk Prité,F,False
2201_01,Europa,False,D/75/S,55 Cancri e,32,False,0,1968,13,1051,,Suhelik Subateful,M,True
2202_01,Mars,False,F/443/P,TRAPPIST-1e,51,False,1671,0,17,0,0,Stmeal Horte,F,False
2203_01,Mars,False,D/76/S,TRAPPIST-1e,43,False,2019,0,560,0,0,Guanch Boyst,M,False
2204_01,Europa,True,B/90/S,55 Cancri e,25,False,0,0,0,0,0,Taraid Aillyber,F,True
2205_01,Earth,False,E/157/S,TRAPPIST-1e,31,False,0,0,187,602,0,Brance Vandan,M,False
2206_01,Earth,False,F/432/S,PSO J318.5-22,13,False,0,14,857,0,72,Elindy Callowery,F,False
2207_01,Earth,False,G/354/S,TRAPPIST-1e,20,False,546,0,228,0,0,Andine Hales,M,False
2209_01,Earth,False,F/433/S,TRAPPIST-1e,29,False,1356,20,0,13,0,,,False
2210_01,Earth,True,G/355/S,TRAPPIST-1e,16,False,0,0,0,0,0,Helly Hestes,M,False
2211_01,Earth,False,F/434/S,TRAPPIST-1e,15,False,0,2347,0,380,0,Amela Hurles,F,True
2212_01,Earth,False,F/445/P,TRAPPIST-1e,50,False,0,5,0,2170,0,Ebonyd Swanardy,M,False
2215_01,Europa,False,A/27/S,55 Cancri e,41,True,0,29813,0,1257,6,Pulchib Quidedbolt,F,True
2215_02,Europa,False,A/27/S,TRAPPIST-1e,43,False,2,2229,33,6,198,,,True
2215_03,Europa,True,A/27/S,TRAPPIST-1e,32,False,0,0,0,0,0,Grafi Quidedbolt,F,True
2215_04,Europa,False,A/27/S,,36,False,0,3206,0,698,72,Ranons Ingent,M,False
2219_01,Earth,True,,55 Cancri e,18,False,0,0,0,0,0,Milda Woodwin,F,True
2220_01,Earth,False,G/357/S,TRAPPIST-1e,47,False,0,0,880,0,2,Ralda Acobsond,M,True
2221_01,Earth,True,G/355/P,PSO J318.5-22,29,False,0,0,0,0,0,Andrey Fisherry,F,True
2223_01,Earth,False,G/358/S,TRAPPIST-1e,,False,0,86,0,252,570,Glena Vanglis,M,False
2224_01,Earth,False,F/435/S,TRAPPIST-1e,14,False,0,600,0,204,0,Dessie Polloantes,F,True
2225_01,Earth,True,G/356/P,PSO J318.5-22,25,False,0,0,0,0,0,Willey Puckley,M,False
2228_01,Mars,False,E/158/S,TRAPPIST-1e,63,False,1172,0,1,,0,Basps Rasty,F,False
2229_01,Earth,False,F/437/S,TRAPPIST-1e,22,False,48,329,182,26,154,Ianya Norry,M,False
2231_01,Mars,False,E/159/S,TRAPPIST-1e,32,False,2,416,26,510,0,Hon Late,F,False
2232_01,Earth,False,F/438/S,55 Cancri e,31,False,0,14,671,1,3,Eriky Dyers,M,False
2232_02,Earth,False,F/438/S,TRAPPIST-1e,24,False,0,1220,0,140,0,Adrie Dyers,F,False
2233_01,Earth,False,G/359/P,TRAPPIST-1e,39,False,9,18,0,2,878,Nelle Alfordonard,M,False
2234_01,Mars,True,F/448/P,55 Cancri e,20,False,0,0,0,0,0,Newtch Gen,F,True
2234_02,Mars,True,F/448/P,55 Cancri e,20,False,0,0,0,0,0,Resers Gread,M,True
2234_03,Mars,False,E/134/P,TRAPPIST-1e,19,False,0,0,0,0,0,Apench Flité,F,False
2234_04,Mars,False,E/134/P,55 Cancri e,20,False,552,8,1348,5,,Jet Gen,M,False
2234_05,Mars,False,D/66/P,TRAPPIST-1e,31,False,21,0,1031,0,,Burs Flité,F,False
2234_06,Mars,True,F/448/P,55 Cancri e,17,False,0,0,0,0,0,Shood Gen,M,True
2234_07,Mars,,F/448/P,TRAPPIST-1e,24,False,2538,0,61,0,0,Sumpid Gread,F,False
2235_01,Earth,False,F/449/P,TRAPPIST-1e,27,False,203,539,0,0,0,Elica Tranciams,M,False
2237_01,Europa,False,C/83/S,55 Cancri e,28,False,0,162,741,3733,99,Skatik Fushausive,F,True
2237_02,Europa,True,C/83/S,TRAPPIST-1e,41,False,0,0,0,0,0,Ruchban Fushausive,M,True
2238_01,Europa,True,A/28/S,55 Cancri e,25,False,0,0,0,0,0,Wasalm Droning,F,True
2239_01,Earth,False,F/439/S,PSO J318.5-22,26,False,93,0,469,0,0,Kencey Franchaney,M,True
2241_01,Earth,False,F/451/P,TRAPPIST-1e,27,False,485,1109,921,0,1,Jacky Jacostaffey,F,False
2243_01,Earth,False,G/362/P,TRAPPIST-1e,22,False,38,483,80,47,121,Thondy Booness,M,True
2251_01,Europa,False,A/29/S,55 Cancri e,62,False,320,1179,756,4996,85,Yilduno Hoodjuded,F,False
2251_02,Europa,False,A/29/S,TRAPPIST-1e,58,False,2,1,14,2,1153,Zaurion Hoodjuded,M,False
2252_01,Earth,False,G/363/P,,37,False,0,1368,0,,960,Ernard Willy,F,False
2253_01,Earth,False,G/359/S,TRAPPIST-1e,54,False,701,32,171,8,0,Cherry Cruzaley,M,False
2254_01,Earth,False,F/455/P,TRAPPIST-1e,26,False,0,10,0,702,1,Beula Mcfaddenson,F,False
2255_01,Europa,True,C/75/P,55 Cancri e,44,False,0,0,0,0,0,Tabdhib Spadicage,M,True
2255_02,Europa,True,C/75/P,TRAPPIST-1e,34,False,0,0,0,0,0,Polah Spadicage,F,True
2256_01,Earth,True,G/360/S,TRAPPIST-1e,47,False,0,0,0,0,0,Aarone Batestonley,M,True
2257_01,Europa,False,C/76/P,TRAPPIST-1e,27,True,0,3341,,80,654,Atonea Diateous,F,True
2257_02,Europa,True,B/66/P,55 Cancri e,22,False,0,0,0,0,0,Nasliak Diateous,M,True
2258_01,Earth,True,G/364/P,TRAPPIST-1e,46,False,,0,0,0,0,All Leonzaley,F,True
2261_01,Earth,False,F/441/S,TRAPPIST-1e,29,False,0,0,885,0,0,Millia Bairdford,M,True
2262_01,Earth,False,G/365/P,55 Cancri e,43,False,485,4,136,48,0,Clarry Kimpson,F,False
2263_01,Earth,False,F/456/P,TRAPPIST-1e,42,False,0,0,32,772,0,Andie Burnewman,M,False
2264_01,Earth,False,F/442/S,TRAPPIST-1e,39,False,0,0,13,0,868,Lanedy Youngrayes,F,True
2266_01,Mars,False,F/457/P,TRAPPIST-1e,30,False,616,0,185,210,475,Dow Conca,M,False
2267_01,Mars,False,E/161/S,TRAPPIST-1e,43,False,2318,0,647,81,0,Gratsp Meake,F,True
2268_01,Earth,True,G/366/P,TRAPPIST-1e,19,False,0,0,0,0,0,Camiet Mcbriggins,M,False
2269_01,Mars,True,F/458/P,TRAPPIST-1e,26,False,0,0,0,0,0,Ork Blees,F,True
2270_01,Mars,False,F/459/P,TRAPPIST-1e,46,False,171,0,1257,5,0,Spuffs Fla,M,True
2272_01,Earth,False,G/367/P,TRAPPIST-1e,3,False,0,0,0,0,0,,,True
2272_02,Earth,True,,55 Cancri e,21,False,0,0,0,0,0,Mela Quinnerettt,M,True
2272_03,Earth,False,G/367/P,TRAPPIST-1e,1,False,0,0,0,0,0,Ricard Kirks,F,True
2273_01,Earth,False,E/162/S,TRAPPIST-1e,22,False,0,0,0,10,778,Timmy Hanner,M,False
2274_01,Europa,True,C/79/P,55 Cancri e,27,False,0,0,0,0,0,Alrairk Proorbeng,F,True
2274_02,Europa,True,C/79/P,55 Cancri e,28,False,0,0,0,0,0,Mino Shoeweely,M,True
2275_01,Mars,False,F/460/P,PSO J318.5-22,36,False,241,0,670,0,0,Mos Tirt,F,False
2277_01,Earth,False,G/362/S,TRAPPIST-1e,19,False,26,313,470,0,0,Diandy Wallerson,M,False
2278_01,Europa,True,C/80/P,55 Cancri e,18,False,0,0,,0,0,Gemmam Crantiale,F,True
2279_01,Europa,False,B/91/S,55 Cancri e,47,False,0,140,,85,3970,Axionon Pippoppere,M,False
2280_01,Europa,False,B/92/S,TRAPPIST-1e,18,False,20,1064,0,0,11643,Lesat Femoused,F,False
2281_01,Earth,False,E/136/P,TRAPPIST-1e,6,False,0,0,0,0,0,Rica Hoppers,M,True
2282_01,Earth,,F/461/P,TRAPPIST-1e,20,False,0,544,1,0,378,Ellena Burtiz,F,False
2284_01,Mars,False,F/463/P,TRAPPIST-1e,18,False,262,302,1127,4225,0,Poloos Butte,M,False
2287_01,Earth,False,F/464/P,TRAPPIST-1e,37,False,0,1,0,219,,Shally Reyersendry,F,False
2288_01,Earth,False,E/163/S,TRAPPIST-1e,22,False,12,746,802,58,0,Dia Figuez,M,False
2289_01,Mars,False,F/465/P,TRAPPIST-1e,37,False,20,0,2559,20,0,Hary Jaff,F,True
2291_01,Earth,,G/365/S,55 Cancri e,6,False,0,0,0,,0,Patoya Pittler,M,False
2291_02,Earth,False,G/365/S,TRAPPIST-1e,36,False,3,0,435,8,277,Nancey Pittler,F,False
2291_03,Earth,False,F/445/S,55 Cancri e,46,False,426,37,0,0,568,,,False
2295_01,Earth,False,F/466/P,TRAPPIST-1e,75,False,0,0,1224,,1769,Melica Emenez,F,False
2295_02,Earth,False,F/466/P,TRAPPIST-1e,37,False,0,8,70,360,258,Jillie Emenez,M,False
2296_01,Earth,True,G/369/P,TRAPPIST-1e,22,False,0,0,,0,0,Kencey Patteraley,F,True
2298_01,Earth,False,F/467/P,PSO J318.5-22,33,False,270,412,1,,5,Thery Fredersend,M,False
2299_01,Mars,False,F/448/S,TRAPPIST-1e,35,False,174,0,381,0,62,Wealke Ramad,F,False
2300_01,Europa,False,C/81/P,55 Cancri e,19,False,0,,0,0,8195,Genubik Alcemblery,M,False
2300_02,Europa,False,C/81/P,55 Cancri e,34,False,0,22,,3028,3768,Arid Alcemblery,F,False
2301_01,Earth,False,F/449/S,TRAPPIST-1e,23,False,1010,0,33,10,0,Colly Hodgesss,M,True
2301_02,Earth,False,G/367/S,55 Cancri e,37,False,1508,,0,1,0,Weslie Hodgesss,F,False
2301_03,Earth,False,F/449/S,55 Cancri e,24,False,1367,0,1,0,0,Marine Hodgesss,M,False
2302_01,Europa,False,A/18/P,TRAPPIST-1e,54,True,0,3381,0,4463,34,Sterion Dedometeel,F,False
2303_01,Mars,False,F/468/P,55 Cancri e,52,False,1377,0,32,22,0,Beal Chort,M,True
2305_01,Earth,True,G/368/S,TRAPPIST-1e,60,False,0,0,0,0,0,,,False
2306_01,Europa,False,C/82/P,TRAPPIST-1e,1,False,0,0,0,0,0,Batenar Colensid,M,True
2306_02,Europa,False,C/82/P,TRAPPIST-1e,,False,0,0,0,0,0,Gomeron Colensid,F,True
2306_03,Europa,False,C/82/P,TRAPPIST-1e,22,False,0,297,3,676,2924,Asellum Colensid,M,False
2306_04,Europa,False,C/82/P,55 Cancri e,27,False,0,12077,0,75,0,Izarkab Ticiontral,F,True
2306_05,Europa,True,C/82/P,55 Cancri e,48,False,0,0,0,0,0,Bram Colensid,M,True
2306_06,Europa,False,C/82/P,55 Cancri e,47,False,1320,428,4,24,0,Luxons Colensid,F,False
2308_01,Europa,True,D/77/S,TRAPPIST-1e,25,False,0,0,0,0,0,Plas Pringrous,M,True
2308_02,Europa,False,D/77/S,55 Cancri e,49,False,9,2426,95,1249,168,Beten Pringrous,F,False
2308_03,Europa,False,D/77/S,TRAPPIST-1e,33,False,0,2012,1,9124,4,Asellum Pringrous,M,False
2308_04,Europa,False,D/77/S,TRAPPIST-1e,67,False,0,4715,0,599,6,Polluma Pringrous,F,True
2309_01,Earth,True,G/371/P,PSO J318.5-22,5,False,0,0,0,0,0,Feryla Whitledges,M,False
2310_01,Europa,True,D/68/P,55 Cancri e,60,False,0,0,0,0,0,Alaron Holiabler,F,True
2310_02,Europa,True,D/68/P,TRAPPIST-1e,56,False,0,0,0,0,0,Geons Holiabler,M,True
2310_03,Europa,False,D/68/P,TRAPPIST-1e,59,False,0,2210,0,4085,11,Elebara Pleele,F,False
2310_04,Europa,True,D/68/P,TRAPPIST-1e,44,False,0,0,0,0,0,Enibah Pleele,M,True
2311_01,Earth,False,G/372/P,TRAPPIST-1e,33,False,0,763,1,66,84,Elsane Cabrewsond,F,False
2312_01,,True,G/369/S,TRAPPIST-1e,28,False,0,0,,0,0,Billex Sykess,M,False
2313_01,Mars,False,F/469/P,TRAPPIST-1e,29,False,1365,0,791,210,0,Lish Kart,F,False
2314_01,Earth,True,G/370/S,TRAPPIST-1e,13,False,0,0,0,0,0,Troyce Folemonley,M,False
2315_01,Europa,True,B/67/P,55 Cancri e,34,False,0,0,0,0,0,Murzima Singmage,F,True
2316_01,Earth,True,G/371/S,PSO J318.5-22,45,False,0,0,0,0,0,Shan Blange,M,True
2317_01,Earth,False,G/372/S,TRAPPIST-1e,39,False,0,454,0,454,0,Ronia Gainebergan,F,False
2318_01,Earth,False,F/470/P,TRAPPIST-1e,18,False,128,37,626,0,5,Lindy Bradamss,M,False
2319_01,,True,G/373/P,PSO J318.5-22,57,False,0,0,0,0,0,Evendy Estron,F,False
2320_01,Earth,False,F/450/S,55 Cancri e,,False,0,760,0,21,23,Thel Francock,M,False
2321_01,Earth,True,G/373/S,PSO J318.5-22,25,False,0,0,0,0,0,Claura Petermandez,F,True
2325_01,Earth,True,G/374/S,PSO J318.5-22,22,False,0,0,0,0,0,Kimmie Hurchez,M,False
2327_01,Europa,False,B/68/P,TRAPPIST-1e,32,False,0,4106,388,892,2,Alyat Oidederval,F,True
2329_01,Mars,True,F/472/P,TRAPPIST-1e,29,False,0,,0,0,0,Heersh Burry,M,True
2332_01,Earth,False,F/453/S,TRAPPIST-1e,21,False,556,0,20,1589,0,Cellex Mccarry,F,False
2333_01,Mars,False,E/137/P,TRAPPIST-1e,16,False,0,0,0,0,0,Igrish Fiha,M,False
2336_01,Europa,True,A/30/S,55 Cancri e,45,False,0,0,0,0,0,Alhail Fulatorly,F,True
2336_02,Europa,False,A/30/S,TRAPPIST-1e,44,True,1409,910,17,1452,3782,Wezna Fulatorly,M,False
2338_01,Earth,True,G/376/P,55 Cancri e,27,False,0,0,0,0,0,Elenay Moodman,F,True
2338_02,Earth,False,F/474/P,TRAPPIST-1e,26,False,14,0,0,857,0,Julion Moodman,M,False
2339_01,Mars,False,F/475/P,TRAPPIST-1e,46,False,1290,0,57,0,0,Book Shrie,F,False
2340_01,Earth,False,F/454/S,PSO J318.5-22,24,False,0,0,648,0,0,Karlie Huntt,M,False
2341_01,Earth,False,F/455/S,TRAPPIST-1e,15,False,0,785,0,0,0,Karlie Hubbarnett,F,True
2345_01,Earth,True,G/378/S,PSO J318.5-22,53,False,0,,0,0,0,Evane Brightez,M,False
2347_01,Earth,,F/477/P,55 Cancri e,28,False,613,22,0,0,0,Evaley Wellierras,F,False
2347_02,Earth,True,G/377/P,TRAPPIST-1e,11,False,0,0,0,0,0,Janne Wellierras,M,True
2347_03,Earth,True,G/377/P,TRAPPIST-1e,7,False,0,0,0,0,0,Ward Wellierras,F,False
2347_04,Earth,True,G/377/P,PSO J318.5-22,0,False,0,0,0,0,0,Joanry Wellierras,M,True
2347_05,Earth,True,G/377/P,55 Cancri e,15,False,0,0,0,0,0,Lewise Wellierras,F,True
2347_06,Earth,False,G/377/P,55 Cancri e,31,False,1,,2,605,0,Therry Wellierras,M,False
2347_07,Earth,False,G/377/P,TRAPPIST-1e,9,False,,0,0,0,0,Fanna Wellierras,F,False
2348_01,Europa,False,D/78/S,55 Cancri e,44,True,0,1223,78,1418,1239,Asellux Alaring,M,False
2349_01,Earth,False,G/379/S,TRAPPIST-1e,35,False,0,722,0,0,185,All Brookes,F,False
2353_01,Earth,False,G/380/S,TRAPPIST-1e,30,False,27,5412,86,,0,Janney Morgerson,M,True
2353_02,Earth,False,F/457/S,55 Cancri e,13,False,880,0,0,0,0,Lawren Morgerson,F,False
2356_01,Mars,False,D/80/S,TRAPPIST-1e,45,True,773,82,0,6,0,Koat Peane,M,False
2356_02,Mars,True,D/80/S,TRAPPIST-1e,4,False,0,,0,0,0,Alls Peane,F,True
2356_03,Mars,True,D/80/S,TRAPPIST-1e,21,False,0,,0,0,0,Lios Peane,M,True
2357_01,Earth,False,E/139/P,TRAPPIST-1e,20,False,0,409,994,215,0,Vandy Whitez,F,False
2360_01,Earth,True,G/379/P,TRAPPIST-1e,24,False,0,0,0,0,0,Dorene Boyersons,M,True
2361_01,Earth,True,G/380/P,PSO J318.5-22,3,False,0,0,0,0,0,Teryla Belley,F,False
2361_02,Earth,False,F/481/P,,29,False,0,0,792,0,0,Megany Belley,M,True
2363_01,Europa,False,C/85/S,TRAPPIST-1e,28,False,2416,8926,41,1,462,Castab Unregul,F,True
2364_01,Earth,False,G/381/P,TRAPPIST-1e,44,False,0,4,6,864,33,Sta Roachez,M,True
2365_01,Europa,True,D/71/P,TRAPPIST-1e,50,False,0,0,,0,0,Spuri Clunic,F,True
2366_01,Mars,True,F/482/P,TRAPPIST-1e,35,False,0,0,0,0,0,Almone Raste,M,False
2367_01,Earth,False,F/483/P,TRAPPIST-1e,19,False,0,0,1,644,0,Mela Brookes,F,False
2368_01,Mars,False,E/141/P,TRAPPIST-1e,22,False,579,0,267,0,108,Prow Potte,M,False
2369_01,Earth,False,F/484/P,TRAPPIST-1e,30,False,3,0,880,0,40,Netty Youngrayes,F,False
2373_01,Europa,False,D/81/S,TRAPPIST-1e,36,False,0,4756,0,7818,96,Bens Aneetle,M,False
2374_01,Mars,False,E/166/S,TRAPPIST-1e,20,False,464,0,1432,0,0,Gers Sames,F,True
2375_01,Earth,False,G/383/P,55 Cancri e,22,False,0,0,659,94,0,Jeroy Franankson,M,True
2376_01,Earth,False,F/459/S,55 Cancri e,22,False,0,30,0,0,673,Harlos Coffmaney,F,False
2377_01,Europa,True,C/83/P,PSO J318.5-22,32,False,0,0,0,0,0,Alark Noxiong,M,True
2379_01,Earth,False,F/487/P,TRAPPIST-1e,35,False,194,0,678,0,0,Monard Grifford,F,False
2382_01,Earth,False,F/488/P,55 Cancri e,41,False,0,33,0,1324,0,,,False
2384_01,Earth,True,G/383/S,TRAPPIST-1e,57,False,0,0,0,0,0,Paulah Cleachrand,F,False
2384_02,Earth,True,G/383/S,PSO J318.5-22,3,False,0,0,0,0,0,Landa Cleachrand,M,False
2384_03,Earth,False,G/383/S,55 Cancri e,11,False,0,0,0,0,0,Cathya Pollarkeeks,F,True
2384_04,Earth,False,G/383/S,TRAPPIST-1e,4,False,0,0,0,0,0,Loreen Cleachrand,M,True
2384_05,Earth,True,G/383/S,TRAPPIST-1e,17,False,0,0,0,,0,Ronia Pollarkeeks,F,False
2384_06,Earth,,G/383/S,TRAPPIST-1e,30,False,0,0,0,0,0,Lerome Cleachrand,M,False
2384_07,,True,,TRAPPIST-1e,11,False,0,0,0,0,0,Neila Pollarkeeks,F,True
2385_01,Mars,False,F/461/S,TRAPPIST-1e,23,False,1773,0,78,0,3,Jacats Pité,M,False
2387_01,Earth,False,E/142/P,TRAPPIST-1e,58,False,,400,0,690,490,Debony Estiagosen,F,True
2389_01,Earth,False,G/384/S,TRAPPIST-1e,22,False,0,46,0,676,0,Annon Solon,M,False
2390_01,Earth,,G/385/P,TRAPPIST-1e,24,False,0,0,,59,4120,Joelan Burrilllins,F,False
2391_01,Earth,False,E/143/P,TRAPPIST-1e,20,False,768,19,0,1,0,Chery Hendrys,M,False
2392_01,,True,G/386/P,TRAPPIST-1e,37,False,0,0,0,0,0,Isaacy Salin,F,True
2395_01,Earth,False,G/387/P,TRAPPIST-1e,49,False,712,1,0,0,,Olgary Toddleton,M,False
2396_01,Earth,False,E/168/S,TRAPPIST-1e,46,False,0,557,0,287,781,Deaney Handertiz,F,False
2396_02,Earth,False,G/386/S,TRAPPIST-1e,30,False,854,0,30,0,0,Sallie Handertiz,M,False
2397_01,Earth,False,G/387/S,55 Cancri e,36,False,0,810,0,0,0,Elenna Raney,F,False
2398_01,Earth,False,F/490/P,TRAPPIST-1e,21,False,0,780,44,0,5,Loresa Barnolaney,M,False
2399_01,Mars,False,E/169/S,TRAPPIST-1e,25,True,854,0,319,0,0,Stisps Sin,F,False
2401_01,Earth,True,G/388/P,PSO J318.5-22,42,False,0,0,0,0,0,Luise Francock,M,True
2402_01,Earth,True,G/389/P,TRAPPIST-1e,13,False,0,0,,0,0,Glenna Valezaley,F,False
2403_01,Earth,False,G/388/S,,25,False,7,0,0,877,0,Antony Frederry,M,False
2404_01,Europa,False,C/86/S,TRAPPIST-1e,29,False,0,544,7,2650,1561,Scharab Disheract,F,False
2404_02,Europa,True,C/86/S,TRAPPIST-1e,17,False,0,0,0,0,0,Alatik Disheract,M,True
2404_03,Europa,False,C/86/S,55 Cancri e,36,False,828,5553,130,47,1171,Girtan Oilpuring,F,True
2404_04,,True,C/86/S,TRAPPIST-1e,44,False,0,0,0,0,0,Dira Disheract,M,True
2406_01,Mars,True,F/465/S,TRAPPIST-1e,18,False,0,0,0,0,0,Cornys Pie,F,True
2409_01,Earth,False,F/492/P,55 Cancri e,22,False,292,395,0,0,3,Briam Pottonalden,M,False
2409_02,Earth,True,G/390/P,TRAPPIST-1e,22,False,0,0,0,0,0,Eulahy Pottonalden,F,True
2410_01,Earth,True,G/391/P,TRAPPIST-1e,43,False,0,0,,0,0,Dia Beckeetter,M,True
2411_01,Earth,False,F/493/P,TRAPPIST-1e,29,False,19,2115,17,,0,Brinez Howenters,F,True
2412_01,Earth,True,G/392/P,TRAPPIST-1e,24,False,0,0,0,0,0,Rone Bertsontry,M,True
2413_01,Earth,True,G/390/S,PSO J318.5-22,18,False,0,0,0,0,0,Tyrona Barnoldeney,F,True
2414_01,Europa,False,T/1/P,TRAPPIST-1e,42,False,0,1829,2,3133,2447,Mergak Headfair,M,False
2416_01,Earth,False,G/391/S,TRAPPIST-1e,43,False,9,0,1079,0,729,Lesley Nolds,F,False
2417_01,Earth,False,G/393/P,TRAPPIST-1e,32,False,11,31,0,836,9,Shanya Mcgowaymond,M,False
2419_01,Earth,True,G/394/P,TRAPPIST-1e,15,False,0,0,0,0,0,Eriney Mclainez,F,True
2421_01,Mars,False,E/145/P,TRAPPIST-1e,22,,0,0,0,0,0,Comats Sepie,M,True
2423_01,Earth,True,G/395/P,TRAPPIST-1e,20,False,0,0,0,0,0,Bonya Boltond,F,False
2424_01,Earth,False,G/393/S,TRAPPIST-1e,34,False,34,223,1559,0,0,Hanna Fishopper,M,True
2426_01,Mars,True,F/466/S,TRAPPIST-1e,70,False,0,0,0,0,0,Colatz Gine,F,True
2426_02,Mars,True,F/466/S,TRAPPIST-1e,18,False,0,0,0,0,0,Kies Gine,M,True
2427_01,Europa,True,B/94/S,TRAPPIST-1e,26,False,0,0,0,0,0,Marfak Geneltic,F,True
2429_01,Earth,False,F/497/P,TRAPPIST-1e,17,False,112,56,332,0,606,Idace Vinozarks,M,False
2431_01,Earth,False,F/498/P,TRAPPIST-1e,13,False,0,2,0,566,208,Candy Josesh,F,False
2432_01,Earth,False,F/499/P,TRAPPIST-1e,19,False,0,0,79,,0,Cellex Anthompson,M,False
2433_01,Europa,True,C/84/P,TRAPPIST-1e,32,False,0,0,0,,0,Keidus Ametic,F,True
2435_01,Earth,False,F/467/S,TRAPPIST-1e,33,False,4,0,28,0,2757,Lynnee Bonder,M,False
2436_01,Earth,False,F/501/P,TRAPPIST-1e,21,False,759,0,0,,40,Gileen Figuez,F,False
2438_01,Mars,True,F/503/P,TRAPPIST-1e,23,False,0,0,0,0,0,Totse Stake,M,True
2439_01,Earth,False,F/504/P,TRAPPIST-1e,24,False,227,537,13,0,0,Ninald Bardinard,F,True
2441_01,Earth,False,F/468/S,55 Cancri e,17,False,0,11,493,0,372,Tamin Bowenasey,M,False
2442_01,Mars,True,F/505/P,TRAPPIST-1e,34,,0,0,0,0,0,Beals Perie,F,True
2443_01,,False,D/72/P,TRAPPIST-1e,31,False,1458,421,76,0,0,,,False
2444_01,Earth,False,F/506/P,55 Cancri e,43,False,6,236,3,448,54,Benew Pentss,F,False
2445_01,Earth,False,E/170/S,,43,False,602,3,27,89,69,Sanney Lerez,M,False
2446_01,Earth,False,F/507/P,TRAPPIST-1e,33,False,0,0,661,0,94,Lestie Hoppernardy,F,True
2449_01,Mars,True,F/508/P,TRAPPIST-1e,28,False,0,0,0,0,0,Hon Nacke,M,True
2449_02,Mars,True,E/146/P,TRAPPIST-1e,27,False,0,0,0,0,0,Tark Nacke,F,False
2449_03,Mars,True,F/508/P,TRAPPIST-1e,7,False,0,0,0,0,0,Moss Nacke,M,True
2451_01,,True,G/395/S,PSO J318.5-22,16,False,0,0,0,0,0,Valey Currisones,F,False
2452_01,Earth,False,F/470/S,55 Cancri e,42,False,526,2,28,161,,Lorey Wiggs,M,False
2453_01,Mars,True,E/147/P,TRAPPIST-1e,27,False,0,0,0,0,0,Ter Teake,F,True
2454_01,Earth,False,F/510/P,TRAPPIST-1e,19,False,0,0,0,157,644,Jeandy Monroellynn,M,False
2455_01,Mars,False,F/471/S,TRAPPIST-1e,42,False,554,0,1168,0,275,Naish Muste,F,False
2456_01,Earth,True,G/399/P,PSO J318.5-22,13,False,0,0,0,0,0,Dorey Jarvey,M,False
2457_01,Earth,True,G/400/P,TRAPPIST-1e,16,False,0,0,0,0,0,Brada Raney,F,True
2458_01,Earth,False,F/511/P,TRAPPIST-1e,21,False,31,93,578,0,0,Rald Mcphernard,M,True
2460_01,Earth,True,G/402/P,PSO J318.5-22,28,False,0,0,0,0,0,Man Solon,F,True
2461_01,,True,G/396/S,TRAPPIST-1e,69,False,0,0,0,0,0,Idary Leeves,M,False
2462_01,Earth,True,G/397/S,PSO J318.5-22,15,,0,0,0,0,0,Yolana Flowensley,F,False
2463_01,Earth,False,E/171/S,TRAPPIST-1e,48,False,58,0,12,,0,Leondy Johnshines,M,False
2466_01,Earth,False,F/472/S,TRAPPIST-1e,42,False,,1,61,897,0,Carley Harmond,F,False
2467_01,Mars,False,D/83/S,TRAPPIST-1e,42,False,999,0,49,0,11,Grake Datty,M,False
2470_01,Earth,False,G/398/S,TRAPPIST-1e,23,False,139,0,0,567,0,Mollen Bookst,F,False
2470_02,Earth,False,G/398/S,TRAPPIST-1e,26,False,0,,0,543,,Nance Bookst,M,False
2471_01,Earth,False,G/403/P,TRAPPIST-1e,45,False,0,0,450,94,364,Brance Johnsby,F,False
2472_01,Earth,False,E/173/S,TRAPPIST-1e,30,False,756,4,30,0,0,Elara Patrichane,M,False
2474_01,Mars,True,F/475/S,TRAPPIST-1e,36,False,0,0,,0,0,Blesh Che,F,True
2475_01,Europa,False,C/85/P,TRAPPIST-1e,,False,0,27,0,3573,3643,Golaron Folhal,M,False
2476_01,Earth,False,F/512/P,TRAPPIST-1e,35,,0,0,1,0,1264,Luise Arner,F,False
2477_01,Europa,True,C/86/P,TRAPPIST-1e,21,False,0,,0,0,0,Nunkib Suptibler,M,True
2477_02,Europa,True,C/86/P,55 Cancri e,50,False,0,0,0,0,0,Hasich Suptibler,F,True
2478_01,Earth,True,G/404/P,TRAPPIST-1e,52,False,0,0,0,0,0,Analdy Bardina,M,False
2479_01,Earth,True,,PSO J318.5-22,21,False,0,0,0,0,0,Joela Gordanieves,F,False
2480_01,Earth,False,F/476/S,55 Cancri e,41,False,682,0,0,0,17,Allara Llovers,M,False
2483_01,Earth,False,F/477/S,55 Cancri e,35,False,2594,195,0,0,0,Eulah Crayeson,F,False
2486_01,Earth,False,F/513/P,TRAPPIST-1e,26,False,552,192,30,0,1,Marily Lopelases,M,False
2486_02,Earth,False,F/513/P,TRAPPIST-1e,17,False,584,738,54,0,621,Alber Lopelases,F,False
2488_01,Mars,False,D/85/S,TRAPPIST-1e,69,False,4483,0,525,0,500,Meal Wate,M,False
2489_01,Europa,True,B/72/P,TRAPPIST-1e,27,False,0,0,0,0,0,Alraida Purellliss,F,True
2491_01,Earth,False,G/401/S,PSO J318.5-22,25,False,2,2762,552,0,1391,Eila Haydenzier,M,False
2492_01,Mars,True,F/480/S,TRAPPIST-1e,27,False,0,0,0,0,0,Pebuts Burry,F,True
2496_01,Earth,False,F/481/S,TRAPPIST-1e,25,False,64,0,0,660,0,Ireen Goody,M,False
2497_01,Earth,False,,55 Cancri e,36,False,0,0,0,33,619,Glasey Foledges,F,False
2498_01,Earth,False,E/176/S,TRAPPIST-1e,14,False,148,0,34,808,0,Dorice Kellson,M,False
2499_01,Europa,True,C/89/S,55 Cancri e,27,False,0,0,0,0,0,Minus Valindle,F,True
2500_01,Earth,False,G/403/S,TRAPPIST-1e,22,False,272,44,0,1064,418,Curtle Hoppernardy,M,False
2502_01,Earth,False,G/404/S,TRAPPIST-1e,24,False,873,12,1,0,3,Karlie Beckerson,F,False
2503_01,Mars,False,F/516/P,TRAPPIST-1e,,False,311,0,745,232,0,Froops Shrie,M,False
2503_02,Mars,False,F/516/P,TRAPPIST-1e,4,False,0,0,0,0,0,Eet Shrie,F,True
2505_01,,False,E/149/P,TRAPPIST-1e,19,False,0,13,291,481,2,Dia Mckinn,M,False
2505_02,Earth,False,E/149/P,TRAPPIST-1e,19,False,0,5,4,541,238,Hilley Mckinn,F,False
2506_01,,False,A/19/P,55 Cancri e,38,False,0,2506,46,11001,5,Caphirk Apenelexy,M,False
2506_02,Europa,True,A/19/P,55 Cancri e,39,False,0,0,0,0,0,Mariton Apenelexy,F,True
2506_03,Europa,False,A/19/P,55 Cancri e,23,False,36,2467,0,381,803,Alchird Apenelexy,M,False
2508_01,Europa,True,D/86/S,55 Cancri e,57,False,0,,0,0,0,Preonon Switud,F,True
2508_02,Europa,True,D/86/S,TRAPPIST-1e,18,False,0,0,0,0,0,Phacton Switud,M,True
2509_01,Earth,False,F/483/S,TRAPPIST-1e,43,False,0,9,1145,0,0,Wen Georgasey,F,False
2510_01,Mars,False,F/517/P,TRAPPIST-1e,28,False,34,0,1342,91,0,Dicks Cusa,M,True
2512_01,Europa,False,C/91/S,55 Cancri e,33,False,0,8759,0,2788,4513,Sabiton Parymider,F,False
2512_02,Europa,True,C/91/S,55 Cancri e,37,False,0,0,0,0,0,Winork Parymider,M,True
2513_01,Earth,False,,TRAPPIST-1e,28,False,0,55,0,656,0,Loree Mathison,F,False
2515_01,Europa,False,B/96/S,55 Cancri e,28,True,2,2144,0,435,5872,Zauri Forous,M,False
2515_02,Europa,True,B/96/S,55 Cancri e,18,False,0,0,0,0,0,Keidus Forous,F,True
2516_01,Earth,False,G/406/P,55 Cancri e,29,False,75,17,0,211,506,Enryn Romason,M,False
2518_01,Europa,True,C/87/P,TRAPPIST-1e,29,False,0,0,0,0,0,Minon Fouseding,F,True
2518_02,Europa,True,C/87/P,55 Cancri e,28,False,0,0,0,0,0,Alsafik Fouseding,M,True
2519_01,Earth,False,F/485/S,TRAPPIST-1e,24,False,172,775,344,0,0,Lyde Whitez,F,True
2520_01,Europa,False,C/88/P,TRAPPIST-1e,59,False,0,5407,0,285,1135,Arrai Crantiale,M,False
2521_01,Mars,True,E/151/P,TRAPPIST-1e,43,,0,0,0,0,0,Stey Cry,F,False
2522_01,Mars,True,F/520/P,TRAPPIST-1e,20,,0,0,0,0,0,Guits Crité,M,True
2523_01,Europa,True,B/73/P,55 Cancri e,23,False,0,0,,0,0,Minopus Oilpfulle,F,True
2524_01,Europa,True,D/74/P,55 Cancri e,27,False,0,0,0,,0,Ashir Witeronfus,M,True
2526_01,Europa,True,B/74/P,55 Cancri e,38,False,0,0,0,0,0,Chelik Fatted,F,True
2527_01,Earth,True,G/405/S,PSO J318.5-22,38,,0,0,0,0,0,Dianie Brownings,M,True
2528_01,Mars,False,F/487/S,TRAPPIST-1e,48,False,639,412,110,0,0,Smonch Bau,F,True
2530_01,Mars,False,F/488/S,TRAPPIST-1e,25,False,1734,1,189,1,0,Sil Start,M,False
2531_01,Earth,True,G/407/P,PSO J318.5-22,25,False,0,0,0,0,0,Derry Danielps,F,True
2532_01,Mars,False,F/489/S,TRAPPIST-1e,24,False,737,37,1682,0,0,Gorn Traie,M,False
2532_02,Mars,True,F/489/S,TRAPPIST-1e,69,False,0,0,0,0,0,Goldch Traie,F,True
2534_01,Europa,False,B/75/P,55 Cancri e,20,False,0,646,0,,1425,Dhena Sorbitter,M,False
2534_02,Europa,True,B/75/P,55 Cancri e,18,False,0,0,0,0,0,Mahamak Sorbitter,F,True
2535_01,Earth,True,G/409/P,TRAPPIST-1e,28,False,0,0,0,0,0,Glene Bakerson,M,False
2537_01,Earth,False,E/152/P,PSO J318.5-22,23,False,0,9,292,35,349,Dwin Meltoney,F,True
2540_01,Mars,False,E/177/S,TRAPPIST-1e,24,False,345,0,451,0,582,Weers Chort,M,False
2541_01,Europa,False,B/77/P,,44,False,0,1482,127,1555,1257,Benebah Frintful,F,False
2542_01,Mars,False,E/153/P,TRAPPIST-1e,29,False,834,0,28,117,41,Quid Dutte,M,False
2544_01,Europa,False,B/97/S,55 Cancri e,6,False,0,0,0,0,0,Majoth Sernator,F,True
2544_02,Europa,False,B/97/S,TRAPPIST-1e,42,False,41,1912,0,1899,43,Alinon Sernator,M,False
2545_01,Earth,True,G/410/P,55 Cancri e,78,False,0,0,0,0,0,Joycey Hoppernardy,F,False
2546_01,Earth,False,F/491/S,TRAPPIST-1e,36,False,548,179,24,0,77,Etha Shawatson,M,False
2547_01,Europa,False,,55 Cancri e,37,False,0,100,0,1402,1462,Alatrix Sometery,F,False
2547_02,Europa,False,A/20/P,55 Cancri e,41,False,0,12809,2,2835,1514,Coxak Sometery,M,True
2548_01,Earth,False,G/407/S,TRAPPIST-1e,18,False,852,48,0,7,0,Emmax Vincenton,F,False
2549_01,Mars,False,F/522/P,TRAPPIST-1e,62,False,1663,0,23,2,12,Wafox Prin,M,False
2549_02,Mars,False,F/522/P,TRAPPIST-1e,0,False,0,0,0,0,0,Rios Prin,F,True
2549_03,Mars,False,F/522/P,TRAPPIST-1e,55,False,1281,0,7,1,0,Oafron Prin,M,False
2550_01,Earth,True,G/411/P,TRAPPIST-1e,16,False,0,0,0,0,0,Eliana Larlowelley,F,True
2551_01,Earth,False,F/523/P,TRAPPIST-1e,32,False,238,156,3,2,324,Marlly Gamberson,M,False
2552_01,Earth,False,F/492/S,TRAPPIST-1e,19,False,0,1124,4,0,0,Arlen Vincenton,F,True
2552_02,Earth,False,G/408/S,55 Cancri e,7,False,0,0,0,0,,Dorice Vincenton,M,True
2552_03,Earth,False,G/408/S,55 Cancri e,4,False,0,0,0,0,0,Teryla Vincenton,F,True
2553_01,Europa,True,D/87/S,TRAPPIST-1e,30,False,0,0,0,0,0,Grafik Obnoftle,M,True
2555_01,Europa,True,B/78/P,55 Cancri e,24,False,0,0,0,0,0,Branasl Glisormal,F,True
2555_02,Europa,True,B/78/P,TRAPPIST-1e,34,False,0,0,0,0,0,Aldera Glisormal,M,True
2557_01,Europa,True,C/92/S,TRAPPIST-1e,30,False,0,0,0,0,0,Nusoton Flesping,F,True
2558_01,Mars,False,F/525/P,TRAPPIST-1e,3,False,0,0,0,0,0,Chios Katte,M,True
2558_02,Mars,,F/525/P,TRAPPIST-1e,32,False,0,0,0,0,0,Sups Katte,F,True
2558_03,Mars,False,F/525/P,TRAPPIST-1e,55,False,403,0,922,0,0,Wor Katte,M,True
2558_04,Mars,True,F/525/P,TRAPPIST-1e,0,False,0,0,0,0,0,Barave Katte,F,True
2559_01,Europa,False,,TRAPPIST-1e,51,False,0,1949,0,2549,39,Castab Clarty,M,False
2560_01,Earth,True,G/412/P,PSO J318.5-22,0,False,0,0,0,0,0,Pennie Loway,F,True
2560_02,Earth,False,G/412/P,TRAPPIST-1e,21,False,882,0,0,,0,Herina Loway,M,False
2560_03,Earth,False,G/412/P,TRAPPIST-1e,2,False,0,0,0,0,0,Ireene Loway,F,False
2561_01,Earth,False,E/178/S,TRAPPIST-1e,19,False,194,44,0,549,1,Jerek Casonston,M,False
2562_01,Mars,True,F/526/P,TRAPPIST-1e,24,False,0,0,0,0,0,Con Brele,F,True
2562_02,Mars,False,F/526/P,TRAPPIST-1e,20,False,2502,0,96,0,0,Snoles Brele,M,False
2564_01,Europa,False,E/179/S,TRAPPIST-1e,42,False,2,3024,0,89,10,Acceleb Unrent,F,True
2565_01,Mars,True,F/527/P,TRAPPIST-1e,17,False,0,0,0,0,0,Miloss Lepie,M,True
2565_02,Mars,False,E/155/P,TRAPPIST-1e,32,False,598,0,138,0,624,Koops Lepie,F,False
2571_01,Earth,False,G/414/P,TRAPPIST-1e,28,False,145,8,557,0,74,Janee Lamberguson,M,True
2572_01,Europa,True,C/93/S,55 Cancri e,21,False,0,0,0,0,0,Sheratz Suptibler,F,True
2572_02,Europa,True,C/93/S,55 Cancri e,56,True,0,0,0,0,0,Spuri Suptibler,M,True
2573_01,Europa,True,C/90/P,55 Cancri e,28,False,0,0,0,0,0,Luxinon Supriouse,F,True
2574_01,Earth,False,F/496/S,TRAPPIST-1e,42,False,10,303,12,0,478,Berta Sweeton,M,False
2578_01,Earth,False,F/498/S,TRAPPIST-1e,18,False,1153,0,0,1409,195,Made Nasquez,F,False
2580_01,Earth,False,G/412/S,TRAPPIST-1e,24,False,19,676,0,26,0,Gretty Pentss,M,False
2581_01,Earth,False,E/156/P,TRAPPIST-1e,20,False,496,20,16,0,254,Eulah Conney,F,False
2581_02,Earth,False,F/531/P,TRAPPIST-1e,22,False,26,0,0,0,733,Ianya Conney,M,False
2582_01,Earth,False,G/415/P,TRAPPIST-1e,22,False,98,0,46,641,0,Kayd Chardsons,F,False
2584_01,Earth,,G/417/P,PSO J318.5-22,21,False,0,0,,0,0,Lilace Woodwardy,M,False
2588_01,Earth,False,G/419/P,TRAPPIST-1e,28,False,4,166,743,0,0,Lardy Cardner,F,True
2589_01,Europa,True,C/91/P,TRAPPIST-1e,26,False,0,0,0,0,0,Alasmon Meteet,M,True
2589_02,Europa,True,C/91/P,55 Cancri e,50,False,0,0,0,0,0,Alphact Meteet,F,True
2589_03,Europa,False,C/91/P,TRAPPIST-1e,26,False,0,8150,0,3508,99,,,False
2589_04,Europa,False,C/91/P,TRAPPIST-1e,30,True,0,632,0,673,2272,Weias Meteet,F,False
2589_05,Europa,True,C/91/P,TRAPPIST-1e,29,False,0,0,0,0,0,Duhra Meteet,M,True
2590_01,Earth,False,G/420/P,TRAPPIST-1e,8,False,0,0,0,0,0,Jeane River,F,False
2590_02,Earth,False,G/420/P,TRAPPIST-1e,45,False,406,148,285,0,0,Benew River,M,False
2590_03,Earth,True,G/420/P,PSO J318.5-22,35,False,0,0,0,0,0,Judya River,F,True
2591_01,Earth,False,F/499/S,PSO J318.5-22,18,False,9,419,0,201,7,Adammy Coolerson,M,False
2591_02,Earth,False,G/413/S,TRAPPIST-1e,23,False,0,121,0,568,128,Breney Coolerson,F,False
2592_01,Mars,False,D/75/P,TRAPPIST-1e,29,True,803,0,0,58,0,Conk Flé,M,False
2592_02,Mars,False,D/75/P,TRAPPIST-1e,18,False,1102,9,2628,0,0,Cindee Flé,F,False
2593_01,Earth,False,G/421/P,TRAPPIST-1e,28,False,804,2,13,0,62,Terta Villenson,M,False
2594_01,Europa,True,B/98/S,TRAPPIST-1e,34,False,0,0,0,0,0,Neutrix Cisorter,F,True
2595_01,Mars,False,F/533/P,55 Cancri e,0,False,0,0,0,0,0,Lies Cakie,M,True
2595_02,Mars,,F/533/P,TRAPPIST-1e,4,False,0,0,0,0,0,Ban Cakie,F,True
2595_03,Mars,False,D/76/P,TRAPPIST-1e,28,False,938,61,0,53,4,Res Fle,M,False
2595_04,Mars,False,F/533/P,TRAPPIST-1e,8,False,0,0,0,0,0,Treynx Fle,F,True
2596_01,Mars,False,D/77/P,TRAPPIST-1e,20,False,59,0,1646,1657,0,Pon Stpie,M,False
2596_02,Mars,True,F/534/P,TRAPPIST-1e,20,False,0,0,0,0,0,Carde Kniva,F,True
2597_01,Mars,True,F/500/S,TRAPPIST-1e,25,False,0,0,0,0,0,Want Jamai,M,True
2597_02,,False,F/500/S,55 Cancri e,31,False,995,7,1213,0,687,Pikes Jamai,F,False
2598_01,Mars,False,F/535/P,TRAPPIST-1e,37,False,27,0,1131,0,1318,Babix Scake,M,False
2599_01,Earth,True,,TRAPPIST-1e,21,False,0,0,0,0,0,Hery Bardinard,F,False
2601_01,Mars,True,F/536/P,TRAPPIST-1e,24,False,0,0,0,0,0,Ries Jamai,M,True
2602_01,Mars,True,E/158/P,TRAPPIST-1e,34,False,0,0,0,0,0,Oakes Seche,F,False
2602_02,Mars,False,E/158/P,55 Cancri e,0,False,0,0,0,0,0,Aptal Chnik,M,True
2602_03,Mars,True,E/158/P,TRAPPIST-1e,25,False,0,0,0,0,0,Unch Seche,F,False
2605_01,Mars,True,D/88/S,55 Cancri e,43,False,0,0,0,0,0,Vere Cone,M,True
2606_01,Earth,False,F/537/P,TRAPPIST-1e,,False,900,0,0,0,1,Garion Dawsoncis,F,False
2606_02,Earth,False,F/537/P,TRAPPIST-1e,45,False,10,16,801,73,,Claura Dawsoncis,M,False
2607_01,Europa,True,B/99/S,TRAPPIST-1e,63,False,0,0,0,0,0,Homamin Brakepined,F,True
2607_02,Europa,True,B/99/S,TRAPPIST-1e,17,False,0,0,0,0,0,Zedark Brakepined,M,True
2607_03,Europa,False,B/99/S,55 Cancri e,35,False,0,1471,2,445,533,Hekaron Brakepined,F,True
2607_04,Europa,False,B/99/S,TRAPPIST-1e,12,False,0,0,0,0,0,Ainoxa Plattering,M,True
2609_01,Earth,True,G/416/S,PSO J318.5-22,,False,0,0,0,0,0,Vana Hopez,F,True
2616_01,Earth,,F/541/P,TRAPPIST-1e,17,False,0,604,0,0,218,Gracia Gallard,M,False
2617_01,Earth,False,G/424/P,PSO J318.5-22,32,False,59,0,469,0,0,Yolas Peckerson,F,False
2618_01,,True,E/159/P,TRAPPIST-1e,23,False,0,0,0,0,0,Rassias Freednal,M,True
2619_01,Earth,False,F/504/S,55 Cancri e,17,False,2000,0,0,0,0,Elaney Chanan,F,False
2622_01,Earth,False,F/505/S,55 Cancri e,34,False,492,0,13,55,0,Tera Coley,M,False
2624_01,Earth,False,F/542/P,TRAPPIST-1e,15,False,0,0,875,3,,Annard Armstromez,F,False
2625_01,Earth,True,G/426/P,TRAPPIST-1e,14,False,0,0,0,0,0,Paulie Stanleyd,M,True
2625_02,Earth,False,E/160/P,TRAPPIST-1e,22,False,0,1,271,0,1348,Karlie Stanleyd,F,False
2626_01,Earth,False,F/543/P,TRAPPIST-1e,19,False,232,0,479,0,5,Tarah Barks,M,False
2627_01,Earth,False,F/544/P,PSO J318.5-22,40,,0,228,5,454,1,Idave Kerristicey,F,False
2628_01,Europa,True,A/21/P,55 Cancri e,25,False,0,0,0,0,0,Graviph Amoutake,M,True
2628_02,Europa,False,A/21/P,55 Cancri e,51,False,0,6,0,2085,67,Sadlam Amoutake,F,False
2629_01,Earth,False,G/427/P,TRAPPIST-1e,22,False,91,6,0,17,693,Sethew Lardsonald,M,False
2631_01,Mars,True,F/545/P,55 Cancri e,50,False,0,0,0,0,0,Sealfs Queke,F,True
2633_01,Earth,False,G/428/P,55 Cancri e,26,False,0,0,0,0,,Herina Popez,M,False
2634_01,Mars,True,F/508/S,TRAPPIST-1e,39,False,0,0,0,0,,Apies Pine,F,True
2635_01,Mars,False,D/78/P,TRAPPIST-1e,18,False,1867,0,29,72,,Oafron Babre,M,True
2636_01,Earth,False,G/419/S,TRAPPIST-1e,22,False,,0,137,671,,Idave Owerson,F,False
2638_01,Earth,False,E/181/S,TRAPPIST-1e,26,False,0,29,0,759,0,Gerry Mondsey,M,False
2640_01,Earth,False,F/510/S,TRAPPIST-1e,19,False,0,0,0,0,1051,Helean Wagnerray,F,False
2641_01,Earth,True,G/420/S,PSO J318.5-22,16,False,0,0,0,0,0,Kendre Merkins,M,False
2642_01,,False,G/430/P,TRAPPIST-1e,24,False,0,0,17,0,793,Violan Popez,F,False
2643_01,Earth,False,F/511/S,PSO J318.5-22,34,False,122,0,6,739,0,Terta Chasey,M,False
2645_01,Europa,False,C/95/S,TRAPPIST-1e,55,False,0,815,1558,3,1334,Alrais Fordulgaug,F,True
2645_02,Europa,False,C/95/S,TRAPPIST-1e,42,False,3,2174,0,10860,2564,Tach Improus,M,False
2645_03,Europa,True,C/95/S,TRAPPIST-1e,14,False,0,0,0,0,0,Mariton Improus,F,True
2645_04,Europa,False,C/95/S,55 Cancri e,28,False,0,3053,0,839,2153,Meratz Improus,M,True
2645_05,Europa,True,C/95/S,55 Cancri e,26,False,0,0,0,0,0,Mesonon Improus,F,True
2646_01,Europa,False,B/80/P,55 Cancri e,33,False,0,286,1795,712,7041,Hallah Roureed,M,False
2647_01,Earth,False,F/547/P,TRAPPIST-1e,24,False,0,0,0,636,68,Janney Johnsby,F,False
2648_01,Earth,False,G/421/S,TRAPPIST-1e,23,False,490,313,0,6,0,Allena Sullones,M,False
2649_01,Mars,False,D/79/P,TRAPPIST-1e,16,False,46,0,1994,0,677,Swoass Giba,F,False
2650_01,Earth,True,G/431/P,TRAPPIST-1e,36,False,0,0,0,0,0,Artis Casonston,M,False
2651_01,Europa,True,B/100/S,55 Cancri e,44,False,0,0,0,0,0,Sarid Geakerat,F,True
2652_01,Earth,False,F/513/S,TRAPPIST-1e,22,False,0,0,670,0,32,Wally Davispinoz,M,True
2655_01,Earth,True,G/422/S,TRAPPIST-1e,30,False,0,0,0,0,0,Benny Ballocks,F,False
2657_01,Earth,False,F/514/S,TRAPPIST-1e,20,False,0,27,1,686,1,Ricard Gainney,M,False
2658_01,Earth,False,F/549/P,TRAPPIST-1e,21,,366,1136,795,132,0,Craine Gentledges,F,False
2659_01,Mars,False,E/182/S,TRAPPIST-1e,14,False,,0,0,0,0,Luse Gelie,M,True
2660_01,Earth,False,F/550/P,TRAPPIST-1e,27,False,0,0,,2,1215,Chael Avidson,F,False
2661_01,Earth,False,F/515/S,TRAPPIST-1e,19,False,1,4,0,750,3,Leene Vandan,M,False
2661_02,Earth,True,G/423/S,TRAPPIST-1e,21,False,0,0,0,0,0,Bara Vandan,F,True
2662_01,Mars,False,F/551/P,55 Cancri e,,False,1722,4,937,0,0,Gies Ban,M,False
2663_01,Earth,False,F/552/P,55 Cancri e,13,False,0,0,0,4,811,Penne Douglasen,F,True
2664_01,Mars,True,E/183/S,PSO J318.5-22,71,False,0,0,0,0,0,Kris Swin,M,True
2666_01,Mars,True,E/184/S,TRAPPIST-1e,28,False,0,0,0,0,0,Rank Curle,F,False
2666_02,Mars,False,E/184/S,55 Cancri e,18,False,1874,0,260,0,0,All Curle,M,False
2668_01,Earth,False,F/516/S,55 Cancri e,23,False,29,34,1,2838,0,Jacki Ingston,F,False
2668_02,Earth,False,G/424/S,55 Cancri e,34,False,0,382,0,87,236,Adamie Ingston,M,False
2670_01,Earth,False,G/432/P,TRAPPIST-1e,20,False,4,790,0,15,0,Glenna Leodger,F,False
2671_01,Earth,False,F/554/P,55 Cancri e,17,False,0,33,0,56,708,Anae Oconley,M,False
2672_01,Earth,False,F/555/P,PSO J318.5-22,21,False,970,0,213,8,86,Lillia Waltonson,F,False
2675_01,Europa,False,C/97/S,TRAPPIST-1e,33,False,0,1554,3813,0,1435,Rassias Iniouser,M,True
2676_01,Europa,False,B/81/P,55 Cancri e,34,False,3551,1284,1865,90,0,Halsham Noxiong,F,True
2677_01,Europa,False,D/90/S,TRAPPIST-1e,51,False,0,302,0,1367,669,Eleon Scerodbox,M,False
2678_01,Earth,False,F/517/S,TRAPPIST-1e,21,False,0,680,0,10,0,Gera Sosanturney,F,True
2679_01,Earth,True,G/426/S,TRAPPIST-1e,,False,0,0,0,0,0,Paulas Boltond,M,False
2682_01,Earth,False,G/434/P,TRAPPIST-1e,31,False,880,0,0,8,0,Berty Whiters,F,False
2683_01,Europa,False,A/32/S,TRAPPIST-1e,36,False,2,1297,0,4,0,Zaninon Parbage,M,True
2684_01,Europa,False,B/83/P,TRAPPIST-1e,39,False,0,7116,0,13208,1515,Navior Ranaly,F,False
2685_01,Earth,False,G/435/P,TRAPPIST-1e,26,False,886,0,0,0,21,Lilly Webstephrey,M,False
2687_01,Earth,False,F/556/P,TRAPPIST-1e,51,False,0,1347,0,43,0,Carry Kimons,F,True
2688_01,,False,F/557/P,TRAPPIST-1e,24,False,13,193,0,0,591,Eriky Willy,M,False
2690_01,Earth,False,E/185/S,55 Cancri e,27,False,339,104,116,160,0,Eduana Stannondez,F,True
2691_01,Earth,False,F/558/P,TRAPPIST-1e,31,False,0,243,1,559,0,Gracey Coxterez,M,False
2692_01,Earth,False,,TRAPPIST-1e,24,False,0,0,21,0,695,Samie Weberts,F,False
2693_01,Europa,False,A/22/P,TRAPPIST-1e,57,False,0,1514,0,72,1393,Krab Pentical,M,False
2693_02,Europa,False,A/22/P,55 Cancri e,36,True,11,79,0,210,1895,Jabbab Geousty,F,False
2693_03,Europa,False,A/22/P,TRAPPIST-1e,55,False,0,846,0,263,2024,Castram Geousty,M,False
2693_04,Europa,True,A/22/P,55 Cancri e,,False,0,0,0,0,0,Mirfark Geousty,F,False
2695_01,Mars,False,E/186/S,TRAPPIST-1e,18,False,947,0,4,4,0,Honey Stike,M,False
2697_01,Mars,False,D/91/S,TRAPPIST-1e,27,,1893,487,4,0,0,Pank Pimne,F,False
2698_01,Europa,False,C/94/P,TRAPPIST-1e,50,False,0,2684,0,153,1751,Shelik Sofraten,M,False
2700_01,Earth,False,F/520/S,TRAPPIST-1e,24,False,45,138,1,0,530,Daven Perkings,F,False
2701_01,Earth,True,G/428/S,PSO J318.5-22,20,False,0,0,0,0,0,Cliney Thorney,M,True
2702_01,Earth,True,G/437/P,TRAPPIST-1e,24,False,0,0,0,0,0,Mollen Garnettiz,F,True
2703_01,Earth,False,G/429/S,TRAPPIST-1e,18,False,0,617,0,0,10,Rena Ashipeck,M,False
2704_01,Earth,False,F/521/S,TRAPPIST-1e,44,False,1178,1,348,0,0,Alfrey Shieldson,F,False
2706_01,Europa,True,B/102/S,55 Cancri e,27,False,0,0,0,0,0,Alchium Ressighty,M,True
2707_01,Europa,False,B/103/S,TRAPPIST-1e,58,False,1113,1650,0,194,510,Ziba Belstrut,F,True
2707_02,Europa,True,B/103/S,PSO J318.5-22,29,False,0,0,0,0,0,Misa Belstrut,M,True
2708_01,Earth,False,F/522/S,PSO J318.5-22,23,False,3,548,37,0,12,Pattin Cardner,F,True
2709_01,Mars,True,F/523/S,TRAPPIST-1e,3,False,0,0,0,0,0,Pies Welto,M,True
2709_02,Mars,False,F/523/S,TRAPPIST-1e,0,False,0,0,0,0,0,Relix Welto,F,True
2709_03,Mars,False,F/523/S,,33,False,361,0,381,1622,0,Rana Welto,M,False
2709_04,Mars,False,F/523/S,TRAPPIST-1e,12,,0,0,0,0,0,Worms Ble,F,True
2712_01,Europa,True,B/105/S,TRAPPIST-1e,44,False,0,0,0,0,0,Mothab Doorge,M,True
2713_01,Earth,True,G/438/P,TRAPPIST-1e,20,False,0,0,0,0,0,Tarah Cleachrand,F,True
2714_01,Earth,False,F/561/P,55 Cancri e,59,,269,1776,0,0,12,Maryn Mcintons,M,False
2717_01,Earth,False,G/431/S,TRAPPIST-1e,18,False,130,0,13,191,554,Francy Mayder,F,False
2718_01,Europa,True,B/106/S,TRAPPIST-1e,72,False,0,0,0,0,0,Quarkab Supred,M,True
2720_01,Earth,False,G/439/P,PSO J318.5-22,23,False,171,2373,1,30,985,Felice Beckeey,F,False
2720_02,Earth,False,G/439/P,TRAPPIST-1e,11,False,0,0,0,0,0,Rancy Beckeey,M,False
2720_03,Earth,True,G/439/P,TRAPPIST-1e,1,False,0,0,0,0,0,Noria Beckeey,F,True
2721_01,Earth,False,F/563/P,PSO J318.5-22,25,False,21,746,55,0,4,Jodia Rigginson,M,False
2722_01,Mars,True,D/93/S,55 Cancri e,25,False,0,0,0,0,0,Frunch Sutte,F,True
2723_01,Europa,True,C/99/S,TRAPPIST-1e,24,False,0,0,0,0,0,Bosonan Boderbint,M,True
2723_02,Europa,False,C/99/S,TRAPPIST-1e,54,False,0,5876,0,0,914,Dabiton Boderbint,F,True
2724_01,Mars,True,F/564/P,55 Cancri e,17,False,0,0,0,0,0,Swack Merte,M,True
2724_02,Mars,False,F/564/P,TRAPPIST-1e,48,False,1200,0,38,48,0,Manth Merte,F,False
2725_01,Earth,False,F/565/P,TRAPPIST-1e,40,False,0,0,362,272,0,Helle Bucknersony,M,False
2726_01,Earth,True,G/440/P,TRAPPIST-1e,2,False,0,0,0,0,0,Kimmie Leson,F,False
2727_01,Earth,False,F/525/S,TRAPPIST-1e,32,False,0,9,11,784,63,Stany Hoopez,M,False
2729_01,Earth,True,G/432/S,TRAPPIST-1e,15,False,0,0,0,0,0,Jodip Burchrison,F,True
2730_01,,True,G/433/S,TRAPPIST-1e,52,False,0,0,0,0,0,Royce Douglasen,M,True
2730_02,Earth,False,F/527/S,TRAPPIST-1e,16,False,0,1115,0,1674,132,Candra Douglasen,F,False
2730_03,Earth,True,G/433/S,TRAPPIST-1e,16,False,0,,0,0,0,Elancy Douglasen,M,True
2732_01,Earth,True,G/435/S,55 Cancri e,16,,0,0,0,0,0,Molley Hurles,F,True
2732_02,Earth,False,G/435/S,55 Cancri e,6,False,0,0,0,0,0,Jilly Hurles,M,False
2734_01,Mars,False,F/567/P,TRAPPIST-1e,10,False,0,0,0,0,0,Eggies Wate,F,True
2736_01,Mars,False,D/81/P,TRAPPIST-1e,27,True,1709,4,24,0,0,Mark Prity,M,False
2737_01,Europa,False,C/100/S,55 Cancri e,45,False,0,726,0,281,1257,Naschab Forous,F,True
2737_02,Europa,False,C/100/S,TRAPPIST-1e,26,False,2381,1772,0,0,2618,Giedia Arterate,M,False
2738_01,Mars,False,E/187/S,TRAPPIST-1e,29,False,1049,0,0,0,0,Tyog Ses,F,False
2739_01,Earth,True,G/442/P,PSO J318.5-22,38,False,0,0,0,,0,Heryle Daughessey,M,True
2740_01,Earth,False,E/163/P,TRAPPIST-1e,19,False,1,143,0,254,107,Garry Leetersoney,F,True
2741_01,Mars,False,E/164/P,TRAPPIST-1e,43,False,471,0,133,2,692,Jackix Cake,M,False
2743_01,Earth,False,F/528/S,TRAPPIST-1e,15,False,746,0,2,0,11,Nelle Gregordy,F,False
2745_01,Mars,False,F/568/P,,31,False,1511,0,310,0,0,Libers Pre,M,False
2746_01,Mars,False,F/569/P,TRAPPIST-1e,52,False,758,0,356,5,0,Apix Wala,F,False
2747_01,Mars,,F/570/P,TRAPPIST-1e,49,,0,0,0,0,0,Stisps Chrie,M,True
2748_01,Earth,False,F/529/S,55 Cancri e,29,False,143,548,0,0,0,Kimmie Mickersones,F,True
2750_01,Earth,False,F/571/P,TRAPPIST-1e,18,,600,0,0,179,11,Timmie Daviddley,M,True
2751_01,Mars,True,F/530/S,,41,False,0,0,0,0,0,Permit Must,F,True
2752_01,Earth,False,G/444/P,TRAPPIST-1e,9,False,0,0,0,0,0,Jarena Ballocks,M,False
2752_02,Earth,True,G/444/P,PSO J318.5-22,,False,0,0,0,0,0,Ollip Ballocks,F,False
2752_03,Earth,False,E/165/P,TRAPPIST-1e,58,False,0,82,0,758,0,Thel Ballocks,M,True
2753_01,Earth,False,E/188/S,PSO J318.5-22,39,False,0,0,0,0,907,Wandy Summington,F,False
2754_01,Earth,False,E/166/P,TRAPPIST-1e,13,False,911,1,0,74,0,Heidie Santry,M,False
2755_01,Europa,True,B/85/P,55 Cancri e,36,False,0,0,0,0,0,Beneba Glousspidy,F,True
2756_01,Mars,False,F/572/P,55 Cancri e,23,False,253,0,0,888,0,Guink Corte,M,False
2758_01,Earth,True,G/446/P,PSO J318.5-22,24,False,,0,0,0,0,Dennya Fielson,F,True
2759_01,Earth,False,E/167/P,TRAPPIST-1e,33,False,0,0,170,14,810,Iree Kimons,M,False
2760_01,Earth,,G/438/S,TRAPPIST-1e,18,False,0,0,0,0,0,Matty Rigginsen,F,False
2760_02,Earth,True,G/438/S,TRAPPIST-1e,2,False,0,0,0,0,0,,,False
2760_03,Earth,True,G/438/S,TRAPPIST-1e,0,False,0,0,0,0,0,Chery Rigginsen,F,True
2762_01,Earth,False,G/439/S,TRAPPIST-1e,36,False,625,0,260,0,0,Bobina Leonzaley,M,False
2762_02,Earth,False,G/439/S,55 Cancri e,15,False,254,0,10,180,0,Paulah Leonzaley,F,False
2763_01,Earth,False,E/168/P,TRAPPIST-1e,31,False,91,756,0,0,12,Sony Reynoldez,M,True
2764_01,Earth,False,E/189/S,TRAPPIST-1e,42,False,0,0,213,166,1209,Racily Reyervaney,F,True
2765_01,Mars,False,F/532/S,TRAPPIST-1e,27,False,1502,1,0,0,0,Callix Curie,M,False
2768_01,Earth,False,F/533/S,TRAPPIST-1e,36,False,123,3,,7,0,Herina Cartz,F,True
2768_02,Earth,False,G/442/S,TRAPPIST-1e,0,False,0,0,0,0,0,Raceky Cartz,M,False
2768_03,Earth,True,G/442/S,TRAPPIST-1e,3,False,0,0,0,0,0,Doryn Cartz,F,False
2769_01,Earth,False,F/573/P,PSO J318.5-22,22,False,0,837,192,0,,Lindy Fishopper,M,False
2770_01,Earth,False,G/443/S,TRAPPIST-1e,56,False,0,1721,0,96,0,Oraine Gainebergan,F,False
2772_01,Earth,False,G/444/S,TRAPPIST-1e,23,False,0,0,0,757,0,Patoya Meyersones,M,False
2773_01,Mars,False,D/94/S,TRAPPIST-1e,25,False,314,2,648,92,0,Whark Teake,F,False
2774_01,Earth,False,F/575/P,TRAPPIST-1e,29,False,3,0,3,0,697,Coreen Bushins,M,False
2774_02,Earth,False,F/575/P,TRAPPIST-1e,17,False,0,1195,31,0,0,Crisey Mcbriddley,F,False
2774_03,Earth,False,F/575/P,TRAPPIST-1e,13,False,412,4,0,0,551,Aleroy Bushins,M,False
2778_01,Mars,False,D/82/P,TRAPPIST-1e,35,,2301,0,414,,0,Gorice Fisty,F,True
2778_02,Mars,True,F/576/P,55 Cancri e,53,False,,0,0,0,0,Yogal Fisty,M,True
2780_01,Earth,False,F/578/P,TRAPPIST-1e,24,False,14,702,0,0,0,Eilace Chanan,F,False
2781_01,Earth,True,G/447/P,TRAPPIST-1e,38,False,0,0,0,0,0,Marice Williotters,M,False
2783_01,Europa,True,D/83/P,55 Cancri e,21,False,0,0,0,0,0,Alteron Emetillove,F,True
2783_02,Europa,False,D/83/P,55 Cancri e,29,False,2,8,0,2864,155,Gatrin Emetillove,M,False
2784_01,Earth,False,G/448/P,TRAPPIST-1e,46,False,0,0,1661,52,8,Monard Walterson,F,True
2785_01,Europa,True,C/102/S,TRAPPIST-1e,58,False,,0,0,0,0,Wasaleh Clindy,M,True
2786_01,Earth,False,E/190/S,PSO J318.5-22,53,False,0,1,0,195,493,Luise Franankson,F,True
2787_01,Earth,False,F/535/S,55 Cancri e,21,False,13,,1098,64,1,Stelly Salez,M,False
2788_01,Earth,True,G/449/P,PSO J318.5-22,27,False,0,0,0,0,0,Harlos Ramoran,F,False
2789_01,Earth,True,G/450/P,TRAPPIST-1e,31,False,0,0,0,0,0,Idave Carverson,M,False
2790_01,Europa,True,B/86/P,55 Cancri e,23,,0,0,0,0,0,Asch Simous,F,True
2790_02,Europa,False,B/86/P,55 Cancri e,41,False,0,320,4333,1313,51,Cheliak Simous,M,False
2790_03,Europa,False,B/86/P,TRAPPIST-1e,29,False,3,933,0,674,731,Izarino Simous,F,False
2790_04,Europa,False,B/86/P,55 Cancri e,54,False,0,37,0,4689,0,Tarrak Simous,M,False
2790_05,Europa,False,B/86/P,55 Cancri e,43,False,0,9923,660,10,266,Zaninon Simous,F,True
2792_01,Earth,True,G/446/S,PSO J318.5-22,36,False,0,0,0,0,0,Duana Figuez,M,True
2793_01,Earth,False,E/169/P,TRAPPIST-1e,48,False,784,87,0,0,1,Darrie Mcinton,F,True
2795_01,Europa,False,C/103/S,TRAPPIST-1e,34,False,10,5659,15,3,0,Genons Brantcable,M,True
2795_02,Europa,False,C/103/S,TRAPPIST-1e,42,False,0,802,0,2622,671,Bottom Brantcable,F,False
2796_01,Earth,False,F/536/S,55 Cancri e,17,False,0,0,0,863,0,,,False
2797_01,Earth,False,F/580/P,TRAPPIST-1e,22,False,0,0,0,0,1345,Violan Burchanez,F,False
2798_01,Europa,False,A/23/P,TRAPPIST-1e,37,False,6,437,,54,3030,Furudra Timleplet,M,False
2798_02,Europa,True,A/23/P,55 Cancri e,38,False,0,0,0,0,0,Menchah Timleplet,F,True
2799_01,Earth,False,G/447/S,TRAPPIST-1e,21,False,3,0,0,881,0,Idace Barrilloney,M,False
2799_02,,True,G/447/S,PSO J318.5-22,23,False,0,0,0,0,0,Sony Barrilloney,F,True
2801_01,Europa,False,B/87/P,TRAPPIST-1e,27,False,1,767,0,13104,3657,Taurius Frogauded,M,False
2802_01,Earth,False,F/581/P,TRAPPIST-1e,23,False,18,2595,0,0,122,Evane Chavezalez,F,True
2805_01,Earth,False,F/582/P,TRAPPIST-1e,19,False,0,0,366,268,0,Allena Blacks,M,False
2806_01,Mars,False,D/95/S,TRAPPIST-1e,28,False,948,0,64,170,0,Boon Gene,F,False
2807_01,Earth,False,E/171/P,TRAPPIST-1e,33,False,0,0,154,22,820,Rancy Vincenton,M,False
2807_02,Earth,True,G/452/P,PSO J318.5-22,24,False,0,0,0,0,0,Craine Vincenton,F,False
2807_03,Earth,True,G/452/P,TRAPPIST-1e,0,False,0,0,0,0,0,Wenten Monrad,M,True
2809_01,Earth,True,G/453/P,TRAPPIST-1e,41,False,0,0,0,0,0,Dianie Ellahan,F,True
2810_01,Earth,True,G/454/P,TRAPPIST-1e,19,False,0,0,0,0,0,Oraine Jorden,M,False
2811_01,Earth,False,F/537/S,TRAPPIST-1e,44,False,0,0,0,0,871,Chery Charpelaney,F,False
2812_01,Mars,False,F/538/S,55 Cancri e,43,False,803,0,384,120,0,Hock Grean,M,True
2813_01,Earth,True,G/449/S,TRAPPIST-1e,14,False,0,0,0,0,0,Therek Bryants,F,True
2814_01,,True,G/455/P,PSO J318.5-22,18,False,0,0,0,0,0,Fredy Smalloney,M,True
2817_01,,False,F/584/P,TRAPPIST-1e,25,False,237,0,910,0,12,Sealfs Sutty,F,False
2818_01,Mars,False,F/585/P,TRAPPIST-1e,0,False,0,0,0,0,0,Krus Betie,M,True
2818_02,Mars,True,F/585/P,55 Cancri e,4,False,0,0,0,0,0,Corse Betie,F,True
2818_03,Mars,False,F/585/P,TRAPPIST-1e,24,False,165,0,981,2,0,Wifel Betie,M,True
2819_01,Earth,False,F/586/P,TRAPPIST-1e,38,False,77,169,0,0,470,Stal Ocherman,F,False
2820_01,Earth,True,G/457/P,TRAPPIST-1e,44,False,0,0,0,0,0,Valex Lopelases,M,True
2821_01,Earth,True,G/458/P,55 Cancri e,57,False,0,0,0,0,0,Brance Shephendery,F,True
2822_01,,True,G/450/S,55 Cancri e,3,False,0,0,,0,0,Patsya Harverez,M,True
2822_02,Earth,,G/450/S,TRAPPIST-1e,5,,0,0,0,0,,Salley Harverez,F,False
2822_03,Earth,True,G/450/S,55 Cancri e,3,False,0,,0,0,0,Rayne Harverez,M,True
2822_04,Earth,True,G/450/S,,18,False,0,0,0,0,0,Annaha Harverez,F,True
2822_05,,True,G/450/S,TRAPPIST-1e,8,False,0,0,0,0,0,Melvia Harverez,M,False
2823_01,Mars,True,F/587/P,TRAPPIST-1e,21,False,0,0,0,0,0,Smark Parté,F,True
2824_01,Europa,True,C/104/S,55 Cancri e,35,False,0,0,0,0,0,Shain Rinicapead,M,True
2825_01,Mars,,F/539/S,TRAPPIST-1e,47,False,0,0,0,0,0,Popow Sake,F,True
2826_01,Europa,False,C/96/P,55 Cancri e,28,False,1581,213,0,18,3051,Teron Pabler,M,False
2826_02,Europa,False,C/96/P,TRAPPIST-1e,49,False,20,6807,174,3538,2473,Terops Pabler,F,False
2831_01,Europa,False,D/86/P,TRAPPIST-1e,23,False,0,824,0,495,1479,Weznif Fandomatty,M,True
2831_02,Europa,False,D/86/P,TRAPPIST-1e,19,False,0,1,0,2085,55,Naviton Impress,F,False
2832_01,Earth,False,E/173/P,TRAPPIST-1e,34,False,0,250,23,0,514,,,False
2834_01,Europa,False,C/105/S,TRAPPIST-1e,40,True,0,11,0,2205,1295,Bosonan Coniple,F,True
2835_01,Europa,False,A/24/P,55 Cancri e,26,True,0,186,,548,5058,Sadirk Unaring,M,False
2837_01,Earth,False,F/588/P,PSO J318.5-22,23,False,0,0,,3,1919,Sergia Mcgoway,F,False
2838_01,Mars,False,E/174/P,TRAPPIST-1e,22,False,0,0,0,0,0,Whee Cure,M,False
2839_01,Europa,False,C/107/S,TRAPPIST-1e,51,False,1,3935,0,146,0,Achib Heedry,F,True
2840_01,Earth,False,F/540/S,55 Cancri e,44,False,672,0,0,0,20,Jacky Hortis,M,False
2843_01,Mars,False,E/175/P,TRAPPIST-1e,50,False,357,0,657,0,0,Apsps Terte,F,False
2846_01,Earth,True,G/452/S,TRAPPIST-1e,28,False,0,0,0,0,0,Margio Lardsonald,M,True
2847_01,Earth,True,G/464/P,TRAPPIST-1e,13,False,0,0,0,0,0,Thery Cardsay,F,True
2852_01,Earth,False,G/465/P,,21,False,33,126,0,461,0,Guadae Jeffey,M,False
2853_01,Earth,False,F/544/S,TRAPPIST-1e,20,False,56,757,111,0,0,Lonnez Browlerson,F,True
2854_01,Earth,False,F/591/P,55 Cancri e,14,False,0,,14,692,809,Phia Buckentry,M,False
2856_01,Europa,False,C/108/S,55 Cancri e,38,False,0,896,0,,4168,Duhra Fulous,F,False
2857_01,Earth,False,F/545/S,PSO J318.5-22,29,False,631,,0,40,0,Hanry Larlowelley,M,False
2858_01,Europa,True,C/109/S,TRAPPIST-1e,36,False,0,0,0,0,0,Iononus Fictful,F,True
2858_02,Europa,True,C/109/S,TRAPPIST-1e,16,False,0,0,0,0,0,Mesatik Fictful,M,True
2858_03,Europa,True,C/109/S,TRAPPIST-1e,40,False,0,,0,0,0,Dilath Fictful,F,True
2859_01,Europa,True,C/98/P,55 Cancri e,,False,0,0,0,0,0,Navior Excialing,M,True
2860_01,Earth,False,F/546/S,PSO J318.5-22,18,False,154,22,77,1053,0,Ianna Antoshipson,F,True
2861_01,Earth,False,F/547/S,TRAPPIST-1e,17,False,5,756,0,0,0,Evaley Marson,M,True
2862_01,Mars,True,E/193/S,TRAPPIST-1e,32,False,0,0,0,0,0,Cowlat Gooki,F,True
2863_01,Earth,False,G/466/P,TRAPPIST-1e,27,False,0,2,49,0,801,Therek Thony,M,False
2865_01,Mars,False,D/88/P,TRAPPIST-1e,34,False,2904,23,7,0,81,Goos Corie,F,False
2865_02,Mars,False,D/88/P,TRAPPIST-1e,53,False,520,0,442,0,0,Hammet Corie,M,True
2866_01,Europa,True,C/110/S,TRAPPIST-1e,36,True,0,0,0,0,0,Hadirk Wheededly,F,True
2867_01,Mars,False,D/89/P,TRAPPIST-1e,41,False,71,0,1617,31,0,Smats Bane,M,False
2867_02,Mars,False,E/176/P,TRAPPIST-1e,51,False,819,4,92,38,0,Trisp Bane,F,False
2869_01,Earth,True,G/467/P,PSO J318.5-22,61,False,0,0,0,0,0,Anton Vantonson,M,True
2870_01,Earth,False,G/454/S,TRAPPIST-1e,59,False,0,0,1,920,1,Nancey Willynnedy,F,True
2871_01,Europa,True,B/88/P,TRAPPIST-1e,17,False,0,0,0,,0,Acruxon Unregul,M,True
2871_02,Europa,True,B/88/P,TRAPPIST-1e,27,False,0,0,0,0,0,Sarthim Unregul,F,True
2872_01,Earth,False,G/455/S,PSO J318.5-22,57,False,0,1431,0,30,337,Jonard Leblanchez,M,True
2873_01,Mars,False,E/194/S,55 Cancri e,39,False,2127,,23,0,0,Alls Birte,F,False
2875_01,Europa,True,B/107/S,55 Cancri e,55,False,0,0,0,0,0,Zinonon Frolestty,M,True
2876_01,Earth,False,G/456/S,TRAPPIST-1e,42,False,173,656,0,0,23,Andyn Brenney,F,False
2877_01,Earth,False,F/592/P,TRAPPIST-1e,36,False,418,40,7,338,0,Berly Vinozarks,M,False
2878_01,Mars,False,F/593/P,TRAPPIST-1e,42,False,44,0,3648,0,9,Grey Ancy,F,True
2880_01,Earth,True,G/468/P,PSO J318.5-22,32,False,0,0,0,0,0,Lynnee Wooterston,M,False
2881_01,Earth,False,G/457/S,55 Cancri e,6,False,0,0,0,0,0,Walley Brightez,F,False
2882_01,Earth,True,G/458/S,TRAPPIST-1e,15,False,0,0,0,0,0,Clarry Dillips,M,False
2883_01,Earth,False,F/595/P,TRAPPIST-1e,28,False,0,93,1282,0,0,Brene Hanner,F,True
2884_01,Mars,False,D/90/P,TRAPPIST-1e,37,False,912,0,0,,0,Coats Erle,M,False
2887_01,Earth,False,G/459/S,TRAPPIST-1e,44,False,0,0,744,62,3,Gabrie Reenez,F,False
2888_01,Mars,False,F/597/P,TRAPPIST-1e,71,True,901,0,1698,0,0,Kad Gele,M,False
2890_01,Europa,False,B/89/P,TRAPPIST-1e,44,False,0,351,0,3,3447,Jabbab Cattyried,F,False
2890_02,Europa,True,B/89/P,TRAPPIST-1e,36,False,0,0,0,0,0,Suhain Cattyried,M,True
2891_01,Earth,False,G/460/S,TRAPPIST-1e,18,False,4,904,0,0,1,Gleney Ortinericey,F,False
2892_01,Earth,False,G/469/P,PSO J318.5-22,3,False,0,0,0,0,0,Glena Coolerson,M,True
2892_02,Earth,True,G/469/P,55 Cancri e,12,False,0,0,0,0,0,Benry Gallenry,F,False
2892_03,Earth,True,G/469/P,55 Cancri e,0,False,0,0,0,0,0,Sharie Gallenry,M,True
2892_04,Earth,False,F/598/P,TRAPPIST-1e,29,False,0,1311,0,0,0,Kendre Coolerson,F,False
2892_05,Earth,False,G/469/P,TRAPPIST-1e,9,False,0,0,0,0,0,Wilmay Coolerson,M,False
2893_01,Earth,False,G/470/P,55 Cancri e,27,False,688,307,779,0,19,Verek Beasleyes,F,False
2894_01,Earth,False,F/599/P,PSO J318.5-22,24,False,0,0,443,244,1,Idace Hersons,M,False
2897_01,Earth,False,G/461/S,TRAPPIST-1e,38,False,1,0,288,0,556,Guye Meadoney,F,True
2899_01,Mars,False,F/600/P,TRAPPIST-1e,28,False,523,0,0,970,0,Monch Buth,M,False
2900_01,Mars,True,,TRAPPIST-1e,26,False,0,0,0,0,0,Corse Snoff,F,True
2901_01,Earth,False,F/601/P,TRAPPIST-1e,16,False,0,20,0,300,681,Jeanna Vandez,M,False
2901_02,Earth,False,F/601/P,PSO J318.5-22,24,False,,2,25,,707,Loisey Vandez,F,True
2902_01,Earth,False,G/471/P,TRAPPIST-1e,33,False,123,760,0,0,0,Lyney Merkins,M,False
2905_01,Earth,False,G/462/S,55 Cancri e,24,False,489,0,,0,0,Lloyde Parsoney,F,False
2906_01,Earth,False,G/463/S,,29,False,1,0,133,104,574,Margia Gainebergan,M,False
2907_01,Earth,False,F/552/S,TRAPPIST-1e,25,False,0,9,2005,0,5,Paulah Weavesend,F,True
2908_01,Earth,False,G/464/S,,0,False,0,0,0,0,0,Nica Berreranks,M,False
2908_02,,False,F/553/S,TRAPPIST-1e,13,False,649,2,0,124,143,Benda Berreranks,F,False
2909_01,Earth,True,G/473/P,55 Cancri e,7,False,0,0,0,0,0,Eddiey Polloantes,M,False
2910_01,Earth,False,F/602/P,PSO J318.5-22,32,False,0,0,736,0,0,Celis Bucknersony,F,False
2912_01,Mars,True,E/178/P,TRAPPIST-1e,34,False,0,0,0,0,0,Beeres Kine,M,False
2913_01,Mars,False,F/603/P,TRAPPIST-1e,49,False,21,25,1509,0,1042,Pefox Sau,F,False
2919_01,Mars,False,D/96/S,TRAPPIST-1e,43,False,13,2119,315,0,261,Slix Kra,M,True
2919_02,Mars,False,F/555/S,TRAPPIST-1e,0,False,0,0,0,0,0,Soyos Kra,F,True
2919_03,Mars,True,F/555/S,TRAPPIST-1e,6,False,,0,0,0,0,Stmeal Kra,M,True
2920_01,Earth,False,F/606/P,TRAPPIST-1e,23,False,0,179,569,0,0,Joelan Schwardson,F,True
2925_01,Mars,False,F/609/P,TRAPPIST-1e,43,False,336,11,796,15,0,Cines Minen,M,True
2925_02,Mars,True,F/609/P,55 Cancri e,23,False,0,0,0,0,0,Goleer Minen,F,True
2926_01,Mars,False,,TRAPPIST-1e,43,False,828,25,545,107,0,Kad Homin,M,False
2927_01,Mars,True,F/611/P,55 Cancri e,41,False,0,0,0,0,0,Caw Panad,F,True
2928_01,Europa,False,B/92/P,55 Cancri e,54,True,0,2062,2,19,1618,Menkibi Mander,M,False
2928_02,Europa,True,B/92/P,TRAPPIST-1e,51,False,0,0,,0,0,Photope Caltilter,F,True
2928_03,Europa,True,B/92/P,TRAPPIST-1e,44,False,0,0,0,0,0,Gluinol Mander,M,True
2929_01,Earth,True,G/467/S,PSO J318.5-22,48,False,0,0,0,0,0,Alancy Mcbritts,F,True
2930_01,Earth,False,G/474/P,TRAPPIST-1e,45,False,,9,0,857,16,Cary Mejiaddox,M,False
2934_01,Earth,False,F/557/S,PSO J318.5-22,20,False,0,689,0,0,0,Adriet Moodman,F,False
2935_01,Europa,False,T/2/P,TRAPPIST-1e,33,False,0,28,0,6841,543,,,False
2936_01,Earth,False,G/468/S,TRAPPIST-1e,21,False,15,30,11,2,388,Jimmyn Berreranks,F,False
2938_01,Europa,True,C/100/P,TRAPPIST-1e,68,False,0,0,0,0,0,Taban Aroodint,M,True
2940_01,Earth,False,F/615/P,PSO J318.5-22,23,False,5,308,363,7,0,Melica Casonston,F,True
2941_01,Earth,False,G/477/P,TRAPPIST-1e,16,,24,0,13,717,0,Coreee Beasleyes,M,False
2942_01,Earth,False,F/558/S,TRAPPIST-1e,35,False,198,44,97,30,510,Tany Watkinsley,F,False
2943_01,Earth,True,G/478/P,TRAPPIST-1e,22,False,0,0,0,0,0,Allene Belley,M,False
2944_01,Earth,False,F/559/S,TRAPPIST-1e,51,False,214,3,16,569,0,Min Nichoan,F,False
2944_02,Earth,False,G/469/S,PSO J318.5-22,2,False,,0,0,0,0,Ernard Nichoan,M,False
2944_03,Earth,True,G/469/S,55 Cancri e,29,False,0,0,0,0,0,Sta Nichoan,F,False
2944_04,Earth,False,G/469/S,TRAPPIST-1e,0,False,0,0,0,0,0,Terta Nichoan,M,True
2945_01,Earth,True,G/479/P,55 Cancri e,39,False,0,0,0,0,0,Jeanie Moodsey,F,True
2948_01,Europa,False,C/112/S,TRAPPIST-1e,55,False,0,1971,77,577,1050,Tabiton Prearright,M,True
2949_01,Earth,True,G/482/P,TRAPPIST-1e,22,False,0,0,0,,0,Florey Boltertley,F,False
2950_01,Earth,False,F/617/P,TRAPPIST-1e,20,False,310,0,374,0,5,Lawren Fielsenders,M,False
2953_01,,False,E/179/P,55 Cancri e,25,False,0,641,0,2,0,Eilan Solivers,F,True
2954_01,Earth,False,F/619/P,55 Cancri e,18,False,235,0,101,0,316,Karlie Gordanieves,M,True
2956_01,Earth,False,G/470/S,PSO J318.5-22,28,False,3,141,0,0,1689,Tonnie Houseson,F,False
2958_01,Earth,False,F/561/S,TRAPPIST-1e,26,False,1822,0,4,107,1204,Min Parrett,M,False
2959_01,Earth,False,F/620/P,PSO J318.5-22,28,False,1,0,933,614,0,,,False
2960_01,Earth,False,F/562/S,TRAPPIST-1e,54,False,,,0,0,0,Gracia Carterson,M,False
2961_01,Earth,False,F/621/P,TRAPPIST-1e,56,False,0,54,0,724,0,Evaned Kellynn,F,False
2962_01,Mars,False,E/180/P,TRAPPIST-1e,25,False,1228,0,132,0,0,Cints Backe,M,False
2964_01,Europa,False,A/35/S,TRAPPIST-1e,26,False,2050,8525,0,270,636,Izarfik Holiabler,F,False
2965_01,Earth,False,F/622/P,TRAPPIST-1e,14,False,0,0,709,258,3,Amandy Munozanson,M,False
2966_01,Earth,False,E/181/P,TRAPPIST-1e,21,False,2,417,323,0,84,Deaney Avisley,F,True
2968_01,Earth,True,G/485/P,TRAPPIST-1e,43,False,0,,0,0,0,Evendy Sosalinson,M,True
2969_01,Earth,False,G/486/P,,37,False,221,0,32,38,516,Russey Miley,F,False
2970_01,Earth,False,,TRAPPIST-1e,,False,740,82,6,,1,Dwin Adkinson,M,False
2971_01,Europa,False,T/3/P,TRAPPIST-1e,38,False,0,3135,0,26,3,Pent Sessiouse,F,True
2972_01,Earth,False,E/182/P,TRAPPIST-1e,14,False,0,1,1441,0,190,Danna Yorkland,M,True
2975_01,Earth,,F/564/S,PSO J318.5-22,20,False,0,0,585,0,10,Elanda Hermanapp,F,False
2979_01,Europa,False,B/93/P,TRAPPIST-1e,33,False,0,0,0,0,0,Sadirux Urablele,M,False
2982_01,Europa,True,B/111/S,55 Cancri e,33,False,0,0,0,0,0,Tarino Unrespery,F,True
2983_01,Earth,False,E/183/P,TRAPPIST-1e,13,False,0,0,31,0,810,Mamina Monsoney,M,True
2984_01,Europa,False,D/97/S,TRAPPIST-1e,37,False,0,210,0,4114,0,Teron Healted,F,False
2986_01,Mars,False,E/197/S,TRAPPIST-1e,15,False,5711,0,2516,0,1370,Swaffs Dutty,M,False
2988_01,Europa,False,A/36/S,55 Cancri e,33,False,396,1280,7,308,4941,Winon Cousel,F,False
2990_01,Earth,True,G/472/S,PSO J318.5-22,24,False,0,0,0,0,0,Gileen Vandez,M,True
2992_01,,False,F/570/S,PSO J318.5-22,49,False,0,,0,160,528,Dont Sterreray,F,False
2993_01,Earth,False,F/571/S,TRAPPIST-1e,24,False,1252,6,,123,706,Nelly Gordanieves,M,False
2994_01,Earth,False,E/198/S,TRAPPIST-1e,24,False,173,0,14,0,603,Carly Scottuez,F,False
2995_01,Europa,True,B/94/P,55 Cancri e,26,False,0,0,0,0,0,Minus Roforhauge,M,True
2995_02,Europa,True,B/94/P,55 Cancri e,40,False,0,0,0,0,0,Marinon Roforhauge,F,True
2996_01,Earth,False,F/626/P,55 Cancri e,31,False,0,611,2,4,22,,,False
2998_01,Europa,False,C/113/S,,47,False,0,5252,0,124,300,Dirfak Mosteraked,F,True
3000_01,Earth,False,F/627/P,TRAPPIST-1e,19,False,736,0,0,0,1,Therta Spencervan,M,False
3001_01,Europa,False,C/101/P,55 Cancri e,38,True,0,1577,0,425,4359,Phecca Shming,F,False
3001_02,Europa,False,C/101/P,55 Cancri e,33,False,0,1001,2280,,29,Dirfak Shming,M,True
3003_01,Europa,True,C/114/S,TRAPPIST-1e,45,False,0,0,0,0,0,Ankaan String,F,True
3004_01,Earth,True,G/473/S,TRAPPIST-1e,1,False,0,0,0,0,0,Card Clinantones,M,True
3004_02,Earth,False,F/572/S,TRAPPIST-1e,32,False,0,53,0,744,0,Tin Clinantones,F,False
3005_01,Mars,True,F/573/S,TRAPPIST-1e,70,False,0,0,0,0,0,Stmeal Fisun,M,True
3006_01,Earth,False,G/474/S,PSO J318.5-22,19,False,23,0,0,0,732,Race Wolferguson,F,False
3009_01,Mars,True,E/185/P,PSO J318.5-22,55,False,0,0,0,0,0,Blakes Chcak,M,True
3010_01,Europa,False,B/96/P,TRAPPIST-1e,48,False,0,8403,0,7627,83,Kraban Praugnox,F,False
3012_01,Earth,False,G/475/S,TRAPPIST-1e,66,False,1187,1,,6,0,Thony Bradlerson,M,False
3013_01,,False,F/629/P,TRAPPIST-1e,13,False,,256,0,207,409,Morrie Moongton,F,False
3014_01,Europa,False,C/115/S,55 Cancri e,40,False,82,1390,0,347,6237,Alduson Oilpuring,M,False
3015_01,Earth,False,E/199/S,TRAPPIST-1e,35,False,0,1438,0,112,74,Dord Pottley,F,True
3018_01,Earth,False,F/630/P,TRAPPIST-1e,32,False,0,49,2,639,0,Vanley Harry,M,False
3019_01,Mars,False,E/187/P,TRAPPIST-1e,51,False,1644,0,234,157,64,Yakers Peake,F,False
3020_01,Europa,False,B/112/S,TRAPPIST-1e,37,False,0,216,0,5391,3372,Tard Monfulewss,M,False
3021_01,Earth,False,G/476/S,TRAPPIST-1e,31,False,517,1,301,60,4,Deanny Spencervan,F,False
3021_02,Earth,False,F/574/S,TRAPPIST-1e,37,False,608,0,6,0,1637,Billey Spencervan,M,False
3022_01,Europa,False,C/102/P,TRAPPIST-1e,38,False,0,3331,270,2,3510,Ankab Speating,F,False
3022_02,Europa,False,C/102/P,55 Cancri e,19,False,0,329,0,3154,312,Hadirah Speating,M,False
3023_01,Mars,True,F/631/P,TRAPPIST-1e,33,False,0,0,0,0,0,Panter Blane,F,True
3024_01,Earth,False,F/632/P,TRAPPIST-1e,19,False,0,0,1752,187,0,Jord Barkeretton,M,True
3025_01,Earth,False,G/477/S,TRAPPIST-1e,31,False,2,788,0,128,9,,,True
3025_02,Earth,False,G/477/S,TRAPPIST-1e,43,False,45,8,0,607,44,Stald Fisheparks,M,False
3026_01,Earth,True,G/492/P,TRAPPIST-1e,22,False,0,0,0,0,0,Artis Gambs,F,False
3027_01,Earth,True,G/493/P,TRAPPIST-1e,24,False,0,0,0,0,0,Tracia Fitzgerson,M,False
3029_01,Europa,False,C/103/P,55 Cancri e,21,False,0,878,82,360,1784,Geno Disgul,F,False
3029_02,Europa,,C/103/P,TRAPPIST-1e,14,False,0,0,0,0,0,Charga Disgul,M,True
3030_01,Europa,False,B/97/P,55 Cancri e,30,False,728,2551,0,48,1804,Cellum Alaring,F,True
3030_02,Europa,True,B/97/P,TRAPPIST-1e,22,False,0,0,0,0,0,Wezena Alaring,M,True
3032_01,Earth,False,G/478/S,TRAPPIST-1e,11,False,0,0,0,0,0,Raque Wolfernan,F,False
3032_02,Earth,True,G/478/S,TRAPPIST-1e,4,False,0,0,0,0,0,Loresa Wolfernan,M,False
3032_03,Earth,False,G/478/S,TRAPPIST-1e,0,False,0,0,0,0,0,Andie Wolfernan,F,False
3032_04,Earth,False,F/575/S,TRAPPIST-1e,30,False,479,12,25,643,283,Ritany Wolfernan,M,False
3033_01,Earth,False,G/479/S,PSO J318.5-22,21,False,0,27,1181,0,513,Hardy Wagnerray,F,False
3034_01,Europa,False,,TRAPPIST-1e,40,False,0,0,0,0,0,Dscheat Noxnuther,M,False
3036_01,Earth,False,F/634/P,PSO J318.5-22,57,False,506,0,1,178,0,Penne Booneid,F,False
3038_01,Mars,False,F/576/S,TRAPPIST-1e,35,,1228,0,0,0,0,Cink Porté,M,False
3039_01,Europa,False,A/37/S,TRAPPIST-1e,32,False,0,0,0,0,0,Acraban Conamminal,F,False
3040_01,Mars,False,F/577/S,TRAPPIST-1e,32,False,2616,0,2,5,0,Nilly Purle,M,False
3042_01,Earth,False,F/578/S,TRAPPIST-1e,30,False,0,0,301,0,437,Maya Mejiaddox,F,False
3044_01,Earth,False,F/636/P,TRAPPIST-1e,69,False,577,139,0,0,0,Joyces Fowlesterez,M,False
3045_01,Earth,True,G/480/S,TRAPPIST-1e,21,False,0,0,0,0,0,Helean Hestes,F,False
3047_01,Mars,True,E/190/P,PSO J318.5-22,17,False,0,,0,0,0,Jack Quart,M,True
3047_02,Mars,False,E/190/P,TRAPPIST-1e,16,False,995,0,6,48,0,Wafros Quart,F,False
3048_01,Mars,True,E/200/S,TRAPPIST-1e,25,False,0,0,0,,0,Mitch Canie,M,False
3050_01,Europa,False,E/191/P,TRAPPIST-1e,25,False,1586,2342,947,1,276,Skatik Supred,F,True
3053_01,Europa,False,,55 Cancri e,52,False,0,2,0,10976,810,Ainor Fuelisent,M,False
3054_01,Earth,False,F/579/S,TRAPPIST-1e,13,False,578,77,0,306,5,Celis Bootez,F,False
3055_01,Earth,False,F/637/P,TRAPPIST-1e,37,False,1086,0,0,41,0,Inen Casentry,M,False
3060_01,Mars,False,F/581/S,TRAPPIST-1e,13,False,760,2,2,,0,Rowl Chman,F,False
3060_02,Mars,False,D/98/S,TRAPPIST-1e,45,False,3309,0,10,0,0,Duckes Chman,M,False
3060_03,Mars,,E/201/S,TRAPPIST-1e,55,False,0,0,0,0,0,Torms Chman,F,False
3061_01,Earth,False,F/638/P,TRAPPIST-1e,22,False,664,0,0,65,0,Mela Bakericks,M,False
3061_02,Earth,False,G/498/P,TRAPPIST-1e,39,False,0,0,0,1745,72,Ritey Hickley,F,False
3062_01,Mars,False,D/99/S,TRAPPIST-1e,35,False,741,0,31,0,36,Hion Frasp,M,False
3063_01,Earth,True,G/499/P,PSO J318.5-22,19,False,0,0,0,0,0,Jerrye Daughttley,F,True
3063_02,Earth,True,G/499/P,TRAPPIST-1e,7,False,0,0,0,0,0,Joana Daughttley,M,True
3063_03,Earth,False,E/192/P,TRAPPIST-1e,19,False,1,0,0,450,254,Elina Daughttley,F,False
3064_01,Earth,True,G/482/S,TRAPPIST-1e,21,False,0,0,0,0,0,Thewis Spencervan,M,True
3065_01,Europa,False,D/94/P,55 Cancri e,37,False,0,2065,1650,356,1,Solark Preeldy,F,True
3066_01,Earth,False,E/193/P,TRAPPIST-1e,35,False,1609,0,0,0,0,Felia Hortis,M,False
3067_01,Earth,True,G/483/S,TRAPPIST-1e,22,False,0,0,0,0,0,France Dicksons,F,True
3068_01,Earth,False,G/500/P,TRAPPIST-1e,62,False,379,453,0,7,0,Tyrona Mcfarley,M,False
3070_01,Earth,True,G/501/P,TRAPPIST-1e,41,False,0,0,0,0,0,Bel Haydenez,F,True
3071_01,Europa,True,B/113/S,TRAPPIST-1e,16,False,,0,0,0,0,Saiphda Cracionfic,M,True
3071_02,Europa,False,B/113/S,TRAPPIST-1e,26,False,0,,8,21,6023,Alballa Cracionfic,F,False
3073_01,Mars,True,F/640/P,TRAPPIST-1e,36,False,0,0,0,0,0,Krios Shbre,M,True
3076_01,Earth,True,G/502/P,PSO J318.5-22,,False,0,0,0,0,0,Jaimez Mcfaddenson,F,True
3079_01,Earth,False,F/642/P,55 Cancri e,22,False,35,0,36,581,0,Charly Booters,M,False
3080_01,Earth,False,F/584/S,TRAPPIST-1e,40,False,0,0,0,822,2,Florey Alldson,F,False
3081_01,Europa,False,C/118/S,55 Cancri e,50,False,0,1547,0,1784,1,Gollux Reedall,M,True
3081_02,Europa,True,C/118/S,TRAPPIST-1e,57,False,0,0,0,0,0,Sadirak Reedall,F,True
3082_01,Earth,False,G/503/P,PSO J318.5-22,15,False,1,30,1793,0,0,Kayd Wilkinner,M,True
3083_01,Europa,False,D/100/S,55 Cancri e,23,False,0,587,0,1497,1014,Antak Bootty,F,False
3084_01,Mars,True,D/101/S,55 Cancri e,60,False,0,0,0,0,0,Bakix Flell,M,True
3085_01,Earth,,G/504/P,TRAPPIST-1e,73,False,0,0,0,153,556,Coracy Briggins,F,False
3087_01,Earth,,G/505/P,TRAPPIST-1e,35,False,0,0,0,0,0,Chadie Flyncharlan,M,True
3088_01,Europa,False,A/25/P,TRAPPIST-1e,28,False,0,0,0,0,0,Dscha Dishearly,F,False
3090_01,Europa,False,B/115/S,TRAPPIST-1e,27,True,0,6013,0,820,31,Minoces Myling,M,True
3091_01,Europa,False,,TRAPPIST-1e,14,False,0,946,0,7860,384,Kitakan Wingcoling,F,False
3091_02,Europa,True,D/102/S,TRAPPIST-1e,26,False,,0,0,0,0,Shaiaz Wingcoling,M,True
3092_01,Earth,False,G/506/P,TRAPPIST-1e,22,False,,0,102,43,700,Stace Solivers,F,False
3093_01,Mars,False,E/194/P,55 Cancri e,22,False,2229,0,1349,121,0,Berk Terte,M,True
3095_01,Mars,False,F/585/S,PSO J318.5-22,71,False,924,1284,10,9,0,Aarjel Rhuba,F,False
3096_01,Mars,False,D/103/S,55 Cancri e,25,False,5,1,633,0,188,Seat Khaf,M,True
3099_01,Mars,True,E/203/S,TRAPPIST-1e,27,False,0,0,0,0,0,Chones Bine,F,True
3100_01,Earth,False,G/485/S,TRAPPIST-1e,1,False,0,0,0,0,0,Andrey Farmonrada,M,False
3100_02,Earth,False,F/586/S,TRAPPIST-1e,52,False,809,0,0,0,0,Jord Farmonrada,F,True
3100_03,Earth,True,G/485/S,TRAPPIST-1e,0,False,0,0,0,0,0,Gordo Farmonrada,M,True
3102_01,Europa,True,B/101/P,55 Cancri e,30,False,0,0,0,0,0,Tachba Mirinanty,F,True
3103_01,Europa,False,B/102/P,TRAPPIST-1e,52,True,0,7452,0,1158,7979,Aldibah Baleful,M,False
3104_01,Earth,False,G/507/P,TRAPPIST-1e,12,False,0,0,0,0,0,Shally Fowles,F,True
3104_02,Earth,True,G/507/P,TRAPPIST-1e,22,False,0,,0,0,0,Lorice Fowles,M,True
3110_01,Earth,False,G/509/P,TRAPPIST-1e,24,False,520,0,0,195,0,Dandra Joyneidez,F,True
3111_01,Mars,False,D/95/P,TRAPPIST-1e,22,False,1173,0,0,9,0,Goles Ramad,M,False
3112_01,Earth,True,G/488/S,PSO J318.5-22,15,,0,0,0,0,0,Billey Romason,F,False
3113_01,Mars,True,D/96/P,TRAPPIST-1e,21,False,,0,0,0,0,Sceros Lake,M,True
3113_02,Mars,True,D/96/P,55 Cancri e,56,False,0,0,0,0,0,Eloos Lake,F,True
3114_01,Mars,False,D/97/P,TRAPPIST-1e,50,False,1598,0,155,26,0,Yapich Sad,M,False
3116_01,Earth,False,F/645/P,TRAPPIST-1e,20,False,127,0,656,0,21,Jaye Mcguirez,F,False
3117_01,Earth,False,F/646/P,TRAPPIST-1e,32,False,0,0,47,857,23,,,False
3118_01,Earth,True,G/510/P,TRAPPIST-1e,28,False,0,0,0,0,0,Sus Coolez,F,False
3119_01,Earth,False,G/490/S,TRAPPIST-1e,74,False,571,0,0,277,0,Jorgie Hamberterry,M,False
3120_01,Mars,True,E/204/S,TRAPPIST-1e,25,False,0,0,0,0,0,Rionk Rhuba,F,True
3120_02,Mars,False,E/204/S,TRAPPIST-1e,31,False,691,3,68,286,0,Aps Rhuba,M,False
3121_01,Earth,True,G/491/S,PSO J318.5-22,6,False,0,0,0,0,0,Trice Moreman,F,True
3123_01,Earth,True,G/511/P,,17,False,0,0,0,0,0,Derina Prinson,M,True
3124_01,Mars,True,F/648/P,TRAPPIST-1e,12,False,0,0,0,0,0,Stax Hapie,F,True
3124_02,Mars,False,F/648/P,TRAPPIST-1e,47,False,1130,8,299,0,0,Gech Hapie,M,True
3124_03,Mars,True,F/648/P,TRAPPIST-1e,46,False,0,0,0,0,0,Wal Hapie,F,True
3126_01,Europa,False,B/116/S,55 Cancri e,31,False,139,4018,13,232,1140,Zedares Foraud,M,True
3126_02,Europa,False,B/116/S,TRAPPIST-1e,36,False,0,0,0,0,0,Okulas Foraud,F,True
3128_01,Earth,False,G/512/P,55 Cancri e,15,False,62,57,2646,1104,312,Heila Gordond,M,False
3130_01,Mars,False,F/588/S,TRAPPIST-1e,38,False,886,0,618,0,0,Mall Frasp,F,False
3131_01,Earth,True,G/492/S,55 Cancri e,48,False,0,0,0,0,0,Salley Mckinn,M,True
3131_02,Earth,True,G/492/S,TRAPPIST-1e,21,False,0,0,0,0,0,Hardy Griffy,F,True
3131_03,,True,G/492/S,TRAPPIST-1e,4,False,0,0,0,0,0,Jamela Griffy,M,True
3132_01,Mars,True,F/649/P,TRAPPIST-1e,31,False,0,0,0,0,0,Sce Meake,F,True
3133_01,Earth,False,G/513/P,PSO J318.5-22,31,False,0,140,394,0,0,Aliey Chanash,M,False
3134_01,Europa,False,C/119/S,PSO J318.5-22,62,True,0,4513,0,85,1437,Enifik Clughted,F,True
3136_01,Earth,True,G/514/P,TRAPPIST-1e,29,False,0,0,0,0,0,Feline Mcneiderson,M,True
3138_01,Earth,False,,TRAPPIST-1e,30,False,0,4,1604,678,1681,Therie Stephendsey,F,False
3140_01,Mars,False,E/206/S,TRAPPIST-1e,26,False,912,0,43,0,0,Eang Dan,M,False
3142_01,Mars,False,F/591/S,TRAPPIST-1e,43,False,33,1117,59,0,16,Backse Cla,F,False
3142_02,Mars,False,F/591/S,TRAPPIST-1e,32,False,1087,0,71,0,0,Fres Cla,M,False
3143_01,Mars,True,F/592/S,55 Cancri e,24,False,0,0,0,0,,Dous Blane,F,True
3145_01,Mars,True,F/652/P,TRAPPIST-1e,49,False,0,0,0,0,0,Spies Gency,M,True
3147_01,Earth,False,F/594/S,TRAPPIST-1e,21,False,17,427,31,257,0,Colle Steinardson,F,True
3149_01,Earth,False,G/494/S,TRAPPIST-1e,18,False,0,730,79,0,,Natha Portananney,M,True
3149_02,Earth,True,G/494/S,TRAPPIST-1e,18,False,0,0,0,0,0,Katen Portananney,F,True
3152_01,Earth,True,G/496/S,TRAPPIST-1e,14,False,0,0,0,0,0,Therek Greeves,M,False
3158_01,Mars,False,D/100/P,TRAPPIST-1e,21,False,1507,,3,2,1196,Pech Banie,F,False
3159_01,Mars,True,F/654/P,55 Cancri e,25,False,0,0,0,0,0,Eggers Melte,M,True
3161_01,Europa,False,E/208/S,55 Cancri e,56,False,0,323,971,58,4240,Batan Roustorly,F,False
3162_01,Earth,False,G/500/S,TRAPPIST-1e,0,False,0,0,0,0,0,Diandi Kellyons,M,True
3162_02,Earth,False,F/596/S,TRAPPIST-1e,55,False,0,0,5,0,2409,Robyny Simonson,F,False
3162_03,Earth,True,G/500/S,TRAPPIST-1e,14,False,0,0,0,0,0,Beula Simonson,M,False
3163_01,Mars,False,F/656/P,TRAPPIST-1e,13,False,1007,0,142,295,0,Crin Vlart,F,False
3163_02,Mars,,F/656/P,55 Cancri e,43,False,4,0,1834,1,66,Hammet Vlart,M,False
3164_01,Earth,True,G/516/P,TRAPPIST-1e,39,,0,0,0,0,0,Berty Crayeson,F,False
3166_01,Mars,True,F/657/P,TRAPPIST-1e,,False,,0,0,0,0,Morms Cheen,M,True
3168_01,Earth,False,F/658/P,TRAPPIST-1e,24,False,0,7,548,4,0,Jaimez Peckerson,F,True
3169_01,Earth,False,F/598/S,TRAPPIST-1e,26,False,207,350,74,0,3,Lyn Leblanchez,M,True
3171_01,Earth,True,G/502/S,55 Cancri e,22,False,0,0,0,0,0,Letty Wellenez,F,True
3172_01,,False,F/659/P,TRAPPIST-1e,26,False,0,0,1352,5,0,Allena Sellahaney,M,False
3174_01,Mars,False,D/101/P,,19,False,155,0,1632,3,0,Berios Homin,F,True
3174_02,Mars,True,F/660/P,TRAPPIST-1e,38,False,0,0,0,0,0,Life Homin,M,True
3175_01,Europa,True,B/104/P,55 Cancri e,38,False,0,0,0,0,0,Altardr Mosteraked,F,True
3176_01,Europa,False,E/196/P,TRAPPIST-1e,77,False,0,9032,0,128,1464,Ankalik Nateansive,M,True
3179_01,Earth,False,F/599/S,55 Cancri e,28,False,2840,0,0,0,0,Therie Saley,F,False
3180_01,Earth,False,F/663/P,TRAPPIST-1e,22,False,,1,379,0,336,Hery Lewinez,M,False
3181_01,Earth,False,E/197/P,TRAPPIST-1e,20,False,4,353,193,241,0,Tanley Gregordy,F,False
3182_01,Earth,False,F/600/S,TRAPPIST-1e,18,False,0,0,699,0,0,Herita Welltonces,M,True
3184_01,Europa,False,B/117/S,55 Cancri e,10,False,0,0,0,0,0,Arkard Sechausive,F,True
3184_02,Europa,True,B/117/S,55 Cancri e,34,False,0,0,0,0,0,Tarmus Sechausive,M,True
3185_01,Earth,False,F/601/S,TRAPPIST-1e,43,False,0,788,0,0,1191,Carley Gardonadox,F,False
3188_01,Mars,True,E/209/S,55 Cancri e,31,False,0,0,0,0,0,Mass Reau,M,False
3189_01,Mars,True,D/102/P,55 Cancri e,40,False,0,0,0,0,0,Weers Che,F,True
3189_02,Mars,,D/102/P,TRAPPIST-1e,25,False,1299,0,0,0,0,Womel Che,M,False
3191_01,Mars,True,F/603/S,TRAPPIST-1e,68,False,0,0,0,0,0,Fex Sin,F,True
3192_01,Earth,False,F/665/P,TRAPPIST-1e,20,False,0,0,147,,0,Dorie Brenney,M,False
3193_01,Mars,False,F/666/P,TRAPPIST-1e,27,True,309,,849,0,0,Golve Mushe,F,True
3195_01,Earth,False,G/505/S,TRAPPIST-1e,1,False,0,0,0,0,0,Rald Litthews,M,False
3195_02,Earth,False,G/505/S,PSO J318.5-22,60,False,0,31,6,223,356,Fredy Litthews,F,False
3195_03,Earth,False,G/505/S,55 Cancri e,28,False,0,0,675,31,0,Fery Litthews,M,True
3195_04,Earth,False,G/505/S,PSO J318.5-22,11,False,0,0,0,0,0,Ralda Litthews,F,False
3195_05,Earth,False,,55 Cancri e,0,False,0,0,0,0,0,Allena Litthews,M,False
3195_06,Earth,True,G/505/S,TRAPPIST-1e,9,False,0,0,0,0,0,Violan Litthews,F,False
3196_01,Mars,False,F/667/P,TRAPPIST-1e,38,False,1046,0,1553,0,0,Flats Chate,M,False
3197_01,Earth,False,F/668/P,55 Cancri e,18,False,0,0,,588,0,Molley Ryanga,F,False
3200_01,Earth,False,F/669/P,TRAPPIST-1e,40,False,4,11,669,0,773,Brie Flynney,M,False
3201_01,Earth,False,F/670/P,TRAPPIST-1e,21,False,330,11,0,0,398,Lynez Mcfaddoxter,F,False
3203_01,Earth,True,G/506/S,TRAPPIST-1e,24,False,0,0,0,0,0,Karley Hopez,M,False
3204_01,Europa,False,A/27/P,TRAPPIST-1e,26,False,,1653,7,227,1457,Sadra Wirdley,F,False
3204_02,Europa,False,A/27/P,TRAPPIST-1e,47,False,3865,3810,0,12,196,Alphah Wirdley,M,False
3204_03,Europa,False,A/27/P,TRAPPIST-1e,46,False,0,131,,8873,469,Matan Wirdley,F,False
3205_01,Earth,True,G/507/S,55 Cancri e,55,False,0,0,0,0,0,Denny Dotsondez,M,True
3206_01,Earth,False,G/520/P,TRAPPIST-1e,50,False,293,0,21,573,0,Gwenda Gainebergan,F,False
3209_01,Mars,True,F/672/P,TRAPPIST-1e,10,False,0,0,0,0,0,Ech Nutca,M,True
3210_01,Europa,False,E/211/S,55 Cancri e,17,False,454,19,0,,3219,Charda Heeroling,F,False
3210_02,Europa,False,E/211/S,55 Cancri e,20,False,11,596,0,3583,266,Aldun Clugeadry,M,False
3210_03,Europa,False,E/211/S,TRAPPIST-1e,37,False,76,2804,0,1287,1229,Axionif Heeroling,F,False
3211_01,Earth,False,F/673/P,TRAPPIST-1e,24,False,11,0,9,2645,2,Stal Baldson,M,False
3211_02,Earth,False,G/521/P,55 Cancri e,43,False,511,233,,0,144,Maura Baldson,F,False
3211_03,Earth,False,G/521/P,TRAPPIST-1e,0,False,0,0,0,0,0,Dianya Baldson,M,False
3212_01,Earth,False,E/212/S,TRAPPIST-1e,24,False,180,264,0,1225,0,Philia Bellarkerd,F,False
3213_01,Mars,False,D/103/P,TRAPPIST-1e,22,False,715,0,726,325,0,Lucan Surry,M,False
3215_01,,True,G/508/S,TRAPPIST-1e,14,False,0,0,0,0,0,Gretty Warrison,F,True
3216_01,Earth,True,G/509/S,TRAPPIST-1e,3,False,0,0,0,0,0,Eristy Haydenzier,M,True
3216_02,Earth,True,G/509/S,55 Cancri e,22,False,0,0,0,0,0,Jennyn Haydenzier,F,True
3216_03,Earth,False,E/213/S,TRAPPIST-1e,23,False,0,1573,0,36,0,Inerry Haydenzier,M,True
3217_01,Mars,False,E/198/P,TRAPPIST-1e,56,False,324,574,116,0,0,Minies Dan,F,False
3218_01,Earth,False,F/606/S,TRAPPIST-1e,36,False,5,623,88,5,1,Derine Bardinard,M,True
3218_02,Earth,False,F/606/S,55 Cancri e,58,False,52,0,5,517,0,Lonna Bardinard,F,False
3218_03,Earth,False,G/510/S,TRAPPIST-1e,1,False,0,0,0,0,0,Wena Bardinard,M,False
3219_01,Mars,True,E/214/S,TRAPPIST-1e,39,False,0,0,0,0,0,Vuls Paska,F,False
3220_01,Earth,False,G/522/P,TRAPPIST-1e,33,False,0,0,75,709,0,Jeane Meyerthy,M,False
3221_01,Earth,False,G/511/S,PSO J318.5-22,19,False,0,0,616,0,0,Brinez Meadoney,F,False
3223_01,Earth,False,G/523/P,TRAPPIST-1e,,False,16,0,799,0,37,Elany Prickmantes,M,False
3224_01,Earth,,F/607/S,TRAPPIST-1e,33,False,0,950,0,102,0,Ellie Fredersend,F,True
3225_01,Europa,True,C/120/S,55 Cancri e,17,False,0,0,0,0,0,Minoton Surind,M,True
3225_02,Europa,False,C/120/S,TRAPPIST-1e,28,False,0,3281,0,68,341,Bosoneb Surind,F,True
3227_01,Earth,False,G/513/S,TRAPPIST-1e,21,False,63,15,407,397,0,Eila Chardst,M,False
3229_01,Europa,False,B/118/S,TRAPPIST-1e,45,False,3,2344,1100,498,0,Aino Chpeng,F,True
3230_01,Mars,True,F/674/P,TRAPPIST-1e,62,False,0,0,0,0,0,Healls Sache,M,True
3232_01,Mars,True,F/609/S,TRAPPIST-1e,43,False,0,0,0,0,0,Munda Burte,F,True
3235_01,Earth,False,F/610/S,TRAPPIST-1e,27,False,158,0,1271,0,71,Stancy Shieldson,M,False
3236_01,Earth,True,G/524/P,55 Cancri e,1,False,0,0,0,0,0,Garyan Woody,F,True
3236_02,Earth,False,F/676/P,TRAPPIST-1e,31,False,593,540,238,0,77,Carlen Woody,M,False
3236_03,Earth,False,E/200/P,TRAPPIST-1e,18,False,0,30,0,756,5,Anton Woody,F,False
3237_01,Mars,False,D/104/P,TRAPPIST-1e,21,False,1097,0,80,589,0,Graw Lapie,M,False
3237_02,Mars,False,F/677/P,TRAPPIST-1e,7,False,0,0,0,0,0,Chrets Lapie,F,True
3237_03,Mars,False,D/104/P,TRAPPIST-1e,22,False,2646,0,599,117,0,Mon Lapie,M,False
3238_01,Mars,True,E/215/S,TRAPPIST-1e,26,False,0,0,0,0,0,Walles Reste,F,False
3239_01,Earth,True,G/515/S,TRAPPIST-1e,30,False,0,0,0,0,0,Stanya Bookerson,M,True
3240_01,Earth,False,E/216/S,TRAPPIST-1e,17,False,0,382,402,0,7,Sonnie Vinozarks,F,False
3241_01,Earth,True,G/525/P,TRAPPIST-1e,,False,0,0,0,0,0,Benny Hickley,M,False
3243_01,Earth,False,G/516/S,55 Cancri e,10,False,0,,0,0,,Tonald Hermanapp,F,False
3247_01,Earth,False,E/202/P,TRAPPIST-1e,25,False,764,16,0,8,0,Harvin Malliamsey,M,False
3248_01,Earth,False,G/526/P,TRAPPIST-1e,21,False,0,,0,0,0,Rice Baldens,F,False
3252_01,Earth,False,F/613/S,55 Cancri e,53,False,8,0,236,0,2049,Dwin Melez,M,False
3253_01,Earth,False,G/528/P,TRAPPIST-1e,21,False,0,0,687,46,20,Lardy Thorney,F,False
3254_01,Europa,False,C/121/S,TRAPPIST-1e,28,False,0,3315,0,594,85,Alphein Igmable,M,True
3255_01,Earth,True,G/517/S,PSO J318.5-22,20,False,0,0,0,0,0,Fayel Morandry,F,True
3256_01,Europa,True,E/217/S,55 Cancri e,54,False,0,0,0,0,0,Ashird Myling,M,True
3258_01,Earth,True,G/529/P,TRAPPIST-1e,9,False,0,0,0,0,0,Genee Waltonnedy,F,False
3259_01,Earth,False,G/530/P,TRAPPIST-1e,20,False,508,0,1,1372,0,Des Tranciams,M,False
3260_01,Earth,False,F/615/S,,19,False,0,165,0,699,0,Dell Canton,F,False
3262_01,Earth,False,F/681/P,TRAPPIST-1e,32,False,0,632,0,0,0,Jodia Pottmanley,M,False
3268_01,Mars,False,E/219/S,TRAPPIST-1e,22,False,0,0,0,0,0,Rosts Ses,F,False
3269_01,Europa,False,C/122/S,55 Cancri e,35,False,74,5082,0,893,1937,Terion Spistory,M,True
3270_01,Earth,False,G/531/P,TRAPPIST-1e,26,False,0,56,322,6,243,Thell Klindsey,F,True
3271_01,Earth,True,G/532/P,TRAPPIST-1e,51,False,0,0,0,0,0,Florey Micknightt,M,False
3271_02,Earth,False,G/532/P,55 Cancri e,8,False,0,0,0,0,0,Alley Micknightt,F,True
3272_01,Earth,,G/518/S,TRAPPIST-1e,40,False,0,0,895,0,0,Clarry Kellynn,M,True
3272_02,Earth,True,G/518/S,55 Cancri e,2,False,0,0,0,0,0,Eilan Kellynn,F,True
3273_01,Earth,True,G/519/S,PSO J318.5-22,19,False,0,0,0,0,0,Lonnez Wilkinner,M,False
3274_01,Earth,True,G/533/P,TRAPPIST-1e,32,False,0,0,0,0,0,Dwigh Hahnstoneal,F,True
3274_02,Earth,False,G/533/P,55 Cancri e,16,False,1612,4,0,184,0,Sallyl Hahnstoneal,M,False
3274_03,Earth,False,G/533/P,TRAPPIST-1e,64,,0,0,16,733,159,Annaha Hahnstoneal,F,False
3275_01,Earth,False,F/617/S,55 Cancri e,35,False,256,0,341,35,0,Darley Gibbsonton,M,True
3276_01,Europa,False,A/29/P,TRAPPIST-1e,33,False,20,653,0,121,483,Prope Wirdley,F,False
3279_01,Europa,False,C/123/S,55 Cancri e,9,False,0,0,0,0,0,Mard Whifounrew,M,True
3279_02,Europa,True,C/123/S,TRAPPIST-1e,21,False,0,0,0,,0,Grafik Whifounrew,F,True
3279_03,Europa,True,C/123/S,TRAPPIST-1e,28,False,0,0,0,0,0,Antinon Whifounrew,M,True
3279_04,Europa,True,C/123/S,TRAPPIST-1e,28,False,0,0,0,0,0,Kabiak Whifounrew,F,True
3280_01,Earth,True,G/534/P,PSO J318.5-22,31,False,0,0,0,0,0,Idace Ricks,M,True
3280_02,Earth,False,F/684/P,55 Cancri e,32,False,1150,201,0,0,8,Lilly Ricks,F,False
3282_01,Europa,True,B/120/S,55 Cancri e,43,False,0,0,0,0,0,Nasl Prighty,M,True
3282_02,Europa,True,B/120/S,TRAPPIST-1e,60,,0,0,0,0,0,Alzird Prighty,F,True
3282_03,Europa,False,B/120/S,TRAPPIST-1e,43,False,0,1440,0,85,150,Sheratz Prighty,M,True
3283_01,Earth,False,F/619/S,TRAPPIST-1e,43,False,0,16,34,753,1,,,False
3283_02,Earth,False,F/619/S,TRAPPIST-1e,19,False,64,0,453,174,6,Allyn Horthy,M,False
3283_03,Earth,False,G/521/S,TRAPPIST-1e,21,False,0,0,0,646,138,Byront Strongers,F,False
3283_04,Earth,False,G/521/S,TRAPPIST-1e,38,False,0,0,0,846,0,Brank Hoopez,M,False
3284_01,Earth,True,G/535/P,PSO J318.5-22,17,False,0,0,0,0,0,Kaye Holsen,F,True
3284_02,Earth,True,G/535/P,PSO J318.5-22,29,False,0,0,0,0,0,Olgary Holsen,M,True
3287_01,Earth,False,G/522/S,PSO J318.5-22,2,False,,0,0,0,0,Jeron Carlsonney,F,True
3287_02,Earth,False,,TRAPPIST-1e,22,False,718,2,50,0,0,Jerrye Carlsonney,M,True
3287_03,Earth,False,F/621/S,55 Cancri e,18,False,0,,14,625,0,Therie Carlsonney,F,False
3289_01,Earth,True,G/536/P,TRAPPIST-1e,16,False,0,0,0,0,0,Jaye Whitez,M,True
3292_01,Europa,True,B/121/S,TRAPPIST-1e,52,False,0,0,0,0,0,Sarino Dianket,F,True
3292_02,Europa,False,,55 Cancri e,52,False,13,6074,0,10385,299,Auvab Dianket,M,False
3292_03,Europa,True,B/121/S,55 Cancri e,14,False,,0,0,,0,Coxak Brakepined,F,True
3292_04,Europa,False,B/121/S,TRAPPIST-1e,25,True,0,0,0,0,0,Acruxon Discuous,M,True
3292_05,Europa,True,B/121/S,TRAPPIST-1e,34,False,0,0,0,0,0,Golaron Dianket,F,True
3293_01,Mars,False,F/623/S,TRAPPIST-1e,20,False,915,12,25,205,311,Wings Part,M,True
3294_01,Earth,True,G/537/P,PSO J318.5-22,28,False,0,0,0,0,0,Shard Georgasey,F,True
3294_02,Earth,True,G/537/P,TRAPPIST-1e,,False,0,0,0,0,0,Elinda Georgasey,M,False
3295_01,Earth,False,G/538/P,55 Cancri e,20,False,2598,927,0,866,2,Nancey Horndley,F,False
3296_01,Earth,False,F/624/S,55 Cancri e,44,False,632,0,101,5,0,Ginia Villenson,M,True
3297_01,Earth,False,F/686/P,TRAPPIST-1e,64,False,313,782,8,0,0,Trick Carlsonney,F,False
3298_01,Earth,False,F/687/P,,27,False,0,0,775,127,0,Jeanny Fowles,M,True
3299_01,Earth,,G/524/S,TRAPPIST-1e,24,False,0,0,0,0,0,Verney Dillestron,F,False
3300_01,Mars,True,F/688/P,,38,False,0,0,0,0,0,Fis Fla,M,True
3300_02,Mars,False,F/688/P,TRAPPIST-1e,47,False,378,0,117,1147,132,Quan Fla,F,False
3301_01,Earth,True,G/525/S,55 Cancri e,8,False,0,0,0,0,0,Tyle Domington,M,True
3301_02,Earth,False,G/525/S,TRAPPIST-1e,1,False,0,0,0,0,0,Tonald Domington,F,True
3301_03,Earth,False,G/525/S,55 Cancri e,0,False,0,0,0,0,0,Yolace Domington,M,True
3301_04,Earth,,G/525/S,TRAPPIST-1e,20,False,0,0,0,0,0,Lulah Domington,F,True
3304_01,Europa,True,D/105/P,TRAPPIST-1e,41,False,0,0,0,0,0,Ashelik Drayfulery,M,True
3305_01,Mars,True,D/106/P,TRAPPIST-1e,35,False,0,0,0,0,0,Swink Jaff,F,False
3305_02,Mars,False,D/106/P,55 Cancri e,31,False,1065,13,150,36,0,Vivers Jaff,M,False
3308_01,Earth,False,F/690/P,PSO J318.5-22,14,False,0,43,504,125,0,Rice Patthews,F,False
3309_01,Earth,False,G/539/P,TRAPPIST-1e,25,False,0,0,762,0,50,Rosiey Wellenez,M,False
3310_01,Europa,True,D/107/P,TRAPPIST-1e,26,False,0,0,0,0,0,Grafik Bagint,F,True
3311_01,Europa,False,E/221/S,TRAPPIST-1e,26,False,0,1638,0,476,226,Neutrin Alenter,M,False
3312_01,Europa,False,E/203/P,TRAPPIST-1e,30,False,0,1076,0,3725,9,Alathim Waring,F,False
3313_01,Europa,True,B/122/S,55 Cancri e,49,False,0,0,0,0,0,Maasyma Cientteng,M,True
3314_01,Earth,False,F/626/S,TRAPPIST-1e,19,False,260,0,238,139,8,Maurie Hornettoney,F,False
3315_01,Earth,,F/627/S,TRAPPIST-1e,15,False,10,0,99,,2031,,,False
3317_01,Earth,False,G/540/P,TRAPPIST-1e,27,False,0,0,0,0,1765,Pamont Scottney,F,False
3318_01,Europa,False,B/123/S,TRAPPIST-1e,39,False,0,957,0,22,401,Acrabih Openduave,M,True
3318_02,Europa,True,B/123/S,55 Cancri e,32,False,0,0,0,0,0,Azhab Openduave,F,True
3318_03,Europa,False,B/123/S,TRAPPIST-1e,11,False,0,0,0,0,0,Altara Openduave,M,True
3318_04,Europa,True,B/123/S,,44,False,,0,0,0,0,Diskeh Openduave,F,True
3318_05,Europa,True,B/123/S,TRAPPIST-1e,36,False,0,0,0,0,0,Betenar Openduave,M,True
3319_01,Earth,False,G/541/P,TRAPPIST-1e,56,False,0,335,532,15,26,Line Wolfaddox,F,False
3322_01,Earth,True,G/542/P,TRAPPIST-1e,42,False,0,0,0,0,0,Man Philliames,M,True
3323_01,Europa,True,C/110/P,55 Cancri e,40,False,0,0,0,0,0,Shellum Fliblerolt,F,True
3323_02,Europa,True,C/110/P,55 Cancri e,53,False,0,0,0,0,0,Jihoton Fliblerolt,M,True
3324_01,Mars,True,F/630/S,TRAPPIST-1e,31,False,0,0,0,0,0,Yalmon Buche,F,True
3324_02,Mars,True,F/630/S,TRAPPIST-1e,14,False,0,0,0,0,0,Guink Buche,M,True
3325_01,Earth,True,G/543/P,PSO J318.5-22,31,False,0,0,0,0,0,Blanda Fitzgerson,F,True
3326_01,Earth,False,E/222/S,TRAPPIST-1e,42,False,0,,1519,0,4,Bretty Llobsoney,M,False
3327_01,Earth,False,G/528/S,TRAPPIST-1e,32,False,0,0,0,0,772,Erice Noelan,F,False
3328_01,Earth,False,F/691/P,TRAPPIST-1e,34,False,578,0,0,0,323,Rena Yorkland,M,False
3329_01,Earth,True,G/544/P,TRAPPIST-1e,55,False,0,0,0,0,0,Lorie Krampbelles,F,True
3330_01,Mars,False,F/692/P,TRAPPIST-1e,42,False,1633,0,29,4,102,Hits Sin,M,False
3331_01,,False,F/631/S,TRAPPIST-1e,40,False,666,4,83,0,50,,,True
3332_01,Mars,False,D/107/S,55 Cancri e,48,,824,2,830,298,0,Blat Flité,M,False
3332_02,Mars,True,D/107/S,TRAPPIST-1e,37,False,0,0,0,0,0,Plat Flate,F,True
3332_03,Mars,True,D/107/S,55 Cancri e,17,False,0,0,0,0,0,Kadown Flate,M,True
3336_01,Mars,True,F/693/P,TRAPPIST-1e,60,False,0,0,0,0,0,Heat Tirt,F,True
3337_01,Europa,True,B/125/S,55 Cancri e,19,False,0,0,0,0,0,Stra Boltund,M,True
3337_02,Europa,False,B/125/S,TRAPPIST-1e,30,False,0,180,90,7740,142,Auvair Resspeding,F,False
3337_03,Europa,False,B/125/S,TRAPPIST-1e,32,False,0,0,7,3653,226,Mesarix Boltund,M,False
3338_01,Earth,True,G/546/P,PSO J318.5-22,28,False,0,0,0,0,0,Melvia Pentss,F,True
3339_01,Earth,True,G/530/S,TRAPPIST-1e,26,False,0,0,,0,0,Coreee Mondsey,M,False
3342_01,Earth,True,G/531/S,TRAPPIST-1e,24,False,0,0,0,0,0,Jordy Hayder,F,True
3343_01,Earth,True,G/532/S,55 Cancri e,47,False,0,0,0,0,0,Ollip Swanardy,M,False
3348_01,Earth,False,E/225/S,TRAPPIST-1e,32,False,180,25,584,0,0,Julies Bradlerson,F,False
3349_01,Europa,True,C/111/P,TRAPPIST-1e,73,True,0,0,0,,0,Sargin Brakeril,M,True
3350_01,Earth,False,F/633/S,TRAPPIST-1e,17,False,3,2126,0,0,0,Dianya Josey,F,True
3352_01,Earth,True,G/547/P,PSO J318.5-22,47,False,0,0,0,0,0,Kelle Hickson,M,False
3353_01,Europa,False,C/125/S,TRAPPIST-1e,,False,0,216,191,12062,59,Toperon Reming,F,False
3353_02,Europa,True,C/125/S,55 Cancri e,13,False,0,0,0,0,0,Bellah Reming,M,True
3353_03,Europa,False,C/125/S,TRAPPIST-1e,22,False,0,5,0,12,6111,Taurion Reming,F,False
3353_04,Europa,False,C/125/S,TRAPPIST-1e,61,False,0,4082,0,265,201,Almelik Conable,M,True
3353_05,Europa,False,C/125/S,55 Cancri e,19,False,0,4494,0,11,3460,Ankaan Reming,F,True
3353_06,Europa,False,C/125/S,TRAPPIST-1e,45,False,0,1897,0,880,605,Hamelik Reming,M,True
3357_01,Earth,True,G/535/S,PSO J318.5-22,18,False,0,0,0,0,0,Kerrie Pollarkeeks,F,False
3359_01,Earth,False,G/536/S,TRAPPIST-1e,32,False,0,810,0,0,2,Essara Sweene,M,False
3360_01,Europa,False,A/30/P,TRAPPIST-1e,52,True,0,1429,0,1371,488,Izares Brailidy,F,True
3361_01,Mars,True,F/635/S,TRAPPIST-1e,25,False,0,0,0,0,0,Ming Sinda,M,True
3361_02,Mars,True,F/635/S,TRAPPIST-1e,9,False,0,0,0,0,0,Bet Sinda,F,True
3361_03,Mars,True,F/635/S,TRAPPIST-1e,18,False,0,0,0,0,0,Bakix Razo,M,True
3361_04,,False,D/108/S,PSO J318.5-22,26,False,717,0,84,0,0,Blers Sinda,F,False
3363_01,Earth,False,E/205/P,TRAPPIST-1e,20,False,1,52,533,0,1022,Caseya Leeves,M,False
3363_02,Earth,False,G/550/P,TRAPPIST-1e,6,False,0,0,0,0,0,Elene Huffy,F,True
3363_03,Earth,False,G/550/P,PSO J318.5-22,5,False,0,0,0,0,0,Stelly Leeves,M,False
3364_01,Europa,False,A/31/P,55 Cancri e,40,False,0,372,7,5,1467,Zinon Oilloody,F,False
3365_01,Earth,True,G/537/S,PSO J318.5-22,20,False,0,0,0,0,0,Jacki Oneiles,M,True
3370_01,Mars,False,D/109/S,TRAPPIST-1e,18,False,2532,0,46,0,0,Par Port,F,False
3371_01,Earth,False,F/694/P,TRAPPIST-1e,42,False,0,3,0,898,1,Marix Birds,M,False
3372_01,Earth,True,G/551/P,PSO J318.5-22,14,False,0,0,0,0,0,Blance Englence,F,True
3377_01,Mars,True,F/638/S,TRAPPIST-1e,33,False,0,0,0,0,0,Ran Merie,M,True
3380_01,Earth,False,F/696/P,55 Cancri e,23,False,664,17,0,0,,Stalie Arner,F,False
3381_01,Earth,True,G/539/S,TRAPPIST-1e,35,False,0,0,0,0,0,Blanie Milton,M,False
3382_01,Earth,False,F/697/P,PSO J318.5-22,53,False,2,18,705,0,1,Jodia Rossey,F,False
3382_02,Earth,True,G/553/P,TRAPPIST-1e,56,False,0,0,0,0,0,Molley Rossey,M,True
3383_01,Earth,False,F/698/P,55 Cancri e,35,False,1,0,37,719,0,Benry Farleyatton,F,False
3384_01,Earth,False,F/699/P,TRAPPIST-1e,18,False,1,56,0,602,205,Harlen Gilesonston,M,False
3384_02,Earth,False,E/207/P,TRAPPIST-1e,25,False,106,46,,0,843,Keithy Pettyreeman,F,False
3384_03,Earth,True,G/554/P,55 Cancri e,20,False,0,0,0,0,0,Lyney Pettyreeman,M,True
3386_01,Mars,True,F/641/S,TRAPPIST-1e,44,False,0,0,0,0,0,Peefox Datie,F,True
3387_01,Earth,True,G/540/S,TRAPPIST-1e,26,False,0,0,0,0,0,Eline Cainghannon,M,False
3389_01,Mars,False,F/642/S,TRAPPIST-1e,23,False,24,1,1264,0,0,Hog Bun,F,True
3390_01,Mars,True,F/643/S,TRAPPIST-1e,39,False,0,0,0,0,,Stech Mane,M,True
3391_01,Europa,True,B/105/P,TRAPPIST-1e,25,False,0,0,0,0,0,Misaleh Ennalve,F,True
3391_02,Europa,False,B/105/P,55 Cancri e,42,False,0,1209,0,1026,636,Seginon Ennalve,M,False
3392_01,Earth,False,G/541/S,TRAPPIST-1e,20,False,0,39,830,17,0,Philia Gallard,F,True
3392_02,Earth,True,G/541/S,TRAPPIST-1e,4,False,0,0,0,0,0,Jenn Gallard,M,True
3392_03,Earth,True,G/541/S,TRAPPIST-1e,64,False,0,0,0,0,0,Ernard Gallard,F,True
3392_04,Earth,False,G/541/S,TRAPPIST-1e,0,False,0,0,0,0,0,Coley Gallard,M,True
3394_01,Earth,False,F/700/P,PSO J318.5-22,19,False,0,463,269,0,4,Jasony Klindsayer,F,True
3395_01,Earth,False,G/542/S,55 Cancri e,6,False,0,0,0,0,0,Idace Valezaley,M,False
3396_01,Europa,True,B/106/P,TRAPPIST-1e,23,False,0,0,0,0,0,Acruxon Mirinanty,F,True
3397_01,Earth,False,G/543/S,TRAPPIST-1e,22,False,0,269,0,100,28,Guyl Barkeretton,M,False
3401_01,Earth,False,G/545/S,TRAPPIST-1e,18,False,0,0,1435,0,,Karene Fisheparks,F,True
3402_01,Mars,False,E/231/S,TRAPPIST-1e,21,False,2,0,898,148,0,Toal Ban,M,False
3403_01,Earth,False,G/556/P,PSO J318.5-22,37,False,308,35,415,10,0,Pattin Wolfaddox,F,True
3404_01,Earth,True,G/557/P,55 Cancri e,24,False,0,0,0,0,0,Patoya Briggins,M,True
3405_01,Earth,True,G/546/S,TRAPPIST-1e,38,False,0,0,0,0,0,Mathy Bakerson,F,False
3405_02,Earth,False,G/546/S,TRAPPIST-1e,11,False,0,0,0,0,0,Elicia Bakerson,M,True
3405_03,Earth,False,G/546/S,55 Cancri e,6,False,0,0,0,0,0,Lyn Bakerson,F,False
3406_01,Europa,False,C/112/P,TRAPPIST-1e,49,False,0,104,809,3668,7,Iononus Metiveal,M,False
3406_02,Europa,False,C/112/P,TRAPPIST-1e,55,False,0,5971,158,4125,1984,Dyonevi Metiveal,F,False
3408_01,Earth,True,G/547/S,TRAPPIST-1e,15,False,0,0,0,0,0,Jeron Flynner,M,True
3409_01,Earth,False,F/701/P,TRAPPIST-1e,19,False,90,0,0,74,595,Felice Wheelez,F,False
3410_01,Earth,True,G/558/P,TRAPPIST-1e,16,False,0,0,0,0,,Berna Moongton,M,True
3412_01,Europa,False,B/107/P,TRAPPIST-1e,48,False,0,12,0,7967,15,Alraixa Ainserfle,F,False
3412_02,Europa,True,B/107/P,55 Cancri e,25,False,0,0,0,0,0,Bosonon Ainserfle,M,True
3412_03,Europa,False,B/107/P,TRAPPIST-1e,23,False,2,6748,0,23,0,Batrix Ainserfle,F,True
3413_01,Earth,True,G/559/P,PSO J318.5-22,27,False,0,0,0,0,0,Weney Franton,M,False
3415_01,Earth,False,F/702/P,TRAPPIST-1e,39,False,505,178,181,0,0,Lilace Bakerrison,F,False
3417_01,,False,F/703/P,TRAPPIST-1e,28,False,0,1376,4,0,0,Denis Fisheparks,M,True
3418_01,Mars,True,F/646/S,TRAPPIST-1e,72,False,,0,0,0,0,Berers Meake,F,True
3419_01,Mars,False,D/108/P,TRAPPIST-1e,47,False,2267,0,117,0,0,Blus Danad,M,False
3420_01,Earth,True,G/548/S,TRAPPIST-1e,65,False,0,0,0,0,0,Jilley Brownings,F,False
3421_01,Earth,False,F/704/P,PSO J318.5-22,40,False,15,0,0,670,,Lardy Burrilllins,M,False
3422_01,Europa,,E/209/P,55 Cancri e,18,False,0,0,0,0,0,Anchib Crakete,F,True
3422_02,Europa,True,E/209/P,TRAPPIST-1e,27,False,0,0,0,0,0,Atonib Crakete,M,True
3423_01,Earth,True,G/561/P,TRAPPIST-1e,21,,0,0,0,0,0,Heald Johnsby,F,True
3424_01,Earth,False,E/233/S,TRAPPIST-1e,37,False,190,0,2,799,0,Jillie Carrishley,M,False
3425_01,Europa,False,E/234/S,TRAPPIST-1e,31,False,0,1216,0,897,478,Enib Spopting,F,False
3426_01,Earth,False,G/549/S,TRAPPIST-1e,33,False,22,37,415,0,333,Garry Oconley,M,False
3428_01,Europa,True,C/113/P,55 Cancri e,53,False,0,0,0,0,0,Betenif Cumpting,F,True
3428_02,Europa,False,C/113/P,TRAPPIST-1e,27,False,0,18481,0,2,3875,Terope Cumpting,M,True
3430_01,Earth,False,G/551/S,TRAPPIST-1e,74,False,0,193,581,0,0,Lewise Bullisey,F,True
3431_01,Mars,True,F/705/P,TRAPPIST-1e,,False,0,0,0,0,0,Tig Datte,M,True
3432_01,Earth,False,F/706/P,PSO J318.5-22,23,False,381,0,137,104,8,Bettie Miltongson,F,False
3433_01,Europa,False,C/114/P,55 Cancri e,74,False,0,1026,0,6616,119,Alik Spirfuent,M,False
3434_01,Earth,True,G/562/P,TRAPPIST-1e,23,False,0,0,0,0,0,Millia Smalloney,F,True
3437_01,Earth,False,G/553/S,PSO J318.5-22,26,False,6,0,400,2,373,Benew Pager,M,False
3437_02,Earth,True,G/553/S,TRAPPIST-1e,0,False,0,0,0,0,0,Carly Pager,F,True
3438_01,Earth,True,G/564/P,TRAPPIST-1e,0,False,0,0,0,0,0,Shaele Pottney,M,True
3438_02,Earth,False,F/707/P,55 Cancri e,24,False,95,35,1442,0,0,Dary Pottney,F,False
3439_01,Europa,True,B/130/S,TRAPPIST-1e,28,False,0,,0,0,0,Alarmus Modent,M,True
3439_02,Europa,,B/130/S,TRAPPIST-1e,17,False,0,0,0,0,0,Alrais Modent,F,True
3439_03,,True,B/130/S,55 Cancri e,26,False,0,0,0,0,0,Saleh Modent,M,True
3439_04,Europa,False,B/130/S,TRAPPIST-1e,39,False,0,2,0,909,3291,Cheddin Modent,F,False
3440_01,Earth,False,G/565/P,TRAPPIST-1e,17,False,0,83,0,0,943,Nice Bertiz,M,False
3441_01,Earth,False,F/647/S,55 Cancri e,15,False,350,0,91,198,0,Ryany Blange,F,False
3442_01,Earth,False,F/708/P,TRAPPIST-1e,37,False,503,0,26,0,116,Sanney Hornettoney,M,False
3443_01,Earth,False,F/648/S,TRAPPIST-1e,38,False,792,0,,1,29,Marix Poperez,F,True
3444_01,Europa,False,B/131/S,55 Cancri e,33,False,0,27071,0,15,0,Ainoxa Scerodbox,M,True
3444_02,Europa,True,B/131/S,TRAPPIST-1e,16,False,0,0,0,0,0,Antitak Scerodbox,F,True
3444_03,Europa,False,B/131/S,TRAPPIST-1e,41,True,0,649,0,945,,Quarke Scerodbox,M,True
3444_04,Europa,False,B/131/S,TRAPPIST-1e,7,False,0,0,0,0,0,Wezena Scerodbox,F,True
3445_01,Earth,False,G/554/S,TRAPPIST-1e,20,False,1,760,,21,0,Mara Hermanapp,M,False
3446_01,Earth,True,G/555/S,PSO J318.5-22,44,False,0,0,0,0,0,Lilasa Buckleinson,F,True
3447_01,Earth,False,F/649/S,TRAPPIST-1e,42,False,1196,0,0,68,1,Dorie Hutchinton,M,False
3449_01,Earth,False,G/556/S,TRAPPIST-1e,29,False,0,4,0,0,904,Virgie Chardsons,F,False
3450_01,Europa,False,B/132/S,55 Cancri e,22,False,0,4209,26,2462,466,Pentard Knocke,M,True
3450_02,Europa,False,B/132/S,TRAPPIST-1e,21,False,0,2834,0,414,558,Weion Knocke,F,True
3453_01,Earth,True,G/567/P,TRAPPIST-1e,21,False,0,0,0,0,0,Teremy Hamcmahon,M,False
3454_01,Earth,True,G/568/P,TRAPPIST-1e,21,False,0,0,0,0,0,Brance Byerson,F,False
3455_01,Mars,True,F/709/P,TRAPPIST-1e,13,False,0,0,0,0,0,Cruis Gelte,M,True
3456_01,Earth,True,G/558/S,PSO J318.5-22,16,False,0,0,0,0,0,Dord Emenez,F,True
3458_01,Mars,True,F/710/P,55 Cancri e,36,False,0,0,0,,0,Vitax Madan,M,True
3459_01,Earth,True,G/560/S,TRAPPIST-1e,36,False,0,0,0,0,0,Herry Hutchinton,F,True
3461_01,Earth,False,G/569/P,PSO J318.5-22,26,False,86,377,0,0,77,Samana Handertiz,M,False
3462_01,Europa,True,C/115/P,TRAPPIST-1e,28,,0,,0,0,0,Achib Ingascomet,F,True
3464_01,Earth,False,G/561/S,TRAPPIST-1e,14,False,0,0,533,266,93,Murie Hardsonerry,M,False
3464_02,Earth,True,G/561/S,TRAPPIST-1e,29,False,0,0,0,0,0,Therek Hardsonerry,F,False
3465_01,Mars,False,F/711/P,TRAPPIST-1e,19,False,506,0,395,159,229,Mone Flaie,M,False
3467_01,Earth,False,F/712/P,TRAPPIST-1e,51,False,90,0,0,881,0,Feryla Webstephrey,F,False
3468_01,Earth,True,G/562/S,TRAPPIST-1e,64,False,0,0,0,0,0,Kayne Rivanseney,M,True
3469_01,Europa,True,B/109/P,TRAPPIST-1e,41,False,0,0,0,0,0,Caiamin Singmage,F,True
3470_01,Earth,True,G/563/S,TRAPPIST-1e,,False,0,0,0,0,0,Gory Byerry,M,False
3470_02,Earth,True,G/563/S,55 Cancri e,16,False,0,0,0,0,0,Carma Byerry,F,True
3473_01,Earth,False,F/654/S,TRAPPIST-1e,20,False,0,880,5,25,490,Elanie Hurles,M,False
3474_01,Europa,True,B/110/P,TRAPPIST-1e,31,False,0,0,0,0,0,Weias Pasharne,F,True
3474_02,Europa,False,B/110/P,TRAPPIST-1e,38,False,0,952,0,0,1790,Zubeneb Pasharne,M,False
3474_03,Europa,True,B/110/P,55 Cancri e,59,False,0,0,0,0,0,Syrmino Pasharne,F,True
3474_04,Europa,True,B/110/P,TRAPPIST-1e,18,False,0,0,,0,0,Tachir Pasharne,M,True
3475_01,Europa,True,C/126/S,TRAPPIST-1e,33,False,0,0,0,0,0,Pentard Spoilling,F,True
3475_02,Europa,False,C/126/S,TRAPPIST-1e,33,False,0,590,,3,6569,Caphirk Spoilling,M,False
3475_03,Europa,False,C/126/S,55 Cancri e,49,False,0,8766,15,149,178,Zavior Spoilling,F,True
3476_01,Earth,,G/571/P,55 Cancri e,4,False,0,,0,0,0,Gabrie Joycerton,M,True
3476_02,Earth,False,G/571/P,55 Cancri e,0,False,0,0,0,0,0,Carly Burksson,F,True
3476_03,Earth,False,G/571/P,55 Cancri e,0,False,0,0,0,,0,,,True
3476_04,Earth,False,G/571/P,TRAPPIST-1e,24,False,1,467,4,0,341,Bonne Burksson,F,False
3478_01,Europa,False,B/111/P,TRAPPIST-1e,52,False,0,0,0,0,0,Aldun Ricete,M,False
3480_01,Earth,False,F/655/S,PSO J318.5-22,50,False,121,558,0,10,0,Jacky Vales,F,False
3483_01,Earth,False,F/717/P,PSO J318.5-22,31,False,0,627,1,0,13,Delody Parsoney,M,False
3484_01,Earth,True,G/573/P,TRAPPIST-1e,25,False,0,0,0,0,0,Nelley Kennetty,F,False
3484_02,Earth,False,F/718/P,PSO J318.5-22,62,False,3,0,2908,0,0,Tonnie Kennetty,M,True
3485_01,Europa,False,E/237/S,TRAPPIST-1e,49,False,0,1855,0,166,1655,Algenif Oillepint,F,False
3485_02,Europa,True,E/237/S,TRAPPIST-1e,24,False,0,0,0,0,0,Ankabih Tradve,M,True
3485_03,Europa,False,E/237/S,TRAPPIST-1e,33,False,0,3157,0,131,0,Hamak Oillepint,F,True
3486_01,Earth,False,F/656/S,TRAPPIST-1e,20,False,0,559,21,0,5,Mabela Whitersone,M,True
3487_01,Europa,False,A/39/S,55 Cancri e,46,False,0,0,0,1529,3069,Alphah Neceriont,F,False
3488_01,Europa,False,D/110/P,TRAPPIST-1e,26,False,0,0,0,0,0,Luxab Hoorbaring,M,False
3488_02,Europa,False,D/110/P,TRAPPIST-1e,52,False,6,2333,11,1149,1,Naosura Hoorbaring,F,False
3489_01,Mars,,F/719/P,TRAPPIST-1e,28,False,274,0,693,944,0,Munda Onpie,M,False
3489_02,Mars,True,F/719/P,TRAPPIST-1e,39,False,0,0,0,0,0,Swal Onpie,F,True
3490_01,Europa,False,D/111/P,TRAPPIST-1e,29,False,4,3439,0,0,0,Meropus Sprender,M,True
3490_02,Europa,False,D/111/P,55 Cancri e,19,False,0,1347,0,1756,37,Shain Sprender,F,True
3491_01,Earth,False,F/720/P,TRAPPIST-1e,15,False,0,0,0,6,607,Everly Joyneidez,M,False
3492_01,Earth,False,E/238/S,TRAPPIST-1e,33,False,44,630,18,96,0,Vina Waterson,F,False
3495_01,Europa,False,C/127/S,TRAPPIST-1e,47,False,0,10679,0,273,80,Saiphda Volloor,M,True
3495_02,Europa,False,C/127/S,TRAPPIST-1e,34,False,0,6229,0,2279,587,Izaron Volloor,F,True
3495_03,Europa,True,C/127/S,55 Cancri e,26,False,0,0,0,0,0,Alsham Volloor,M,True
3495_04,Europa,True,C/127/S,TRAPPIST-1e,15,False,0,0,0,0,0,Alatrix Volloor,F,True
3496_01,Mars,True,F/722/P,TRAPPIST-1e,,False,0,0,0,0,0,Squars Bate,M,True
3496_02,Mars,False,F/722/P,TRAPPIST-1e,27,False,542,0,1231,0,1,,,False
3497_01,Mars,False,D/113/P,TRAPPIST-1e,38,True,66,0,991,0,0,Stsan Nad,M,False
3499_01,Earth,False,G/574/P,TRAPPIST-1e,21,False,196,5,674,12,20,Francy Mccarveymon,F,False
3499_02,Earth,False,G/574/P,TRAPPIST-1e,1,False,0,0,0,0,0,Yolace Clemondsey,M,True
3499_03,Earth,False,F/723/P,TRAPPIST-1e,38,False,0,1025,23,0,0,Mon Clemondsey,F,True
3499_04,Earth,False,G/574/P,TRAPPIST-1e,0,False,0,0,0,0,0,Allene Mccarveymon,M,False
3501_01,Mars,False,,TRAPPIST-1e,32,False,1272,0,1103,9,0,Swaffs Paste,F,False
3504_01,Earth,True,G/575/P,TRAPPIST-1e,27,False,0,0,0,0,0,Nicey Mcleandez,M,True
3506_01,Europa,True,B/113/P,55 Cancri e,48,False,0,0,0,0,0,Minoces Hometerval,F,True
3511_01,Mars,False,F/661/S,55 Cancri e,22,False,124,0,1763,0,1014,Basps Horte,M,False
3512_01,Earth,False,F/662/S,55 Cancri e,28,False,1,0,857,0,0,Wallyn Holcompson,F,False
3514_01,Earth,False,G/576/P,TRAPPIST-1e,19,False,122,170,52,0,465,Mara Batestonley,M,False
3515_01,Mars,True,F/725/P,TRAPPIST-1e,37,False,0,0,0,0,0,Repart Purte,F,False
3515_02,Mars,True,F/725/P,TRAPPIST-1e,46,False,0,0,0,0,0,Crans Purte,M,True
3518_01,Earth,True,G/566/S,TRAPPIST-1e,26,,0,0,0,0,0,Julion Hunterton,F,True
3519_01,Earth,False,G/577/P,TRAPPIST-1e,16,False,0,0,722,0,1,Gerly Swanardy,M,True
3519_02,Earth,True,G/577/P,TRAPPIST-1e,0,False,0,0,0,0,0,Kenny Swanardy,F,True
3519_03,Earth,True,G/577/P,TRAPPIST-1e,0,False,0,0,0,0,0,Gracia Swanardy,M,True
3520_01,,False,G/578/P,TRAPPIST-1e,26,False,0,597,0,0,212,Lesley Wartyson,F,False
3520_02,Earth,True,,PSO J318.5-22,13,False,0,0,0,0,0,Lyny Wartyson,M,True
3521_01,Europa,True,,55 Cancri e,23,False,0,0,0,0,0,Minoton Radisiouss,F,True
3521_02,Europa,True,B/135/S,TRAPPIST-1e,70,False,0,0,0,0,0,Atrinon Radisiouss,M,True
3523_01,,True,F/664/S,TRAPPIST-1e,21,False,0,0,0,0,0,Frohs Tité,F,True
3525_01,Mars,True,F/727/P,TRAPPIST-1e,40,False,0,0,0,0,0,Honda Shrie,M,True
3527_01,Mars,False,F/729/P,TRAPPIST-1e,18,True,733,0,688,1,0,Cindee Terte,F,False
3528_01,Earth,False,F/666/S,TRAPPIST-1e,23,False,1,0,778,8,,Bryany Rocknight,M,True
3530_01,Earth,True,G/568/S,TRAPPIST-1e,15,False,0,0,0,0,0,Besse Whitez,F,True
3531_01,Mars,False,F/731/P,55 Cancri e,28,False,809,0,31,733,0,Chtios Erflé,M,False
3531_02,Mars,True,F/731/P,TRAPPIST-1e,45,,,0,0,0,0,Cinda Erflé,F,True
3533_01,Mars,False,E/211/P,TRAPPIST-1e,18,False,1749,50,280,2,0,Coakey Buthe,M,False
3534_01,Earth,False,F/732/P,TRAPPIST-1e,23,False,0,30,0,106,566,Melia Scottney,F,False
3535_01,Mars,False,,TRAPPIST-1e,36,False,1304,0,7,18,0,Clow Porki,M,False
3535_02,Mars,True,F/668/S,TRAPPIST-1e,25,False,0,0,0,0,0,Grake Porki,F,True
3536_01,Europa,True,A/40/S,55 Cancri e,28,False,0,0,0,0,0,Zosmas Ineedeve,M,True
3537_01,Earth,False,F/733/P,55 Cancri e,29,False,0,10,0,0,715,Adriet Drakeekss,F,False
3539_01,Earth,False,E/239/S,TRAPPIST-1e,31,False,1,110,274,27,376,Olly Edwartizman,M,False
3540_01,Earth,True,G/579/P,PSO J318.5-22,14,False,0,0,0,0,0,Leonyl Buchansen,F,True
3542_01,Mars,True,F/669/S,TRAPPIST-1e,31,False,0,0,0,0,0,Beres Derry,M,True
3543_01,Europa,False,C/116/P,TRAPPIST-1e,39,False,0,2804,0,130,139,Astrark Holatirint,F,True
3543_02,Europa,True,C/116/P,55 Cancri e,17,False,0,0,0,0,0,Furudra Holatirint,M,True
3543_03,Europa,True,C/116/P,TRAPPIST-1e,56,False,0,0,0,0,0,Elerops Holatirint,F,True
3546_01,Earth,False,F/672/S,TRAPPIST-1e,36,False,0,10,0,0,,Alendy Llonovancis,M,False
3547_01,Mars,False,D/112/S,55 Cancri e,21,False,1099,,1820,0,0,Smarve Canie,F,False
3548_01,Earth,False,G/580/P,TRAPPIST-1e,48,False,0,1794,0,0,5,Daley Haynardy,M,True
3550_01,Earth,True,G/570/S,TRAPPIST-1e,53,False,0,0,0,0,0,Monard Delazarson,F,False
3550_02,Earth,True,G/570/S,PSO J318.5-22,5,False,0,0,0,0,0,Jaye Delazarson,M,False
3550_03,Earth,True,G/570/S,TRAPPIST-1e,21,False,0,0,0,0,0,Celina Carvis,F,False
3552_01,Europa,False,B/136/S,55 Cancri e,50,False,4,217,0,2581,436,Kitauon Castery,M,False
3552_02,Europa,True,B/136/S,TRAPPIST-1e,18,False,0,0,0,0,0,Canonon Castery,F,True
3553_01,Mars,False,,TRAPPIST-1e,28,False,3,0,0,327,2054,Wafox Maie,M,False
3555_01,Earth,False,F/735/P,TRAPPIST-1e,28,False,766,0,1,258,26,Gwendy Sykess,F,True
3556_01,Earth,True,G/572/S,TRAPPIST-1e,18,False,0,0,0,0,0,Natha Clinantones,M,True
3558_01,Mars,False,D/115/P,TRAPPIST-1e,37,False,78,0,0,2948,0,Row Manie,F,False
3558_02,Mars,True,F/737/P,TRAPPIST-1e,19,False,0,0,0,0,0,Rose Manie,M,True
3559_01,Mars,False,D/116/P,TRAPPIST-1e,27,False,249,0,65,812,55,Sug Jaflé,F,False
3560_01,Mars,False,D/117/P,PSO J318.5-22,37,False,3,0,800,76,0,Weessh Chité,M,True
3561_01,Mars,True,F/738/P,TRAPPIST-1e,43,False,0,0,0,0,0,Skies Oncy,F,True
3561_02,Mars,False,D/118/P,TRAPPIST-1e,17,False,1617,0,1777,0,0,Wase Stpie,M,True
3562_01,Mars,False,E/212/P,55 Cancri e,21,False,2581,354,1158,139,548,Cole Nad,F,False
3562_02,Mars,False,D/119/P,55 Cancri e,55,False,14,0,0,3778,1,Mats Nad,M,False
3563_01,Earth,True,G/581/P,TRAPPIST-1e,14,False,0,0,0,0,0,Genee Williotters,F,True
3564_01,Earth,True,G/582/P,TRAPPIST-1e,24,False,0,0,0,0,0,Leene Kaufmaneyes,M,False
3565_01,Earth,True,G/583/P,PSO J318.5-22,26,False,0,0,0,0,0,Kaye Vandan,F,True
3566_01,Earth,False,G/573/S,55 Cancri e,19,False,0,336,508,1,0,Eriey Bartez,M,True
3567_01,Earth,False,F/739/P,TRAPPIST-1e,20,False,0,0,2687,35,340,Toniel Hestes,F,False
3568_01,Earth,False,F/740/P,TRAPPIST-1e,14,False,30,59,0,572,0,Emmax Parklaney,M,False
3569_01,Mars,True,F/741/P,TRAPPIST-1e,19,False,0,0,0,0,0,Prah Bine,F,True
3570_01,,False,G/574/S,PSO J318.5-22,15,False,85,373,160,5,0,Reney Balley,M,True
3572_01,Earth,False,G/584/P,TRAPPIST-1e,25,False,19,0,0,1679,0,Coren Bucknersony,F,False
3573_01,Earth,False,F/673/S,PSO J318.5-22,24,False,0,33,0,84,1062,Luzel Garnettiz,M,False
3576_01,Earth,False,F/742/P,TRAPPIST-1e,22,False,0,4,0,0,1267,Ela Brenney,F,True
3577_01,Mars,False,F/743/P,TRAPPIST-1e,26,False,1178,7,0,7,0,Pot Apie,M,False
3578_01,Mars,True,,55 Cancri e,23,False,0,0,0,0,0,Clers Hac,F,True
3579_01,Earth,False,F/675/S,PSO J318.5-22,20,False,0,0,1,0,2260,Joycey Cartez,M,False
3582_01,Earth,False,G/585/P,TRAPPIST-1e,53,False,323,120,14,450,0,Leria Mcgoway,F,True
3584_01,Earth,False,F/676/S,TRAPPIST-1e,55,False,42,4,1215,0,3,Gayla Leonzaley,M,True
3586_01,Earth,False,G/586/P,TRAPPIST-1e,22,False,0,0,0,739,29,Garry Birds,F,False
3588_01,Mars,False,D/120/P,TRAPPIST-1e,35,False,576,0,459,22,0,Frunad Concy,M,False
3588_02,Mars,False,D/120/P,TRAPPIST-1e,40,False,787,0,88,0,0,Terry Concy,F,False
3591_01,Earth,False,E/214/P,TRAPPIST-1e,22,False,0,0,0,0,1609,Elenay Serraynardy,M,False
3592_01,Mars,False,D/121/P,PSO J318.5-22,22,False,193,1,640,15,30,Ungles Prité,F,True
3592_02,Mars,False,E/215/P,TRAPPIST-1e,21,False,354,113,,487,0,Book Nanie,M,False
3594_01,Earth,True,G/588/P,PSO J318.5-22,64,False,0,0,0,0,0,Amyra Kirks,F,True
3595_01,Europa,True,B/139/S,TRAPPIST-1e,40,False,0,0,0,0,0,Shamark Modomel,M,True
3596_01,Mars,False,F/745/P,TRAPPIST-1e,8,False,0,0,0,0,0,Sweal Erry,F,True
3597_01,Earth,False,G/589/P,TRAPPIST-1e,25,False,0,813,89,12,0,Loise Parrett,M,False
3598_01,Earth,False,,55 Cancri e,19,False,616,0,46,0,14,Dony Olivasquez,F,False
3600_01,Earth,True,G/580/S,TRAPPIST-1e,24,False,0,0,0,0,0,Anda Lardy,M,True
3602_01,Mars,,F/678/S,TRAPPIST-1e,11,False,0,0,0,0,0,Dakes Vicke,F,True
3605_01,Earth,True,G/592/P,55 Cancri e,31,False,0,0,0,0,0,Joyces Alldson,M,True
3606_01,Earth,True,G/593/P,TRAPPIST-1e,46,False,0,0,0,0,0,Blance Daughttley,F,False
3607_01,Mars,True,F/747/P,,31,False,0,0,0,0,0,Komos Dal,M,True
3608_01,Europa,True,D/122/P,55 Cancri e,17,False,0,0,0,0,0,Zosmas Mormonized,F,True
3608_02,Europa,True,D/122/P,TRAPPIST-1e,16,False,0,0,0,0,0,Alhail Mormonized,M,True
3608_03,Europa,,D/122/P,TRAPPIST-1e,57,False,0,0,0,0,0,Skyrmak Mormonized,F,True
3609_01,Europa,False,C/118/P,55 Cancri e,28,False,5,2052,0,3340,,Grumak Fralledic,M,False
3609_02,Europa,False,C/118/P,TRAPPIST-1e,27,False,0,325,0,8,1622,Mesaton Fralledic,F,False
3609_03,Europa,,C/118/P,55 Cancri e,28,False,0,0,0,0,0,Eltais Fralledic,M,True
3609_04,Europa,True,C/118/P,55 Cancri e,26,False,0,0,0,0,0,Fomalik Fralledic,F,True
3610_01,Earth,True,G/582/S,,17,False,0,0,0,0,0,Hencey Buckleinson,M,True
3610_02,Earth,False,F/680/S,TRAPPIST-1e,36,False,5,,896,0,1,Darrie Buckleinson,F,True
3612_01,Earth,False,E/241/S,TRAPPIST-1e,24,False,1,790,0,0,0,Branda Midtt,M,True
3613_01,Earth,False,F/748/P,TRAPPIST-1e,18,False,0,733,0,0,0,Bethew Lewintos,F,True
3614_01,Earth,False,F/749/P,TRAPPIST-1e,20,False,2,0,7,2,547,Eduard Quinnerry,M,False
3615_01,Earth,False,G/583/S,55 Cancri e,10,False,0,0,0,0,0,Kurta Greenez,F,False
3615_02,Earth,False,F/682/S,TRAPPIST-1e,,False,2,753,5,0,0,Loree Greenez,M,True
3616_01,Earth,True,G/584/S,55 Cancri e,23,False,0,0,0,0,0,Cliney Horners,F,True
3619_01,Europa,False,B/114/P,TRAPPIST-1e,36,False,43,2,0,14,16337,Tauva Roureed,M,False
3620_01,Europa,True,B/115/P,55 Cancri e,27,False,0,0,0,0,0,Mergas Trantermle,F,True
3622_01,Europa,True,C/119/P,55 Cancri e,54,False,0,0,0,0,0,Hadlam Honatte,M,True
3622_02,Europa,False,C/119/P,55 Cancri e,38,False,,3456,0,1486,1157,Taux Honatte,F,False
3624_01,,False,G/594/P,TRAPPIST-1e,29,False,0,0,0,0,0,Dawne Tranklinay,M,False
3625_01,Earth,False,E/216/P,TRAPPIST-1e,37,False,0,559,366,0,62,Clarry Sterreray,F,True
3626_01,Earth,True,G/586/S,TRAPPIST-1e,36,False,0,0,0,0,0,Wine Patthews,M,True
3628_01,Earth,False,F/752/P,55 Cancri e,18,False,42,103,0,498,0,Vanez Hammonton,F,False
3629_01,Mars,True,F/753/P,TRAPPIST-1e,28,False,0,0,0,0,0,Healls Butte,M,True
3630_01,Earth,False,F/754/P,PSO J318.5-22,61,False,0,1,276,410,54,Darry Micknightt,F,False
3631_01,Earth,False,F/755/P,TRAPPIST-1e,19,False,0,0,0,484,344,Chael Bardsey,M,False
3634_01,Earth,False,E/242/S,TRAPPIST-1e,29,False,25,692,0,0,1,Greggy Merce,F,True
3636_01,Mars,False,D/123/P,TRAPPIST-1e,37,False,1280,0,1,111,408,Wor Anche,M,False
3639_01,Europa,False,B/140/S,TRAPPIST-1e,29,False,125,5151,9,1,1,Mardach Contery,F,True
3640_01,Earth,False,E/244/S,55 Cancri e,38,False,0,695,0,49,876,Belly Schwardson,M,False
3640_02,Earth,True,G/589/S,TRAPPIST-1e,41,False,0,0,0,0,0,Troya Schwardson,F,False
3641_01,Earth,True,G/595/P,PSO J318.5-22,23,False,0,0,0,0,0,Erick Pacerty,M,True
3641_02,Earth,False,G/595/P,TRAPPIST-1e,48,False,,0,1,0,0,Lilasa Powery,F,False
3641_03,Earth,False,,TRAPPIST-1e,0,False,0,0,0,0,0,Mathy Powery,M,True
3642_01,Earth,False,F/757/P,TRAPPIST-1e,46,False,105,335,0,72,388,Tricky Rodricker,F,False
3644_01,Mars,True,F/686/S,TRAPPIST-1e,36,False,0,0,0,0,0,Carde Bun,M,True
3645_01,Mars,True,D/124/P,TRAPPIST-1e,42,False,0,0,0,0,0,Masal Pepie,F,True
3645_02,Mars,True,D/124/P,TRAPPIST-1e,,False,0,0,0,0,0,Skies Pepie,M,True
3645_03,Mars,True,D/124/P,TRAPPIST-1e,16,False,0,0,0,0,0,Oats Pepie,F,True
3645_04,Mars,True,D/124/P,TRAPPIST-1e,43,False,0,0,0,0,0,Tifet Pepie,M,True
3645_05,Mars,True,D/124/P,TRAPPIST-1e,40,False,0,0,,0,,Dills Pepie,F,True
3647_01,Europa,True,C/132/S,55 Cancri e,22,False,0,0,0,0,0,Mirara Dedinder,M,True
3648_01,Earth,False,F/687/S,PSO J318.5-22,39,False,0,0,0,1144,0,Tany Mcculley,F,False
3650_01,Earth,True,G/596/P,TRAPPIST-1e,37,False,0,0,0,0,0,Darrie Keithunts,M,True
3652_01,Earth,True,G/591/S,TRAPPIST-1e,28,False,0,0,0,0,0,Lina Frandriquez,F,False
3653_01,Earth,False,G/592/S,TRAPPIST-1e,29,False,97,0,444,366,0,Ally Thonyderson,M,False
3654_01,Earth,False,F/689/S,55 Cancri e,14,False,1,0,827,0,3,Lorie Coolerson,F,False
3654_02,Earth,False,F/689/S,TRAPPIST-1e,15,False,0,398,0,467,0,Sha Coolerson,M,False
3655_01,Earth,False,F/690/S,TRAPPIST-1e,17,False,0,432,0,3003,0,Deandy Moreman,F,False
3658_01,Earth,True,G/593/S,TRAPPIST-1e,4,False,0,0,0,0,0,Kelle Daughttley,M,True
3658_02,Earth,False,E/245/S,TRAPPIST-1e,24,False,3,2053,335,0,4,Vin Daughttley,F,True
3660_01,Earth,False,G/594/S,TRAPPIST-1e,,False,42,0,671,71,0,Rhonya Chroeders,M,False
3662_01,Europa,False,B/142/S,55 Cancri e,22,False,,171,2233,1,800,Menkibi Poselfle,F,True
3662_02,Europa,True,B/142/S,55 Cancri e,38,False,0,0,0,0,0,Betenar Poselfle,M,True
3664_01,Mars,True,F/691/S,TRAPPIST-1e,30,False,0,,0,0,0,Colax Forne,F,True
3665_01,Earth,True,G/595/S,55 Cancri e,29,False,0,0,,0,0,Rickie Hendrewsons,M,True
3667_01,Europa,True,A/42/S,55 Cancri e,26,False,0,0,0,0,0,Marinon Bewarsecal,F,True
3668_01,Europa,True,C/120/P,55 Cancri e,41,False,0,0,0,0,0,Beide Crakenecal,M,True
3671_01,Earth,False,E/246/S,TRAPPIST-1e,50,False,43,661,1,85,0,Deany Avidson,F,False
3674_01,Earth,False,G/600/S,55 Cancri e,34,False,232,457,1,218,0,Ebonya Buchansen,M,True
3677_01,Earth,False,F/694/S,PSO J318.5-22,24,False,105,0,37,518,0,Glenna Valezaley,F,False
3678_01,Earth,False,E/247/S,TRAPPIST-1e,24,False,0,0,788,0,3,Anny Bellarkerd,M,True
3679_01,Europa,False,B/116/P,TRAPPIST-1e,45,False,0,0,0,0,0,Diphah Dervalt,F,False
3680_01,Europa,False,C/121/P,55 Cancri e,35,False,0,388,0,1792,2891,Weias Platch,M,False
3680_02,Europa,True,C/121/P,55 Cancri e,23,False,0,0,0,0,0,,,True
3681_01,Europa,True,B/144/S,55 Cancri e,23,False,0,0,0,0,0,Tarrak Irived,M,True
3681_02,Europa,False,B/144/S,TRAPPIST-1e,21,False,4,,137,1640,455,Giedir Irived,F,False
3682_01,Mars,True,F/761/P,TRAPPIST-1e,19,False,0,0,0,0,0,Wealke Ica,M,True
3686_01,Earth,False,F/696/S,TRAPPIST-1e,24,False,25,284,0,330,64,Meremy Hineyley,F,False
3688_01,Mars,False,F/697/S,55 Cancri e,2,False,0,0,0,0,0,Tark Onbre,M,True
3688_02,Mars,False,F/697/S,TRAPPIST-1e,0,False,0,0,0,0,0,Pants Onbre,F,True
3688_03,Mars,True,F/697/S,TRAPPIST-1e,20,False,0,0,0,0,0,Donut Onbre,M,True
3690_01,Earth,False,F/762/P,TRAPPIST-1e,35,False,0,30,357,435,0,Lestie Fowlesterez,F,True
3691_01,Mars,False,F/763/P,TRAPPIST-1e,34,False,1404,0,4,359,0,Lig Cotte,M,False
3692_01,Earth,False,G/598/P,TRAPPIST-1e,26,False,808,60,0,16,3,Kell Mcmahoney,F,False
3693_01,Earth,True,G/603/S,TRAPPIST-1e,26,False,0,0,0,0,0,Warry Sandry,M,True
3699_01,Europa,True,C/123/P,55 Cancri e,32,False,0,0,0,0,0,Golaron Tronsive,F,True
3699_02,Europa,False,C/123/P,55 Cancri e,25,,0,17432,0,241,2102,Gorab Tronsive,M,True
3699_03,Europa,True,C/123/P,55 Cancri e,30,False,0,0,0,0,0,Dabiton Tronsive,F,True
3699_04,Europa,False,C/123/P,TRAPPIST-1e,57,False,0,3859,13,195,3874,Azhah Tronsive,M,False
3700_01,Earth,False,F/767/P,TRAPPIST-1e,23,False,58,396,15,,180,Coreee Midtt,F,False
3702_01,Mars,True,E/220/P,TRAPPIST-1e,32,False,0,0,0,0,0,Tors Ramad,M,False
3703_01,,True,F/768/P,TRAPPIST-1e,27,False,,0,0,0,0,Ots Coflé,F,True
3703_02,Mars,False,F/768/P,TRAPPIST-1e,20,False,1377,267,36,0,0,Shersp Coflé,M,False
3704_01,Earth,False,F/699/S,TRAPPIST-1e,21,False,120,235,0,,0,Dia Loway,F,False
3705_01,Earth,False,F/769/P,TRAPPIST-1e,19,False,238,1,28,207,119,Murie Hubert,M,False
3706_01,Mars,False,F/770/P,TRAPPIST-1e,16,False,424,0,246,370,0,Nilly Kidie,F,False
3706_02,Mars,False,F/770/P,TRAPPIST-1e,18,False,131,0,980,1,0,Honda Kidie,M,True
3707_01,Earth,False,G/604/S,TRAPPIST-1e,18,False,622,53,8,47,39,Marvey Delangleton,F,False
3707_02,Earth,False,G/604/S,,22,False,0,0,889,0,0,Willey Delangleton,M,True
3708_01,Earth,True,G/600/P,55 Cancri e,,False,0,0,0,0,0,Deandy Trankliney,F,True
3710_01,Earth,False,G/601/P,55 Cancri e,35,False,432,0,377,0,0,Brie Loverceson,M,False
3710_02,Earth,False,G/601/P,TRAPPIST-1e,8,False,0,0,0,0,0,Deanny Loverceson,F,False
3710_03,Earth,True,G/601/P,55 Cancri e,5,False,0,0,0,0,0,Rossie Loverceson,M,False
3711_01,Mars,True,F/700/S,TRAPPIST-1e,40,False,0,0,0,0,0,Coyal Quart,F,True
3711_02,Mars,False,F/700/S,TRAPPIST-1e,31,False,3471,0,232,0,0,Poot Quart,M,False
3711_03,Mars,True,F/700/S,TRAPPIST-1e,9,False,0,0,0,0,0,Nios Quart,F,True
3713_01,Europa,True,C/133/S,TRAPPIST-1e,56,False,0,0,0,0,0,Alraida Trattle,M,True
3713_02,Europa,True,C/133/S,55 Cancri e,39,False,0,0,0,0,0,Zosmark Trattle,F,True
3713_03,Europa,True,C/133/S,TRAPPIST-1e,18,False,0,0,0,0,0,Gollux Trattle,M,True
3714_01,Mars,,F/702/S,TRAPPIST-1e,45,False,48,1652,761,138,0,All Harta,F,False
3714_02,Mars,False,D/116/S,PSO J318.5-22,33,False,33,397,354,,0,Cowl Harta,M,False
3715_01,Earth,True,G/602/P,PSO J318.5-22,2,False,,0,0,0,0,Jasony Hubbarton,F,False
3715_02,Earth,True,G/602/P,TRAPPIST-1e,1,False,0,0,0,0,0,Tamie Hubbarton,M,False
3715_03,Earth,False,G/602/P,TRAPPIST-1e,2,False,0,0,0,0,0,Vane Hubbarton,F,True
3715_04,Earth,True,G/602/P,TRAPPIST-1e,16,False,0,0,0,0,0,Hen Hubbarton,M,False
3716_01,Earth,False,G/603/P,TRAPPIST-1e,18,False,18,2,1769,1,2,Fredy Batestonley,F,True
3719_01,Mars,False,,TRAPPIST-1e,28,True,1193,0,2509,0,0,Spros Mone,M,False
3719_02,Mars,True,F/704/S,TRAPPIST-1e,45,False,0,0,0,0,0,Gocock Mone,F,True
3724_01,Earth,True,G/609/S,TRAPPIST-1e,24,False,0,0,0,0,0,Yvonna Mcdowns,M,True
3726_01,Earth,True,G/604/P,TRAPPIST-1e,35,False,0,0,0,,0,Brence Bardina,F,True
3728_01,Earth,True,G/612/S,PSO J318.5-22,16,False,0,0,0,0,0,Dianya Roachoanand,M,True
3729_01,Earth,True,G/605/P,PSO J318.5-22,40,False,0,0,0,0,0,,,True
3732_01,Europa,True,A/43/S,55 Cancri e,5,False,,0,0,0,0,Sheleon Scoudelle,M,True
3732_02,Europa,False,A/43/S,TRAPPIST-1e,29,False,0,8444,0,2989,8735,,,False
3732_03,Europa,True,A/43/S,TRAPPIST-1e,31,False,0,0,0,0,0,Luxonon Scoudelle,M,True
3732_04,Europa,False,A/43/S,55 Cancri e,27,False,3340,588,,173,71,Duhra Scoudelle,F,False
3733_01,Europa,False,D/118/S,TRAPPIST-1e,34,True,0,4,0,685,1779,Dilatik Semootor,M,False
3734_01,Earth,True,G/606/P,PSO J318.5-22,15,False,0,0,0,0,0,Mollen Bairdford,F,True
3735_01,Europa,False,D/119/S,TRAPPIST-1e,43,False,2,3846,0,3,346,Zedarga Reeddommy,M,True
3735_02,Europa,False,D/119/S,55 Cancri e,30,False,0,787,116,1924,2,Shail Reeddommy,F,False
3736_01,Europa,False,B/145/S,TRAPPIST-1e,61,False,328,5193,0,20,533,Genif Amincrerus,M,True
3737_01,Earth,False,G/614/S,TRAPPIST-1e,48,False,0,0,632,250,0,Ryany Bucklandez,F,False
3737_02,Earth,True,G/614/S,55 Cancri e,17,False,0,0,0,0,0,Ellana Bucklandez,M,True
3739_01,Earth,False,G/615/S,TRAPPIST-1e,19,False,0,312,2,76,418,Francy Johnsby,F,False
3741_01,Europa,True,B/117/P,TRAPPIST-1e,29,False,0,0,0,0,0,Tabik Pulgaly,M,True
3742_01,Earth,True,G/607/P,55 Cancri e,2,False,0,0,,0,0,Luzel Hickett,F,False
3742_02,Earth,True,G/607/P,TRAPPIST-1e,24,False,0,0,0,0,0,Paulia Hickett,M,True
3743_01,Earth,False,G/616/S,TRAPPIST-1e,19,False,0,827,5,55,0,Lyny Jenningley,F,False
3744_01,Mars,False,E/249/S,PSO J318.5-22,34,True,0,490,869,0,0,Denuts Ropie,M,True
3745_01,Earth,False,G/608/P,TRAPPIST-1e,19,False,,2,14,755,0,Ellena Mckinsond,F,False
3747_01,Europa,False,B/118/P,TRAPPIST-1e,39,False,0,2576,0,234,237,Achium Entratable,M,False
3747_02,Europa,True,B/118/P,TRAPPIST-1e,26,False,0,0,0,0,0,Lesat Brakebarne,F,True
3747_03,Europa,,B/118/P,TRAPPIST-1e,53,False,0,3377,0,193,5563,Dsch Brakebarne,M,False
3747_04,Europa,True,B/118/P,55 Cancri e,18,False,0,0,0,0,0,Tabiton Ambleetive,F,True
3748_01,Mars,True,F/774/P,TRAPPIST-1e,,False,0,0,0,0,0,Pot Gin,M,True
3749_01,Europa,True,B/119/P,55 Cancri e,45,False,0,0,0,0,0,Enibik Fordulgaug,F,True
3749_02,Europa,True,B/119/P,TRAPPIST-1e,32,False,0,0,0,0,0,Gimpus Fordulgaug,M,True
3750_01,Earth,False,F/775/P,TRAPPIST-1e,18,False,64,0,3,3440,5,Antone Mayods,F,False
3750_02,Earth,False,G/610/P,TRAPPIST-1e,48,False,396,0,,0,297,Leony Mayods,M,False
3751_01,Earth,False,,TRAPPIST-1e,24,False,0,274,594,35,658,Ambert Ericksonga,F,True
3752_01,Europa,False,D/120/S,TRAPPIST-1e,52,False,0,5,0,108,1788,Tarrak Femoused,M,False
3753_01,Earth,False,F/776/P,55 Cancri e,55,False,0,519,131,63,3,,,False
3754_01,Earth,True,G/611/P,TRAPPIST-1e,43,False,0,0,0,0,,Naomin Sterson,M,True
3755_01,Earth,True,,TRAPPIST-1e,24,False,0,0,0,0,0,Stendy Gallencis,F,False
3755_02,Earth,True,G/612/P,PSO J318.5-22,8,False,0,0,0,0,0,,,False
3756_01,Mars,True,F/707/S,TRAPPIST-1e,18,False,,0,0,0,0,Blus Snoaf,F,True
3757_01,Earth,True,G/617/S,TRAPPIST-1e,38,False,0,0,0,0,0,Loresa Hubbarrison,M,True
3758_01,Earth,False,G/618/S,TRAPPIST-1e,18,False,381,4,0,0,368,Ianya Litthews,F,False
3758_02,Earth,True,G/618/S,PSO J318.5-22,23,False,0,0,0,0,0,Oraine Litthews,M,True
3759_01,Earth,True,G/619/S,TRAPPIST-1e,26,False,0,0,0,0,0,Elene Hendrys,F,True
3760_01,Earth,True,G/613/P,PSO J318.5-22,21,False,0,0,0,0,0,Paulia Kennetty,M,True
3761_01,,False,E/222/P,55 Cancri e,45,False,824,2196,385,19,1113,Nuscham Stingive,F,True
3765_01,Mars,True,F/709/S,TRAPPIST-1e,24,False,0,0,0,,0,Jayrin Cle,M,True
3767_01,Europa,False,B/146/S,55 Cancri e,44,False,0,280,112,0,9244,Sadaton Alenat,F,False
3768_01,Earth,False,F/710/S,TRAPPIST-1e,20,False,0,0,717,0,0,Jonaye Rushing,M,True
3769_01,Mars,False,E/251/S,TRAPPIST-1e,47,False,1037,0,258,4,0,Guar Stead,F,False
3770_01,Earth,True,G/615/P,TRAPPIST-1e,16,False,0,0,0,,0,Deandy Anthompson,M,True
3771_01,Europa,False,B/120/P,TRAPPIST-1e,28,False,80,828,0,4494,4269,Mesarid Pinoffent,F,False
3772_01,Earth,False,G/616/P,55 Cancri e,8,False,0,0,0,0,0,Tarah Castron,M,True
3772_02,Earth,False,F/777/P,TRAPPIST-1e,20,False,0,,422,0,0,Tany Castron,F,True
3773_01,Earth,False,F/711/S,PSO J318.5-22,22,False,2,257,348,2,0,Ivanna Prestonard,M,True
3773_02,Earth,False,F/711/S,TRAPPIST-1e,42,False,55,0,1503,0,0,Joeula Prestonard,F,True
3773_03,Earth,False,F/711/S,PSO J318.5-22,23,False,0,552,44,0,661,Wena Prestonard,M,True
3774_01,Earth,False,F/778/P,TRAPPIST-1e,30,False,513,0,0,0,317,Wayney Willy,F,False
3774_02,Earth,True,G/617/P,TRAPPIST-1e,18,False,0,0,0,0,0,Nelly Willy,M,False
3774_03,Earth,False,F/778/P,TRAPPIST-1e,35,False,227,117,394,9,56,Dorah Willy,F,False
3775_01,Mars,True,F/712/S,TRAPPIST-1e,42,False,0,0,0,0,0,Coate Buche,M,True
3775_02,Mars,True,F/712/S,TRAPPIST-1e,46,False,0,0,0,0,,Colax Killé,F,True
3776_01,Europa,False,C/134/S,TRAPPIST-1e,29,False,2,407,4509,1433,9,Sinon Gearitte,M,True
3777_01,Europa,True,B/147/S,55 Cancri e,35,False,0,0,0,0,0,Mareson Clunic,F,True
3778_01,Earth,False,F/713/S,TRAPPIST-1e,48,False,0,21,0,0,786,Geneen Morrencis,M,True
3779_01,Earth,False,F/714/S,TRAPPIST-1e,24,False,1,677,13,10,0,Ambert Tranciams,F,True
3781_01,Europa,False,A/44/S,TRAPPIST-1e,38,False,821,960,0,27,321,Sabit Spirfuent,M,False
3783_01,Earth,False,F/780/P,55 Cancri e,51,False,183,0,1,0,1103,Hilly Wolffy,F,False
3784_01,Earth,False,G/618/P,TRAPPIST-1e,77,False,0,,131,3981,108,Ale Morrencis,M,False
3785_01,Earth,True,G/619/P,TRAPPIST-1e,22,False,0,0,0,0,0,Viviay Hanner,F,False
3786_01,Mars,False,E/252/S,TRAPPIST-1e,38,True,,0,1355,0,0,Fispot Birt,M,False
3786_02,Mars,False,D/121/S,TRAPPIST-1e,42,False,913,4,1,1465,0,Quan Birt,F,False
3787_01,Mars,True,F/716/S,TRAPPIST-1e,55,False,0,0,0,0,0,Sugard Prie,M,True
3787_02,Mars,False,F/716/S,TRAPPIST-1e,7,False,0,0,0,0,0,Smals Prie,F,True
3787_03,Mars,False,D/122/S,TRAPPIST-1e,,False,132,75,849,0,0,Guls Prie,M,True
3788_01,Mars,False,D/127/P,TRAPPIST-1e,25,False,519,0,284,0,0,Pikes Sesa,F,False
3789_01,Earth,True,G/620/S,TRAPPIST-1e,15,False,0,0,0,0,0,Juane Popelazquez,M,True
3790_01,,True,G/620/P,TRAPPIST-1e,13,False,0,,0,,0,Trick Meyersones,F,True
3793_01,Earth,True,G/622/S,55 Cancri e,23,False,0,0,0,0,0,Troyra Moodsey,M,True
3795_01,Europa,True,C/136/S,55 Cancri e,,False,0,0,0,0,0,Muonus Clinarfork,F,True
3796_01,Europa,False,B/121/P,55 Cancri e,33,False,90,26830,0,27,703,Dhena Semageary,M,True
3797_01,Europa,False,B/122/P,TRAPPIST-1e,26,False,0,0,0,0,0,Kleeiak Couseced,F,False
3798_01,Europa,True,E/253/S,TRAPPIST-1e,67,False,0,0,0,0,0,Castra Exibuctich,M,True
3801_01,Earth,False,G/622/P,55 Cancri e,27,False,0,0,0,36,437,Mayne Leblanchez,F,False
3803_01,Mars,False,F/782/P,TRAPPIST-1e,33,False,25,0,1376,604,0,Sts Welte,M,False
3804_01,Earth,False,F/783/P,TRAPPIST-1e,18,False,0,17,0,0,784,Vivia Harry,F,False
3805_01,Earth,False,F/784/P,TRAPPIST-1e,36,False,357,0,114,0,,Frandy Pacerty,M,False
3807_01,Earth,True,G/623/S,TRAPPIST-1e,18,False,0,0,0,0,0,Benew Barnolaney,F,True
3810_01,Earth,False,G/624/S,TRAPPIST-1e,51,False,406,0,53,0,350,Tera Trankliney,M,False
3811_01,Mars,True,F/786/P,TRAPPIST-1e,54,False,0,0,0,0,0,Fisps Frasp,F,True
3811_02,Mars,False,D/128/P,TRAPPIST-1e,33,False,3361,0,13,15,0,Sters Frasp,M,False
3812_01,Earth,False,F/717/S,TRAPPIST-1e,18,False,14,651,11,17,,Sonnie Floways,F,False
3814_01,Europa,True,D/129/P,TRAPPIST-1e,57,False,0,0,0,0,0,Etair Calazy,M,True
3815_01,Earth,False,F/787/P,TRAPPIST-1e,23,False,0,0,0,724,80,Tarah Patteraley,F,False
3816_01,Earth,False,E/225/P,TRAPPIST-1e,24,False,58,0,4,789,54,Scotte Carterson,M,False
3817_01,Mars,False,E/226/P,TRAPPIST-1e,20,False,984,1,921,0,,Poselk Reste,F,False
3818_01,Earth,False,,TRAPPIST-1e,32,False,0,600,80,0,18,Rankie Hoodgers,M,False
3820_01,Mars,True,F/790/P,TRAPPIST-1e,21,False,0,0,0,0,0,Unchal Ecre,F,True
3821_01,Earth,False,,PSO J318.5-22,,False,0,2,0,0,867,Violan Mcphernard,M,False
3822_01,Earth,False,F/718/S,PSO J318.5-22,41,False,0,122,0,104,486,Lyny Mcinton,F,False
3823_01,Mars,False,F/719/S,TRAPPIST-1e,27,False,1192,0,0,0,0,Crisp Spore,M,True
3824_01,Earth,False,G/625/S,PSO J318.5-22,49,False,0,51,101,50,,Byront Mclardson,F,True
3826_01,,False,G/626/S,TRAPPIST-1e,18,False,0,0,0,1565,224,Fanna Navages,M,False
3830_01,Earth,False,G/627/S,55 Cancri e,34,False,71,0,242,393,0,Racey Powery,F,False
3831_01,Mars,False,D/123/S,TRAPPIST-1e,73,False,799,0,190,68,0,Pikes Nan,M,False
3832_01,Earth,False,G/627/P,TRAPPIST-1e,40,False,1387,614,1564,5,0,Bonyam Litthews,F,False
3835_01,Earth,False,E/255/S,PSO J318.5-22,63,False,1,897,0,0,8,Berna Tersony,M,False
3836_01,Mars,False,F/723/S,TRAPPIST-1e,21,False,1060,0,91,0,0,,,True
3838_01,Earth,False,E/227/P,TRAPPIST-1e,21,False,28,580,0,0,236,Billya Estiagosen,M,True
3839_01,Mars,False,E/228/P,TRAPPIST-1e,23,False,418,4,627,0,0,Puffes Kine,F,False
3841_01,Mars,False,F/793/P,TRAPPIST-1e,31,False,1049,31,227,2,0,Goldch Kashe,M,False
3842_01,Earth,False,F/794/P,55 Cancri e,41,False,312,89,44,0,252,Lynnee Vinston,F,False
3846_01,Earth,True,G/630/P,TRAPPIST-1e,15,False,0,0,0,0,0,Tracia Hahnstonsen,M,True
3847_01,Europa,False,C/126/P,TRAPPIST-1e,36,False,90,2050,0,15,1244,Gatrino Reshory,F,False
3848_01,Earth,False,F/795/P,TRAPPIST-1e,24,False,4,314,0,0,428,Warry Jacostaney,M,False
3849_01,Earth,False,G/631/P,TRAPPIST-1e,27,False,0,253,0,79,421,Timmy Santry,F,False
3850_01,Europa,False,C/137/S,55 Cancri e,24,False,38,257,0,54,4184,Keidhma Unteckery,M,False
3850_02,Europa,True,C/137/S,55 Cancri e,19,False,0,0,0,0,0,Astula Unteckery,F,True
3850_03,Europa,False,C/137/S,TRAPPIST-1e,25,False,0,6130,0,36,1,Achib Unteckery,M,True
3850_04,Europa,True,C/137/S,55 Cancri e,39,False,0,0,0,0,0,Alchium Unteckery,F,True
3850_05,Europa,True,C/137/S,TRAPPIST-1e,15,False,0,0,0,0,0,Thallah Unteckery,M,True
3850_06,Europa,False,C/137/S,TRAPPIST-1e,31,False,0,1565,0,97,1678,Sabiark Unteckery,F,True
3850_07,Europa,True,C/137/S,55 Cancri e,25,False,0,0,0,0,0,Azharga Chuble,M,True
3851_01,Europa,False,C/127/P,TRAPPIST-1e,57,False,205,4415,0,1589,305,Alino Namsheary,F,False
3852_01,Mars,True,F/796/P,TRAPPIST-1e,,False,0,0,0,0,0,Tive Tepie,M,True
3853_01,Earth,False,F/725/S,PSO J318.5-22,18,False,16,6,735,0,0,Jeane Herreras,F,True
3854_01,Earth,True,G/632/P,TRAPPIST-1e,33,False,0,0,0,0,0,Racey Carsoning,M,True
3856_01,Earth,False,F/726/S,,23,False,339,754,7,0,0,Ward Alvasquez,F,True
3857_01,Europa,True,E/230/P,55 Cancri e,34,False,0,0,,0,0,Eltard Dreamspric,M,True
3862_01,Mars,True,F/729/S,55 Cancri e,38,False,0,0,0,0,0,Rohs Paie,F,True
3862_02,Mars,False,E/256/S,TRAPPIST-1e,21,False,2627,0,597,0,0,Blakes Ple,M,True
3862_03,Mars,True,E/256/S,TRAPPIST-1e,31,False,0,0,0,0,0,,,False
3862_04,Mars,False,D/124/S,TRAPPIST-1e,13,False,974,0,1883,0,505,Herms Cako,M,False
3862_05,Mars,False,F/729/S,TRAPPIST-1e,54,False,149,981,215,0,0,Cherry Paie,F,True
3862_06,Mars,False,F/729/S,TRAPPIST-1e,13,False,1008,667,8,0,,Bants Cako,M,False
3862_07,Mars,False,D/124/S,TRAPPIST-1e,18,False,12,,1105,658,16,Chex Ple,F,False
3864_01,Europa,True,D/125/S,TRAPPIST-1e,,False,0,0,0,0,0,Ionium Dertering,M,True
3866_01,,False,F/797/P,TRAPPIST-1e,43,False,0,0,7,0,963,Lis Hendrys,F,False
3867_01,Earth,False,F/798/P,TRAPPIST-1e,56,False,3,,768,0,,Tyle Guerson,M,True
3868_01,Earth,False,F/731/S,TRAPPIST-1e,63,False,1540,,0,0,1,Brie Braymon,F,False
3868_02,Earth,False,G/630/S,TRAPPIST-1e,9,False,0,0,0,0,0,Thell Braymon,M,True
3868_03,Earth,False,G/630/S,,9,False,0,0,0,0,0,Joanry Braymon,F,False
3868_04,Earth,False,G/630/S,TRAPPIST-1e,0,False,0,0,0,0,0,Harrie Braymon,M,True
3868_05,Earth,False,F/731/S,55 Cancri e,16,False,0,0,623,40,209,Darry Braymon,F,True
3868_06,Earth,True,G/630/S,TRAPPIST-1e,42,False,0,0,0,0,0,Line Braymon,M,True
3868_07,Earth,True,G/630/S,TRAPPIST-1e,9,False,0,0,0,0,0,Hene Braymon,F,False
3870_01,Europa,True,B/148/S,55 Cancri e,22,False,0,0,0,0,0,Izarino Gemoserad,M,True
3871_01,Europa,True,B/149/S,55 Cancri e,47,False,0,0,0,0,0,Megrezn Flourbent,F,True
3872_01,Mars,True,F/799/P,TRAPPIST-1e,30,False,0,0,0,0,0,Cupers Quart,M,True
3873_01,Earth,False,F/800/P,TRAPPIST-1e,29,False,2478,0,31,4,11,Violey Pearsalason,F,False
3874_01,Earth,False,G/631/S,TRAPPIST-1e,,False,86,218,0,0,479,Clindy Lambleyoun,M,False
3874_02,Earth,False,E/258/S,TRAPPIST-1e,22,False,158,1556,1189,845,96,Frandy Lambleyoun,F,True
3875_01,Earth,False,E/232/P,TRAPPIST-1e,19,False,0,0,3,785,0,Teremy Garzaley,M,False
3879_01,Mars,False,F/801/P,55 Cancri e,31,False,796,0,70,595,0,Spies Nache,F,False
3883_01,Europa,True,B/150/S,55 Cancri e,17,False,0,0,0,0,0,Mergas Unreezy,M,True
3883_02,Europa,False,B/150/S,TRAPPIST-1e,38,False,0,3060,0,4,2325,Mesarga Unreezy,F,False
3883_03,Europa,True,B/150/S,55 Cancri e,13,False,0,0,0,,0,Dira Unreezy,M,True
3886_01,Earth,True,G/633/P,PSO J318.5-22,36,False,0,0,0,0,0,Nicey Moreman,F,True
3888_01,Earth,False,G/633/S,,0,False,0,0,0,0,0,,,True
3890_01,Earth,True,G/634/S,TRAPPIST-1e,21,False,0,0,0,0,0,Dorie Weissey,F,True
3894_01,Earth,False,F/735/S,PSO J318.5-22,18,False,0,525,0,0,84,Stald Vinozarks,M,True
3895_01,Mars,True,E/233/P,TRAPPIST-1e,36,False,0,0,0,0,0,Wolous Anpie,F,False
3895_02,Mars,False,E/233/P,TRAPPIST-1e,27,False,847,,4,0,1,Swal Anpie,M,False
3895_03,Mars,False,E/233/P,TRAPPIST-1e,5,False,0,0,0,0,0,Cranch Anpie,F,True
3896_01,,,C/140/S,55 Cancri e,18,False,0,4387,0,2241,0,Ainoxa Preeldy,M,True
3897_01,Earth,True,G/635/P,TRAPPIST-1e,25,False,0,0,0,0,0,Elson Peckers,F,False
3898_01,Earth,True,G/636/S,TRAPPIST-1e,14,False,0,0,0,0,0,Moniey Vinston,M,True
3899_01,Europa,True,E/234/P,TRAPPIST-1e,23,False,0,0,0,0,0,Kaffias Ingwhed,F,True
3903_01,Earth,False,G/636/P,55 Cancri e,2,False,0,0,0,0,0,Glendy Doughan,M,False
3903_02,Earth,True,G/636/P,TRAPPIST-1e,1,False,0,0,0,0,0,Anton Booness,F,False
3903_03,Earth,True,G/636/P,55 Cancri e,7,False,0,0,0,,0,,,True
3903_04,Earth,False,G/636/P,PSO J318.5-22,6,False,0,0,0,0,0,Deanne Emenez,F,False
3903_05,Earth,False,F/804/P,TRAPPIST-1e,56,False,967,0,0,3,0,Tricky Doughan,M,False
3903_06,Earth,True,G/636/P,55 Cancri e,4,False,0,0,0,0,0,Iandy Doughan,F,True
3904_01,Earth,False,G/637/S,TRAPPIST-1e,65,False,0,0,0,0,909,Joanie Charpelaney,M,False
3907_01,Earth,True,G/639/S,TRAPPIST-1e,36,False,0,0,0,0,0,Scotty Richan,F,True
3909_01,Europa,True,C/141/S,TRAPPIST-1e,25,False,0,0,0,0,0,Alcorix Scoudelle,M,True
3911_01,,False,F/736/S,TRAPPIST-1e,41,False,6,1,11,1046,0,Billa Petermandez,F,False
3911_02,Earth,False,E/260/S,TRAPPIST-1e,20,False,9,0,1462,94,54,France Pentss,M,True
3911_03,Earth,True,G/640/S,PSO J318.5-22,18,False,0,0,0,0,0,,,True
3912_01,Earth,False,F/737/S,TRAPPIST-1e,15,False,309,28,496,20,49,Carona Cartiz,M,True
3913_01,Earth,False,F/738/S,,23,False,0,93,1,0,542,Catha Waterson,F,False
3913_02,Earth,False,F/738/S,PSO J318.5-22,29,False,0,2,553,44,0,Ermank Waterson,M,False
3915_01,Earth,True,G/641/S,TRAPPIST-1e,33,False,0,0,0,0,0,Leondy Mayods,F,True
3916_01,Europa,False,D/128/S,TRAPPIST-1e,14,False,2,881,0,578,214,Cellus Ciplanke,M,False
3916_02,Europa,True,D/128/S,55 Cancri e,55,False,0,0,0,0,0,Alhenah Ciplanke,F,True
3917_01,Europa,False,B/124/P,TRAPPIST-1e,30,False,0,690,0,49,2264,Shabih Esseal,M,False
3919_01,Earth,False,F/806/P,TRAPPIST-1e,21,False,0,0,,65,480,Vina Blace,F,False
3921_01,Earth,False,E/262/S,TRAPPIST-1e,26,False,35,42,711,0,0,Felice Kramosley,M,True
3922_01,Earth,True,G/641/P,PSO J318.5-22,33,False,0,0,0,0,0,Melica Bardsey,F,True
3923_01,Earth,False,F/808/P,TRAPPIST-1e,18,False,95,0,0,13,622,Jenne Cofferson,M,False
3923_02,Earth,True,G/642/P,TRAPPIST-1e,9,False,0,0,0,0,0,Isaacy Cofferson,F,True
3923_03,Earth,True,G/642/P,55 Cancri e,0,False,0,0,0,0,0,Kaye Cofferson,M,True
3924_01,Earth,False,E/263/S,55 Cancri e,19,False,0,47,0,263,384,Nance Reenon,F,True
3926_01,Earth,False,F/810/P,TRAPPIST-1e,18,False,716,,0,0,0,Wine Fowlesterez,M,False
3927_01,Europa,False,C/142/S,55 Cancri e,38,False,55,1258,0,650,10786,Skyrmak Tionstious,F,False
3927_02,Europa,False,C/142/S,55 Cancri e,42,False,0,1249,0,1313,1148,Alar Tionstious,M,True
3928_01,Europa,False,E/264/S,,28,False,3,1300,0,1250,1148,Anchird Witeronfus,F,False
3928_02,Europa,True,E/264/S,55 Cancri e,37,False,0,0,0,0,0,Alrak Witeronfus,M,True
3930_01,Earth,False,F/740/S,55 Cancri e,29,False,0,0,0,1819,1,Dell Mcguirez,F,False
3931_01,Earth,False,F/811/P,55 Cancri e,42,False,0,218,0,481,2,Denis Sandry,M,False
3932_01,Mars,False,E/265/S,TRAPPIST-1e,18,False,659,0,2316,0,23,Cint Vlate,F,True
3932_02,Mars,False,D/129/S,55 Cancri e,34,False,2,0,805,29,0,Fal Vlate,M,True
3933_01,Earth,True,G/642/S,55 Cancri e,34,False,0,0,0,0,0,Gileen Coleyanglas,F,True
3935_01,Earth,True,G/643/S,PSO J318.5-22,18,False,0,0,0,0,0,Walla Mccarveymon,M,False
3936_01,Earth,False,G/644/S,TRAPPIST-1e,24,False,3537,0,0,0,0,Carley Sancasey,F,False
3937_01,Earth,False,F/742/S,TRAPPIST-1e,24,False,45,588,5,7,0,Vanie Rossey,M,True
3938_01,Mars,True,F/743/S,,56,False,0,0,0,0,0,,,True
3938_02,Mars,True,F/743/S,TRAPPIST-1e,2,False,0,0,0,0,0,Dies Flité,M,True
3938_03,Mars,True,F/743/S,TRAPPIST-1e,12,False,0,0,0,0,0,Gut Flité,F,True
3939_01,Earth,False,E/237/P,TRAPPIST-1e,37,False,772,0,840,1,5,Eriana Alberts,M,False
3940_01,Mars,False,D/132/P,TRAPPIST-1e,60,True,2739,0,0,0,0,Trisp Apie,F,False
3941_01,Earth,True,G/643/P,TRAPPIST-1e,55,False,0,0,0,0,0,Adanne Mejiaddox,M,False
3942_01,Earth,True,G/645/S,PSO J318.5-22,20,False,0,0,0,0,0,Floyde Grahangory,F,False
3944_01,Mars,False,F/745/S,TRAPPIST-1e,28,False,629,0,659,607,0,Crin Stike,M,False
3945_01,Earth,True,G/644/P,TRAPPIST-1e,28,False,0,0,0,0,0,Ivanne Lambles,F,False
3946_01,Mars,False,F/812/P,TRAPPIST-1e,37,False,14,0,91,1203,0,Lles Parta,M,False
3948_01,Earth,False,F/814/P,TRAPPIST-1e,18,False,325,0,477,50,5,Erick Castron,F,False
3949_01,Earth,False,E/238/P,TRAPPIST-1e,14,False,781,0,1,4,1,Denis Burraymons,M,False
3950_01,Europa,False,C/143/S,TRAPPIST-1e,29,False,3478,11153,15,203,15,Mirara Steary,F,True
3952_01,Earth,False,F/746/S,TRAPPIST-1e,51,False,0,0,0,544,12,Earlie Rodricker,M,False
3954_01,Earth,True,G/647/S,TRAPPIST-1e,45,False,0,0,0,0,0,Arlen Blacks,F,False
3955_01,Earth,True,G/648/S,TRAPPIST-1e,45,False,0,0,0,0,0,Morrie Gamberson,M,True
3958_01,Mars,False,F/747/S,TRAPPIST-1e,41,False,1144,12,14,22,0,Bun Sau,F,False
3959_01,Earth,False,G/646/P,TRAPPIST-1e,21,False,0,80,255,0,5190,Leahy Sullones,M,False
3959_02,Earth,False,F/817/P,TRAPPIST-1e,28,False,653,0,0,0,20,Elanie Sullones,F,False
3959_03,Earth,True,G/646/P,55 Cancri e,0,False,0,0,0,0,0,Maya Sullones,M,True
3960_01,Earth,False,F/748/S,TRAPPIST-1e,46,False,0,0,0,0,880,Shanie Herreras,F,False
3961_01,Mars,True,F/749/S,TRAPPIST-1e,41,False,0,0,0,0,0,Wheals Peake,M,True
3962_01,Earth,,G/647/P,55 Cancri e,13,False,0,0,0,0,0,Hughy Guerson,F,True
3962_02,Earth,False,E/239/P,PSO J318.5-22,55,False,0,1203,0,0,446,Brance Guerson,M,False
3963_01,Earth,,G/648/P,PSO J318.5-22,20,False,0,0,0,0,0,Cassa Bradlerson,F,True
3964_01,Earth,True,G/650/S,TRAPPIST-1e,21,False,0,0,0,0,0,Estina Chanan,M,True
3966_01,Earth,False,F/818/P,TRAPPIST-1e,49,False,324,275,0,0,0,Lillia Kerristicey,F,False
3966_02,Earth,False,G/649/P,TRAPPIST-1e,27,False,0,0,1020,0,,Fanna Kerristicey,M,True
3966_03,Earth,False,G/649/P,TRAPPIST-1e,0,False,0,0,0,0,0,Adriet Kerristicey,F,True
3967_01,Mars,False,F/819/P,TRAPPIST-1e,22,False,886,55,0,0,,Ray Seen,M,False
3968_01,Earth,True,G/650/P,TRAPPIST-1e,17,False,0,0,0,0,0,Louisa Briggins,F,False
3970_01,Mars,False,F/751/S,TRAPPIST-1e,23,False,355,0,764,0,0,Cowl Blake,M,True
3971_01,Earth,False,G/651/P,TRAPPIST-1e,44,False,39,821,0,7,41,Joanry Brighttt,F,False
3973_01,Europa,True,E/240/P,,29,False,0,0,0,0,0,Astorux Reedectied,M,True
3974_01,Earth,False,F/752/S,TRAPPIST-1e,19,False,0,0,5,756,0,Karia Davens,F,True
3974_02,Earth,True,G/652/S,TRAPPIST-1e,3,False,0,0,0,0,0,Janee Davens,M,True
3976_01,Europa,False,,TRAPPIST-1e,29,False,0,7164,0,58,1,Thab Patoetic,F,True
3977_01,Earth,False,E/241/P,TRAPPIST-1e,19,False,46,0,675,0,0,Tyrony Quinnedy,M,True
3980_01,Earth,True,G/653/P,TRAPPIST-1e,22,False,0,0,0,0,0,Hencey Garrincent,F,True
3981_01,Earth,False,,PSO J318.5-22,33,False,400,270,33,0,0,Pamont Carvis,M,False
3984_01,Earth,True,G/654/S,PSO J318.5-22,,False,0,0,0,0,0,Regory Wilsoney,F,True
3985_01,Earth,False,G/654/P,TRAPPIST-1e,50,False,667,0,0,11,170,Leneva Hahnstoneal,M,False
3986_01,Mars,False,F/755/S,TRAPPIST-1e,54,False,1217,0,1,4,0,Poot Pine,F,False
3986_02,Mars,False,F/755/S,TRAPPIST-1e,43,False,1448,0,150,0,0,Crowls Pine,M,False
3987_01,Earth,False,F/822/P,TRAPPIST-1e,17,False,103,2183,0,16,0,Irmark Briggston,F,True
3988_01,Mars,False,D/134/P,TRAPPIST-1e,26,False,1632,0,80,7,0,Beal Soun,M,False
3991_01,Earth,False,F/823/P,TRAPPIST-1e,44,False,1258,3,0,1,0,Elle Joycerton,F,False
3992_01,Earth,False,F/756/S,PSO J318.5-22,51,False,0,0,10,1098,0,Sta Barrelliver,M,False
3994_01,Europa,True,B/152/S,TRAPPIST-1e,29,False,0,0,0,0,0,Challa Unretereng,F,True
3995_01,Earth,False,G/655/P,TRAPPIST-1e,4,False,0,0,0,0,0,Ale Casonston,M,False
3995_02,Earth,False,F/825/P,PSO J318.5-22,40,False,0,0,310,1,421,Charly Casonston,F,False
3995_03,Earth,False,G/655/P,55 Cancri e,27,False,0,0,2,0,808,Colle Casonston,M,False
3995_04,Earth,False,G/655/P,TRAPPIST-1e,8,False,0,0,0,0,0,Evey Casonston,F,False
3995_05,Earth,False,G/655/P,TRAPPIST-1e,3,False,0,0,0,0,0,Ericky Casonston,M,False
3995_06,Earth,False,G/655/P,55 Cancri e,11,False,0,0,0,0,0,Karah Casonston,F,True
3996_01,Earth,False,F/826/P,PSO J318.5-22,24,False,16,0,1136,0,40,Willy Meyersones,M,True
3997_01,Earth,False,G/657/S,55 Cancri e,25,False,0,83,0,439,0,Aliedy Yanton,F,False
3998_01,Europa,False,C/129/P,55 Cancri e,28,False,89,4826,0,2,1598,Batan Iniouser,M,True
3999_01,Earth,False,G/656/P,TRAPPIST-1e,25,False,0,1017,0,0,0,Genee Hayerson,F,False
4000_01,Earth,True,G/658/S,TRAPPIST-1e,27,False,0,0,0,0,0,Hanry Burraymons,M,True
4000_02,Earth,False,F/757/S,TRAPPIST-1e,25,False,20,0,424,0,359,Vivia Burraymons,F,False
4000_03,Earth,True,G/658/S,TRAPPIST-1e,0,False,0,0,0,0,0,Samie Burraymons,M,True
4001_01,Earth,False,F/758/S,TRAPPIST-1e,58,False,0,0,970,0,0,Terina Lowelliott,F,True
4001_02,Earth,True,G/659/S,TRAPPIST-1e,3,False,0,0,0,0,0,Loresa Lowelliott,M,True
4001_03,Earth,True,G/659/S,PSO J318.5-22,4,False,0,0,0,0,0,Leahy Lowelliott,F,True
4001_04,Earth,True,G/659/S,55 Cancri e,2,False,0,0,0,0,0,Carley Lowelliott,M,False
4001_05,Earth,False,F/758/S,,34,False,0,847,14,0,0,Brancy Lowelliott,F,True
4001_06,Earth,False,G/659/S,55 Cancri e,5,False,0,0,0,0,0,Garry Warrishales,M,True
4001_07,Earth,False,G/659/S,TRAPPIST-1e,3,,0,0,0,0,0,Everly Lowelliott,F,False
4002_01,Mars,True,E/242/P,TRAPPIST-1e,46,False,0,0,0,0,0,Trohs Must,M,False
4003_01,Earth,False,F/827/P,TRAPPIST-1e,22,False,1417,0,0,0,0,,,True
4005_01,Earth,False,G/657/P,TRAPPIST-1e,8,False,0,0,0,0,0,Jonaye Castannison,M,True
4005_02,Earth,False,G/657/P,TRAPPIST-1e,17,False,3,83,927,0,1,Aarone Castannison,F,True
4005_03,Earth,False,G/657/P,TRAPPIST-1e,4,False,0,0,0,0,0,Cliney Castannison,M,False
4005_04,Earth,True,,TRAPPIST-1e,12,False,0,0,0,0,0,Dia Spentley,F,False
4005_05,Earth,True,G/657/P,PSO J318.5-22,40,False,0,0,0,0,0,Lorian River,M,True
4005_06,Earth,False,F/829/P,PSO J318.5-22,16,False,4,0,2278,2,0,Son River,F,True
4005_07,Earth,True,G/657/P,TRAPPIST-1e,41,False,,0,0,0,0,Bobina Castannison,M,True
4005_08,Earth,True,G/657/P,TRAPPIST-1e,8,False,0,0,0,0,0,,,False
4006_01,Earth,True,G/660/S,55 Cancri e,14,,0,0,0,0,0,Hilly Wolfaddox,M,True
4006_02,Earth,True,G/660/S,TRAPPIST-1e,2,False,0,0,0,0,0,Becca Wolfaddox,F,True
4006_03,Earth,False,F/759/S,PSO J318.5-22,59,False,400,0,126,0,158,Vick Wolfaddox,M,True
4006_04,Earth,,G/660/S,TRAPPIST-1e,45,False,1796,0,4,0,5,Kariel Wolfaddox,F,False
4006_05,Earth,False,F/759/S,55 Cancri e,52,False,0,704,0,0,,Evaned Wolfaddox,M,True
4008_01,Mars,True,F/760/S,TRAPPIST-1e,33,False,0,0,0,0,0,Anamse Cha,F,True
4009_01,Earth,False,,55 Cancri e,51,False,8,0,206,1247,14,Luisy Belley,M,True
4010_01,Earth,True,G/658/P,TRAPPIST-1e,38,False,0,0,0,0,0,Florey Sweeton,F,False
4013_01,Mars,False,E/243/P,TRAPPIST-1e,14,False,460,0,0,315,172,Coos Emead,M,False
4014_01,Europa,False,B/125/P,TRAPPIST-1e,42,False,0,456,1,1193,3039,Hekabih Metful,F,False
4014_02,Europa,False,B/125/P,55 Cancri e,28,False,0,3238,0,750,2368,,,False
4016_01,Earth,False,E/268/S,55 Cancri e,34,False,309,542,0,0,55,Dorene Mclainez,F,False
4017_01,Mars,False,E/269/S,TRAPPIST-1e,21,,0,0,0,0,0,Frouse Mele,M,False
4017_02,Mars,True,F/761/S,TRAPPIST-1e,30,False,0,0,0,0,0,Tibers Mele,F,True
4017_03,Mars,True,F/761/S,TRAPPIST-1e,,False,0,0,0,0,0,Chrice Mele,M,True
4017_04,Mars,True,E/269/S,TRAPPIST-1e,26,False,0,0,0,0,0,Tights Mele,F,False
4017_05,Mars,False,F/761/S,TRAPPIST-1e,23,False,931,0,134,0,421,Hog Gene,M,False
4018_01,Earth,False,F/762/S,TRAPPIST-1e,20,False,,1,0,20,42,Jacky Bears,F,False
4019_01,Earth,False,E/245/P,55 Cancri e,59,False,258,377,5,0,0,Jimen Lerez,M,True
4020_01,Europa,False,B/126/P,55 Cancri e,37,False,6498,1470,0,416,4174,,,False
4021_01,Mars,False,F/832/P,TRAPPIST-1e,32,False,1843,0,662,0,0,Flys Buth,M,False
4022_01,Earth,False,F/833/P,PSO J318.5-22,37,False,4,0,223,512,1,Lavey Hubbarrison,F,False
4023_01,Earth,False,E/246/P,TRAPPIST-1e,27,False,1,355,757,0,,Franda Torrez,M,False
4026_01,Europa,True,B/154/S,55 Cancri e,42,False,0,0,0,0,0,Azham Chsere,F,True
4027_01,Earth,True,G/659/P,PSO J318.5-22,29,False,0,0,0,0,0,Benry Patthews,M,True
4030_01,,False,G/661/S,TRAPPIST-1e,2,False,0,0,0,0,0,Evaley Flowensley,F,True
4030_02,Earth,True,,TRAPPIST-1e,10,False,0,0,0,0,0,Luise Carpennels,M,False
4030_03,Earth,False,G/661/S,TRAPPIST-1e,0,False,0,0,0,0,0,Gleney Carpennels,F,False
4030_04,Earth,True,G/661/S,TRAPPIST-1e,21,False,0,0,0,0,0,Beula Carpennels,M,False
4030_05,Earth,False,G/661/S,TRAPPIST-1e,8,False,0,0,0,0,0,Terina Carpennels,F,False
4031_01,Europa,True,C/131/P,55 Cancri e,,False,0,,0,0,0,Algeno Listive,M,True
4031_02,Europa,True,C/131/P,TRAPPIST-1e,27,False,0,0,0,0,0,Krabik Listive,F,True
4032_01,Earth,,G/661/P,PSO J318.5-22,13,False,0,0,0,0,0,Deaney Waltonnedy,M,True
4033_01,Europa,False,C/144/S,55 Cancri e,49,False,2025,7167,0,2456,47,Shaton Windend,F,True
4034_01,Mars,True,E/247/P,TRAPPIST-1e,38,False,0,0,0,0,0,Froon Kité,M,False
4035_01,Earth,True,G/662/P,55 Cancri e,21,False,0,0,0,0,0,Pamiea Bryants,F,True
4036_01,Earth,False,G/662/S,TRAPPIST-1e,22,False,7,61,110,708,0,Jodia Evedorsen,M,False
4037_01,Earth,True,G/663/S,PSO J318.5-22,14,False,0,0,0,0,0,Luisy Gardsondez,F,True
4038_01,Earth,True,G/664/S,PSO J318.5-22,24,False,0,0,0,0,0,Elice Reenez,M,False
4039_01,Earth,False,F/764/S,TRAPPIST-1e,24,False,714,0,4,49,11,Race Tersimpson,F,False
4040_01,Earth,True,G/663/P,TRAPPIST-1e,34,False,0,0,0,,0,Brance Micknightt,M,False
4042_01,Europa,False,A/46/S,TRAPPIST-1e,1,False,0,0,0,0,,Mesatz Stewder,F,True
4042_02,Europa,True,A/46/S,55 Cancri e,,False,0,0,0,0,0,Etair Stewder,M,True
4042_03,Europa,True,A/46/S,55 Cancri e,26,False,0,0,0,0,0,Canon Stewder,F,True
4043_01,Earth,False,E/248/P,TRAPPIST-1e,,False,0,0,0,32,1577,Marvey Mirandry,M,False
4044_01,Mars,False,F/765/S,TRAPPIST-1e,32,False,536,0,736,118,0,Jackix Can,F,False
4044_02,Mars,False,F/765/S,TRAPPIST-1e,2,False,0,,0,0,0,,,True
4044_03,Mars,True,F/765/S,TRAPPIST-1e,10,False,0,0,0,0,0,Rowls Can,F,True
4045_01,Mars,False,D/135/P,TRAPPIST-1e,49,False,1417,0,531,1348,192,Pars Wist,M,False
4046_01,Earth,True,G/664/P,PSO J318.5-22,14,False,0,0,0,0,0,Elina Santantines,F,True
4047_01,Earth,True,G/666/S,TRAPPIST-1e,29,False,0,0,0,0,0,Ivanne Rivanseney,M,True
4049_01,Europa,True,A/47/S,55 Cancri e,25,False,0,0,0,0,0,Schyon Pokematic,F,False
4050_01,Europa,False,A/35/P,55 Cancri e,36,False,0,1302,0,2067,10173,Decruxa Dissper,M,False
4053_01,Earth,True,G/668/S,TRAPPIST-1e,22,False,0,0,0,0,0,Leondy Midtt,F,True
4055_01,Earth,False,F/836/P,TRAPPIST-1e,21,False,3,34,600,0,8,Milda Mirandry,M,False
4058_01,Earth,False,G/669/S,TRAPPIST-1e,36,False,437,442,0,2,1,Nance Hinesh,F,False
4060_01,Earth,False,F/838/P,TRAPPIST-1e,54,False,880,2,531,2,0,Lerome Barrelliver,M,False
4061_01,Mars,False,D/130/S,TRAPPIST-1e,30,False,1851,0,378,0,155,Jack Kashe,F,False
4061_02,Mars,True,F/766/S,TRAPPIST-1e,0,False,0,0,0,0,0,Graw Kashe,M,True
4061_03,Mars,True,F/766/S,TRAPPIST-1e,1,False,0,0,0,,0,,,True
4063_01,Earth,True,G/670/S,TRAPPIST-1e,42,False,0,0,0,0,0,Anda Mcfaddennon,M,True
4064_01,Earth,False,F/767/S,TRAPPIST-1e,47,False,939,1477,,0,0,Jennya Dillips,F,True
4065_01,Earth,False,G/665/P,TRAPPIST-1e,25,False,1339,1,360,0,0,Doryn Olshaffey,M,False
4066_01,Europa,,B/155/S,55 Cancri e,18,False,0,30,0,67,2790,Taurius Objeciane,F,False
4066_02,Europa,True,B/155/S,TRAPPIST-1e,22,False,0,0,0,0,0,Diramak Objeciane,M,True
4068_01,Europa,False,D/131/S,TRAPPIST-1e,27,False,,1381,0,148,2181,Dnocese Pirejus,F,False
4069_01,Earth,False,F/768/S,55 Cancri e,24,False,0,0,2433,0,53,Hen Chenson,M,True
4071_01,Europa,True,B/127/P,,,False,0,0,0,0,0,Alurope Watuald,F,True
4071_02,Europa,True,B/127/P,55 Cancri e,22,False,0,0,,0,,Tachir Watuald,M,True
4072_01,Earth,True,G/671/S,TRAPPIST-1e,60,False,0,0,,0,0,Mael Chasey,F,True
4075_01,Europa,False,C/145/S,TRAPPIST-1e,38,False,1901,1276,0,7561,12,Anchira Nateansive,M,False
4076_01,Earth,False,E/250/P,TRAPPIST-1e,23,False,1616,0,1,0,2,Lonnez Guezaley,F,False
4078_01,,True,G/667/P,TRAPPIST-1e,21,False,0,0,0,0,0,Kris Coley,M,False
4079_01,Mars,False,F/771/S,55 Cancri e,55,False,1680,0,1,0,6,Koops Upead,F,False
4080_01,Earth,False,F/839/P,55 Cancri e,20,False,719,0,10,0,0,Carry Sancasey,M,False
4081_01,Earth,False,G/668/P,55 Cancri e,50,False,451,132,195,31,0,Patoya Penashley,F,False
4082_01,Mars,False,E/252/P,TRAPPIST-1e,22,False,0,0,0,0,0,Gray Cres,M,False
4083_01,Europa,False,C/146/S,TRAPPIST-1e,21,False,0,6190,1828,7,35,Tauvaah Clarty,F,True
4084_01,Europa,False,D/132/S,TRAPPIST-1e,26,False,0,1549,0,0,766,Arix Rentruing,M,True
4089_01,Europa,False,A/48/S,TRAPPIST-1e,36,False,0,2177,0,1097,144,Mothab Tachor,F,True
4090_01,Mars,False,D/133/S,TRAPPIST-1e,46,False,227,0,1546,3,2,Honjay Ruica,M,True
4091_01,Earth,False,F/772/S,TRAPPIST-1e,26,False,0,586,1,0,58,Ginald Pecketton,F,True
4093_01,Earth,False,F/841/P,TRAPPIST-1e,24,False,0,20,0,14,659,Lynnie Valexandez,M,False
4095_01,Earth,False,G/671/P,55 Cancri e,14,False,834,1080,3,183,208,Deaney Romez,F,False
4096_01,Mars,False,F/842/P,TRAPPIST-1e,46,False,949,0,128,3,41,Stote Vicke,M,True
4097_01,Earth,False,E/253/P,TRAPPIST-1e,15,False,0,840,123,0,20,Belly Weavesend,F,False
4098_01,Earth,True,G/672/P,TRAPPIST-1e,30,False,0,0,0,0,0,Rena Vanglis,M,False
4099_01,Earth,True,G/673/P,TRAPPIST-1e,,False,0,0,0,0,0,Willey Fryersonis,F,True
4101_01,Mars,False,F/773/S,TRAPPIST-1e,38,False,1100,43,163,3,0,Tyog Rapie,M,False
4102_01,Europa,True,B/128/P,TRAPPIST-1e,48,False,0,0,0,0,0,Brark Whetedy,F,True
4103_01,Earth,True,G/674/P,TRAPPIST-1e,31,False,0,0,0,0,0,Ally Sterreray,M,False
4104_01,Earth,False,G/675/P,TRAPPIST-1e,41,False,1025,0,0,0,0,Ritany Gallard,F,False
4106_01,Earth,False,G/675/S,TRAPPIST-1e,43,False,0,831,78,0,0,Leneva Harmond,M,True
4107_01,Earth,False,G/676/S,TRAPPIST-1e,23,False,0,0,489,5,276,Bobbyn Rocholton,F,False
4108_01,Europa,True,B/158/S,55 Cancri e,48,False,0,0,0,0,0,Tarino Aroodint,M,True
4108_02,Europa,,B/158/S,TRAPPIST-1e,47,False,27,2651,538,18,0,Tachium Aroodint,F,True
4109_01,Earth,False,F/843/P,TRAPPIST-1e,19,False,169,399,,97,0,Karlie Beangley,M,True
4110_01,Earth,False,E/255/P,TRAPPIST-1e,25,False,0,38,0,847,112,Son Rosargas,F,False
4112_01,Earth,True,G/678/S,TRAPPIST-1e,28,False,0,0,0,0,0,Shany Rasmussony,M,True
4113_01,Europa,True,B/129/P,55 Cancri e,16,False,0,0,0,0,0,Taraid Bradiary,F,True
4113_02,Europa,False,B/129/P,TRAPPIST-1e,45,False,0,2524,0,166,1,Coxak Bradiary,M,True
4114_01,Mars,True,E/270/S,TRAPPIST-1e,31,False,0,0,0,0,0,Rowls Porté,F,True
4115_01,Earth,True,G/679/S,PSO J318.5-22,19,False,0,0,0,0,0,Jenne Wagnerray,M,False
4116_01,Earth,False,F/774/S,TRAPPIST-1e,21,False,40,0,736,0,0,Ryany Torrez,F,True
4120_01,Earth,True,G/680/S,PSO J318.5-22,,False,0,0,0,0,0,Aleroy Pentss,M,False
4125_01,Earth,True,G/677/P,PSO J318.5-22,22,False,0,0,,0,0,Jorgie Watkinsley,F,True
4127_01,Europa,,B/130/P,TRAPPIST-1e,23,False,0,0,0,0,,Dsch Ainserfle,M,True
4128_01,Mars,False,F/846/P,TRAPPIST-1e,54,True,111,0,1144,8,23,Ors Pare,F,False
4128_02,Mars,False,F/846/P,TRAPPIST-1e,0,False,0,0,0,0,0,Aars Pare,M,True
4128_03,Mars,True,F/846/P,TRAPPIST-1e,4,False,0,,0,0,0,Guanch Pare,F,True
4129_01,Earth,False,F/847/P,TRAPPIST-1e,23,False,15,1,777,3,3,Kyley Matts,M,False
4130_01,Mars,True,,TRAPPIST-1e,19,False,0,0,0,0,0,Forms Merte,F,True
4131_01,Europa,True,C/147/S,TRAPPIST-1e,34,False,0,0,0,,0,Achium Pokematic,M,True
4132_01,Earth,True,G/678/P,55 Cancri e,18,False,0,0,0,0,0,Curtle Norry,F,False
4134_01,,True,,TRAPPIST-1e,40,False,0,0,0,0,0,Cird Datty,M,True
4135_01,Mars,False,F/777/S,TRAPPIST-1e,58,False,850,0,22,1493,0,Cakers Merte,F,False
4137_01,Earth,False,F/778/S,55 Cancri e,39,False,664,0,0,40,0,Lonna Rocknight,M,False
4140_01,Earth,False,F/851/P,PSO J318.5-22,23,False,40,15,30,0,637,Shan Fitzgerson,F,False
4141_01,Earth,False,G/679/P,TRAPPIST-1e,11,False,0,0,0,0,0,Rhonya Philliames,M,False
4142_01,Europa,True,C/148/S,TRAPPIST-1e,43,False,0,0,,0,0,Maiah Deryplinet,F,True
4143_01,Mars,True,E/258/P,TRAPPIST-1e,29,False,0,0,0,0,0,Heales Buncy,M,False
4144_01,Earth,False,E/259/P,TRAPPIST-1e,36,False,19,476,0,5,290,Edgary Guerson,F,False
4145_01,Earth,False,F/852/P,PSO J318.5-22,13,False,16,0,87,544,0,Juaney Herry,M,False
4147_01,Europa,False,C/149/S,TRAPPIST-1e,54,False,0,,0,3200,0,Caphact Lendly,F,True
4147_02,Europa,True,C/149/S,TRAPPIST-1e,45,False,0,0,0,0,0,Acrabik Lendly,M,True
4149_01,Earth,False,G/682/P,55 Cancri e,33,,,0,589,2,255,Benew Saundez,F,True
4150_01,Earth,False,F/780/S,TRAPPIST-1e,46,False,0,1029,0,0,0,Hanne Weaves,M,True
4151_01,Earth,True,G/683/P,55 Cancri e,15,False,0,0,0,0,0,Juliey Loverceson,F,True
4152_01,Earth,False,F/853/P,TRAPPIST-1e,35,False,89,0,0,545,0,Natha Wonglasquez,M,False
4154_01,Mars,True,F/781/S,TRAPPIST-1e,23,False,0,0,0,0,0,Beant Gelte,F,True
4156_01,Earth,True,G/684/P,55 Cancri e,15,,0,0,0,0,0,Millia Watkinsley,M,False
4158_01,Earth,False,E/273/S,TRAPPIST-1e,27,False,0,0,580,211,0,Doryn Noeley,F,False
4159_01,Earth,False,F/782/S,TRAPPIST-1e,15,False,,2,15,5,842,Hilley Harperez,M,False
4160_01,Mars,False,F/783/S,TRAPPIST-1e,27,True,661,,991,46,0,,,True
4163_01,Earth,True,G/683/S,55 Cancri e,16,False,0,0,0,0,0,Lyne Woodwinton,M,True
4165_01,Earth,False,G/685/P,TRAPPIST-1e,37,False,246,0,703,5,0,Kendy Logannon,F,True
4166_01,Europa,True,B/132/P,55 Cancri e,45,False,0,0,0,0,0,Thabius Stacketent,M,True
4166_02,Europa,False,B/132/P,55 Cancri e,58,True,0,279,3627,122,30,Ionan Stacketent,F,True
4167_01,Earth,False,,PSO J318.5-22,,,0,440,0,0,334,Ninaha Deckerson,M,False
4168_01,Earth,False,F/855/P,TRAPPIST-1e,38,False,0,18,30,0,832,Eriky Deckerson,F,False
4168_02,Earth,False,E/260/P,TRAPPIST-1e,28,False,0,241,6,0,542,Elina Deckerson,M,False
4169_01,Europa,True,D/140/P,TRAPPIST-1e,47,False,0,0,0,0,0,Avijava Susent,F,True
4169_02,Europa,False,D/140/P,TRAPPIST-1e,41,False,0,1562,0,2,16,Acruxon Susent,M,True
4170_01,Europa,True,B/133/P,TRAPPIST-1e,28,False,,0,0,0,0,Sarich Pirejus,F,True
4171_01,Earth,True,G/686/P,TRAPPIST-1e,23,False,0,0,0,0,0,Candyn Mclardson,M,False
4172_01,Mars,True,F/856/P,TRAPPIST-1e,24,False,0,0,0,0,0,Peefox Flell,F,True
4172_02,Mars,False,F/856/P,TRAPPIST-1e,58,False,12,0,186,2436,4,Cinkes Flell,M,False
4172_03,,True,F/856/P,TRAPPIST-1e,36,False,0,0,0,0,0,Chrets Flell,F,True
4172_04,Mars,False,F/856/P,55 Cancri e,24,False,1363,0,50,0,0,Puffs Facle,M,False
4172_05,Mars,False,F/856/P,TRAPPIST-1e,56,False,128,0,959,0,42,Barks Flell,F,False
4172_06,Mars,True,F/856/P,TRAPPIST-1e,15,False,0,0,0,0,0,Fruik Flell,M,True
4172_07,Mars,False,D/141/P,TRAPPIST-1e,19,False,154,170,2074,0,0,Corsh Flell,F,True
4173_01,Earth,False,E/261/P,TRAPPIST-1e,27,False,0,0,0,658,133,Genee Meleon,M,False
4174_01,Earth,False,F/857/P,TRAPPIST-1e,47,False,59,1,327,557,0,Coren Armstromez,F,False
4175_01,Earth,False,F/858/P,55 Cancri e,37,False,0,89,15,20,592,Thery Burnerez,M,False
4176_01,Mars,True,F/859/P,TRAPPIST-1e,39,False,0,0,0,0,0,Rants Fla,F,True
4176_02,Mars,True,F/859/P,TRAPPIST-1e,20,False,0,0,0,0,0,Lidex Opité,M,True
4176_03,Mars,False,F/859/P,TRAPPIST-1e,20,False,760,0,742,352,0,Shood Opité,F,True
4176_04,Mars,False,F/859/P,TRAPPIST-1e,38,False,490,663,358,855,0,Othawk Fla,M,False
4176_05,Mars,False,D/142/P,TRAPPIST-1e,46,False,247,0,418,480,36,Risps Fla,F,False
4176_06,Mars,True,F/859/P,TRAPPIST-1e,13,False,0,0,0,0,0,Wafros Fla,M,True
4176_07,Mars,False,F/859/P,55 Cancri e,24,False,612,326,46,87,0,Wille Fla,F,True
4177_01,Europa,True,B/161/S,TRAPPIST-1e,32,False,0,0,0,0,0,Mesatik Witalnerod,M,True
4177_02,Europa,True,B/161/S,55 Cancri e,,False,0,0,0,0,0,Wezno Foraud,F,True
4177_03,Europa,False,B/161/S,55 Cancri e,44,False,36,588,0,1675,3597,Wasath Foraud,M,False
4178_01,Earth,False,G/687/P,TRAPPIST-1e,19,False,0,0,4,6,773,Almara Sweenez,F,False
4179_01,Europa,False,A/50/S,TRAPPIST-1e,30,True,0,1172,183,91,0,,,True
4179_02,Europa,True,A/50/S,TRAPPIST-1e,23,False,0,0,0,0,0,Alrais Pleele,F,True
4181_01,Europa,False,C/133/P,TRAPPIST-1e,4,False,0,0,0,0,0,Okulas Frattyring,M,True
4181_02,Europa,False,C/133/P,,0,False,0,,0,0,0,Meron Frattyring,F,True
4181_03,Europa,True,,TRAPPIST-1e,17,False,0,0,0,0,0,Terope Frattyring,M,True
4181_04,Europa,True,C/133/P,TRAPPIST-1e,44,False,0,0,0,0,0,Ashir Frattyring,F,True
4181_05,Europa,False,C/133/P,55 Cancri e,31,False,2,8747,0,4840,14485,Wezena Frattyring,M,False
4181_06,Europa,False,C/133/P,55 Cancri e,41,True,0,9463,0,1022,1562,Ranan Frattyring,F,True
4182_01,Europa,False,A/51/S,55 Cancri e,33,False,0,2020,0,1817,182,Maiamak Tabloory,M,False
4182_02,Europa,False,A/51/S,TRAPPIST-1e,43,False,0,124,0,3975,186,,,False
4182_03,Europa,False,A/51/S,55 Cancri e,43,True,0,3172,0,26,4376,Alathim Tabloory,M,False
4183_01,Earth,False,F/784/S,TRAPPIST-1e,36,False,1367,108,,0,77,Heald Bootez,F,False
4184_01,Earth,False,F/860/P,55 Cancri e,19,False,558,0,353,0,8,Thel Wilsoney,M,False
4185_01,Earth,False,G/688/P,TRAPPIST-1e,24,False,0,1725,0,0,0,Coreee Waderoachez,F,True
4186_01,Earth,True,G/685/S,55 Cancri e,17,False,0,0,0,0,0,Clard Dickley,M,True
4188_01,Earth,False,F/861/P,TRAPPIST-1e,23,False,1277,84,0,240,598,Lis Fowlesterez,F,True
4189_01,Earth,False,G/686/S,55 Cancri e,17,False,558,0,3,0,1226,Wayney Petermandez,M,False
4191_01,Mars,False,D/135/S,TRAPPIST-1e,18,False,950,1,236,754,0,Oateal Dun,F,False
4194_01,Mars,True,F/862/P,55 Cancri e,34,False,0,0,0,0,0,Oaters Kité,M,True
4196_01,Earth,True,G/688/S,TRAPPIST-1e,13,False,0,0,0,0,0,Antony Jacostaney,F,True
4197_01,Earth,False,F/786/S,TRAPPIST-1e,66,False,610,2549,0,17,0,Stanya Cooks,M,True
4197_02,Earth,False,F/786/S,TRAPPIST-1e,27,False,0,867,0,128,363,Stald Cooks,F,True
4197_03,Earth,False,G/689/S,TRAPPIST-1e,19,False,1620,0,4,0,82,Harrie Cooks,M,False
4199_01,Earth,False,F/787/S,TRAPPIST-1e,55,False,0,198,703,1,0,Milly Howenters,F,True
4203_01,Mars,False,D/143/P,TRAPPIST-1e,40,False,0,0,1,293,667,Cors Flé,M,False
4204_01,Earth,True,G/691/P,PSO J318.5-22,23,False,0,0,0,0,0,Nandy Avisnydes,F,True
4204_02,Earth,False,G/691/P,TRAPPIST-1e,7,False,0,0,0,0,0,Rald Avisnydes,M,False
4204_03,Earth,True,G/691/P,TRAPPIST-1e,12,False,0,0,0,0,0,Gailya Avisnydes,F,True
4205_01,Earth,False,F/789/S,TRAPPIST-1e,37,False,0,886,0,58,441,Ebonya Dillips,M,False
4206_01,Earth,False,F/865/P,TRAPPIST-1e,22,False,0,13,524,7,0,Analdy Bucknersony,F,False
4207_01,,True,B/163/S,TRAPPIST-1e,25,False,0,0,0,0,0,Scepton Perable,M,True
4207_02,Europa,True,B/163/S,55 Cancri e,46,False,0,0,0,0,0,Astonon Perable,F,True
4208_01,Mars,False,D/144/P,55 Cancri e,37,False,326,0,455,2,0,Aarjel Jaff,M,False
4210_01,Europa,True,C/151/S,55 Cancri e,50,False,0,0,0,0,0,Diph Siccertful,F,True
4210_02,Europa,True,C/151/S,55 Cancri e,28,False,0,0,0,0,0,Naosura Siccertful,M,True
4211_01,Europa,True,C/134/P,TRAPPIST-1e,26,False,0,0,0,0,0,Sulabik Covale,F,True
4212_01,,True,G/690/S,TRAPPIST-1e,28,False,0,0,0,,0,Kenny Yanton,M,True
4213_01,Earth,False,G/691/S,PSO J318.5-22,23,False,4,157,142,,196,Fayen Morrodgers,F,False
4214_01,Europa,False,E/262/P,TRAPPIST-1e,23,False,3,343,0,4280,0,Chellus Freptic,M,False
4215_01,Mars,False,D/145/P,TRAPPIST-1e,34,True,992,0,14,0,0,Gocock Floaf,F,False
4216_01,Europa,True,B/134/P,TRAPPIST-1e,65,False,0,0,0,0,0,Rotan Dratembid,M,True
4216_02,,True,B/134/P,TRAPPIST-1e,20,False,0,0,0,0,0,Sabiark Dratembid,F,True
4218_01,Mars,True,F/867/P,TRAPPIST-1e,29,False,0,0,0,0,0,Gops Tert,M,True
4218_02,Mars,False,F/867/P,TRAPPIST-1e,30,False,176,0,2310,0,,Relix Tert,F,True
4219_01,Mars,True,F/868/P,TRAPPIST-1e,3,False,0,0,0,,0,Unfly Min,M,True
4219_02,Mars,False,F/868/P,TRAPPIST-1e,40,False,1268,0,0,0,0,Sies Min,F,False
4219_03,Mars,False,F/868/P,TRAPPIST-1e,32,False,1331,416,0,665,64,Supix Min,M,False
4220_01,Earth,False,E/263/P,TRAPPIST-1e,31,False,553,224,9,1,0,Tine Acobson,F,False
4221_01,Earth,False,F/869/P,TRAPPIST-1e,13,False,27,81,1080,0,0,Eduana Alshipson,M,True
4222_01,Earth,False,G/692/P,TRAPPIST-1e,29,False,37,0,167,608,0,Beula Clean,F,False
4222_02,Earth,False,E/264/P,TRAPPIST-1e,28,False,0,53,0,732,6,Patha Clean,M,False
4223_01,Mars,False,F/790/S,55 Cancri e,19,False,1184,88,0,0,334,Manth Grean,F,True
4223_02,Mars,False,E/275/S,55 Cancri e,24,False,469,0,,196,0,Dous Grean,M,True
4225_01,Mars,True,E/266/P,TRAPPIST-1e,22,False,0,0,0,0,0,Chid Melie,F,False
4229_01,Earth,False,F/872/P,55 Cancri e,13,False,406,0,1670,0,427,,,False
4230_01,Earth,False,F/873/P,TRAPPIST-1e,21,False,0,0,23,820,22,Shaele Wilkinner,F,False
4231_01,Earth,False,F/791/S,55 Cancri e,24,False,0,0,1435,10,0,Therly Scottuez,M,True
4232_01,Europa,False,B/164/S,TRAPPIST-1e,47,False,0,4983,0,173,43,Coxah Comessic,F,True
4233_01,Europa,False,B/135/P,TRAPPIST-1e,27,False,0,144,76,184,3932,Tark Parbage,M,False
4237_01,Earth,False,E/277/S,TRAPPIST-1e,18,False,0,0,774,0,13,Kerryn Mirezavis,F,True
4238_01,Europa,True,B/165/S,55 Cancri e,36,False,0,0,0,0,0,Ainkard Calian,M,True
4239_01,Earth,False,F/875/P,TRAPPIST-1e,68,False,0,1,223,580,0,Bethew Alest,F,False
4240_01,Europa,,C/152/S,TRAPPIST-1e,31,False,0,0,0,0,0,Sadiram Roustorly,M,True
4242_01,Mars,True,F/877/P,TRAPPIST-1e,28,False,0,0,0,0,0,Bix Ecate,F,True
4243_01,Mars,False,D/136/S,TRAPPIST-1e,36,False,3002,21,150,0,0,Cakers Bau,M,False
4244_01,Earth,False,F/794/S,TRAPPIST-1e,17,False,0,628,0,66,449,Yvetta Weaverays,F,True
4245_01,Earth,True,G/695/S,TRAPPIST-1e,13,False,0,0,0,0,0,Chery Ingston,M,True
4246_01,Earth,False,G/693/P,TRAPPIST-1e,30,False,0,10,0,3840,329,Isaacy Hamberterry,F,False
4249_01,Europa,False,B/166/S,TRAPPIST-1e,58,False,0,2946,0,101,387,Nusoton Inghting,M,True
4249_02,Europa,True,B/166/S,TRAPPIST-1e,43,False,0,0,0,0,0,Alatrin Inghting,F,True
4249_03,Europa,False,B/166/S,55 Cancri e,20,False,354,1546,323,284,315,Aviton Inghting,M,True
4251_01,Earth,False,F/879/P,TRAPPIST-1e,29,False,715,0,,698,106,Dorice Connelson,F,False
4252_01,Earth,False,F/795/S,TRAPPIST-1e,15,False,156,1,1132,192,33,Annon Knoxtones,M,True
4253_01,Earth,False,G/696/P,TRAPPIST-1e,30,False,488,0,242,0,79,Ivanne Gallandez,F,False
4254_01,Europa,False,B/136/P,55 Cancri e,33,False,5493,9401,23,3013,303,Alasmon Idercaling,M,False
4254_02,Europa,True,B/136/P,TRAPPIST-1e,25,False,0,0,0,0,0,Gomeron Idercaling,F,True
4254_03,Europa,False,B/136/P,TRAPPIST-1e,62,False,0,22,0,3314,22,Grasath Idercaling,M,False
4255_01,Earth,True,G/697/P,PSO J318.5-22,41,False,0,0,0,0,0,Stenny Hornettoney,F,True
4256_01,Earth,False,F/880/P,TRAPPIST-1e,27,False,6,0,0,768,1141,Armen Garnes,M,False
4256_02,Earth,True,G/698/P,TRAPPIST-1e,18,False,0,0,0,0,0,Crisey Garnes,F,False
4256_03,Earth,True,G/698/P,TRAPPIST-1e,27,False,0,0,0,0,0,Hencey Garnes,M,True
4256_04,Earth,False,F/880/P,TRAPPIST-1e,19,False,571,0,0,97,813,Bra Garnes,F,True
4256_05,Earth,False,G/698/P,TRAPPIST-1e,37,False,0,0,115,671,0,Elicia Wooterston,M,False
4256_06,Earth,True,G/698/P,TRAPPIST-1e,24,False,0,0,0,0,0,Everly Garnes,F,False
4256_07,Earth,False,G/698/P,TRAPPIST-1e,29,False,13,0,664,74,101,Elanda Garnes,M,False
4256_08,Earth,False,F/880/P,55 Cancri e,44,False,0,0,608,0,91,Gerte Garnes,F,False
4257_01,Earth,False,F/881/P,TRAPPIST-1e,19,False,0,265,882,2,293,Jeanie Serraynardy,M,False
4258_01,Europa,False,A/37/P,TRAPPIST-1e,39,False,0,266,0,1254,197,Misa Perneernal,F,False
4258_02,Europa,,A/37/P,TRAPPIST-1e,63,False,0,490,1,2882,18,Asteron Perneernal,M,False
4258_03,Europa,False,A/37/P,TRAPPIST-1e,39,False,9,1525,0,0,146,Menkark Perneernal,F,False
4259_01,Mars,True,F/796/S,TRAPPIST-1e,41,False,0,0,0,0,0,Rispid Raste,M,True
4260_01,Earth,True,G/696/S,TRAPPIST-1e,27,False,0,0,0,0,0,Chelly Kaney,F,True
4261_01,Mars,False,D/137/S,55 Cancri e,56,False,412,492,9,117,33,Vivers Fatte,M,True
4262_01,Europa,True,C/135/P,TRAPPIST-1e,22,False,0,0,0,0,0,Ankabih Derterval,F,True
4262_02,Europa,False,C/135/P,55 Cancri e,26,False,1,1269,4790,270,5116,Weid Derterval,M,False
4264_01,Earth,False,F/797/S,TRAPPIST-1e,24,False,0,0,0,0,1300,Bland Houseson,F,False
4266_01,Earth,True,G/697/S,PSO J318.5-22,18,False,0,0,0,0,0,Vin Beston,M,True
4267_01,Earth,True,G/700/P,TRAPPIST-1e,13,False,,0,0,0,0,Vana Nichaner,F,True
4267_02,Earth,False,F/883/P,TRAPPIST-1e,32,False,0,0,1020,0,0,Glene Nichaner,M,True
4270_01,Europa,False,,55 Cancri e,30,False,24,2558,98,0,5361,Genubia Bagetvable,F,False
4271_01,Europa,True,A/38/P,TRAPPIST-1e,25,False,0,0,0,0,0,Tabih Dissper,M,True
4272_01,Earth,False,F/799/S,TRAPPIST-1e,55,False,0,252,1,0,553,Dandra Stroyledgez,F,True
4273_01,Earth,False,F/884/P,PSO J318.5-22,19,False,0,2,0,669,0,Raulia Hurchanney,M,False
4274_01,Earth,False,G/698/S,TRAPPIST-1e,24,False,0,717,222,8,1,Evey Kellyons,F,True
4278_01,Europa,False,C/154/S,TRAPPIST-1e,32,False,401,3724,5,422,62,Auvara Mander,M,True
4280_01,Mars,False,E/267/P,TRAPPIST-1e,24,False,0,0,0,0,0,Lidenx Icake,F,False
4289_01,Mars,True,F/890/P,TRAPPIST-1e,32,False,0,0,0,0,0,Lidex Perta,M,True
4291_01,Earth,True,G/701/S,TRAPPIST-1e,36,False,0,0,0,0,0,Anthia Briggins,F,False
4292_01,Europa,False,A/52/S,55 Cancri e,28,False,0,31,0,1283,871,Hadiram Disight,M,True
4293_01,Earth,False,F/801/S,TRAPPIST-1e,52,False,0,559,0,0,0,Willy Carsoning,F,True
4294_01,Earth,False,G/702/S,TRAPPIST-1e,29,False,646,91,13,0,0,Gayla Charpelaney,M,True
4295_01,Mars,False,D/147/P,55 Cancri e,23,False,49,0,2716,0,0,Sweal Manda,F,True
4295_02,Mars,True,,TRAPPIST-1e,32,False,0,0,0,0,0,Rowne Manda,M,True
4296_01,Earth,True,G/703/S,TRAPPIST-1e,35,False,0,0,0,0,0,Eriney Whitersone,F,False
4297_01,Europa,False,B/138/P,55 Cancri e,41,False,14,6777,81,604,2936,Asellan Taketiatim,M,False
4300_01,,True,G/704/S,PSO J318.5-22,16,False,0,0,0,0,0,Felia Loway,F,True
4301_01,Europa,True,E/269/P,55 Cancri e,33,False,0,0,0,0,0,Terops Brakeded,M,True
4302_01,Earth,True,G/706/P,55 Cancri e,6,False,0,0,0,0,0,Sethew Chaellerty,F,True
4303_01,Earth,False,F/803/S,55 Cancri e,15,False,36,841,0,0,0,Adamy Dayers,M,True
4303_02,Earth,False,G/705/S,TRAPPIST-1e,38,False,0,668,84,267,0,Wally Popelase,F,False
4305_01,Earth,False,F/893/P,TRAPPIST-1e,56,False,0,779,12,3,35,Evenna Conney,M,False
4305_02,Earth,True,G/707/P,PSO J318.5-22,4,False,0,0,0,0,0,Wally Conney,F,True
4305_03,Earth,True,G/707/P,PSO J318.5-22,21,False,0,0,0,0,0,Noria Carezquez,M,True
4306_01,Mars,False,F/805/S,55 Cancri e,22,False,1371,0,235,0,0,Ber Terry,F,True
4309_01,Earth,False,E/270/P,TRAPPIST-1e,37,False,0,0,785,3,0,Coracy Whitledges,M,False
4309_02,Earth,False,G/709/P,TRAPPIST-1e,6,False,0,0,0,0,0,Carlie Whitledges,F,True
4311_01,Earth,False,F/807/S,TRAPPIST-1e,22,False,563,521,364,0,0,Delley Stannondez,M,False
4312_01,Europa,False,B/139/P,TRAPPIST-1e,26,False,0,137,0,0,7629,Weionan Sobvisted,F,False
4315_01,Earth,False,E/272/P,TRAPPIST-1e,22,False,0,3,486,0,228,Clarry Hammonton,M,True
4315_02,Earth,,G/710/P,TRAPPIST-1e,20,False,0,0,0,0,0,Monard Hammonton,F,True
4316_01,Earth,False,F/894/P,PSO J318.5-22,,False,0,22,0,1156,0,Marace Cleang,M,False
4317_01,Mars,False,D/139/S,TRAPPIST-1e,24,False,439,0,2140,0,0,Babix Prine,F,True
4318_01,Mars,True,F/808/S,TRAPPIST-1e,25,False,0,0,0,0,0,Oalls Flate,M,True
4319_01,Earth,False,G/711/P,TRAPPIST-1e,48,False,2,0,83,589,233,Kimmie Nobleyes,F,False
4320_01,Earth,False,E/273/P,TRAPPIST-1e,24,False,786,0,0,7,0,Annez Bellarkerd,M,False
4324_01,Mars,False,F/810/S,55 Cancri e,3,False,0,0,0,0,0,Gran Krake,F,True
4324_02,Mars,True,F/810/S,TRAPPIST-1e,24,False,0,0,0,0,0,Wheal Krake,M,True
4324_03,Mars,False,F/810/S,TRAPPIST-1e,25,False,412,0,567,775,0,Oareel Krake,F,False
4324_04,Mars,True,F/810/S,55 Cancri e,1,False,0,0,0,0,0,Trion Brie,M,True
4327_01,Earth,False,F/811/S,TRAPPIST-1e,20,False,0,187,712,0,0,Dellia Douglasen,F,True
4329_01,Earth,False,F/812/S,,22,False,39,0,63,3,654,Colly Benderez,M,False
4330_01,Mars,False,D/140/S,55 Cancri e,28,False,427,0,754,0,0,Alles Gene,F,True
4332_01,Earth,True,G/707/S,55 Cancri e,17,False,0,0,0,0,0,Tammyl Dukertyler,M,True
4333_01,Europa,False,B/141/P,55 Cancri e,28,False,0,3345,0,2143,27,Sadach Excionging,F,False
4334_01,Europa,True,A/53/S,TRAPPIST-1e,47,False,0,0,0,0,0,Shamak Trupistic,M,True
4335_01,Mars,True,E/281/S,TRAPPIST-1e,34,False,0,0,0,0,0,Oareel Paska,F,False
4336_01,Europa,False,C/155/S,TRAPPIST-1e,29,True,267,1418,257,843,0,Zedasim Gloother,M,True
4336_02,Europa,True,C/155/S,TRAPPIST-1e,14,False,0,0,0,0,0,Terope Gloother,F,True
4336_03,Europa,False,,TRAPPIST-1e,36,False,0,563,0,1301,830,Ziba Gloother,M,True
4336_04,Europa,False,C/155/S,55 Cancri e,40,False,2320,0,4874,3131,498,Krazet Gloother,F,True
4337_01,Mars,False,F/813/S,TRAPPIST-1e,49,False,22,0,1129,0,77,Book Gele,M,True
4338_01,Europa,False,C/156/S,TRAPPIST-1e,51,False,0,0,0,0,0,Leshmet Gealloyalt,F,True
4338_02,Europa,False,C/156/S,TRAPPIST-1e,41,False,0,545,0,2740,293,Halsham Aroodint,M,True
4338_03,Europa,False,C/156/S,55 Cancri e,44,False,0,14201,0,22,584,Kleeiak Gealloyalt,F,True
4339_01,Mars,False,F/814/S,TRAPPIST-1e,47,False,2044,0,95,0,120,Ranch Reste,M,False
4340_01,Earth,False,F/815/S,TRAPPIST-1e,22,False,0,0,945,0,4,Pamiea Georgasey,F,True
4343_01,Earth,True,G/708/S,PSO J318.5-22,13,False,0,0,0,0,0,,,True
4344_01,Earth,False,F/816/S,TRAPPIST-1e,18,False,0,35,661,0,63,Roydo Hammonton,F,True
4345_01,Earth,False,G/717/P,TRAPPIST-1e,28,False,0,1125,3,562,7,Lelah Sancockett,M,False
4346_01,Earth,False,E/274/P,55 Cancri e,22,False,429,2,232,0,59,Vanez Burchanez,F,True
4347_01,Earth,False,G/718/P,TRAPPIST-1e,50,False,444,0,408,0,0,Trick Saundez,M,False
4348_01,Europa,True,B/142/P,TRAPPIST-1e,47,True,0,0,0,0,0,Krazet Conate,F,True
4349_01,Mars,False,E/275/P,TRAPPIST-1e,55,False,802,0,155,4,337,Shams Rapie,M,False
4350_01,Earth,True,G/709/S,TRAPPIST-1e,21,False,0,0,0,0,0,Rence Robersondez,F,True
4350_02,Earth,False,G/709/S,PSO J318.5-22,39,False,0,0,1,0,2330,Darrie Strongers,M,False
4351_01,Earth,False,F/895/P,,21,,641,0,409,0,0,Timmy Carezquez,F,False
4352_01,Europa,False,C/157/S,TRAPPIST-1e,37,False,33,3484,17,4,1384,Alaton Trupistic,M,True
4352_02,Europa,False,C/157/S,TRAPPIST-1e,31,False,22,10025,2,124,1,Arino Trupistic,F,True
4354_01,Earth,False,E/276/P,TRAPPIST-1e,23,False,115,1,0,,249,Millie Greeves,M,False
4356_01,Europa,True,B/167/S,55 Cancri e,28,False,0,0,0,0,0,Dabik Brantcable,F,True
4357_01,Mars,False,D/148/P,TRAPPIST-1e,23,False,118,0,949,206,2071,Fles Ses,M,False
4358_01,Earth,False,F/818/S,PSO J318.5-22,20,False,0,272,108,,230,Tonioe Waltonnedy,F,True
4359_01,Europa,False,C/137/P,TRAPPIST-1e,28,False,3,2127,0,696,10,,,False
4359_02,Europa,False,C/137/P,55 Cancri e,40,False,0,17687,0,425,155,Strali Sebleve,F,True
4359_03,Europa,False,C/137/P,55 Cancri e,54,False,0,1832,0,0,1768,Meisa Sebleve,M,False
4360_01,Mars,True,F/896/P,TRAPPIST-1e,18,False,0,0,0,0,0,Possh Crie,F,True
4361_01,Earth,False,F/819/S,55 Cancri e,27,False,0,14,0,734,331,Carona Coopezmaney,M,True
4362_01,Europa,False,B/168/S,TRAPPIST-1e,43,False,0,1947,0,0,1651,Altar Freednal,F,True
4364_01,Earth,True,G/720/P,PSO J318.5-22,25,False,0,0,0,0,0,Dixiel Dawsoncis,M,True
4365_01,,False,F/898/P,TRAPPIST-1e,13,False,552,247,0,4,0,Edgary Kinson,F,False
4366_01,Earth,,F/899/P,PSO J318.5-22,15,False,0,0,873,0,5,Philda Ricks,M,True
4367_01,Earth,True,G/710/S,55 Cancri e,37,False,0,0,0,0,0,Raceky Masquez,F,True
4368_01,Mars,True,F/900/P,55 Cancri e,32,False,0,0,0,0,0,Smats Flate,M,True
4369_01,Earth,False,F/820/S,TRAPPIST-1e,19,False,857,0,0,0,0,Ermank Benderez,F,False
4370_01,Earth,False,,TRAPPIST-1e,21,False,3,1,0,1494,110,Estina Vandan,M,False
4371_01,Europa,,C/158/S,TRAPPIST-1e,27,False,0,2717,0,0,986,Mesatz Shricatory,F,True
4371_02,Europa,False,C/158/S,55 Cancri e,39,False,106,243,126,7,4967,Taurak Shricatory,M,False
4371_03,,True,C/158/S,TRAPPIST-1e,22,False,0,0,0,0,0,Ranon Shricatory,F,True
4371_04,Europa,False,C/158/S,TRAPPIST-1e,25,False,0,4384,4285,812,360,Canonon Shricatory,M,True
4371_05,Europa,False,C/158/S,55 Cancri e,34,False,,7221,0,288,2275,Spurim Tionstious,F,True
4372_01,Mars,True,F/821/S,TRAPPIST-1e,54,False,0,,0,0,0,Halesh Birt,M,True
4372_02,Mars,False,E/283/S,TRAPPIST-1e,42,False,954,0,1,0,0,Boats Sache,F,False
4373_01,Earth,False,F/822/S,PSO J318.5-22,36,False,735,0,2,0,0,Russey Mejiarkerox,M,False
4376_01,Earth,False,E/284/S,PSO J318.5-22,43,False,0,168,3,0,452,Karley Brownson,F,True
4382_01,Earth,False,F/901/P,PSO J318.5-22,23,False,65,94,0,0,445,Nicey Alentonway,M,True
4383_01,Europa,False,B/169/S,TRAPPIST-1e,57,False,0,0,0,0,0,Sheratz Dingauge,F,True
4386_01,Europa,False,B/170/S,TRAPPIST-1e,54,False,0,0,0,0,0,,,True
4386_02,Europa,False,B/170/S,TRAPPIST-1e,51,False,0,16455,885,0,363,Thaldah Conachets,F,True
4387_01,Mars,False,F/902/P,PSO J318.5-22,32,False,192,0,441,18,0,Apix Wala,M,False
4388_01,Europa,False,B/171/S,TRAPPIST-1e,33,False,0,0,0,0,0,,,True
4390_01,Mars,True,F/903/P,TRAPPIST-1e,8,False,0,0,0,0,0,Jayrin Vloaf,M,True
4390_02,Mars,True,F/903/P,TRAPPIST-1e,44,False,0,0,0,0,0,Grawk Vloaf,F,True
4390_03,Mars,False,F/903/P,TRAPPIST-1e,27,False,875,0,61,289,0,Rants Vloaf,M,False
4391_01,Earth,False,F/904/P,TRAPPIST-1e,48,False,383,0,0,393,10,Gerek Larks,F,True
4392_01,Earth,False,G/714/S,55 Cancri e,13,False,38,0,0,733,0,Regana Steeletters,M,False
4393_01,Earth,True,G/722/P,TRAPPIST-1e,5,False,0,0,0,0,0,Annah Cookson,F,False
4393_02,Earth,False,E/278/P,TRAPPIST-1e,18,False,754,0,34,0,0,Thell Cookson,M,False
4395_01,Earth,False,F/905/P,TRAPPIST-1e,23,False,0,0,206,681,31,Fayel Mcfarley,F,False
4396_01,Earth,False,G/715/S,TRAPPIST-1e,23,False,0,153,11,646,0,Sallie Milton,M,False
4397_01,Earth,True,,PSO J318.5-22,35,False,0,0,0,0,0,Meline Foledges,F,True
4399_01,Earth,False,G/724/P,TRAPPIST-1e,25,False,141,3,640,0,100,All Wolferton,M,False
4400_01,Mars,False,E/285/S,TRAPPIST-1e,32,False,689,0,610,0,0,Gibers Sepie,F,False
4400_02,Mars,False,F/830/S,55 Cancri e,0,False,0,0,0,0,0,Conk Sepie,M,True
4400_03,Mars,True,F/830/S,,5,False,0,0,0,0,0,Flyros Sepie,F,True
4401_01,Earth,,G/716/S,55 Cancri e,16,False,0,0,0,0,0,Tonyan Loverthyo,M,True
4401_02,Earth,True,G/716/S,PSO J318.5-22,18,False,0,0,0,0,0,Eriana Loverthyo,F,True
4402_01,Earth,True,G/725/P,PSO J318.5-22,29,False,0,0,0,0,0,Louisy Waderoachez,M,False
4403_01,Earth,False,F/831/S,TRAPPIST-1e,55,False,134,935,0,6,394,Lina Peter,F,False
4403_02,Earth,False,G/717/S,,41,False,7,0,297,108,361,Kylen Peter,M,False
4404_01,Earth,,G/726/P,TRAPPIST-1e,38,False,,2,404,121,0,Lis Scotterkins,F,False
4405_01,Europa,True,C/159/S,TRAPPIST-1e,27,False,0,0,0,0,0,Wezna Unkepery,M,True
4407_01,Earth,True,G/719/S,TRAPPIST-1e,55,False,0,0,0,0,0,Ericky Mejiarkerox,F,True
4408_01,Mars,True,F/906/P,TRAPPIST-1e,75,False,0,0,0,0,0,Pich Knike,M,True
4409_01,Europa,False,C/160/S,TRAPPIST-1e,50,False,0,817,388,78,693,Proxima Regmansidy,F,True
4410_01,Earth,False,G/720/S,TRAPPIST-1e,23,False,27,0,32,725,0,Deandy Wolffy,M,False
4411_01,Earth,False,G/721/S,PSO J318.5-22,37,False,715,0,54,0,0,Alendy Parsoney,F,True
4413_01,Earth,False,G/722/S,TRAPPIST-1e,33,False,0,0,232,0,622,Loria Sweekstarks,M,False
4415_01,Mars,False,F/833/S,TRAPPIST-1e,45,False,941,281,36,12,39,Froon Parta,F,False
4416_01,Europa,True,B/143/P,55 Cancri e,47,False,0,0,0,0,0,Alramak Prearright,M,True
4422_01,Europa,True,B/172/S,TRAPPIST-1e,13,False,0,0,0,0,0,Glueba Dinsprody,F,True
4422_02,Europa,False,B/172/S,TRAPPIST-1e,29,False,0,6338,0,1366,89,Ranark Dinsprody,M,True
4424_01,Mars,False,E/287/S,TRAPPIST-1e,19,False,30,0,42,3565,7,Kohs Pien,F,False
4426_01,Mars,True,F/835/S,TRAPPIST-1e,30,False,0,0,0,0,0,Hinnan Fonie,M,True
4427_01,Europa,False,D/141/S,55 Cancri e,39,False,3,83,0,805,2983,Coxaron Dedentive,F,False
4427_02,Europa,False,D/141/S,TRAPPIST-1e,31,False,0,46,0,209,2908,Cheleon Dedentive,M,False
4428_01,Europa,False,C/162/S,55 Cancri e,29,False,0,11417,12,795,402,Ranopus Ambleeve,F,True
4429_01,Mars,False,E/288/S,TRAPPIST-1e,16,False,546,90,23,513,0,Dynx Boyst,M,False
4430_01,Earth,False,F/836/S,PSO J318.5-22,18,False,0,2,1513,0,0,Ireen Robins,F,True
4431_01,Earth,False,G/727/P,55 Cancri e,38,False,8,0,1414,10,3,Ryany Kenzierry,M,False
4432_01,Earth,True,G/728/P,TRAPPIST-1e,50,False,0,0,0,0,0,Robyna Loway,F,False
4433_01,Earth,True,G/729/P,PSO J318.5-22,21,False,0,0,0,0,0,Eriney Guerson,M,False
4436_01,Earth,True,G/730/P,PSO J318.5-22,22,False,0,0,0,0,0,Lardy Jacobbinson,F,True
4437_01,Earth,True,G/725/S,TRAPPIST-1e,20,False,0,0,0,0,0,Idacey Cartz,M,True
4438_01,Mars,False,F/910/P,TRAPPIST-1e,36,False,721,0,471,0,0,Salros Wate,F,False
4440_01,,False,F/911/P,TRAPPIST-1e,23,False,,282,0,0,71,Aarone Sweett,M,True
4441_01,Europa,True,B/144/P,55 Cancri e,31,True,0,0,0,0,0,Kabiton Clinarfork,F,True
4441_02,Europa,True,B/144/P,TRAPPIST-1e,39,False,0,0,0,0,0,,,True
4441_03,Europa,False,B/144/P,55 Cancri e,50,False,0,4558,0,1,267,Weias Clinarfork,F,True
4444_01,Earth,False,E/291/S,TRAPPIST-1e,40,False,0,901,0,0,89,Kenny Salez,M,False
4445_01,Earth,False,F/912/P,TRAPPIST-1e,28,False,8,0,77,560,0,Naomie Bardson,F,False
4446_01,Europa,False,B/175/S,TRAPPIST-1e,38,False,2,114,771,3094,448,Asellan Chocaters,M,False
4446_02,Europa,False,B/175/S,TRAPPIST-1e,37,False,0,3603,33,7113,1,Fomamak Chocaters,F,False
4446_03,Europa,True,B/175/S,55 Cancri e,59,False,0,0,0,0,0,Wasaton Chocaters,M,True
4446_04,Europa,False,B/175/S,55 Cancri e,41,False,35,6103,0,180,160,Grum Chocaters,F,True
4446_05,Europa,,B/175/S,TRAPPIST-1e,33,False,0,4017,,,2260,Phah Chocaters,M,True
4447_01,Earth,True,,TRAPPIST-1e,54,False,0,0,0,0,0,Lyny Briggins,F,True
4448_01,Earth,False,F/913/P,TRAPPIST-1e,40,False,0,0,2414,0,0,Elody Flowensley,M,True
4449_01,Mars,False,D/142/S,TRAPPIST-1e,43,False,130,0,870,31,26,Tyog Cla,F,True
4450_01,Europa,True,C/140/P,55 Cancri e,26,False,0,0,0,0,0,Zaurah Clugete,M,True
4450_02,Europa,False,C/140/P,55 Cancri e,65,False,0,7194,0,6,,Ranons Clugete,F,True
4450_03,Europa,True,C/140/P,55 Cancri e,22,False,0,0,0,0,0,Genons Clugete,M,True
4450_04,Europa,False,C/140/P,TRAPPIST-1e,28,False,0,3627,0,31,3263,Altar Clugete,F,False
4451_01,,True,F/914/P,TRAPPIST-1e,35,False,0,0,0,0,0,Poloos Jamad,M,True
4452_01,Earth,True,G/727/S,TRAPPIST-1e,30,,0,0,0,0,0,Lison Blace,F,True
4453_01,Europa,False,D/149/P,TRAPPIST-1e,28,False,0,2560,0,134,307,Azhasim Inguel,M,False
4456_01,Earth,False,F/916/P,TRAPPIST-1e,23,False,0,10,159,,125,Arl Wagnerray,F,True
4457_01,Earth,False,F/917/P,TRAPPIST-1e,24,False,698,0,51,2,4,Milyn Nguerrettye,M,True
4459_01,Earth,True,G/733/P,PSO J318.5-22,16,False,0,0,0,0,,Arlen Jacostarks,F,True
4461_01,Mars,True,F/838/S,TRAPPIST-1e,18,False,0,0,0,0,0,Annams Mellé,M,True
4462_01,Earth,False,F/918/P,TRAPPIST-1e,20,False,399,77,311,0,16,Gillie Bullerson,F,False
4463_01,Europa,True,B/145/P,,29,False,0,0,0,0,0,Maiam Boltund,M,True
4463_02,Europa,True,B/145/P,TRAPPIST-1e,29,False,0,0,0,0,0,Ionium Boltund,F,True
4464_01,Earth,False,G/728/S,TRAPPIST-1e,21,False,0,0,0,0,0,Sharie Morrodgers,M,False
4465_01,Europa,True,A/54/S,TRAPPIST-1e,2,False,0,0,0,0,0,Aldhib Diabysid,F,False
4465_02,Europa,False,A/54/S,TRAPPIST-1e,43,False,31,76,0,1353,1713,Terons Diabysid,M,False
4465_03,Europa,False,A/54/S,TRAPPIST-1e,28,False,0,1883,0,1,4560,Gemmark Diabysid,F,False
4466_01,Europa,False,A/40/P,55 Cancri e,31,True,0,2461,0,51,2141,Ainkard Crakete,M,False
4467_01,Earth,False,F/919/P,TRAPPIST-1e,23,False,36,18,670,0,32,Moniey Hopperett,F,True
4469_01,Europa,True,B/146/P,TRAPPIST-1e,26,False,0,0,0,0,0,Dabik Brakeded,M,True
4469_02,Europa,False,B/146/P,55 Cancri e,43,False,0,39,327,4643,85,Coxan Windend,F,False
4470_01,Earth,False,F/839/S,TRAPPIST-1e,28,False,1549,0,5,0,0,Emmax Baketton,M,False
4472_01,Earth,False,G/734/P,PSO J318.5-22,24,False,0,266,1455,59,0,Colly Bartez,F,False
4472_02,Earth,False,F/920/P,TRAPPIST-1e,27,False,110,0,638,0,0,Kerrie Bartez,M,False
4473_01,Mars,False,F/841/S,55 Cancri e,13,False,2244,31,507,0,142,,,False
4473_02,Mars,False,E/292/S,TRAPPIST-1e,27,False,994,0,26,1,0,Terek Welte,M,False
4474_01,Earth,True,G/730/S,TRAPPIST-1e,2,False,,0,0,0,0,Helley Tuckers,F,True
4474_02,Earth,True,G/730/S,TRAPPIST-1e,24,False,0,0,0,0,0,Stancy Garden,M,True
4474_03,Earth,True,G/730/S,TRAPPIST-1e,2,False,0,0,,0,,Carita Tuckers,F,True
4475_01,Europa,False,A/55/S,TRAPPIST-1e,50,True,13,239,0,161,2355,Wasaton Fairdised,M,False
4475_02,Europa,True,A/55/S,55 Cancri e,27,False,0,0,0,0,0,Nesham Fairdised,F,True
4476_01,Earth,False,F/921/P,TRAPPIST-1e,26,False,1170,0,0,187,100,Brancy Miranciash,M,False
4477_01,Earth,False,G/731/S,55 Cancri e,31,False,23,0,0,,17,Thel Scheron,F,False
4479_01,Mars,False,D/150/P,TRAPPIST-1e,28,False,3559,0,,13,2,Zelowl Sidie,M,False
4482_01,Earth,False,G/732/S,55 Cancri e,4,False,0,0,0,0,0,Eillis Bartines,F,False
4482_02,Earth,False,G/732/S,TRAPPIST-1e,9,False,0,0,0,0,0,Idave Anthompson,M,True
4482_03,Earth,False,G/732/S,TRAPPIST-1e,0,False,0,0,0,0,0,Ally Bartines,F,True
4482_04,Earth,True,G/732/S,TRAPPIST-1e,35,False,0,0,0,0,0,Evan Bartines,M,False
4482_05,Earth,True,G/732/S,TRAPPIST-1e,3,False,0,0,0,0,0,Allia Bartines,F,True
4483_01,Mars,False,D/151/P,TRAPPIST-1e,25,False,1956,0,161,239,28,Price Tepie,M,False
4483_02,Mars,False,D/151/P,TRAPPIST-1e,63,False,3087,0,60,2,0,Fowoos Tepie,F,False
4485_01,Mars,True,F/922/P,TRAPPIST-1e,34,False,0,0,0,0,0,Rooses Tirte,M,True
4485_02,Mars,False,F/922/P,TRAPPIST-1e,35,False,1219,0,1742,740,0,Mos Tirte,F,False
4486_01,Earth,True,G/733/S,TRAPPIST-1e,26,False,0,0,0,0,0,Janne Mccarry,M,True
4487_01,Earth,False,G/735/P,TRAPPIST-1e,39,False,0,3,0,802,49,Tine Buckleinson,F,False
4490_01,Europa,False,D/143/S,55 Cancri e,34,False,0,337,1339,92,264,Sadir Idlatchse,M,False
4491_01,Europa,False,B/148/P,TRAPPIST-1e,36,False,0,1013,1,16,2825,Solark Filerst,F,False
4492_01,Earth,True,G/736/P,TRAPPIST-1e,46,False,0,0,0,0,0,Ricke Nolds,M,True
4493_01,Earth,False,F/845/S,TRAPPIST-1e,26,False,42,65,895,407,0,Sus Coolez,F,True
4494_01,Mars,True,F/846/S,TRAPPIST-1e,28,False,0,0,0,0,0,Labix Weeke,M,True
4496_01,Earth,False,F/924/P,55 Cancri e,20,False,0,3080,7,0,67,Frey Simsey,F,True
4497_01,Earth,True,G/737/P,TRAPPIST-1e,35,False,0,0,0,0,0,Rician Loway,M,False
4498_01,Earth,False,G/734/S,55 Cancri e,11,False,0,0,0,0,0,Valex Munozanson,F,False
4498_02,Earth,True,G/734/S,PSO J318.5-22,14,False,0,0,0,0,0,Loise Beckeetter,M,False
4498_03,Earth,True,G/734/S,PSO J318.5-22,4,False,0,0,0,0,0,Lorie Beckeetter,F,True
4498_04,Earth,False,G/734/S,TRAPPIST-1e,11,False,0,0,0,0,,Dandy Munozanson,M,False
4498_05,Earth,True,G/734/S,TRAPPIST-1e,31,False,0,0,0,0,0,Karay Beckeetter,F,True
4498_06,Earth,False,G/734/S,TRAPPIST-1e,15,False,0,893,0,0,0,Line Munozanson,M,True
4498_07,Earth,False,G/734/S,TRAPPIST-1e,39,False,0,2,0,69,836,Dary Mallerez,F,False
4498_08,Earth,False,G/734/S,TRAPPIST-1e,7,False,0,0,0,0,0,Kendy Munozanson,M,False
4500_01,Earth,False,F/847/S,TRAPPIST-1e,24,False,83,0,129,504,0,Gaylah Mcdanield,F,False
4501_01,,True,G/735/S,TRAPPIST-1e,22,False,0,0,0,0,0,Eilace Castannison,M,True
4502_01,Mars,True,E/281/P,TRAPPIST-1e,26,False,0,0,0,0,0,Triple Jamai,F,False
4505_01,Europa,False,C/165/S,55 Cancri e,53,False,0,864,49,39,2376,Erraid Wirdley,M,True
4505_02,Europa,False,C/165/S,TRAPPIST-1e,40,False,2,76,0,201,,Dabik Wirdley,F,False
4506_01,Mars,False,E/294/S,TRAPPIST-1e,19,False,160,0,889,0,0,Bees Kashe,M,False
4508_01,Mars,False,F/926/P,55 Cancri e,54,False,433,0,867,19,1,Bants Pepie,F,False
4508_02,Mars,False,E/283/P,TRAPPIST-1e,21,False,572,584,128,14,0,Eet Pepie,M,False
4508_03,Mars,False,F/926/P,TRAPPIST-1e,25,False,1340,0,8,0,0,Cornys Pepie,F,False
4509_01,Mars,False,E/295/S,TRAPPIST-1e,48,False,137,0,877,0,0,Cats Sopie,M,True
4509_02,Mars,False,D/144/S,PSO J318.5-22,41,False,,0,1127,8,0,Sunk Sopie,F,True
4509_03,Mars,False,D/144/S,TRAPPIST-1e,13,False,27,0,3246,0,0,Ecco Sopie,M,True
4510_01,Europa,False,B/177/S,TRAPPIST-1e,57,False,0,0,0,0,0,Gluinom Siviothy,F,True
4511_01,Europa,True,B/178/S,TRAPPIST-1e,25,False,0,0,0,0,0,Gemmark Crueld,M,True
4511_02,Europa,True,B/178/S,55 Cancri e,48,False,0,0,0,0,0,Atrino Crueld,F,True
4512_01,Mars,False,E/296/S,TRAPPIST-1e,34,False,849,51,375,0,24,Yos Stike,M,False
4514_01,Earth,True,G/736/S,TRAPPIST-1e,16,False,0,0,0,0,0,Jacque Cleman,F,True
4515_01,Earth,False,G/739/P,TRAPPIST-1e,0,False,0,0,0,0,0,Lynnie Fryersonis,M,False
4515_02,Earth,False,G/739/P,55 Cancri e,15,False,6,1740,2184,0,0,Samie Fryersonis,F,True
4516_01,Earth,False,F/848/S,55 Cancri e,37,False,426,0,2,194,308,Marky Cleminglas,M,False
4517_01,Earth,False,F/849/S,TRAPPIST-1e,37,False,452,0,234,19,1290,Bara Mcleandez,F,False
4518_01,Earth,False,G/740/P,TRAPPIST-1e,49,False,820,1,690,292,13,Dennya Juartis,M,False
4521_01,Earth,False,F/929/P,TRAPPIST-1e,18,False,1,1,0,0,746,Jessa Oneidson,F,False
4522_01,Earth,False,F/850/S,TRAPPIST-1e,25,False,101,32,0,137,633,Belix Stephend,M,True
4524_01,Earth,False,F/930/P,PSO J318.5-22,,,0,116,2048,2,0,Briane Fulloydez,F,True
4529_01,Earth,False,G/738/S,55 Cancri e,43,False,26,132,3,117,555,Terald Oneiles,M,False
4530_01,Earth,False,F/933/P,TRAPPIST-1e,20,False,9,0,157,525,0,Fanna Leonaldez,F,False
4531_01,Europa,True,C/142/P,TRAPPIST-1e,54,False,0,0,0,0,0,Thabius Stelative,M,True
4532_01,Earth,True,G/739/S,TRAPPIST-1e,30,False,0,0,0,0,0,Lynez Serraynardy,F,True
4533_01,Europa,True,B/149/P,TRAPPIST-1e,37,False,0,0,0,0,0,Sino Anindery,M,True
4534_01,Earth,False,F/851/S,55 Cancri e,30,False,60,41,553,1,0,Carry Floydendley,F,True
4535_01,Earth,False,F/934/P,TRAPPIST-1e,20,False,631,93,0,0,0,Randa Cardners,M,False
4535_02,Earth,False,G/742/P,TRAPPIST-1e,20,False,25,0,796,44,44,Jerrye Cardners,F,False
4537_01,Earth,False,F/852/S,TRAPPIST-1e,24,False,0,591,0,0,1560,Josey Mccard,M,False
4538_01,Earth,False,F/935/P,TRAPPIST-1e,44,False,0,121,0,748,0,Karia Hammons,F,False
4539_01,Earth,False,G/740/S,55 Cancri e,0,False,0,0,0,0,0,Sanda Carterson,M,True
4539_02,Earth,True,G/740/S,TRAPPIST-1e,15,False,0,0,0,0,0,Arla Carterson,F,True
4542_01,Europa,True,B/150/P,TRAPPIST-1e,19,False,0,0,0,0,0,Coxak Sterve,M,True
4542_02,Europa,True,B/150/P,55 Cancri e,20,False,0,0,0,0,0,Arrai Stracary,F,True
4543_01,Mars,False,F/936/P,PSO J318.5-22,20,True,14,0,59,1777,0,Quakes Winie,M,False
4544_01,Earth,True,G/743/P,TRAPPIST-1e,34,False,0,0,0,0,0,Regana Pottney,F,True
4546_01,Earth,,G/744/P,PSO J318.5-22,17,False,0,0,0,0,0,Kenda Bailes,M,True
4547_01,Earth,False,E/297/S,TRAPPIST-1e,20,False,0,25,0,0,803,Warry Navages,F,True
4549_01,Earth,False,E/298/S,TRAPPIST-1e,42,False,0,1,0,17,1601,Leria Woody,M,False
4550_01,Earth,False,F/853/S,TRAPPIST-1e,28,False,0,180,516,,,Ebonyd Sotond,F,True
4552_01,Mars,False,F/937/P,TRAPPIST-1e,43,False,375,103,1990,36,0,Cinst Bake,M,True
4553_01,Europa,False,C/143/P,PSO J318.5-22,55,True,0,102,0,278,5353,Auvam Watuald,F,False
4555_01,Earth,False,G/743/S,TRAPPIST-1e,21,False,29,27,47,694,11,Claine Wiggs,M,False
4557_01,Earth,False,E/286/P,TRAPPIST-1e,17,False,0,656,295,0,35,Dwin Mirez,F,False
4558_01,Europa,False,C/167/S,55 Cancri e,54,False,0,559,0,15238,2799,Wezna Baleful,M,False
4559_01,Earth,False,F/854/S,TRAPPIST-1e,25,False,,205,,0,549,Elene Rasmussony,F,True
4560_01,Earth,False,G/744/S,TRAPPIST-1e,,False,0,57,851,0,0,Daven Monsoney,M,True
4561_01,Europa,False,C/168/S,55 Cancri e,45,False,0,496,0,1940,4195,Alrair Unhearfus,F,False
4562_01,Europa,True,B/180/S,TRAPPIST-1e,31,False,0,0,0,0,0,Shaton Reedall,M,True
4563_01,Europa,True,C/169/S,55 Cancri e,19,False,0,0,0,0,0,Altanin Switud,F,True
4564_01,Earth,False,G/745/P,TRAPPIST-1e,30,False,,43,0,0,6,Tera Merkins,M,False
4565_01,Earth,False,G/746/P,TRAPPIST-1e,24,False,191,497,0,0,16,Paulie Patteraley,F,False
4567_01,Earth,False,F/939/P,TRAPPIST-1e,,False,0,20,38,359,516,Marine Flemaney,M,False
4568_01,Mars,False,F/940/P,TRAPPIST-1e,42,False,4102,0,36,0,1825,Ples Pamca,F,False
4569_01,Europa,True,B/151/P,55 Cancri e,29,False,0,0,0,0,0,Wasatan Honchoe,M,True
4569_02,Europa,,B/151/P,55 Cancri e,37,False,0,2235,7,4098,89,Aldah Honchoe,F,False
4570_01,Europa,True,C/170/S,TRAPPIST-1e,64,False,0,0,,0,0,,,True
4571_01,Earth,True,G/745/S,TRAPPIST-1e,24,False,0,0,0,0,0,Ricia Crosbornes,F,True
4572_01,Earth,False,G/746/S,55 Cancri e,23,False,42,0,0,765,2,Fery Gouldensen,M,False
4573_01,Earth,False,F/856/S,TRAPPIST-1e,22,False,686,45,16,7,4,Yolana Stannondez,F,True
4574_01,Mars,False,F/857/S,TRAPPIST-1e,23,False,176,493,169,0,1023,Cank Sad,M,False
4575_01,Earth,,F/941/P,TRAPPIST-1e,21,False,3,65,253,475,0,Kris Solon,F,False
4576_01,Earth,False,F/942/P,TRAPPIST-1e,37,False,661,876,0,3,13,Fayene Cartz,M,False
4577_01,Mars,,F/858/S,TRAPPIST-1e,17,False,250,0,2179,0,0,Oss Kha,F,True
4580_01,Mars,True,F/860/S,TRAPPIST-1e,35,False,0,0,0,0,0,Mocake Buko,M,True
4581_01,Europa,False,B/181/S,TRAPPIST-1e,33,False,0,4592,0,209,954,Skatzn Entedraved,F,True
4581_02,Europa,False,B/181/S,55 Cancri e,37,False,0,2337,0,204,76,Neutrin Entedraved,M,True
4585_01,Europa,False,B/182/S,55 Cancri e,32,False,0,154,0,5492,1924,Skatz Wasterivel,F,False
4586_01,Mars,False,F/943/P,55 Cancri e,31,False,22,0,,1,524,Goats Emead,M,False
4587_01,Europa,False,A/42/P,TRAPPIST-1e,,False,0,4020,0,1635,4899,Asellux Assibler,F,False
4591_01,Europa,True,E/287/P,55 Cancri e,34,False,0,0,0,0,0,Hadyon Coictrazy,M,True
4592_01,Mars,False,F/862/S,TRAPPIST-1e,9,False,0,0,0,0,0,Crunch Carté,F,True
4592_02,Mars,True,F/862/S,TRAPPIST-1e,25,False,0,0,0,0,0,Eal Carté,M,True
4592_03,Mars,True,F/862/S,,29,False,0,0,0,0,0,Phios Carté,F,True
4592_04,Mars,True,F/862/S,TRAPPIST-1e,1,False,0,0,0,0,0,Pil Carté,M,True
4593_01,Earth,False,G/750/S,TRAPPIST-1e,30,False,1,797,0,10,0,Toddie Pugherman,F,True
4594_01,Europa,False,C/144/P,TRAPPIST-1e,64,False,77,2424,0,3001,127,Tabius Folhal,M,False
4594_02,Europa,False,C/144/P,TRAPPIST-1e,31,False,0,6670,217,625,20336,Tabiton Folhal,F,False
4594_03,Europa,False,C/144/P,TRAPPIST-1e,27,False,267,2802,0,54,77,Minoton Folhal,M,True
4594_04,Europa,False,C/144/P,TRAPPIST-1e,,False,0,4516,0,6167,5308,Furus Coudered,F,False
4595_01,Europa,True,C/145/P,TRAPPIST-1e,25,False,0,0,0,0,0,Alarion Swingse,M,True
4596_01,,True,G/751/S,TRAPPIST-1e,28,False,0,0,0,0,0,Ale Booneid,F,True
4597_01,Earth,True,G/748/P,TRAPPIST-1e,32,False,0,0,0,0,0,Kayd Weavesend,M,True
4602_01,Earth,False,F/945/P,55 Cancri e,36,False,0,0,0,725,2,Jerek Whitakers,F,False
4603_01,Europa,,C/171/S,55 Cancri e,26,False,0,3593,47,19,229,Hamakan Namsheary,M,True
4603_02,Europa,False,C/171/S,TRAPPIST-1e,36,False,1,5234,343,277,12682,Kabih Namsheary,F,False
4604_01,Earth,False,G/753/S,TRAPPIST-1e,37,False,374,1327,10,81,0,Tancis Wonglasquez,M,False
4605_01,Earth,False,G/750/P,TRAPPIST-1e,45,False,0,0,0,774,0,Agnesa Loway,F,False
4606_01,Europa,False,C/172/S,TRAPPIST-1e,22,False,165,36,0,3044,556,Props Pumpeshaft,M,False
4606_02,Europa,,C/172/S,55 Cancri e,24,False,25,3291,0,6075,179,Gatrino Pumpeshaft,F,False
4607_01,Earth,False,G/751/P,PSO J318.5-22,23,False,0,138,4,412,220,Ronard Hoppers,M,False
4608_01,Earth,False,F/864/S,55 Cancri e,31,False,2,20,1,1026,2,Colle Maystuarey,F,True
4609_01,Europa,False,C/173/S,TRAPPIST-1e,37,False,1,477,0,0,7087,Algork Amblereld,M,False
4610_01,Earth,False,G/752/P,TRAPPIST-1e,28,False,5,0,0,1014,0,Enryn Alfordonard,F,False
4611_01,Earth,True,G/754/S,TRAPPIST-1e,23,False,0,0,0,0,0,Ronard Hickson,M,True
4612_01,Earth,False,G/755/S,55 Cancri e,14,False,0,166,603,1,0,Essara Wilsoney,F,True
4613_01,Europa,True,B/152/P,TRAPPIST-1e,40,False,0,0,0,0,0,Tabdhib Inghtal,M,True
4615_01,Mars,False,F/865/S,TRAPPIST-1e,42,False,36,0,2554,0,9,Chon Fla,F,True
4617_01,Earth,False,F/866/S,TRAPPIST-1e,53,False,19,81,85,768,489,Joycey Toddleton,M,False
4620_01,Earth,True,G/757/S,TRAPPIST-1e,46,False,0,0,0,0,0,Evey Heney,F,False
4621_01,Mars,False,E/289/P,TRAPPIST-1e,28,False,0,79,2003,0,0,Nios Jaflé,M,True
4622_01,Earth,True,G/753/P,55 Cancri e,25,False,0,0,0,0,0,Viviay Humphreyes,F,True
4623_01,Europa,False,C/146/P,PSO J318.5-22,34,True,0,,21,7,16,Sadrix Repumparte,M,True
4624_01,Mars,False,F/868/S,TRAPPIST-1e,58,False,1246,0,66,36,0,Giamon Gelle,F,False
4625_01,Europa,False,B/183/S,TRAPPIST-1e,31,False,0,2520,1,1,0,Mothab Ineedeve,M,True
4625_02,Europa,True,B/183/S,55 Cancri e,24,False,0,0,0,0,0,Naosa Ineedeve,F,True
4625_03,Europa,False,,TRAPPIST-1e,52,False,0,3275,111,51,18,Shaton Ineedeve,M,True
4625_04,Europa,True,B/183/S,55 Cancri e,25,False,0,0,0,0,0,Auvara Ineedeve,F,True
4625_05,Europa,True,B/183/S,TRAPPIST-1e,17,False,0,0,0,0,0,Azharga Ineedeve,M,True
4625_06,,False,B/183/S,TRAPPIST-1e,27,False,0,453,137,1331,1660,Sabih Ineedeve,F,False
4625_07,Europa,True,B/183/S,55 Cancri e,29,False,0,0,0,0,0,Sadiram Ineedeve,M,True
4628_01,Europa,False,C/175/S,TRAPPIST-1e,45,False,0,7484,465,14,610,Murzima Freednal,F,True
4630_01,Earth,False,F/870/S,PSO J318.5-22,28,False,0,18,0,0,674,Jona Dukertyler,M,True
4631_01,Europa,True,C/147/P,55 Cancri e,25,False,0,0,,0,0,Asellum Calazy,F,True
4632_01,Europa,True,C/176/S,TRAPPIST-1e,57,False,0,0,0,0,0,Bellus Dightent,M,True
4632_02,Europa,True,C/176/S,TRAPPIST-1e,68,False,0,0,0,0,0,Azhasim Dightent,F,True
4632_03,Europa,False,C/176/S,55 Cancri e,26,False,0,431,28,10941,26,Cellus Dightent,M,False
4632_04,Europa,False,C/176/S,TRAPPIST-1e,52,False,2,364,0,2144,1804,Alraium Syncepul,F,False
4632_05,Europa,False,C/176/S,,36,False,0,551,0,5270,22,Ankabih Dightent,M,False
4633_01,Earth,False,G/754/P,PSO J318.5-22,41,False,454,297,0,2,0,Glenna Gallard,F,False
4634_01,Earth,False,E/299/S,TRAPPIST-1e,14,False,514,0,392,0,0,Elindy Gilleyons,M,False
4635_01,Earth,True,G/755/P,PSO J318.5-22,16,False,0,0,0,0,0,Delley Pearsalason,F,True
4637_01,Mars,False,,TRAPPIST-1e,24,False,672,0,501,0,,Tark Ches,M,False
4638_01,Europa,False,B/153/P,TRAPPIST-1e,62,True,0,1633,0,1742,0,Salas Asticit,F,True
4640_01,Earth,False,G/760/S,55 Cancri e,26,False,595,84,0,0,131,Sharie Englas,M,True
4641_01,Earth,False,F/871/S,TRAPPIST-1e,45,False,65,63,3,713,27,Vanie Peter,F,False
4642_01,Europa,False,C/178/S,TRAPPIST-1e,41,False,0,412,0,4030,0,Sadach Cluted,M,False
4643_01,Earth,False,F/947/P,TRAPPIST-1e,36,False,,724,0,0,0,Sandie Goodson,F,True
4644_01,Earth,False,F/872/S,55 Cancri e,13,False,8,1385,1445,250,8,Juliey Fultz,M,True
4645_01,Europa,False,B/184/S,TRAPPIST-1e,48,False,0,9633,0,1,2,Aton Bacistion,F,True
4645_02,Europa,True,B/184/S,TRAPPIST-1e,,False,0,0,0,0,0,Okula Bacistion,M,True
4646_01,Earth,False,F/873/S,PSO J318.5-22,22,False,141,16,0,177,336,Pennie Mcgoway,F,True
4648_01,,False,F/874/S,TRAPPIST-1e,39,False,290,0,84,266,0,Wardan Shephendery,M,True
4649_01,Earth,False,E/290/P,TRAPPIST-1e,45,False,1399,226,0,0,0,Erina Prickmantes,F,False
4650_01,Earth,False,G/762/S,TRAPPIST-1e,42,False,84,323,0,1251,120,Eddiey Kramosley,M,False
4651_01,Europa,False,C/179/S,TRAPPIST-1e,33,False,0,7039,0,902,405,Aludram Dectory,F,True
4652_01,Earth,False,,TRAPPIST-1e,27,False,0,89,874,34,0,Sta Robins,M,True
4653_01,Earth,False,E/302/S,,47,False,0,370,0,380,38,Claine Fowlaney,F,False
4654_01,Europa,True,E/291/P,TRAPPIST-1e,20,False,0,0,0,0,0,Hamelik Witeronfus,M,True
4655_01,Europa,True,B/154/P,55 Cancri e,32,False,0,0,0,0,0,Ainkard Seflock,F,True
4655_02,,True,B/154/P,TRAPPIST-1e,54,False,0,0,0,0,0,Rotan Seflock,M,True
4656_01,Earth,False,F/875/S,TRAPPIST-1e,23,False,0,1125,0,,993,Alvira Miranciash,F,False
4656_02,Earth,False,G/763/S,TRAPPIST-1e,9,False,0,0,0,0,0,Vanney Miranciash,M,False
4657_01,Earth,False,G/756/P,TRAPPIST-1e,17,False,372,0,477,0,0,Prilly Jacostarks,F,False
4658_01,Europa,False,D/147/S,TRAPPIST-1e,26,False,0,823,0,1821,1508,Taurah Bradiary,M,False
4658_02,Europa,False,D/147/S,TRAPPIST-1e,38,False,0,93,0,0,7303,Ruchban Bradiary,F,False
4659_01,Earth,False,F/876/S,TRAPPIST-1e,24,False,703,0,0,0,0,Mael Hayerson,M,False
4661_01,Earth,False,F/948/P,,30,False,77,2325,5,117,1,Mamina Moodman,F,True
4661_02,Earth,True,G/757/P,55 Cancri e,2,False,0,0,0,0,0,Sharie Moodman,M,False
4661_03,Earth,True,G/757/P,TRAPPIST-1e,4,False,0,0,0,0,0,Fery Walston,F,True
4661_04,Earth,True,G/757/P,TRAPPIST-1e,9,False,0,0,0,0,0,Denne Moodman,M,False
4661_05,Earth,False,F/948/P,TRAPPIST-1e,30,False,0,0,3,3434,0,Lison Mayson,F,False
4661_06,Earth,True,G/757/P,TRAPPIST-1e,5,False,0,0,0,,0,Idace Moodman,M,False
4661_07,Earth,False,G/757/P,TRAPPIST-1e,2,,0,0,0,0,0,Ianna Moodman,F,False
4662_01,Europa,False,C/148/P,TRAPPIST-1e,32,False,45,985,0,0,6803,Dirk Uningably,M,False
4662_02,Europa,True,C/148/P,,53,False,0,0,0,0,0,Batares Uningably,F,True
4662_03,Europa,False,,TRAPPIST-1e,46,False,0,3856,0,1,312,Dyonium Ingwhed,M,True
4663_01,Earth,True,G/765/S,TRAPPIST-1e,2,False,0,0,0,0,0,Lonna Cartez,F,True
4663_02,Earth,True,G/765/S,TRAPPIST-1e,1,False,0,0,0,0,0,Dia Cartez,M,True
4663_03,Earth,True,G/765/S,TRAPPIST-1e,11,False,0,0,0,0,0,Nelsie Roachoanand,F,True
4663_04,Earth,False,G/765/S,55 Cancri e,3,False,0,0,0,0,0,Isa Cartez,M,True
4663_05,Earth,True,G/765/S,TRAPPIST-1e,33,False,0,0,0,0,0,Eilace Cartez,F,True
4663_06,Earth,True,G/765/S,55 Cancri e,3,False,0,0,0,0,0,Bobina Cartez,M,True
4664_01,Earth,False,E/303/S,TRAPPIST-1e,38,False,182,776,3,33,0,Weney Braymon,F,False
4665_01,Earth,True,G/758/P,PSO J318.5-22,21,False,0,0,0,0,0,Bettie Rickson,M,False
4667_01,Earth,True,,TRAPPIST-1e,41,False,0,0,0,0,0,Dian Sextones,F,True
4668_01,Europa,True,C/180/S,55 Cancri e,64,False,0,0,0,0,0,Syrmion Scerodbox,M,True
4668_02,Europa,True,C/180/S,55 Cancri e,27,True,0,0,0,0,0,Sadrus Scerodbox,F,True
4672_01,Earth,True,G/759/P,55 Cancri e,41,False,0,,,0,0,Billey Byerson,M,False
4673_01,Earth,False,F/950/P,,19,False,35,2,481,121,,Willy Dicksons,F,False
4676_01,Earth,False,G/760/P,TRAPPIST-1e,42,False,0,0,1677,65,62,Andie Campson,M,True
4677_01,Europa,False,C/150/P,55 Cancri e,30,False,0,4066,0,544,1272,Skatzn Obeaded,F,False
4678_01,Earth,False,F/951/P,TRAPPIST-1e,38,False,183,203,0,110,374,Sonnie Mcleaney,M,False
4679_01,Europa,False,C/181/S,TRAPPIST-1e,63,False,0,4579,1,1006,2084,Zaviton Iniouser,F,True
4680_01,Mars,False,D/155/P,TRAPPIST-1e,17,False,,0,38,0,2,Dakes Colte,M,False
4680_02,Mars,True,F/952/P,TRAPPIST-1e,2,False,0,0,0,0,0,Watros Colte,F,True
4680_03,Mars,,F/952/P,TRAPPIST-1e,19,False,0,0,0,0,0,,,True
4680_04,Mars,False,D/155/P,TRAPPIST-1e,37,False,1144,4,34,0,0,Meass Colte,F,False
4684_01,Mars,False,F/878/S,TRAPPIST-1e,50,False,225,0,796,107,0,Halesh Tirte,M,True
4686_01,Earth,False,G/768/S,TRAPPIST-1e,38,False,0,172,615,0,0,Fany Russon,F,True
4689_01,Europa,False,C/182/S,TRAPPIST-1e,28,True,0,3119,0,1404,366,Stra Persoffly,M,True
4690_01,Europa,True,B/156/P,TRAPPIST-1e,35,False,0,0,0,0,0,Mediah Dishocatal,F,True
4690_02,Europa,False,,TRAPPIST-1e,27,False,14327,1487,0,1,0,Tope Dishocatal,M,False
4691_01,Earth,False,G/769/S,TRAPPIST-1e,15,False,0,7,0,749,0,Fayey Buckentry,F,False
4693_01,Europa,False,B/186/S,TRAPPIST-1e,29,True,0,920,0,2052,3687,Atrino Rewmid,M,False
4693_02,Europa,True,B/186/S,55 Cancri e,65,False,0,0,0,0,0,Schird Rewmid,F,True
4694_01,Earth,False,F/881/S,55 Cancri e,27,False,0,630,0,71,0,Stald Freder,M,True
4695_01,Mars,False,F/882/S,TRAPPIST-1e,0,False,0,0,0,0,0,Cobix Snoff,F,True
4695_02,Mars,False,F/882/S,TRAPPIST-1e,21,False,3148,0,1,0,0,Wifts Snoff,M,False
4695_03,Mars,True,F/882/S,TRAPPIST-1e,19,False,0,0,0,0,0,Whex Snoff,F,True
4696_01,Mars,True,F/883/S,TRAPPIST-1e,39,False,0,0,0,0,0,Gice Bre,M,True
4699_01,Earth,False,F/955/P,55 Cancri e,60,False,0,0,0,0,,Tammyl Roses,F,False
4704_01,Europa,False,D/156/P,55 Cancri e,30,False,818,44,2,2956,2311,Grafi Grentual,M,False
4706_01,Earth,True,G/762/P,TRAPPIST-1e,30,False,0,0,0,0,0,Andra Medington,F,False
4706_02,Earth,True,G/762/P,TRAPPIST-1e,40,False,0,0,0,0,0,Verney Medington,M,True
4708_01,Mars,False,E/304/S,TRAPPIST-1e,26,False,0,25,13,11,998,,,False
4709_01,Earth,False,F/957/P,55 Cancri e,38,False,2614,0,103,0,0,Terrie Morelly,M,False
4710_01,Mars,False,F/958/P,TRAPPIST-1e,22,False,130,15,2454,0,0,Lift Cread,F,True
4710_02,Mars,False,E/293/P,TRAPPIST-1e,,False,179,0,1805,131,0,Crunde Cread,M,False
4711_01,Mars,False,F/959/P,TRAPPIST-1e,65,False,1420,0,84,0,0,Duckes Datte,F,False
4712_01,Earth,True,G/764/P,PSO J318.5-22,61,False,0,0,0,0,0,Nichad Vinozarks,M,True
4713_01,Earth,False,F/885/S,TRAPPIST-1e,20,False,0,0,111,39,1094,Lorian Flemaney,F,False
4714_01,Earth,True,G/765/P,TRAPPIST-1e,24,False,0,0,0,0,0,Roydo Mayson,M,False
4717_01,Earth,True,G/766/P,TRAPPIST-1e,16,False,0,0,0,0,0,Jerrye Hayder,F,False
4719_01,Mars,True,E/305/S,TRAPPIST-1e,35,False,0,,0,0,0,Cakers Bra,M,True
4720_01,Earth,False,F/887/S,TRAPPIST-1e,21,False,0,681,51,131,1,Maya Lardy,F,True
4721_01,Earth,True,G/771/S,TRAPPIST-1e,23,False,0,0,0,0,0,Alancy Santry,M,True
4723_01,Earth,False,F/888/S,55 Cancri e,17,False,0,262,0,0,502,Myrace Savaraldez,F,True
4723_02,Earth,False,F/888/S,PSO J318.5-22,24,False,154,7,241,213,453,Gabrin Savaraldez,M,False
4725_01,Earth,False,G/767/P,55 Cancri e,27,False,866,0,0,0,23,Leony Georgasey,F,False
4726_01,Europa,False,C/187/S,TRAPPIST-1e,26,False,0,1910,0,1777,,Eltais Inghtal,M,True
4726_02,Europa,False,C/187/S,55 Cancri e,26,False,0,3452,0,4,1960,Korneb Praugnox,F,True
4726_03,Europa,False,C/187/S,TRAPPIST-1e,20,False,0,3,0,1271,2630,,,True
4726_04,Europa,True,C/187/S,TRAPPIST-1e,28,False,0,0,0,0,0,Hekabih Praugnox,F,True
4726_05,Europa,False,C/187/S,TRAPPIST-1e,37,False,8,21,0,56,2167,Arraiam Inghtal,M,True
4728_01,Mars,False,F/889/S,TRAPPIST-1e,23,False,706,0,0,0,583,Gorice Curle,F,False
4728_02,Mars,True,F/889/S,,49,False,,0,0,0,0,Galowl Curle,M,True
4730_01,Europa,False,B/158/P,,50,False,0,1338,0,40,6178,Tabiton Earmeter,F,False
4732_01,Europa,True,C/151/P,TRAPPIST-1e,4,False,0,,0,0,0,Thabius Slavested,M,True
4732_02,Europa,True,C/151/P,TRAPPIST-1e,32,False,0,0,0,0,0,Hallux Slavested,F,True
4732_03,Europa,False,C/151/P,TRAPPIST-1e,44,False,0,0,0,0,0,Okula Slavested,M,True
4733_01,Earth,False,E/294/P,TRAPPIST-1e,20,False,962,0,4581,105,0,Sonald Corman,F,True
4738_01,Mars,False,F/893/S,TRAPPIST-1e,30,False,531,807,35,200,0,Suls Pread,M,False
4738_02,Mars,False,F/893/S,TRAPPIST-1e,29,False,574,0,4940,1831,2,Hocks Pread,F,False
4739_01,Earth,False,G/773/S,TRAPPIST-1e,22,False,37,3,0,305,581,Mon Marson,M,True
4741_01,Mars,True,F/961/P,TRAPPIST-1e,35,False,0,0,0,0,0,Wheal Bau,F,True
4741_02,Mars,False,F/961/P,55 Cancri e,0,,0,0,0,0,0,Chal Bau,M,True
4741_03,Mars,,F/961/P,TRAPPIST-1e,6,False,0,0,0,0,0,Oslos Bau,F,True
4743_01,Europa,False,E/306/S,TRAPPIST-1e,38,False,0,4504,0,13,302,Suhaion Ametic,M,True
4744_01,Europa,False,C/152/P,TRAPPIST-1e,34,False,0,48,2067,3,6,Alino Ingent,F,True
4744_02,Europa,True,C/152/P,55 Cancri e,34,False,0,0,0,0,0,Sulaton Ingent,M,True
4746_01,Earth,False,G/775/S,TRAPPIST-1e,,False,282,8,337,0,0,Eristy Joynewtonks,F,False
4748_01,Mars,False,D/149/S,TRAPPIST-1e,53,False,204,142,380,38,1,Capies Chene,M,False
4750_01,Europa,False,A/57/S,TRAPPIST-1e,28,False,0,395,118,14,1647,Sheratz Asolipery,F,False
4750_02,Europa,False,A/57/S,TRAPPIST-1e,31,False,0,1382,0,1795,588,Hekab Asolipery,M,False
4752_01,Mars,False,F/964/P,PSO J318.5-22,56,False,233,0,1356,0,171,Terek Knike,F,False
4753_01,Mars,False,F/895/S,TRAPPIST-1e,36,False,850,,454,0,0,Rafox Mele,M,False
4754_01,Earth,False,E/307/S,55 Cancri e,30,False,25,245,198,2,321,Lorian Milton,F,False
4755_01,Mars,True,F/965/P,TRAPPIST-1e,32,False,0,0,0,0,0,,,True
4756_01,Europa,True,C/188/S,55 Cancri e,44,,0,0,0,0,0,Maasyma Gealloyalt,F,True
4756_02,Europa,True,C/188/S,55 Cancri e,54,False,0,0,,0,0,Beidus Gealloyalt,M,True
4757_01,Earth,False,F/896/S,TRAPPIST-1e,24,False,185,0,476,1810,53,Tanley Mirandry,F,False
4758_01,Earth,False,F/966/P,TRAPPIST-1e,44,False,248,0,0,0,623,Luzel Woody,M,False
4759_01,Earth,False,F/897/S,TRAPPIST-1e,25,False,0,3,23,693,0,Heila Davens,F,False
4762_01,Mars,True,F/968/P,TRAPPIST-1e,35,False,0,0,0,0,0,Wealke Opie,M,True
4763_01,Mars,False,F/969/P,TRAPPIST-1e,29,False,298,0,888,5,0,Spikes Dutty,F,True
4764_01,Earth,False,E/308/S,TRAPPIST-1e,22,False,0,669,121,0,56,Faithy Bookerson,M,True
4769_01,Earth,True,G/776/S,TRAPPIST-1e,22,False,0,0,0,0,0,Dawne Moodman,F,True
4770_01,Earth,False,F/900/S,55 Cancri e,22,False,0,509,2,8,74,Elany Stantiagord,M,True
4770_02,Earth,True,F/900/S,PSO J318.5-22,18,False,0,0,0,0,0,Joyn Stantiagord,F,True
4772_01,Earth,False,F/971/P,55 Cancri e,22,False,256,0,0,0,373,Coley Shephendry,M,False
4773_01,Earth,False,G/777/S,,52,False,935,779,0,0,0,Therta Sancasey,F,True
4774_01,Mars,True,F/972/P,TRAPPIST-1e,0,False,0,0,0,0,0,Siese Perty,M,True
4774_02,Mars,True,F/972/P,TRAPPIST-1e,1,False,0,0,0,0,0,Gers Creke,F,True
4774_03,Mars,False,F/972/P,TRAPPIST-1e,34,False,2130,0,1,1,0,Wins Perty,M,False
4774_04,Mars,True,F/972/P,TRAPPIST-1e,6,False,0,0,0,0,0,Gicks Perty,F,True
4775_01,Earth,False,G/778/S,TRAPPIST-1e,22,False,123,1,660,0,0,Willy Fultz,M,True
4777_01,Earth,True,G/779/S,TRAPPIST-1e,31,False,0,0,0,0,0,Chary Munozaley,F,True
4778_01,Europa,False,A/58/S,TRAPPIST-1e,31,False,588,1261,0,228,6,Furus Skenginne,M,False
4780_01,Mars,False,E/309/S,TRAPPIST-1e,20,False,845,0,46,123,0,Hont Teake,F,False
4780_02,Mars,True,E/309/S,TRAPPIST-1e,25,False,0,0,0,0,0,Ranutz Teake,M,True
4782_01,Europa,True,,55 Cancri e,23,False,0,0,0,0,0,Sabiton Maxled,F,True
4782_02,Europa,False,C/189/S,TRAPPIST-1e,53,False,50,11552,0,2998,4334,Errak Maxled,M,False
4782_03,Europa,False,C/189/S,55 Cancri e,32,False,0,225,0,3873,240,Algenif Maxled,F,False
4782_04,Europa,True,C/189/S,55 Cancri e,27,False,0,0,0,0,,Hadirk Slable,M,True
4782_05,Europa,False,C/189/S,55 Cancri e,48,False,0,342,929,10887,0,Alrairk Maxled,F,False
4783_01,Europa,False,A/43/P,TRAPPIST-1e,37,False,223,9495,0,1318,1866,Hamelik Wheededly,M,True
4784_01,Mars,True,F/903/S,TRAPPIST-1e,21,False,0,0,0,0,0,Bon Pert,F,True
4785_01,Europa,True,B/159/P,55 Cancri e,29,False,0,0,0,0,0,,,True
4786_01,Europa,True,B/160/P,TRAPPIST-1e,46,True,0,0,0,0,0,Enibah Dratembid,F,True
4787_01,Earth,False,G/780/S,TRAPPIST-1e,19,False,2,0,,9,754,Milyla Lancock,M,False
4788_01,Earth,False,F/904/S,TRAPPIST-1e,22,False,0,0,0,778,0,Bobara Swanardy,F,False
4790_01,Europa,False,B/189/S,,54,True,0,2853,0,0,1666,Alarkab Mirinanty,M,False
4791_01,Earth,False,G/781/S,TRAPPIST-1e,43,False,63,1339,9,253,42,Louisy Morrodgers,F,True
4792_01,Earth,True,G/782/S,TRAPPIST-1e,18,False,0,0,0,0,0,Stace Drakeekss,M,True
4793_01,Europa,False,E/310/S,55 Cancri e,36,False,13,1480,1,1439,1955,Enifark Brailidy,F,False
4793_02,Europa,False,E/310/S,TRAPPIST-1e,20,False,0,1131,3783,161,0,Chargin Brailidy,M,True
4794_01,Earth,False,F/974/P,TRAPPIST-1e,63,False,0,104,0,599,0,Dia Hortis,F,False
4795_01,Earth,False,F/905/S,TRAPPIST-1e,50,False,138,706,0,18,40,Ton Simstravery,M,True
4796_01,Mars,False,,TRAPPIST-1e,13,False,21,0,1564,0,1,Fis Cre,F,True
4796_02,Mars,True,E/311/S,,43,False,0,0,0,0,0,Stmeal Cre,M,True
4797_01,Earth,True,G/783/S,PSO J318.5-22,16,False,0,0,0,0,0,Aude Hendrewsons,F,True
4798_01,Mars,True,F/975/P,TRAPPIST-1e,31,False,0,0,0,0,0,Lus Terry,M,True
4798_02,Mars,True,F/975/P,TRAPPIST-1e,0,False,0,0,0,,0,Muld Terry,F,True
4798_03,Mars,True,F/975/P,TRAPPIST-1e,10,False,0,,0,0,0,Komos Terry,M,True
4801_01,Earth,True,G/773/P,TRAPPIST-1e,10,False,,0,0,0,0,Vana Brooke,F,False
4803_01,Earth,False,F/977/P,TRAPPIST-1e,55,False,1028,18,0,0,0,Evaned Foxter,M,False
4804_01,Earth,False,F/906/S,TRAPPIST-1e,18,False,211,594,2,493,62,Dorene Thorney,F,True
4804_02,Earth,False,G/785/S,TRAPPIST-1e,7,False,0,0,,0,0,Hanne Thorney,M,True
4804_03,Earth,True,G/785/S,TRAPPIST-1e,1,False,0,0,,0,0,Veroy Peckers,F,True
4807_01,Earth,False,G/776/P,TRAPPIST-1e,44,False,22,1,0,864,0,Elinda Miley,M,False
4808_01,Mars,False,E/299/P,TRAPPIST-1e,27,False,665,631,1,,0,Chreet Flart,F,False
4810_01,Earth,False,,PSO J318.5-22,20,False,30,4,0,321,451,Lulard Blacks,M,False
4813_01,Europa,False,C/190/S,55 Cancri e,49,False,0,7762,2,0,98,Ruchbia Exhaftearm,F,True
4814_01,Earth,True,G/788/S,55 Cancri e,22,False,0,0,0,0,0,Walla Lunapperts,M,True
4815_01,Earth,False,F/907/S,55 Cancri e,21,False,564,9,0,0,30,Amandy Hultz,F,True
4817_01,Mars,False,F/979/P,TRAPPIST-1e,26,False,17,0,746,394,0,Honda Emone,M,False
4818_01,Mars,False,D/150/S,TRAPPIST-1e,65,False,588,196,272,0,0,Jele Reake,F,True
4819_01,Mars,True,F/980/P,TRAPPIST-1e,20,False,0,0,0,0,0,Poot Cooki,M,True
4822_01,Mars,True,F/981/P,55 Cancri e,0,False,0,0,0,0,0,Aps Hotte,F,True
4822_02,Mars,True,F/981/P,TRAPPIST-1e,16,False,0,0,0,0,0,Tive Hotte,M,True
4822_03,,True,F/981/P,TRAPPIST-1e,22,False,0,0,0,0,0,Miten Hotte,F,True
4822_04,Mars,False,F/981/P,TRAPPIST-1e,0,False,0,0,0,0,0,,,True
4823_01,Earth,False,G/777/P,TRAPPIST-1e,21,False,526,0,,258,0,Adrie Thonyderson,F,False
4827_01,Earth,True,G/789/S,PSO J318.5-22,30,,0,0,0,0,0,Wandy Deckerson,M,True
4828_01,Earth,False,G/778/P,55 Cancri e,14,False,363,44,0,0,512,,,True
4829_01,Mars,False,F/982/P,TRAPPIST-1e,45,False,944,292,2,,0,Ale Shpie,M,False
4830_01,Earth,False,F/983/P,TRAPPIST-1e,22,False,0,0,0,19,785,Ginald Kirks,F,False
4831_01,Mars,True,F/984/P,TRAPPIST-1e,21,False,0,0,0,0,0,Weros Pelie,M,True
4832_01,Earth,False,E/301/P,,37,False,542,440,1,0,0,Erman Estron,F,False
4836_01,Mars,True,,TRAPPIST-1e,29,False,0,,0,0,0,Galowl Sidne,M,True
4836_02,Mars,False,F/911/S,TRAPPIST-1e,29,True,20,,1902,0,3,Quid Sidne,F,True
4837_01,Earth,False,F/912/S,TRAPPIST-1e,21,,0,198,559,19,44,Jorgie Jarvey,M,True
4838_01,Earth,False,F/913/S,TRAPPIST-1e,52,False,1,13,3,0,700,Andine Mcphernard,F,False
4840_01,,True,F/915/S,TRAPPIST-1e,36,False,0,0,,0,0,,,True
4841_01,Europa,True,B/192/S,55 Cancri e,59,False,0,0,0,0,0,Mahamak Prefule,F,True
4841_02,Europa,False,B/192/S,TRAPPIST-1e,21,False,12,1855,0,1381,358,Plas Prefule,M,False
4841_03,Europa,False,B/192/S,TRAPPIST-1e,25,False,21,2148,0,1966,12708,Cellus Prefule,F,False
4842_01,Mars,False,D/152/S,TRAPPIST-1e,23,False,2260,0,152,106,60,Panzel Meate,M,False
4845_01,Europa,True,E/302/P,55 Cancri e,36,False,0,0,0,0,0,Furudra Whealeed,F,True
4846_01,Earth,False,E/314/S,TRAPPIST-1e,38,False,161,3,0,624,0,Sonnie Canields,M,False
4846_02,Earth,True,G/791/S,TRAPPIST-1e,0,False,0,0,0,0,,Isa Canields,F,True
4847_01,Earth,False,F/917/S,TRAPPIST-1e,19,False,0,0,699,18,86,Blancy Domington,M,True
4848_01,Earth,False,F/986/P,TRAPPIST-1e,30,False,148,0,0,619,34,Nathy Griffince,F,True
4850_01,Earth,False,G/792/S,TRAPPIST-1e,23,False,14,0,437,103,333,Tyrony Shieldson,M,True
4850_02,Earth,False,G/792/S,TRAPPIST-1e,55,False,330,114,0,2,0,Billya Shieldson,F,True
4851_01,Earth,False,F/918/S,PSO J318.5-22,44,,0,463,1,172,0,Guadae Gamberson,M,True
4853_01,Europa,False,C/153/P,TRAPPIST-1e,30,False,4531,212,10,157,12,Gimpus Inkcablel,F,False
4856_01,Earth,False,F/920/S,TRAPPIST-1e,39,False,12,8,0,4,753,Geneen Sullones,M,True
4857_01,Earth,False,G/782/P,55 Cancri e,19,False,423,,0,0,0,Elanda Bushins,F,False
4862_01,Earth,False,G/783/P,TRAPPIST-1e,24,False,0,871,17,0,0,Jone Cruzaley,M,False
4863_01,Europa,,T/2/S,TRAPPIST-1e,37,False,1721,667,,28,1362,Phacton Unsible,F,False
4864_01,Earth,False,G/784/P,55 Cancri e,24,False,0,0,0,734,21,,,False
4866_01,Earth,False,F/922/S,TRAPPIST-1e,17,False,0,0,1875,142,2,Lewise Hoodgers,F,True
4868_01,Earth,False,E/304/P,TRAPPIST-1e,17,False,0,775,0,13,0,Rona Rocholton,M,True
4870_01,Earth,False,G/785/P,55 Cancri e,14,False,8,0,,0,176,Ambert Weaves,F,False
4871_01,Earth,False,F/990/P,PSO J318.5-22,13,False,0,611,0,0,0,Anniey Mccarry,M,False
4873_01,Europa,False,C/191/S,55 Cancri e,35,False,0,1135,0,0,3880,Misa Excialing,F,True
4874_01,Mars,False,F/925/S,TRAPPIST-1e,32,False,654,0,655,0,0,Gech Cusa,M,True
4874_02,Mars,True,F/925/S,TRAPPIST-1e,18,False,0,0,0,0,0,Cruses Cusa,F,True
4875_01,Earth,False,F/926/S,TRAPPIST-1e,21,False,529,8,89,21,0,Willey Morrows,M,True
4876_01,Mars,False,F/927/S,TRAPPIST-1e,25,False,750,0,109,368,0,Teda Ane,F,False
4878_01,Mars,False,F/929/S,TRAPPIST-1e,36,False,108,0,941,861,0,Cine Gene,M,False
4879_01,Earth,False,G/786/P,TRAPPIST-1e,20,False,362,0,31,12,483,Emilla Hebernandry,F,False
4880_01,Earth,False,G/787/P,55 Cancri e,22,False,126,3,0,1305,0,Yvonna Alberts,M,False
4881_01,Mars,True,E/315/S,TRAPPIST-1e,27,False,0,0,0,0,0,Clech Snoaf,F,True
4882_01,Europa,False,B/193/S,TRAPPIST-1e,,False,9,2031,0,20,1837,Tabdhib Switmorary,M,False
4883_01,,True,G/788/P,TRAPPIST-1e,38,False,0,0,0,0,0,Darley Carrishley,F,True
4884_01,Mars,True,E/316/S,TRAPPIST-1e,23,False,0,0,0,0,0,Tors Buncy,M,False
4885_01,Mars,False,F/930/S,TRAPPIST-1e,21,False,74,0,713,0,502,Jagles Bre,F,True
4886_01,Earth,False,F/931/S,TRAPPIST-1e,18,False,,0,1770,1284,8,Carita Simonsents,M,False
4887_01,Earth,False,F/991/P,TRAPPIST-1e,20,False,0,254,868,405,0,Debora Thomason,F,True
4888_01,Europa,True,C/192/S,TRAPPIST-1e,28,False,0,0,0,0,0,Mark Tairbatic,M,True
4889_01,Earth,False,G/794/S,PSO J318.5-22,57,False,274,8,0,19,466,Thewis Mullericer,F,False
4890_01,Earth,False,G/795/S,55 Cancri e,10,False,0,0,0,0,0,Rone Browlerson,M,True
4890_02,Earth,False,F/932/S,TRAPPIST-1e,23,False,0,0,874,,0,Cline Browlerson,F,True
4891_01,Europa,True,B/194/S,TRAPPIST-1e,22,False,0,0,0,0,0,Cella Ambleetive,M,True
4891_02,Europa,True,B/194/S,55 Cancri e,24,False,0,0,0,0,0,Weion Heeroling,F,True
4892_01,Earth,False,G/796/S,TRAPPIST-1e,52,False,44,,0,42,1731,Branda Colomonson,M,False
4893_01,Earth,True,G/797/S,55 Cancri e,31,False,0,0,0,0,0,Joya Singlents,F,True
4895_01,Earth,True,G/789/P,55 Cancri e,15,False,0,0,0,0,0,Eriana Mcleaney,M,True
4896_01,Earth,False,F/992/P,TRAPPIST-1e,40,False,176,932,0,0,,Vana Jimes,F,False
4897_01,Earth,False,F/993/P,TRAPPIST-1e,18,False,0,0,31,2121,0,Trice Weavesend,M,False
4898_01,Earth,False,F/933/S,TRAPPIST-1e,28,False,647,1,32,71,140,Lorian Bertsontry,F,True
4899_01,Earth,True,G/799/S,TRAPPIST-1e,40,False,0,0,0,0,0,Elicia Leonzaley,M,True
4899_02,Earth,False,G/799/S,PSO J318.5-22,32,False,8,690,3,5,0,Adamie Leonzaley,F,True
4900_01,Earth,False,F/994/P,PSO J318.5-22,35,False,0,0,2,672,10,Idace Gaington,M,False
4901_01,Earth,False,G/790/P,TRAPPIST-1e,52,False,0,837,1,2,8,Nichad Baldson,F,False
4901_02,Earth,False,E/305/P,TRAPPIST-1e,34,False,695,25,276,0,0,Benny Baldson,M,False
4902_01,Earth,True,G/791/P,TRAPPIST-1e,46,False,0,0,0,0,0,Dennie Whiters,F,False
4903_01,Earth,False,F/995/P,55 Cancri e,23,False,62,0,0,1,2203,Arla Moodman,M,False
4904_01,Earth,False,E/317/S,TRAPPIST-1e,44,False,2,0,0,788,0,Tamin Willynnedy,F,False
4909_01,Earth,False,F/997/P,55 Cancri e,59,False,460,139,0,1,0,Evane Franey,M,False
4910_01,Europa,False,E/306/P,TRAPPIST-1e,42,False,0,1330,0,2711,691,Tetraix Dratembid,F,False
4911_01,Earth,False,F/998/P,TRAPPIST-1e,18,False,0,0,0,702,0,Adriet Hughriend,M,False
4912_01,Mars,False,D/160/P,TRAPPIST-1e,29,False,3284,84,0,0,2,Basps Bane,F,False
4912_02,Mars,True,F/999/P,TRAPPIST-1e,15,False,0,0,0,0,0,Bats Bane,M,True
4913_01,Mars,False,F/1000/P,TRAPPIST-1e,19,False,1301,0,31,1,0,Cine Terry,F,True
4915_01,Earth,True,G/793/P,PSO J318.5-22,49,False,0,0,0,0,0,Mon Lamberguson,M,False
4916_01,Mars,True,F/1001/P,TRAPPIST-1e,19,False,0,0,0,0,0,Unch Mity,F,True
4917_01,Europa,False,B/195/S,55 Cancri e,36,True,1,10029,1,1679,27,Brab Neceriont,M,True
4918_01,Earth,True,G/794/P,55 Cancri e,59,False,0,0,0,0,0,Andyn Ryanga,F,True
4920_01,Earth,True,G/802/S,55 Cancri e,24,False,0,0,0,0,0,Chary Booneid,M,True
4923_01,Mars,True,F/935/S,TRAPPIST-1e,4,False,0,0,0,0,0,Graw Sturt,F,True
4923_02,Mars,True,F/935/S,TRAPPIST-1e,20,False,0,0,0,0,0,Yalmon Sturt,M,True
4923_03,Mars,False,F/935/S,TRAPPIST-1e,24,False,261,0,780,0,0,Nilly Sturt,F,True
4924_01,Mars,False,F/1002/P,55 Cancri e,31,False,725,0,747,0,0,Scers Shake,M,False
4925_01,Mars,False,F/936/S,TRAPPIST-1e,23,False,197,76,5635,7,0,Dynx Sfin,F,True
4927_01,Mars,False,F/937/S,TRAPPIST-1e,3,False,0,0,0,0,0,Les Brele,M,True
4927_02,Mars,True,F/937/S,TRAPPIST-1e,22,False,0,0,0,0,0,Naish Brele,F,True
4927_03,Mars,False,F/937/S,TRAPPIST-1e,20,False,0,0,0,0,0,Naffsh Brele,M,True
4927_04,Mars,False,F/937/S,TRAPPIST-1e,0,False,0,0,0,0,0,Toat Brele,F,True
4929_01,Mars,True,F/1004/P,55 Cancri e,13,False,0,0,0,0,0,Guink Reake,M,True
4930_01,Europa,True,B/161/P,,47,False,0,0,0,0,0,Alar Alenter,F,True
4930_02,Europa,False,B/161/P,TRAPPIST-1e,51,False,0,3571,106,0,0,Achium Alenter,M,True
4932_01,Mars,,D/161/P,TRAPPIST-1e,22,False,223,0,630,14,0,Yots Fisty,F,True
4932_02,Mars,True,F/1005/P,55 Cancri e,3,False,0,0,0,0,0,Cird Fisty,M,True
4933_01,Mars,False,F/938/S,TRAPPIST-1e,4,False,0,0,0,0,0,Puffal Gin,F,True
4933_02,,False,F/938/S,TRAPPIST-1e,16,False,2083,0,10,0,0,Mites Sacre,M,False
4933_03,Mars,False,F/938/S,TRAPPIST-1e,24,False,623,0,501,304,776,Trion Chité,F,False
4933_04,Mars,True,F/938/S,TRAPPIST-1e,1,False,0,0,0,0,0,Clakey Gin,M,True
4934_01,Earth,False,F/1006/P,TRAPPIST-1e,31,False,210,20,0,1027,199,Raulia Hammonton,F,False
4937_01,Earth,False,G/803/S,TRAPPIST-1e,34,False,1242,444,0,22,0,Besse Simonddler,M,False
4938_01,Earth,False,G/804/S,55 Cancri e,20,False,0,0,847,0,0,Lynnee Traverdy,F,True
4939_01,Earth,False,F/1007/P,TRAPPIST-1e,19,False,0,2077,0,0,0,Lonnis Bryangton,M,True
4940_01,Earth,True,G/805/S,,19,False,0,0,0,0,0,Dony Vantonson,F,True
4941_01,Mars,False,F/1008/P,TRAPPIST-1e,35,False,988,0,830,2,0,Waffes Buche,M,False
4942_01,Earth,True,G/806/S,TRAPPIST-1e,3,,0,0,0,0,0,Lis Reenon,F,True
4942_02,Earth,True,G/806/S,TRAPPIST-1e,36,False,0,0,0,0,0,Coreee Reenon,M,True
4943_01,Mars,True,F/1009/P,TRAPPIST-1e,20,,0,0,0,0,0,Packs Curie,F,True
4944_01,Europa,False,A/60/S,55 Cancri e,,False,269,2171,2,2,0,Hadirah Ainserfle,M,True
4944_02,Europa,False,A/60/S,55 Cancri e,58,False,0,3448,0,737,2193,Sular Ainserfle,F,False
4944_03,Europa,False,A/60/S,TRAPPIST-1e,56,False,153,1750,0,334,1539,Luxonon Ainserfle,M,False
4945_01,Earth,True,G/798/P,PSO J318.5-22,27,False,0,0,0,0,0,Eline Bartins,F,True
4946_01,Earth,True,G/799/P,TRAPPIST-1e,25,False,0,0,0,0,0,Helley Kiddley,M,False
4950_01,Earth,True,G/800/P,PSO J318.5-22,39,False,0,0,0,0,0,Eulahy Wheelez,F,False
4951_01,Mars,False,F/1010/P,TRAPPIST-1e,43,False,11,0,1297,38,0,Peefox Ruica,M,True
4952_01,Mars,True,F/939/S,TRAPPIST-1e,42,False,0,0,0,0,0,Neysma Rekle,F,True
4954_01,Earth,False,G/808/S,TRAPPIST-1e,24,False,3,1018,687,50,,Joanny Roses,M,True
4956_01,Earth,True,G/809/S,TRAPPIST-1e,19,False,0,0,0,0,0,Walla Mcphernard,F,True
4958_01,Earth,False,G/810/S,TRAPPIST-1e,32,False,0,235,0,474,0,Ivanna Flemaney,M,False
4961_01,Mars,False,F/942/S,TRAPPIST-1e,32,False,1016,0,307,5,,Ane Read,F,True
4963_01,Earth,True,G/811/S,TRAPPIST-1e,61,False,0,0,0,0,0,Carold Woodwardy,M,True
4964_01,Mars,False,D/154/S,TRAPPIST-1e,64,False,2147,0,191,59,0,Hone Barne,F,False
4965_01,Earth,,E/308/P,TRAPPIST-1e,21,False,457,79,1134,0,0,Calvia Corman,M,False
4970_01,Earth,False,F/943/S,PSO J318.5-22,26,False,0,9,0,0,1376,Andary Wilderssen,F,False
4972_01,Europa,False,B/162/P,55 Cancri e,35,False,87,1719,2750,0,79,Beneba Blentrary,M,True
4973_01,Earth,False,E/309/P,TRAPPIST-1e,43,False,957,0,1,0,39,Paulie Stephendsey,F,False
4973_02,Earth,True,G/803/P,55 Cancri e,3,False,0,0,0,0,0,Brence Stephendsey,M,True
4974_01,Europa,False,A/44/P,TRAPPIST-1e,56,False,0,10,0,9319,1225,Thabih Vendeck,F,False
4974_02,Europa,True,,55 Cancri e,45,False,0,0,0,0,,Lesat Vendeck,M,True
4975_01,Earth,True,G/813/S,PSO J318.5-22,25,False,0,0,0,0,0,Olgary Wartyson,F,True
4975_02,Earth,False,G/813/S,TRAPPIST-1e,12,False,0,0,0,0,0,Gerly Wartyson,M,True
4975_03,Earth,True,G/813/S,PSO J318.5-22,2,False,0,0,0,0,0,Celis Wartyson,F,True
4977_01,Earth,False,F/945/S,TRAPPIST-1e,46,False,0,4,834,0,32,Kylen Merce,M,True
4977_02,Earth,False,F/945/S,TRAPPIST-1e,32,False,2756,125,9,0,103,Nicey Merce,F,False
4978_01,Earth,False,F/1015/P,TRAPPIST-1e,20,False,0,358,287,0,,Floyde Hortis,M,False
4979_01,Earth,True,G/804/P,PSO J318.5-22,24,False,0,0,0,0,0,Arllia Mckinn,F,False
4980_01,Earth,False,G/805/P,TRAPPIST-1e,28,False,0,0,0,882,0,Lelah Potterry,M,False
4980_02,Earth,False,G/805/P,,12,False,0,0,0,0,0,Sanney Potterry,F,False
4980_03,Earth,False,G/805/P,TRAPPIST-1e,11,False,0,0,0,0,0,,,False
4981_01,Earth,,F/946/S,TRAPPIST-1e,16,False,0,769,0,0,7,Davis Brenney,F,True
4981_02,Earth,,G/814/S,PSO J318.5-22,29,False,0,0,0,0,0,Millia Connon,M,True
4981_03,Earth,False,G/814/S,TRAPPIST-1e,24,False,530,0,0,0,179,Brank Brenney,F,False
4983_01,Earth,False,F/1016/P,TRAPPIST-1e,22,False,61,0,214,445,,Mabley Mcbriguez,M,True
4987_01,Earth,False,G/816/S,TRAPPIST-1e,21,False,36,162,0,588,0,Fayene Popelacruz,F,True
4989_01,Earth,False,E/310/P,TRAPPIST-1e,38,False,0,1,0,786,0,Inette Johnshines,M,False
4990_01,Europa,True,B/164/P,TRAPPIST-1e,35,False,0,0,0,0,0,Nasliak Listive,F,False
4991_01,Earth,False,G/806/P,TRAPPIST-1e,79,False,610,,0,200,5,Rickie Pentss,M,False
4992_01,Earth,False,F/1018/P,PSO J318.5-22,22,False,479,34,0,29,4,Dandra Sextones,F,False
4995_01,Earth,False,G/807/P,55 Cancri e,42,False,642,282,0,0,0,Timmy Cardners,M,True
4996_01,Mars,True,F/949/S,,34,False,0,0,0,0,0,Scera Mitte,F,True
4997_01,Europa,True,C/156/P,TRAPPIST-1e,52,False,0,0,0,0,0,Diphah Disgul,M,True
4998_01,Earth,True,G/818/S,TRAPPIST-1e,43,False,0,0,0,0,0,Lison Willy,F,True
4999_01,Earth,False,F/950/S,TRAPPIST-1e,30,False,1120,0,0,0,794,Chelly Mckins,M,False
5000_01,Earth,True,G/808/P,TRAPPIST-1e,35,False,0,0,0,0,0,Courta Barrison,F,True
5003_01,Earth,True,G/809/P,TRAPPIST-1e,18,False,0,0,0,0,0,Dessie Bulliamoses,M,False
5004_01,Europa,True,B/165/P,TRAPPIST-1e,27,False,0,0,0,0,0,Mediah Gloyanthy,F,True
5005_01,Earth,False,F/1019/P,TRAPPIST-1e,46,False,819,31,0,49,2,Rayley Daughtson,M,False
5006_01,Europa,True,B/166/P,TRAPPIST-1e,15,False,0,0,0,0,0,Kochard Stingive,F,True
5006_02,Europa,True,B/166/P,55 Cancri e,44,False,0,0,0,0,0,Alyat Stingive,M,True
5006_03,Europa,False,B/166/P,TRAPPIST-1e,20,False,0,219,0,5,3283,Alark Stingive,F,False
5007_01,Mars,False,F/951/S,TRAPPIST-1e,35,False,1337,49,57,0,0,Gramus Watie,M,False
5008_01,Mars,True,F/952/S,TRAPPIST-1e,19,False,0,0,0,0,0,Apies Prity,F,True
5009_01,Mars,True,F/1020/P,TRAPPIST-1e,47,False,0,0,0,0,0,,,True
5010_01,Mars,False,F/1021/P,TRAPPIST-1e,26,True,1033,172,26,0,518,Poloos Sincy,F,False
5012_01,Earth,True,G/811/P,55 Cancri e,24,False,0,0,0,0,0,Benny Joynewtonks,M,True
5013_01,Earth,False,F/953/S,TRAPPIST-1e,23,False,0,0,2102,0,0,Kaye Wagnerray,F,True
5014_01,,False,D/162/P,TRAPPIST-1e,26,False,1331,0,973,484,0,Quan Porté,M,False
5014_02,Mars,True,F/1022/P,TRAPPIST-1e,5,False,0,0,0,0,0,Moste Porté,F,True
5015_01,Europa,False,C/194/S,55 Cancri e,35,False,54,493,12,6691,253,Geno Lowerrudy,M,False
5016_01,Mars,False,F/1023/P,TRAPPIST-1e,18,False,1092,31,309,0,0,Honda Bert,F,False
5017_01,Mars,True,F/954/S,TRAPPIST-1e,32,False,0,0,0,0,0,Raptax Giba,M,True
5018_01,Earth,True,G/812/P,TRAPPIST-1e,13,False,0,0,0,0,0,Shanie Pooles,F,True
5019_01,Earth,False,F/955/S,TRAPPIST-1e,15,False,0,0,19,352,326,Olly Hebernandry,M,False
5020_01,Earth,False,F/956/S,PSO J318.5-22,18,False,648,19,0,0,4,Annon Anthompson,F,True
5021_01,Europa,False,B/167/P,TRAPPIST-1e,41,False,4,4619,0,251,213,Celavar Fulacid,M,True
5023_01,Earth,False,G/813/P,55 Cancri e,36,False,0,0,0,474,12,Briney Griffy,F,False
5025_01,Earth,False,F/1024/P,TRAPPIST-1e,33,False,1042,50,0,9,0,Ronard Arner,M,False
5027_01,Earth,False,E/321/S,55 Cancri e,41,False,4,737,0,51,0,Noria Kiddley,F,False
5028_01,Europa,False,A/61/S,55 Cancri e,47,False,1904,18,0,89,4411,Enifak Plattering,M,False
5032_01,Europa,True,E/322/S,TRAPPIST-1e,32,False,0,0,0,0,0,Kochard Dicely,F,True
5034_01,Earth,False,G/824/S,TRAPPIST-1e,36,False,0,52,8,0,4160,Briany Sellahaney,M,False
5035_01,Earth,True,G/825/S,TRAPPIST-1e,13,False,0,0,0,0,0,Sethew Coolerson,F,True
5036_01,Earth,True,G/814/P,PSO J318.5-22,34,False,0,0,0,0,0,Robyny Walterson,M,False
5036_02,Earth,False,G/814/P,TRAPPIST-1e,24,False,5,1,7,0,895,Eleah Walterson,F,False
5039_01,Mars,False,F/958/S,TRAPPIST-1e,16,False,1285,,14,1386,0,Jayrin Bate,M,False
5039_02,Mars,True,F/958/S,TRAPPIST-1e,12,False,0,0,0,0,0,Hule Bate,F,True
5039_03,Mars,False,F/958/S,TRAPPIST-1e,24,False,1157,0,0,131,0,Rionk Bate,M,True
5039_04,Mars,False,F/958/S,TRAPPIST-1e,35,False,1307,0,0,2,0,Cakes Bate,F,False
5040_01,Europa,False,C/195/S,TRAPPIST-1e,26,False,0,21,10424,1373,7218,Enibik Dynigic,M,False
5040_02,Europa,False,C/195/S,55 Cancri e,39,False,10,199,0,6216,101,Alsha Dynigic,F,False
5042_01,Earth,False,F/1026/P,TRAPPIST-1e,18,False,8,1,4,419,304,Lorice Estiagosen,M,True
5044_01,Earth,False,G/826/S,TRAPPIST-1e,23,False,0,381,142,0,261,Sanya Palmes,F,False
5044_02,Earth,True,G/826/S,PSO J318.5-22,29,False,0,0,0,0,0,,,True
5048_01,Earth,False,,TRAPPIST-1e,38,False,0,0,0,0,0,Lerion Moodson,F,True
5050_01,Earth,False,F/1028/P,TRAPPIST-1e,31,False,433,111,238,86,0,Loree Wolfernan,M,False
5051_01,Mars,False,E/324/S,TRAPPIST-1e,49,False,1176,0,20,103,0,Tous Flité,F,False
5052_01,Mars,True,F/961/S,TRAPPIST-1e,17,False,0,0,0,0,0,Crick Khart,M,True
5052_02,Mars,False,F/961/S,55 Cancri e,23,False,228,1451,912,3,0,,,True
5057_01,Earth,True,G/816/P,55 Cancri e,15,False,0,0,0,0,0,Idave Simmonders,M,True
5058_01,Mars,True,F/963/S,TRAPPIST-1e,11,False,,0,0,0,0,Goos Apie,F,True
5058_02,Mars,False,F/963/S,PSO J318.5-22,30,True,600,31,1,659,191,Gork Apie,M,False
5058_03,Mars,True,F/963/S,TRAPPIST-1e,42,False,0,0,0,0,0,Leos Apie,F,True
5059_01,Earth,False,F/1030/P,55 Cancri e,21,False,639,0,0,0,0,Nancis Ryanga,M,False
5060_01,Europa,True,C/157/P,55 Cancri e,41,False,0,0,0,0,0,Algork Honatte,F,True
5060_02,Europa,True,C/157/P,TRAPPIST-1e,14,False,0,0,0,0,0,Instan Honatte,M,True
5060_03,Europa,False,C/157/P,55 Cancri e,27,False,0,867,0,20,1371,Segino Honatte,F,False
5060_04,Europa,False,C/157/P,55 Cancri e,29,True,530,418,0,,9129,Alhaino Honatte,M,False
5061_01,Europa,True,C/196/S,TRAPPIST-1e,25,False,0,0,,0,0,Furudah Patoetic,F,True
5061_02,Europa,False,C/196/S,TRAPPIST-1e,54,False,0,8246,0,56,118,Mediton Patoetic,M,True
5062_01,Earth,False,E/325/S,,46,False,971,0,20,0,5,Sallie Bushallert,F,False
5063_01,Earth,False,G/830/S,TRAPPIST-1e,18,False,,794,16,0,0,Kennie Solinez,M,True
5064_01,Europa,False,A/62/S,55 Cancri e,22,False,1961,82,0,3025,2406,Alraiam Gocent,F,False
5065_01,Europa,True,E/326/S,55 Cancri e,29,False,0,,0,0,0,Asellan Crueld,M,True
5065_02,Europa,False,E/326/S,55 Cancri e,26,False,606,1080,0,2011,0,,,False
5067_01,Earth,False,F/964/S,55 Cancri e,36,False,0,1808,0,344,0,Kerryn Wolfernan,M,True
5068_01,Earth,,E/314/P,TRAPPIST-1e,19,False,0,0,0,0,0,Nadie Polliamposs,F,True
5069_01,Earth,False,F/965/S,PSO J318.5-22,56,False,1309,0,69,1,0,Andary Hurchez,M,False
5070_01,Earth,False,F/966/S,,20,,542,175,0,5,0,Lillia Collinson,F,True
5072_01,Earth,False,G/817/P,TRAPPIST-1e,10,False,0,0,0,0,0,Brina Saley,M,False
5072_02,Earth,True,G/817/P,PSO J318.5-22,14,False,0,0,0,0,0,Melica Saley,F,False
5073_01,Mars,True,F/1033/P,55 Cancri e,27,False,0,0,0,0,0,Vere Frité,M,True
5074_01,Mars,False,F/967/S,TRAPPIST-1e,35,False,4608,0,926,382,0,Gorsp Biba,F,False
5076_01,Earth,False,G/818/P,TRAPPIST-1e,13,False,0,0,60,1,5147,Alicey Wolferguson,M,False
5080_01,Earth,False,F/969/S,,21,False,1,0,143,558,1,Herina Buckeelez,F,False
5083_01,Earth,True,G/820/P,TRAPPIST-1e,22,False,0,0,0,0,0,Cary Pooles,M,False
5084_01,Europa,True,E/315/P,TRAPPIST-1e,29,False,0,0,0,0,0,Askedus Fuelightic,F,False
5084_02,Europa,False,E/315/P,TRAPPIST-1e,32,False,8151,2052,1919,7352,754,Batrix Fuelightic,M,False
5085_01,Earth,False,F/970/S,TRAPPIST-1e,20,False,0,15,455,95,0,Alie Grahangory,F,True
5087_01,Mars,False,F/1036/P,TRAPPIST-1e,44,False,2575,3,20,0,,Sunk Birt,M,False
5088_01,Earth,False,F/972/S,55 Cancri e,22,False,0,0,0,1600,168,Jonard Horndley,F,True
5089_01,Europa,False,B/170/P,TRAPPIST-1e,39,False,3926,2030,0,1483,611,Alrakan Aivering,M,False
5089_02,Europa,False,B/170/P,TRAPPIST-1e,19,False,0,3750,0,0,41,Celeon Aivering,F,True
5090_01,Earth,,G/821/P,TRAPPIST-1e,0,False,0,0,0,0,0,,,False
5090_02,Earth,True,G/821/P,TRAPPIST-1e,0,False,0,0,0,0,0,Luzel Willy,F,False
5090_03,,False,G/821/P,PSO J318.5-22,12,False,0,0,0,0,0,Joyton Willy,M,True
5090_04,Earth,True,G/821/P,TRAPPIST-1e,7,False,0,0,0,0,0,Adamy Willy,F,False
5090_05,Earth,False,E/316/P,PSO J318.5-22,32,False,793,0,0,0,0,Annya Willy,M,False
5090_06,Earth,False,G/821/P,,11,False,0,0,0,0,0,Scotte Willy,F,True
5091_01,Earth,False,F/973/S,55 Cancri e,18,False,1471,59,95,1109,330,,,False
5093_01,Europa,False,C/158/P,55 Cancri e,49,True,9,179,0,3,7865,Wasalam Cluthosexy,F,False
5095_01,Mars,True,F/1038/P,TRAPPIST-1e,61,False,0,0,0,0,0,Coate Snoff,M,True
5097_01,Earth,True,G/823/P,55 Cancri e,7,False,0,0,0,0,0,Hughan Peterstarks,F,True
5097_02,Earth,False,G/823/P,TRAPPIST-1e,25,False,0,181,671,0,0,Nandy Peterstarks,M,True
5097_03,Earth,False,F/1039/P,55 Cancri e,51,False,6,0,706,0,0,Eulahy Peterstarks,F,True
5103_01,Europa,True,E/317/P,TRAPPIST-1e,56,False,0,0,0,0,0,Proxima Poless,M,True
5104_01,Earth,False,G/833/S,,31,False,25,712,0,16,0,Keitha Waltonnedy,F,True
5105_01,Earth,True,,PSO J318.5-22,16,False,0,0,0,0,0,Holey Sullones,M,True
5106_01,Earth,True,G/834/S,TRAPPIST-1e,29,False,0,0,0,0,0,Helle Barrez,F,True
5108_01,Earth,True,G/825/P,PSO J318.5-22,17,False,,0,0,0,0,Louisy Hughriend,M,True
5109_01,Earth,False,G/835/S,PSO J318.5-22,47,False,83,1,0,654,3,Hilia Joycerton,F,True
5111_01,Europa,False,B/171/P,TRAPPIST-1e,25,False,0,3,0,763,3541,Sarid Unkcatted,M,False
5111_02,Europa,False,B/171/P,TRAPPIST-1e,28,False,29,394,0,712,4360,Aske Unkcatted,F,False
5111_03,Europa,False,B/171/P,TRAPPIST-1e,32,False,0,419,0,1984,521,Mino Unkcatted,M,False
5112_01,Europa,True,C/198/S,55 Cancri e,56,False,0,0,0,0,0,Chainon Spadicage,F,True
5112_02,Europa,True,C/198/S,55 Cancri e,25,False,0,0,0,0,0,Achiram Ainatint,M,True
5112_03,Europa,True,C/198/S,TRAPPIST-1e,13,False,0,0,0,0,0,Sadaton Opshaft,F,True
5115_01,Europa,True,C/199/S,TRAPPIST-1e,41,False,0,0,0,0,0,Diason Whibid,M,True
5115_02,Europa,True,C/199/S,55 Cancri e,28,False,0,0,0,0,0,Megrezn Whibid,F,True
5116_01,Mars,True,F/980/S,TRAPPIST-1e,25,False,0,0,0,0,0,Ars Prity,M,True
5116_02,Mars,True,F/980/S,TRAPPIST-1e,11,False,0,0,0,0,0,Fros Prity,F,True
5120_01,Mars,False,E/320/P,TRAPPIST-1e,20,False,0,0,0,0,0,Flams Bate,M,False
5122_01,Earth,False,F/981/S,TRAPPIST-1e,24,False,0,464,321,0,90,Line Knoxtones,F,True
5124_01,Earth,False,F/1044/P,,41,False,256,109,0,340,0,Kimmie Greeves,M,False
5125_01,Earth,False,F/982/S,55 Cancri e,29,False,0,0,22,738,0,Timmie Rocknight,F,False
5126_01,Europa,True,C/200/S,55 Cancri e,59,False,0,0,0,0,0,Isotone Unaring,M,True
5127_01,Earth,False,G/837/S,TRAPPIST-1e,31,False,0,679,0,0,213,Leneva Yanton,F,True
5127_02,Earth,False,F/983/S,TRAPPIST-1e,16,False,43,0,0,1893,119,Faithy Yanton,M,False
5128_01,Mars,False,F/1045/P,TRAPPIST-1e,65,False,56,0,1081,21,0,Forn Frazo,F,False
5128_02,Mars,False,F/1045/P,TRAPPIST-1e,21,False,0,1,2832,0,0,Frus Frazo,M,True
5129_01,Earth,True,G/827/P,TRAPPIST-1e,27,False,0,0,0,0,0,Anthia Savaraldez,F,True
5130_01,Earth,True,G/838/S,TRAPPIST-1e,37,False,0,,0,0,0,Timmy Klindsayer,M,True
5132_01,Earth,False,G/828/P,TRAPPIST-1e,42,False,5049,477,0,0,0,Veremy Ellson,F,False
5133_01,Earth,False,G/829/P,55 Cancri e,36,False,0,0,846,0,0,Benry Litthews,M,True
5133_02,Earth,True,G/829/P,PSO J318.5-22,24,False,0,0,0,0,0,Hene Litthews,F,False
5133_03,Earth,True,G/829/P,PSO J318.5-22,,False,0,0,0,0,0,Lina Litthews,M,True
5133_04,Earth,False,F/1046/P,55 Cancri e,19,False,107,0,505,48,0,Done Litthews,F,False
5133_05,Earth,False,F/1046/P,TRAPPIST-1e,26,False,0,910,13,10,15,Lynnon Pugherman,M,False
5133_06,Earth,True,G/829/P,55 Cancri e,19,False,0,0,0,0,0,Shanya Josey,F,True
5133_07,Earth,False,F/1046/P,TRAPPIST-1e,26,False,1528,1,0,0,0,,,False
5133_08,Earth,False,F/1046/P,TRAPPIST-1e,35,False,0,116,51,0,701,Lawren Josey,F,False
5136_01,Earth,False,F/984/S,55 Cancri e,24,False,0,0,0,704,0,Eulah Currisones,M,False
5137_01,,False,G/839/S,TRAPPIST-1e,9,False,0,0,0,0,0,Milyn Llobsoney,F,True
5138_01,Europa,False,A/47/P,55 Cancri e,40,False,0,3815,0,322,0,Brakis Shming,M,True
5140_01,Earth,True,G/840/S,PSO J318.5-22,23,False,0,0,0,0,0,Elancy Pughanders,F,True
5142_01,Mars,False,F/1050/P,TRAPPIST-1e,4,False,0,0,0,0,0,Kies Cre,M,True
5142_02,Mars,False,F/1050/P,TRAPPIST-1e,20,False,859,3,0,939,0,Bler Cre,F,False
5142_03,Mars,True,F/1050/P,TRAPPIST-1e,21,False,0,0,0,0,0,Mark Cre,M,True
5142_04,Mars,False,F/1050/P,TRAPPIST-1e,4,False,0,0,0,0,0,Toisps Prin,F,True
5144_01,Earth,True,G/830/P,TRAPPIST-1e,19,,0,0,0,0,0,,,True
5145_01,Earth,True,G/841/S,TRAPPIST-1e,18,False,0,0,0,0,0,Shaele Mathison,F,True
5146_01,Earth,False,F/986/S,55 Cancri e,26,False,7,751,0,38,0,Maura Cainghannon,M,True
5148_01,Earth,False,F/1051/P,TRAPPIST-1e,13,False,0,63,54,20,916,Garyan Canields,F,False
5148_02,Earth,True,G/831/P,TRAPPIST-1e,16,False,0,0,0,0,0,Jeanny Moodsey,M,True
5151_01,Mars,True,F/1052/P,TRAPPIST-1e,14,False,0,0,0,0,0,Flark Cotik,F,True
5152_01,Europa,False,B/199/S,TRAPPIST-1e,40,False,0,553,10,2787,52,Porrimp Aillyber,M,False
5154_01,Mars,False,E/321/P,TRAPPIST-1e,34,True,38,0,606,0,404,Sunch Buche,F,False
5156_01,Europa,True,B/200/S,55 Cancri e,21,False,0,0,0,0,0,Sabiark Traild,M,True
5156_02,Europa,False,B/200/S,TRAPPIST-1e,29,False,0,4198,227,1,1415,Atonon Traild,F,True
5157_01,Earth,,G/844/S,TRAPPIST-1e,40,False,814,12,2,,79,Melia Gardsondez,M,True
5158_01,Earth,False,F/1054/P,TRAPPIST-1e,16,False,0,1,0,,61,Willah Jacostaney,F,False
5160_01,Earth,False,G/832/P,TRAPPIST-1e,37,False,732,,,156,0,Ricke Hayersents,M,False
5161_01,Mars,True,D/156/S,55 Cancri e,41,False,0,0,0,0,0,Goos Cheen,F,True
5162_01,Mars,True,F/988/S,55 Cancri e,16,False,0,0,0,0,0,Hoce Barne,M,True
5162_02,Mars,False,F/988/S,55 Cancri e,39,False,98,0,125,0,1082,Dow Barne,F,False
5163_01,Earth,True,E/322/P,TRAPPIST-1e,30,False,0,0,0,0,0,Ellie Beckeey,M,True
5163_02,Earth,False,E/322/P,TRAPPIST-1e,40,False,151,0,713,0,0,Jillie Hewson,F,True
5165_01,Earth,False,F/989/S,TRAPPIST-1e,63,False,0,281,94,0,270,Alancy Collinson,M,True
5166_01,Mars,False,D/163/P,TRAPPIST-1e,32,False,382,0,477,22,2,Cor Porki,F,True
5167_01,Earth,False,F/990/S,TRAPPIST-1e,47,False,1,17,0,1069,0,Joana Crayeson,M,False
5170_01,Earth,False,F/1056/P,55 Cancri e,23,False,0,306,392,9,13,Jeandy Hurchez,F,False
5171_01,Earth,False,F/991/S,TRAPPIST-1e,23,False,0,7,0,190,501,Julin Estiagosen,M,False
5173_01,Mars,True,F/1057/P,TRAPPIST-1e,19,False,0,0,0,0,0,Supies Biba,F,True
5174_01,Europa,True,C/159/P,55 Cancri e,44,False,0,0,0,0,0,Hekark Alenter,M,True
5174_02,Europa,False,C/159/P,TRAPPIST-1e,29,False,6,5,0,6235,434,Mesarid Alenter,F,False
5175_01,Earth,False,G/834/P,TRAPPIST-1e,21,False,582,0,0,148,53,Andice Maystuarey,M,False
5176_01,Earth,False,E/323/P,TRAPPIST-1e,23,False,576,207,0,0,9,Helle Sawyerson,F,False
5177_01,Europa,False,B/201/S,TRAPPIST-1e,26,True,0,0,0,0,0,Aldebah Gealably,M,True
5179_01,Europa,True,C/160/P,55 Cancri e,47,False,0,0,0,0,0,Nesch Aillyber,F,True
5180_01,Earth,True,G/835/P,PSO J318.5-22,20,False,0,0,0,,0,Felia Gillock,M,True
5181_01,Europa,,B/175/P,TRAPPIST-1e,48,False,0,0,0,0,0,Minkark Motled,F,True
5182_01,Earth,True,G/836/P,TRAPPIST-1e,4,False,0,0,0,0,0,Crisey Georgasey,M,True
5182_02,Earth,False,G/836/P,TRAPPIST-1e,25,False,322,0,81,3,298,Berna Georgasey,F,True
5184_01,Earth,False,G/837/P,TRAPPIST-1e,0,False,0,0,0,0,0,Joelan Folemonley,M,True
5185_01,Mars,False,E/330/S,TRAPPIST-1e,29,False,523,0,21,4,811,Cruts Flie,F,False
5186_01,Earth,False,F/1058/P,TRAPPIST-1e,21,False,41,651,2,29,0,Monah Harry,M,False
5187_01,,False,E/324/P,TRAPPIST-1e,20,False,949,0,0,5,0,Ranuts Mellé,F,False
5188_01,Earth,False,G/838/P,TRAPPIST-1e,34,False,0,160,0,611,44,Chesty Bootez,M,False
5188_02,Earth,True,G/838/P,TRAPPIST-1e,9,False,0,0,0,0,0,Elindy Hessey,F,True
5188_03,Earth,True,G/838/P,TRAPPIST-1e,12,False,0,0,0,0,0,Wally Bootez,M,False
5190_01,Earth,False,F/994/S,TRAPPIST-1e,13,False,0,0,0,0,1513,Jillie Barrilloney,F,False
5192_01,Mars,True,F/995/S,TRAPPIST-1e,27,False,0,0,0,0,0,Tostex Khaf,M,True
5193_01,Europa,False,C/202/S,TRAPPIST-1e,34,False,0,914,0,2433,647,Betenar Craing,F,True
5194_01,Europa,True,B/176/P,TRAPPIST-1e,18,False,0,0,0,0,0,Sabi Ainatint,M,True
5194_02,Europa,True,B/176/P,55 Cancri e,16,False,0,0,0,0,0,Astonon Ainatint,F,True
5196_01,Earth,True,G/839/P,TRAPPIST-1e,43,False,0,0,0,0,0,Gracey Haynard,M,True
5196_02,Earth,True,G/839/P,TRAPPIST-1e,0,False,0,0,0,0,0,Jenn Haynard,F,False
5197_01,Earth,False,E/325/P,,20,False,0,4,761,22,1,Rician Fowlaney,M,True
5198_01,Mars,False,F/1059/P,TRAPPIST-1e,45,False,878,0,430,0,0,Lish Fla,F,False
5199_01,Europa,False,D/158/S,TRAPPIST-1e,35,False,0,725,3415,,1,Luxonon Cuplial,M,False
5201_01,Earth,,F/1060/P,TRAPPIST-1e,21,False,1961,96,0,54,40,Melara Daughtson,F,False
5202_01,Earth,True,G/840/P,TRAPPIST-1e,14,False,0,0,0,0,0,Jeret Berges,M,True
5204_01,Earth,False,F/1061/P,PSO J318.5-22,46,False,0,153,,0,397,Jodip Hughriend,F,False
5205_01,Earth,False,F/997/S,TRAPPIST-1e,22,False,261,0,0,107,1132,Mabley Roachez,M,False
5205_02,Earth,False,G/845/S,TRAPPIST-1e,2,False,0,0,0,0,0,Juanna Roachez,F,True
5205_03,Earth,,G/845/S,TRAPPIST-1e,3,False,0,0,0,0,0,Dorene Roachez,M,True
5206_01,Earth,True,G/841/P,55 Cancri e,28,False,0,0,0,0,0,Alley Briggston,F,True
5206_02,Earth,False,F/1062/P,PSO J318.5-22,60,False,0,0,789,283,3,Myrace Briggston,M,False
5206_03,Earth,False,G/841/P,PSO J318.5-22,48,False,0,2,72,554,143,Ericia Briggston,F,False
5207_01,Earth,False,E/331/S,55 Cancri e,18,False,51,339,1,0,436,Bonyan Chanan,M,True
5207_02,Earth,False,F/998/S,TRAPPIST-1e,31,False,1364,0,0,0,21,Rossie Chanan,F,False
5208_01,Europa,True,C/163/P,55 Cancri e,26,False,0,0,0,0,0,Sadalm Unressind,M,True
5208_02,Europa,False,C/163/P,55 Cancri e,41,False,717,641,2,1559,4828,Alcorix Unressind,F,False
5209_01,Earth,False,F/999/S,TRAPPIST-1e,26,False,168,,382,166,0,Eriky Lambleyoun,M,True
5210_01,Earth,False,F/1063/P,TRAPPIST-1e,29,False,0,43,693,0,0,,,True
5211_01,Earth,False,E/332/S,TRAPPIST-1e,24,False,666,938,1,0,,Hen Barrelliver,M,False
5213_01,Earth,False,F/1064/P,TRAPPIST-1e,25,False,10,0,908,5,0,Nathy Pottley,F,True
5214_01,Earth,False,G/842/P,55 Cancri e,0,False,0,0,0,0,0,Antony Hersons,M,False
5216_01,Earth,True,G/843/P,TRAPPIST-1e,30,False,0,0,0,0,0,Clard Hardson,F,False
5217_01,Europa,True,B/177/P,55 Cancri e,18,False,0,0,0,0,0,Sitron Briouse,M,True
5217_02,Europa,True,B/177/P,55 Cancri e,32,False,0,0,0,0,0,Canon Wingcoling,F,True
5218_01,Earth,False,F/1000/S,TRAPPIST-1e,28,False,0,0,0,525,1889,Leony Powery,M,False
5220_01,Mars,False,D/165/P,TRAPPIST-1e,21,False,2206,0,353,0,19,Jackok Cooki,F,False
5221_01,Earth,False,F/1065/P,TRAPPIST-1e,25,False,0,528,8,153,0,Jilla Herreras,M,False
5223_01,Mars,False,F/1002/S,55 Cancri e,47,False,275,0,,24,0,Munda Ble,F,True
5223_02,Mars,True,F/1002/S,PSO J318.5-22,,False,0,0,0,0,0,Goles Ble,M,True
5223_03,Mars,True,F/1002/S,TRAPPIST-1e,8,False,0,0,0,0,0,Koot Fla,F,True
5224_01,Earth,False,F/1003/S,TRAPPIST-1e,24,False,0,0,56,564,880,Diandy Mckinn,M,False
5225_01,Mars,True,E/334/S,TRAPPIST-1e,30,False,0,0,0,0,0,Chrets Sincy,F,True
5226_01,Earth,True,G/848/S,PSO J318.5-22,24,False,0,0,0,0,0,Joyn Hahnstoneal,M,True
5227_01,Earth,True,G/849/S,TRAPPIST-1e,13,False,0,0,0,0,0,Darlie Morrencis,F,True
5229_01,Earth,False,E/335/S,,16,False,0,0,19,971,0,Allene Balley,M,False
5230_01,Mars,False,F/1004/S,TRAPPIST-1e,23,False,263,0,1548,44,0,Dow Tité,F,True
5234_01,Mars,False,F/1067/P,TRAPPIST-1e,16,False,271,0,2251,117,0,Tote Chmad,M,True
5235_01,Earth,False,G/844/P,TRAPPIST-1e,29,False,30,0,605,267,6,Allyn Olivasquez,F,False
5236_01,Earth,False,E/326/P,TRAPPIST-1e,46,False,1,0,898,0,96,Juanna Lardsonald,M,True
5238_01,Earth,True,G/845/P,PSO J318.5-22,13,False,0,0,0,0,0,Gailia Blainson,F,False
5239_01,Earth,True,G/852/S,TRAPPIST-1e,22,False,0,0,0,0,0,Jeroy Beckeetter,M,True
5240_01,Earth,True,G/853/S,TRAPPIST-1e,29,False,0,0,0,0,0,Loisey Melez,F,True
5242_01,Earth,True,G/854/S,TRAPPIST-1e,46,False,0,0,0,0,0,Briney Ellahan,M,True
5243_01,Earth,False,F/1005/S,TRAPPIST-1e,24,False,1231,0,0,1,3,Lanedy Mclardson,F,True
5243_02,Earth,True,G/855/S,TRAPPIST-1e,33,False,0,0,0,0,0,Dont Melez,M,True
5244_01,Mars,False,F/1006/S,TRAPPIST-1e,38,False,218,0,586,770,0,Tax Tité,F,False
5246_01,Earth,True,G/847/P,TRAPPIST-1e,57,False,0,0,0,0,0,Glene Drakeekss,M,True
5246_02,Earth,False,F/1070/P,TRAPPIST-1e,,False,0,13,643,47,0,Jodia Drakeekss,F,True
5247_01,Earth,False,G/848/P,TRAPPIST-1e,38,False,6,2324,0,0,0,Roydo Yorkland,M,True
5248_01,Earth,False,G/856/S,TRAPPIST-1e,28,False,607,0,0,227,0,Tinez Batestonley,F,True
5249_01,Mars,False,E/327/P,TRAPPIST-1e,25,False,922,0,1,91,0,Colal Fonie,M,False
5250_01,Mars,True,F/1007/S,TRAPPIST-1e,22,False,0,0,0,0,0,Clek Dan,F,True
5251_01,Mars,False,F/1071/P,TRAPPIST-1e,33,False,705,0,1905,13,0,Murs Nanie,M,True
5252_01,Earth,False,F/1008/S,TRAPPIST-1e,35,False,202,1309,60,0,0,Elanie Langatein,F,True
5253_01,Earth,False,F/1009/S,TRAPPIST-1e,24,False,290,64,413,35,0,Annard Ashipeck,M,True
5254_01,Europa,True,B/202/S,TRAPPIST-1e,31,False,0,0,0,0,0,Celeon Pressive,F,True
5254_02,Europa,True,B/202/S,TRAPPIST-1e,16,False,0,0,0,0,0,Photons Pickleve,M,True
5254_03,Europa,True,,TRAPPIST-1e,28,False,0,0,0,0,0,Sargah Pressive,F,True
5254_04,Europa,False,B/202/S,55 Cancri e,8,False,0,0,0,0,0,Sceleon Pressive,M,True
5255_01,Mars,True,F/1010/S,TRAPPIST-1e,20,False,0,0,0,0,0,Clow Peate,F,True
5256_01,Mars,False,D/159/S,TRAPPIST-1e,26,False,41,0,444,572,0,Luse Tirt,M,False
5257_01,Europa,False,B/178/P,55 Cancri e,43,False,0,1001,0,2393,0,Dnocese Opshaft,F,False
5258_01,Europa,False,C/204/S,TRAPPIST-1e,70,False,241,1065,0,2290,2,Alrair Taptiritty,M,True
5260_01,Earth,True,G/849/P,55 Cancri e,17,False,0,0,0,0,0,Racy Fulloydez,F,True
5262_01,Earth,True,G/850/P,TRAPPIST-1e,14,False,0,0,0,0,0,Adanne Rilley,M,True
5264_01,Earth,True,G/858/S,TRAPPIST-1e,21,False,0,0,0,0,0,Joyces Vinozarks,F,True
5264_02,Earth,False,F/1012/S,55 Cancri e,37,False,0,0,163,0,486,Marina Vinozarks,M,True
5265_01,Earth,False,F/1073/P,TRAPPIST-1e,15,False,0,400,0,0,702,Tonyn Ashipson,F,False
5266_01,Europa,False,A/64/S,55 Cancri e,20,False,0,290,0,1866,217,Alhair Poselfle,M,False
5266_02,Europa,False,C/205/S,55 Cancri e,36,True,13,196,3,0,12323,Sinon Poselfle,F,False
5268_01,Earth,False,F/1013/S,TRAPPIST-1e,14,False,0,56,,0,2,Bony Flynney,M,True
5269_01,Earth,False,E/336/S,TRAPPIST-1e,21,False,38,1,591,1,31,Mollen Ewisentley,F,True
5271_01,Earth,False,F/1075/P,TRAPPIST-1e,28,False,89,3,571,258,0,Kimmie Thony,M,False
5272_01,Mars,True,F/1076/P,TRAPPIST-1e,20,False,0,0,0,0,0,Push Winie,F,True
5273_01,Earth,False,F/1077/P,TRAPPIST-1e,26,False,0,0,827,1,0,Leony Gallenry,M,False
5274_01,Earth,False,F/1078/P,TRAPPIST-1e,25,False,662,34,0,79,148,Weney Hineyley,F,False
5275_01,Earth,False,F/1014/S,TRAPPIST-1e,29,False,0,10,0,594,120,Jerek Buckentry,M,False
5276_01,Europa,False,B/179/P,55 Cancri e,39,True,0,2868,0,5,1968,Neutrak Poustive,F,True
5277_01,Earth,False,F/1079/P,TRAPPIST-1e,18,False,0,0,0,87,1232,Besse Morandry,M,True
5278_01,Europa,True,B/203/S,55 Cancri e,37,False,0,0,0,0,0,Menkin Subateful,F,True
5279_01,Earth,False,G/852/P,TRAPPIST-1e,28,False,467,,0,0,307,Antony Flynnis,M,False
5280_01,Earth,False,F/1015/S,TRAPPIST-1e,18,False,0,0,2728,0,,Elanda Simpsonks,F,True
5281_01,Earth,False,F/1080/P,TRAPPIST-1e,30,False,0,6,621,,433,Emmax Haynard,M,False
5282_01,Earth,False,E/337/S,TRAPPIST-1e,35,False,35,0,14,0,816,Florey Torrez,F,True
5282_02,Earth,False,F/1016/S,TRAPPIST-1e,26,False,0,196,0,0,487,Eulah Torrez,M,True
5282_03,Earth,True,G/860/S,55 Cancri e,0,False,0,0,0,0,0,Kenda Torrez,F,True
5287_01,Earth,False,G/861/S,PSO J318.5-22,42,False,0,,0,214,50,Shanya Webstephrey,M,True
5288_01,Earth,False,F/1081/P,,36,False,1,716,3,0,57,Thell Masquez,F,True
5290_01,Earth,False,F/1083/P,TRAPPIST-1e,31,False,1177,2,0,,1,Bretty Patthews,M,False
5291_01,Earth,False,G/854/P,55 Cancri e,27,False,3905,7,0,4,53,Luisy Gaington,F,False
5292_01,Europa,False,C/206/S,TRAPPIST-1e,25,False,0,4313,0,175,60,Celavar Galoquid,M,True
5297_01,Earth,True,G/856/P,TRAPPIST-1e,32,False,0,0,0,0,0,Candra Bushallert,F,True
5298_01,Earth,True,G/862/S,TRAPPIST-1e,14,False,0,0,0,0,0,Rician Sweett,M,True
5299_01,Earth,True,G/863/S,TRAPPIST-1e,16,False,0,0,0,0,0,Brina Coopezmaney,F,True
5300_01,Earth,True,G/864/S,55 Cancri e,51,False,0,0,0,0,0,Healle Klindsayer,M,True
5301_01,Europa,True,B/181/P,TRAPPIST-1e,21,False,0,0,0,0,0,Altara Pretive,F,True
5301_02,Europa,True,B/181/P,55 Cancri e,31,False,0,0,0,0,0,Sadares Pretive,M,True
5303_01,Earth,False,,TRAPPIST-1e,9,False,0,0,0,0,0,Patoya Hoffergess,F,False
5303_02,Earth,False,G/857/P,TRAPPIST-1e,7,False,0,0,0,0,0,Loree Hoffergess,M,True
5303_03,Earth,False,G/857/P,TRAPPIST-1e,3,False,0,0,0,0,0,Jimmyn Lambleyoun,F,True
5303_04,Earth,True,G/857/P,TRAPPIST-1e,2,False,0,0,0,0,0,Yvonna Lambleyoun,M,True
5303_05,Earth,False,G/857/P,55 Cancri e,7,False,0,0,0,0,0,Ronia Lambleyoun,F,False
5304_01,Mars,False,F/1019/S,TRAPPIST-1e,18,False,1744,0,8,8,0,Tench Brine,M,False
5304_02,Mars,True,F/1019/S,,33,False,0,0,0,0,0,Jagles Brine,F,True
5305_01,Earth,False,F/1084/P,TRAPPIST-1e,23,False,0,2891,0,6,0,Elindy Simmonders,M,True
5307_01,Europa,True,B/204/S,TRAPPIST-1e,13,False,,0,0,0,0,Mirark Fuelisent,F,True
5310_01,Mars,False,F/1021/S,TRAPPIST-1e,32,False,4702,0,449,190,0,Dontch Terry,M,False
5312_01,Europa,True,B/182/P,TRAPPIST-1e,27,False,0,0,0,0,0,Sulaton Prefule,F,True
5313_01,Earth,False,F/1085/P,TRAPPIST-1e,23,False,0,491,0,61,0,Tracia Guezaley,M,True
5314_01,Europa,False,C/208/S,TRAPPIST-1e,25,,0,3625,0,0,168,Skatik Arible,F,True
5315_01,Earth,False,F/1086/P,TRAPPIST-1e,18,False,454,0,0,324,0,Gwendy Toddleton,M,False
5316_01,Mars,True,F/1087/P,55 Cancri e,23,False,0,0,0,0,0,Cats Ses,F,True
5320_01,Europa,True,E/330/P,55 Cancri e,31,False,0,0,0,0,0,Errima Callower,M,True
5320_02,Europa,False,E/330/P,TRAPPIST-1e,32,False,0,1301,0,94,356,Hallah Opshoent,F,False
5322_01,Mars,True,F/1090/P,TRAPPIST-1e,22,False,0,0,0,,,Allift Parté,M,True
5323_01,Mars,True,F/1091/P,TRAPPIST-1e,38,False,0,0,0,,0,Coakey Cort,F,True
5325_01,Earth,False,F/1023/S,PSO J318.5-22,21,False,751,5,0,1,0,Wandy Blandez,M,True
5326_01,Mars,True,F/1092/P,TRAPPIST-1e,28,False,0,0,0,0,0,Wales Khart,F,True
5327_01,Europa,False,B/183/P,TRAPPIST-1e,38,False,0,0,0,0,0,Furudra Ticiay,M,False
5330_01,Earth,False,F/1094/P,TRAPPIST-1e,20,False,0,0,708,101,0,Race Oconley,F,True
5331_01,Earth,False,F/1095/P,TRAPPIST-1e,23,False,0,1,292,0,340,Coreen Woodgezalez,M,False
5333_01,Earth,False,G/862/P,TRAPPIST-1e,48,False,456,0,39,0,5,Vane Andley,F,True
5334_01,Earth,True,G/867/S,55 Cancri e,15,False,0,0,0,0,0,Besse Connon,M,True
5334_02,Earth,False,G/867/S,TRAPPIST-1e,30,False,0,674,39,0,10,Therly Connon,F,True
5337_01,Mars,False,F/1024/S,TRAPPIST-1e,40,False,286,0,2299,12,,Rish Bre,M,True
5340_01,Earth,False,G/868/S,TRAPPIST-1e,36,False,0,0,33,677,0,Cassa Carsoning,F,False
5341_01,Earth,True,G/869/S,TRAPPIST-1e,20,False,0,0,0,0,0,Jessa Greenez,M,True
5343_01,Mars,False,E/332/P,TRAPPIST-1e,17,False,13,0,565,367,1,Rahars Resty,F,False
5344_01,Europa,False,C/168/P,55 Cancri e,38,False,0,439,0,434,10074,Sargin Prieress,M,False
5344_02,Europa,True,C/168/P,55 Cancri e,38,False,0,0,0,0,0,Dyonon Prieress,F,True
5345_01,Mars,False,D/167/P,,14,False,809,0,59,0,0,Frunad Cheen,M,False
5345_02,Mars,False,E/333/P,TRAPPIST-1e,,False,134,0,6,1450,0,Cops Cheen,F,False
5346_01,Earth,False,E/334/P,TRAPPIST-1e,21,False,37,0,31,696,63,Tera Kaney,M,True
5347_01,Europa,False,C/169/P,TRAPPIST-1e,18,False,0,3770,0,287,3491,Anton Caljoiry,F,False
5348_01,Mars,False,D/168/P,TRAPPIST-1e,26,False,164,0,853,0,39,Money Sache,M,True
5350_01,Europa,False,C/170/P,TRAPPIST-1e,35,False,25,866,0,3198,459,Atinon Foraud,F,False
5351_01,Mars,,F/1026/S,55 Cancri e,46,False,1082,80,1177,0,323,Hion Knike,M,False
5353_01,Europa,True,B/205/S,55 Cancri e,13,False,0,0,0,0,0,Ranan Reelest,F,True
5353_02,Europa,False,B/205/S,TRAPPIST-1e,39,False,43,9365,144,0,118,Weidus Reelest,M,True
5354_01,Mars,False,D/161/S,PSO J318.5-22,49,False,1690,0,85,0,0,Panch Letty,F,False
5354_02,Mars,False,E/339/S,TRAPPIST-1e,28,False,0,0,0,0,0,Bares Kraie,M,False
5355_01,Earth,False,F/1098/P,TRAPPIST-1e,27,False,0,686,0,101,9,Kerrie Deckley,F,True
5355_02,Earth,True,G/865/P,TRAPPIST-1e,21,False,0,0,,0,0,Verly Deckley,M,True
5356_01,Earth,False,E/340/S,TRAPPIST-1e,29,False,0,32,0,4517,0,Julies Winsley,F,False
5359_01,,False,F/1099/P,TRAPPIST-1e,27,False,0,45,225,14,519,Adammy Hinglendez,M,False
5360_01,Mars,True,F/1100/P,TRAPPIST-1e,38,False,0,0,0,0,0,Morms Nake,F,True
5361_01,Earth,False,F/1101/P,PSO J318.5-22,18,False,0,,0,150,0,Elica Brantuarez,M,True
5362_01,Europa,True,E/336/P,55 Cancri e,35,False,0,0,0,0,0,Meratz Prearright,F,True
5363_01,Mars,True,F/1102/P,TRAPPIST-1e,37,False,0,0,0,0,0,Crowk Apeau,M,True
5365_01,Earth,False,E/337/P,TRAPPIST-1e,60,False,943,53,0,0,0,Pristy Whiters,F,False
5366_01,Europa,True,E/338/P,TRAPPIST-1e,31,False,0,0,0,0,0,Asellan Calved,M,True
5367_01,Europa,True,C/209/S,TRAPPIST-1e,4,False,0,0,0,0,0,Mesonon Fruidy,F,True
5367_02,,False,C/209/S,TRAPPIST-1e,34,False,0,3195,0,102,1469,Dnocese Fruidy,M,True
5367_03,Europa,False,C/209/S,55 Cancri e,46,False,0,8221,0,1010,160,Anyonon Fruidy,F,True
5368_01,Earth,False,G/870/S,TRAPPIST-1e,18,False,0,0,55,2288,1,,,False
5372_01,Mars,False,E/342/S,TRAPPIST-1e,38,False,,0,363,7,3,Cings Mith,F,False
5374_01,Earth,False,F/1029/S,,29,False,0,61,942,2,0,Candyn Loverthyo,M,True
5375_01,Europa,True,C/210/S,TRAPPIST-1e,13,False,0,0,0,0,0,Scharab Tramsor,F,True
5375_02,Europa,True,C/210/S,TRAPPIST-1e,26,False,0,0,0,0,0,Quarke Tramsor,M,True
5378_01,Europa,False,C/173/P,TRAPPIST-1e,30,False,0,95,0,1202,5558,Cellum Alenter,F,False
5379_01,Earth,False,F/1030/S,TRAPPIST-1e,42,False,0,0,8,3409,0,Kyley Meyersones,M,False
5380_01,Mars,False,F/1104/P,TRAPPIST-1e,36,False,386,0,756,6,0,Hark Kité,F,False
5383_01,Earth,False,F/1105/P,55 Cancri e,23,False,253,0,1175,3,,Kyley Foxter,M,False
5384_01,Europa,False,A/65/S,TRAPPIST-1e,34,True,0,5210,0,1332,2,Polam Dinger,F,True
5384_02,Europa,False,A/65/S,TRAPPIST-1e,26,False,0,4894,0,62,85,Sulatik Dinger,M,True
5385_01,Mars,False,D/170/P,TRAPPIST-1e,31,False,2048,0,1040,136,0,Hon Cako,F,False
5387_01,Mars,False,D/171/P,TRAPPIST-1e,48,False,581,6,1,158,0,Guanch Ste,M,False
5388_01,Earth,True,G/871/S,TRAPPIST-1e,10,False,0,0,0,,0,Stene Chaellerty,F,True
5389_01,Mars,False,F/1106/P,TRAPPIST-1e,27,False,2,0,1320,0,26,Rose Prity,M,True
5389_02,Mars,False,F/1106/P,TRAPPIST-1e,32,,2497,0,101,0,0,Swink Prity,F,False
5390_01,Earth,True,G/872/S,TRAPPIST-1e,24,False,0,0,0,0,0,Rosean Owerson,M,True
5390_02,Earth,True,G/872/S,PSO J318.5-22,20,False,0,0,0,0,0,Mayne Owerson,F,True
5390_03,Earth,False,F/1032/S,TRAPPIST-1e,48,False,83,110,0,690,8,Brank Owerson,M,True
5392_01,Mars,False,E/343/S,TRAPPIST-1e,35,True,628,6,528,136,0,Zelowl Stik,F,False
5394_01,Mars,False,D/172/P,TRAPPIST-1e,14,False,246,0,2153,0,0,Coakey Nanie,M,True
5395_01,Mars,False,D/173/P,TRAPPIST-1e,28,False,4,0,2574,0,0,Fruik Traie,F,True
5396_01,Mars,False,F/1109/P,TRAPPIST-1e,,False,743,378,8,0,0,Rowl Flaie,M,False
5397_01,Mars,True,D/162/S,TRAPPIST-1e,42,False,0,0,0,0,0,Rish Jamai,F,True
5397_02,Mars,True,D/162/S,TRAPPIST-1e,8,False,0,0,0,0,0,Quid Jamai,M,True
5397_03,Mars,True,D/162/S,55 Cancri e,30,False,0,0,0,0,0,Sps Jamai,F,True
5401_01,Earth,False,G/869/P,TRAPPIST-1e,44,False,0,0,5,30,777,Shalle Savaraldez,M,False
5402_01,Mars,False,F/1034/S,TRAPPIST-1e,40,,1269,0,75,0,4,Cupers Erpie,F,False
5404_01,Earth,False,F/1111/P,TRAPPIST-1e,38,False,766,38,0,0,0,Bettie Gentledges,M,False
5406_01,,False,F/1035/S,PSO J318.5-22,22,,2,46,0,483,67,Shally Langatein,F,False
5408_01,Mars,False,D/174/P,TRAPPIST-1e,32,False,1781,0,654,580,0,Moss Gene,M,False
5408_02,Mars,False,D/174/P,TRAPPIST-1e,16,False,2116,0,350,0,901,Felios Gene,F,False
5410_01,Mars,False,D/163/S,TRAPPIST-1e,33,False,748,130,1047,458,0,Sweal Frasp,M,False
5411_01,Europa,False,B/206/S,TRAPPIST-1e,38,False,20,3960,153,280,1674,Alrakan Scoudelle,F,False
5412_01,Earth,,G/870/P,TRAPPIST-1e,23,False,0,806,0,2,0,Erie Patthews,M,True
5413_01,Earth,False,G/871/P,TRAPPIST-1e,16,False,3,595,0,9,321,Lorey Boyerson,F,True
5414_01,Earth,False,G/872/P,PSO J318.5-22,16,False,481,0,166,0,122,Leen Buckentry,M,False
5414_02,Earth,False,G/872/P,TRAPPIST-1e,11,False,0,0,0,0,0,Bryany Buckentry,F,False
5414_03,Earth,False,F/1112/P,TRAPPIST-1e,22,False,0,824,0,0,411,Chelsa Buckentry,M,False
5414_04,Earth,False,F/1112/P,TRAPPIST-1e,43,False,0,0,0,0,1544,Eduana Buckentry,F,False
5414_05,Earth,True,G/872/P,PSO J318.5-22,20,False,0,0,0,0,0,Becca Buckentry,M,True
5415_01,Earth,False,F/1113/P,TRAPPIST-1e,22,False,0,747,8,0,314,Lynez Hartz,F,False
5416_01,Mars,False,F/1114/P,TRAPPIST-1e,0,False,0,,0,0,0,Wees Saf,M,True
5416_02,Mars,False,E/340/P,TRAPPIST-1e,30,False,138,0,208,952,0,Pos Saf,F,False
5416_03,Mars,True,F/1114/P,TRAPPIST-1e,18,False,0,0,0,0,0,Ech Saf,M,True
5416_04,Mars,False,F/1114/P,55 Cancri e,0,False,0,0,,0,0,Toats Saf,F,True
5418_01,Mars,,E/349/S,TRAPPIST-1e,41,False,164,0,1115,1,18,Naffsh Burta,M,False
5420_01,Earth,False,F/1036/S,TRAPPIST-1e,39,False,0,829,0,1,0,Gayla Merrelliss,F,True
5421_01,Earth,False,G/873/S,TRAPPIST-1e,37,False,389,0,1,3369,3,Carlie Steinardson,M,False
5422_01,Europa,True,D/164/S,55 Cancri e,26,False,0,0,0,,0,Pleion Sperap,F,True
5423_01,Mars,False,F/1116/P,TRAPPIST-1e,49,False,552,0,7,0,183,Almone Prine,M,False
5423_02,Mars,False,E/341/P,TRAPPIST-1e,28,False,142,0,1878,62,0,Cranch Prine,F,True
5424_01,Mars,False,F/1117/P,PSO J318.5-22,13,False,358,65,599,676,0,Chtios Dal,M,False
5424_02,,False,E/342/P,TRAPPIST-1e,64,False,469,700,2,1,0,Docks Dal,F,False
5425_01,Earth,False,F/1037/S,PSO J318.5-22,24,False,1,0,11,0,734,,,False
5427_01,,True,F/1118/P,TRAPPIST-1e,18,False,0,0,0,0,0,Frohs Stie,F,True
5427_02,Mars,False,F/1118/P,TRAPPIST-1e,18,False,3458,0,216,0,0,Panbug Blane,M,False
5427_03,Mars,False,F/1118/P,TRAPPIST-1e,25,False,948,0,1,170,0,Craird Stie,F,False
5430_01,Earth,True,G/873/P,TRAPPIST-1e,19,False,0,0,0,0,0,Inette Colomonson,M,False
5431_01,Earth,False,E/350/S,55 Cancri e,33,False,2,0,0,,720,Joycey Wheelez,F,True
5434_01,Earth,True,G/874/P,TRAPPIST-1e,,,0,0,0,0,0,Harvin Garnes,M,True
5435_01,Mars,False,F/1121/P,TRAPPIST-1e,50,False,846,0,280,280,0,Fal Blane,F,False
5436_01,Earth,False,,TRAPPIST-1e,30,False,0,0,0,2,827,Idace Gilleranks,M,False
5437_01,Mars,False,F/1123/P,TRAPPIST-1e,44,False,1267,18,0,3,0,Naffsh Soun,F,True
5438_01,Earth,True,G/875/P,PSO J318.5-22,52,False,0,0,0,0,0,Eriky Puckley,M,False
5440_01,Earth,True,G/875/S,TRAPPIST-1e,7,False,0,0,0,0,0,Teryla Beckeey,F,True
5440_02,Earth,False,F/1041/S,55 Cancri e,30,False,0,59,18,639,0,Crisey Beckeey,M,False
5440_03,Earth,False,F/1041/S,TRAPPIST-1e,27,False,1109,0,0,0,0,Briney Beckeey,F,False
5441_01,Europa,True,B/207/S,55 Cancri e,24,False,0,0,0,0,0,Raston Spoilling,M,True
5443_01,Earth,False,F/1124/P,55 Cancri e,13,False,4,99,1,0,595,Gabrie Hickley,F,False
5445_01,,False,F/1125/P,TRAPPIST-1e,61,False,0,53,813,3,0,Min Alfordonard,M,False
5446_01,Earth,True,G/876/P,TRAPPIST-1e,32,False,0,0,,0,0,Jandy Bucknersony,F,True
5447_01,Mars,True,F/1126/P,55 Cancri e,17,False,0,0,0,0,0,Sug Dutty,M,True
5447_02,Mars,,F/1126/P,TRAPPIST-1e,36,False,0,0,0,0,0,Poselk Coune,F,True
5450_01,Earth,True,G/877/P,PSO J318.5-22,16,False,0,0,0,0,0,Samany Keithunts,M,True
5451_01,,False,F/1127/P,PSO J318.5-22,21,False,0,697,0,0,0,Adrie Rodger,F,True
5452_01,Europa,,C/212/S,TRAPPIST-1e,24,False,0,0,0,0,0,Eleb Mander,M,True
5453_01,Earth,False,F/1044/S,55 Cancri e,28,False,0,9,0,1114,5,Elson Gallencis,F,False
5454_01,Mars,False,E/343/P,TRAPPIST-1e,,False,848,1497,2,0,0,Oark Krake,M,False
5455_01,Mars,False,E/344/P,55 Cancri e,13,False,9920,0,180,130,571,Varkes Nate,F,False
5457_01,Earth,False,F/1129/P,TRAPPIST-1e,39,False,0,1,0,739,0,Elson Horners,M,False
5458_01,Earth,False,E/351/S,TRAPPIST-1e,24,False,0,0,980,7,0,Wandy Diazarez,F,False
5459_01,Europa,False,C/213/S,TRAPPIST-1e,38,False,0,347,0,1545,2187,Jabbab Stoile,M,False
5462_01,Mars,False,F/1131/P,TRAPPIST-1e,20,False,489,126,663,214,0,Laptin Part,F,False
5463_01,Earth,False,F/1045/S,TRAPPIST-1e,21,False,724,0,0,0,0,Laude Balderts,M,True
5465_01,Mars,False,F/1132/P,TRAPPIST-1e,27,False,1,1,2196,372,0,Sugaly Chité,F,False
5465_02,,False,F/1132/P,TRAPPIST-1e,49,False,226,11,2,1580,0,Cings Chité,M,False
5465_03,Mars,True,F/1132/P,TRAPPIST-1e,6,False,0,0,0,0,0,Jacks Chité,F,True
5466_01,Europa,True,B/185/P,55 Cancri e,41,False,0,0,0,0,0,Mesons Matoltuble,M,True
5466_02,Europa,False,B/185/P,55 Cancri e,33,True,0,1473,1089,5700,1466,Menkin Boltund,F,False
5466_03,Europa,False,B/185/P,TRAPPIST-1e,6,False,0,0,0,0,0,Alballa Boltund,M,True
5466_04,Europa,False,B/185/P,55 Cancri e,35,False,0,4618,0,324,12061,Asterf Boltund,F,False
5466_05,Europa,False,B/185/P,TRAPPIST-1e,46,False,0,4524,,243,7730,Bahyon Matoltuble,M,False
5467_01,Earth,False,F/1046/S,TRAPPIST-1e,31,False,2703,21,0,0,1,Evenna Garden,F,False
5468_01,Europa,True,B/208/S,TRAPPIST-1e,32,,0,0,0,0,0,Brafirk Unprive,M,True
5469_01,Europa,True,A/50/P,55 Cancri e,31,False,,0,0,0,0,Keidhma Subateful,F,True
5470_01,Earth,True,G/878/P,TRAPPIST-1e,20,False,,0,0,0,0,Franda Vales,M,False
5471_01,Earth,False,G/877/S,TRAPPIST-1e,57,False,685,,0,0,,Jeanie Loway,F,False
5472_01,Earth,False,F/1047/S,PSO J318.5-22,37,False,0,0,559,11,0,Jacque Andley,M,True
5474_01,Earth,True,,TRAPPIST-1e,21,False,0,0,,0,0,Thew Strony,F,True
5475_01,Earth,False,F/1134/P,TRAPPIST-1e,43,False,0,0,1,,0,Stelle Lowelliott,M,False
5476_01,Earth,False,G/879/S,TRAPPIST-1e,49,False,1020,0,2,2,0,Samany Moodsey,F,True
5477_01,Earth,False,G/880/S,TRAPPIST-1e,17,False,0,150,166,570,0,Gerte Baxterson,M,True
5478_01,Mars,False,F/1048/S,TRAPPIST-1e,29,False,518,0,10,1245,0,Hocorz Prity,F,False
5479_01,Earth,True,G/881/S,55 Cancri e,36,False,0,0,0,0,0,Timyra Romason,M,True
5480_01,Europa,False,,TRAPPIST-1e,37,False,31,9307,0,904,11213,Avijava Ellcefulve,F,False
5483_01,Earth,False,F/1135/P,PSO J318.5-22,17,False,2,0,0,0,681,Nadie Waltonnedy,M,False
5484_01,Mars,True,F/1050/S,55 Cancri e,45,False,0,0,0,0,0,Masal Monie,F,True
5485_01,Earth,False,G/880/P,TRAPPIST-1e,20,False,0,9,82,14,704,Kennie Portananney,M,False
5487_01,Mars,True,F/1136/P,TRAPPIST-1e,24,False,0,0,0,0,0,Flams Nan,F,True
5488_01,Europa,True,B/186/P,TRAPPIST-1e,28,False,0,0,0,0,0,Tares Hoorherve,M,True
5488_02,Europa,False,B/186/P,TRAPPIST-1e,15,False,0,22,6805,0,531,Acrabik Hoorherve,F,True
5488_03,Europa,False,B/186/P,TRAPPIST-1e,53,False,0,6634,0,5047,108,Krabius Hoorherve,M,False
5488_04,Europa,True,B/186/P,TRAPPIST-1e,51,False,0,0,0,0,0,Weidus Hoorherve,F,True
5489_01,Earth,True,G/881/P,TRAPPIST-1e,14,False,0,0,0,0,,Glendy Welles,M,True
5489_02,Earth,True,G/881/P,TRAPPIST-1e,1,False,0,0,0,0,0,Benew Welles,F,False
5490_01,Mars,False,F/1137/P,TRAPPIST-1e,26,False,665,76,,1478,0,Grog Emead,M,False
5491_01,Earth,False,G/882/S,TRAPPIST-1e,20,False,0,0,499,285,103,Anthia Solon,F,False
5492_01,Earth,False,F/1052/S,TRAPPIST-1e,23,False,0,551,59,720,14,Keithy Prinson,M,False
5494_01,Earth,False,F/1053/S,TRAPPIST-1e,22,False,658,0,0,161,3,Tonald Keithunts,F,True
5496_01,Earth,True,G/882/P,55 Cancri e,22,False,0,0,0,0,0,Wayney Charryerry,M,True
5497_01,Europa,True,B/210/S,TRAPPIST-1e,13,False,0,0,0,0,0,Taurah Covetive,F,True
5497_02,Europa,False,B/210/S,TRAPPIST-1e,28,False,0,0,0,0,0,Edaron Covetive,M,True
5499_01,Earth,True,G/884/S,TRAPPIST-1e,40,False,0,0,0,0,0,Brank Hickley,F,True
5500_01,Mars,False,D/175/P,55 Cancri e,21,False,4027,0,47,83,0,Bar Cuche,M,False
5501_01,Earth,False,G/885/S,TRAPPIST-1e,35,False,702,104,5,76,0,Camily Alldson,F,True
5504_01,Earth,False,F/1140/P,TRAPPIST-1e,22,False,142,1307,0,0,0,Greggy Benderez,M,False
5506_01,Europa,True,D/166/S,TRAPPIST-1e,37,False,0,0,0,0,0,Phecca Speedgear,F,True
5507_01,Mars,False,E/356/S,TRAPPIST-1e,21,False,0,0,0,0,0,Blakes Saf,M,False
5508_01,Earth,False,,TRAPPIST-1e,50,False,0,358,0,620,4,Margio Potters,F,False
5509_01,Earth,False,F/1055/S,TRAPPIST-1e,27,False,0,0,800,0,0,Allene Douglasen,M,True
5510_01,Earth,True,G/887/S,TRAPPIST-1e,20,False,0,0,0,0,0,Stance Ingston,F,True
5511_01,Earth,True,G/884/P,TRAPPIST-1e,15,False,0,0,0,0,0,Leen Gallenry,M,True
5511_02,Earth,False,E/346/P,PSO J318.5-22,25,False,39,,169,20,1403,Mela Gallenry,F,False
5512_01,Europa,False,A/67/S,55 Cancri e,31,False,0,225,0,301,4090,Fomalik Chsere,M,False
5512_02,Europa,False,B/211/S,55 Cancri e,,False,0,8162,1044,699,46,Sadaron Chsere,F,True
5514_01,Earth,True,G/889/S,TRAPPIST-1e,18,False,0,0,0,0,0,Bretty Monroellynn,M,True
5514_02,Earth,True,G/889/S,PSO J318.5-22,2,False,,0,0,0,0,Shanie Monroellynn,F,True
5514_03,Earth,False,G/889/S,TRAPPIST-1e,27,False,0,6,0,814,107,Ton Monroellynn,M,True
5514_04,Earth,False,G/889/S,TRAPPIST-1e,0,False,0,0,0,0,,Jodip Monroellynn,F,True
5515_01,Earth,False,F/1141/P,TRAPPIST-1e,22,False,758,0,46,0,0,Feryla Prestonard,M,False
5517_01,Mars,False,E/357/S,TRAPPIST-1e,,False,0,0,0,0,0,Totax Brazo,F,False
5520_01,Earth,False,G/890/S,TRAPPIST-1e,56,False,0,4,778,0,0,Vanard Nasquez,M,True
5521_01,Earth,False,F/1058/S,TRAPPIST-1e,28,False,0,0,0,676,124,Ireene Boltertley,F,False
5522_01,Earth,False,E/358/S,55 Cancri e,42,False,31,0,0,635,0,Carold Hinglendez,M,True
5522_02,Earth,False,F/1059/S,TRAPPIST-1e,20,False,0,0,0,703,0,Ollip Hinglendez,F,True
5522_03,Earth,False,F/1059/S,TRAPPIST-1e,27,False,508,585,9,,0,Elanie Hinglendez,M,True
5523_01,Earth,False,G/885/P,PSO J318.5-22,29,False,0,0,20,0,402,Rician Pearsalason,F,False
5524_01,Earth,False,F/1060/S,55 Cancri e,36,False,85,0,545,15,0,Melica Hendrys,M,True
5526_01,Earth,False,F/1061/S,TRAPPIST-1e,23,False,0,0,4,145,,Kaye Stroyledgez,F,False
5526_02,Earth,True,G/891/S,TRAPPIST-1e,64,False,0,0,0,0,0,Eleah Stroyledgez,M,True
5527_01,Earth,False,G/886/P,TRAPPIST-1e,19,False,1,1,,0,1755,Pamiea Dickman,F,False
5527_02,Earth,True,G/886/P,55 Cancri e,1,False,0,0,0,0,0,Bellee Dickman,M,False
5527_03,Earth,True,G/886/P,TRAPPIST-1e,49,False,,0,0,0,0,,,False
5527_04,Earth,True,G/886/P,55 Cancri e,0,False,0,0,0,0,0,Almara Dickman,M,True
5528_01,Earth,False,F/1143/P,TRAPPIST-1e,18,False,0,288,35,0,435,Hanna Peckerson,F,False
5529_01,Europa,False,C/174/P,55 Cancri e,39,False,5645,132,0,1,1814,Sabi Unfile,M,False
5530_01,Mars,False,E/347/P,TRAPPIST-1e,37,False,10,20,868,115,0,Eerch Mesty,F,False
5530_02,Mars,True,F/1144/P,TRAPPIST-1e,44,False,0,0,0,0,0,Mondax Mesty,M,True
5531_01,Mars,False,F/1145/P,PSO J318.5-22,43,False,817,0,617,0,0,Ste Brity,F,False
5531_02,Mars,True,F/1145/P,TRAPPIST-1e,33,False,0,0,0,0,0,Gut Brity,M,True
5535_01,Earth,False,G/893/S,TRAPPIST-1e,20,,41,222,0,43,601,Nichad Arner,F,True
5535_02,Earth,False,G/893/S,TRAPPIST-1e,0,False,0,0,0,0,0,Meline Arner,M,True
5535_03,Earth,False,G/893/S,55 Cancri e,4,False,0,0,0,0,0,Blanie Arner,F,True
5536_01,Mars,True,F/1062/S,TRAPPIST-1e,20,False,0,0,0,0,0,Walles Pure,M,True
5537_01,Mars,False,F/1063/S,TRAPPIST-1e,50,,690,0,30,762,428,Herms Bancy,F,False
5538_01,Mars,True,F/1146/P,TRAPPIST-1e,47,False,0,0,0,0,0,Diedow Gele,M,True
5538_02,Mars,True,F/1146/P,TRAPPIST-1e,17,False,0,0,0,0,0,Hocks Gele,F,True
5539_01,Europa,False,B/187/P,TRAPPIST-1e,26,False,0,1583,0,232,8040,Tarf Officled,M,False
5540_01,Earth,False,E/360/S,TRAPPIST-1e,21,False,39,360,0,,0,Berly Andackson,F,True
5541_01,Mars,True,F/1147/P,TRAPPIST-1e,20,False,0,0,0,0,,Cornys Kra,M,True
5543_01,Europa,True,C/175/P,TRAPPIST-1e,26,False,0,0,0,0,0,Hekaton Platch,F,True
5544_01,Mars,False,F/1149/P,TRAPPIST-1e,,True,1565,0,0,0,145,Minnys Stité,M,False
5545_01,Earth,False,G/894/S,PSO J318.5-22,34,False,0,0,693,3,77,Ernice Rigginsen,F,True
5545_02,Earth,True,G/894/S,TRAPPIST-1e,11,False,0,0,0,0,0,Sall Rigginsen,M,True
5545_03,Earth,True,G/894/S,TRAPPIST-1e,0,False,0,0,0,0,0,Nance Rigginsen,F,True
5546_01,Europa,False,D/176/P,55 Cancri e,28,False,550,5203,0,2244,1624,Wasatan Brathful,M,False
5550_01,Earth,False,G/895/S,TRAPPIST-1e,33,False,127,745,9,0,0,Robyna Poperez,F,True
5551_01,Earth,True,G/888/P,TRAPPIST-1e,22,False,0,0,0,0,0,Rayley Foledges,M,True
5552_01,Mars,,F/1150/P,TRAPPIST-1e,28,False,0,0,0,0,0,Skix Potie,F,False
5552_02,Mars,True,F/1150/P,TRAPPIST-1e,11,False,0,0,0,0,0,Oatch Potie,M,True
5552_03,Mars,False,F/1150/P,TRAPPIST-1e,60,False,51,10,754,1412,137,Chonk Potie,F,False
5555_01,,False,G/896/S,,43,,1,0,213,7,701,Winia Blanglison,M,True
5556_01,Earth,False,E/361/S,TRAPPIST-1e,27,False,0,1,667,897,43,Jona Hanner,F,False
5557_01,Earth,True,G/890/P,TRAPPIST-1e,37,False,0,0,0,0,0,Jerek Mathison,M,True
5559_01,Earth,True,G/897/S,55 Cancri e,23,False,0,0,0,0,0,,,True
5560_01,Mars,False,D/168/S,TRAPPIST-1e,57,False,1696,0,1006,0,27,Tyog Birte,M,False
5561_01,Europa,True,A/51/P,TRAPPIST-1e,29,False,0,0,0,0,0,Diskeh Fueling,F,True
5561_02,Europa,False,A/51/P,TRAPPIST-1e,28,False,0,175,0,214,7461,Cellus Fueling,M,False
5561_03,Europa,False,A/51/P,TRAPPIST-1e,42,False,0,890,2929,352,4898,Gluinol Fueling,F,False
5561_04,Europa,False,A/51/P,TRAPPIST-1e,43,False,7,494,2473,443,71,Ankab Fueling,M,False
5563_01,Europa,True,C/176/P,TRAPPIST-1e,26,False,0,0,0,0,0,Maham Cattyried,F,True
5566_01,Europa,False,E/349/P,55 Cancri e,72,False,2445,3023,0,704,20,Gluinon Gloyanthy,M,False
5568_01,Europa,False,B/188/P,TRAPPIST-1e,49,False,0,3991,298,289,2740,Winons Covetive,F,False
5568_02,Europa,True,B/188/P,55 Cancri e,29,True,0,0,0,0,0,Merabik Covetive,M,True
5569_01,Earth,True,G/891/P,TRAPPIST-1e,18,False,0,0,0,0,0,Brance Mcfarleys,F,False
5571_01,Earth,False,G/900/S,55 Cancri e,26,False,0,406,0,0,503,Delley Nichoan,M,True
5572_01,Mars,True,F/1153/P,55 Cancri e,19,False,0,0,0,0,0,Gicket Pane,F,True
5573_01,Earth,False,F/1154/P,55 Cancri e,18,False,749,0,74,0,0,Mariel Gilleranks,M,False
5574_01,Earth,False,F/1155/P,55 Cancri e,14,False,714,237,0,587,1,Dorah Polliamposs,F,False
5575_01,Mars,False,F/1156/P,TRAPPIST-1e,44,False,583,0,222,0,1560,Bares Nacke,M,False
5575_02,Mars,True,F/1156/P,TRAPPIST-1e,34,False,0,0,0,0,0,Heers Nacke,F,True
5578_01,Earth,True,G/892/P,55 Cancri e,18,False,0,0,0,0,0,Verney Gainebergan,M,True
5580_01,Earth,True,G/902/S,PSO J318.5-22,36,False,0,0,0,0,0,Anae Vaught,F,True
5581_01,Europa,True,B/212/S,55 Cancri e,27,False,0,0,0,0,,Alpha Frolestty,M,True
5582_01,Earth,False,G/893/P,TRAPPIST-1e,35,,753,335,1,348,0,Patoya Hersons,F,False
5583_01,Europa,False,D/170/S,TRAPPIST-1e,52,False,5,3514,31,601,13,Taura Inghtal,M,True
5585_01,Earth,False,G/894/P,PSO J318.5-22,22,False,688,5,80,0,0,Vanez Popelazquez,F,False
5585_02,Earth,False,F/1158/P,TRAPPIST-1e,34,False,245,0,542,0,19,Velyne Popelazquez,M,True
5586_01,Earth,False,G/895/P,PSO J318.5-22,37,False,0,0,6,746,1,Elanda Reyersendry,F,False
5587_01,Earth,False,F/1159/P,55 Cancri e,22,False,654,2,83,0,0,Dianie Deckerson,M,False
5589_01,Earth,False,F/1160/P,TRAPPIST-1e,26,False,0,786,0,11,83,Fayen Hermanapp,F,True
5591_01,Earth,False,E/363/S,55 Cancri e,14,False,590,9,0,0,192,Elene Ewiseston,M,False
5592_01,Mars,True,F/1161/P,55 Cancri e,53,False,0,0,0,0,0,Wheard Quith,F,True
5594_01,Earth,False,F/1163/P,TRAPPIST-1e,17,False,0,823,0,1168,14,Verney Lewinton,M,False
5595_01,Earth,False,F/1067/S,TRAPPIST-1e,30,False,0,1,0,870,0,Sonard Craftstens,F,False
5596_01,Europa,False,D/179/P,TRAPPIST-1e,65,False,0,722,302,103,2659,Mothab Sorbitter,M,False
5598_01,Earth,False,G/903/S,,19,False,0,0,500,2,208,Lulah Thony,F,True
5599_01,Europa,False,E/364/S,55 Cancri e,36,,380,686,0,295,1247,Saxino Caming,M,False
5601_01,Earth,True,G/904/S,TRAPPIST-1e,3,False,0,0,0,0,0,Bertle Vandan,F,True
5601_02,Earth,False,G/904/S,TRAPPIST-1e,6,False,0,0,0,0,0,Fery Vandan,M,True
5601_03,Earth,False,,55 Cancri e,4,False,0,0,0,0,0,Jacque Vandan,F,True
5601_04,Earth,False,F/1069/S,TRAPPIST-1e,21,False,958,1668,82,0,78,Vanney Vandan,M,True
5601_05,Earth,True,G/904/S,55 Cancri e,8,False,0,0,0,0,0,Maya Vandan,F,True
5602_01,Europa,True,B/190/P,TRAPPIST-1e,35,False,0,0,0,0,0,Castab Sedece,M,True
5602_02,Europa,False,B/190/P,55 Cancri e,18,False,0,3268,0,436,342,Hadirk Sedece,F,True
5603_01,,False,E/365/S,TRAPPIST-1e,34,False,170,1256,0,3926,7121,Kocha Cluitty,M,False
5606_01,Europa,True,B/213/S,55 Cancri e,45,False,0,0,0,0,0,Algor Paterpad,F,True
5606_02,Europa,False,B/213/S,TRAPPIST-1e,31,False,0,1219,7,104,1082,Brab Dectory,M,True
5608_01,Earth,False,F/1164/P,TRAPPIST-1e,14,False,30,757,115,0,0,Son Mclainez,F,True
5609_01,Earth,False,G/897/P,TRAPPIST-1e,23,False,765,5,0,0,0,Breney Russon,M,False
5610_01,Europa,True,B/214/S,TRAPPIST-1e,61,False,0,0,0,0,0,Tach Dicely,F,True
5610_02,Europa,False,B/214/S,55 Cancri e,54,True,0,7996,0,4549,10206,Atinon Dicely,M,False
5611_01,Europa,True,D/171/S,TRAPPIST-1e,28,False,0,0,0,0,0,Medion Clutchor,F,True
5611_02,Europa,False,D/171/S,TRAPPIST-1e,46,False,0,3477,0,1,5543,Grum Clutchor,M,False
5613_01,Earth,False,F/1072/S,TRAPPIST-1e,32,False,125,874,0,180,1,Leene Hardonald,F,True
5614_01,Earth,True,G/906/S,55 Cancri e,49,False,0,0,0,0,0,Tyrony Coolerson,M,True
5615_01,Earth,True,G/907/S,55 Cancri e,20,False,0,0,0,0,0,Tine Wardendez,F,True
5616_01,Earth,False,F/1073/S,PSO J318.5-22,25,False,458,240,0,239,0,Yolace Fryersonis,M,True
5618_01,Earth,False,F/1075/S,TRAPPIST-1e,19,False,0,785,0,0,19,Jenn Lynnerett,F,True
5619_01,Earth,True,G/908/S,55 Cancri e,28,False,0,0,0,0,0,Gordo Freder,M,True
5622_01,Earth,False,F/1076/S,TRAPPIST-1e,68,False,0,0,970,0,0,Jenn Nolds,F,True
5623_01,Earth,True,G/898/P,TRAPPIST-1e,16,False,0,0,0,0,0,Helly Gouldensen,M,True
5625_01,Mars,True,E/352/P,TRAPPIST-1e,19,False,0,0,0,0,0,Trise Cart,F,False
5625_02,Mars,,E/352/P,PSO J318.5-22,49,False,0,0,0,0,0,Cros Nane,M,False
5625_03,Mars,False,E/352/P,TRAPPIST-1e,15,False,890,9,0,1250,57,Ming Cart,F,False
5625_04,Mars,True,E/352/P,TRAPPIST-1e,26,False,0,0,0,0,0,Tops Cart,M,True
5625_05,Mars,False,E/352/P,TRAPPIST-1e,22,False,804,0,378,0,0,,,False
5626_01,Earth,True,G/911/S,PSO J318.5-22,23,False,0,0,0,0,0,Fayen Vinston,M,True
5627_01,Earth,False,G/899/P,TRAPPIST-1e,31,False,0,0,0,0,0,Nelsie Stanters,F,False
5628_01,Earth,True,G/900/P,TRAPPIST-1e,27,False,0,0,0,0,0,Ebonya Potthews,M,False
5629_01,Earth,True,G/901/P,TRAPPIST-1e,28,False,0,,0,0,0,Jaye Sterson,F,True
5631_01,Earth,False,F/1166/P,TRAPPIST-1e,20,False,47,0,0,0,2711,Bel Boltond,M,False
5637_01,Earth,False,F/1168/P,TRAPPIST-1e,43,False,1,8,0,0,715,Sonard Simson,F,False
5639_01,Earth,False,G/913/S,TRAPPIST-1e,22,False,19,9,0,0,594,Bel Ewins,M,True
5640_01,Europa,True,E/368/S,TRAPPIST-1e,27,False,0,0,0,0,0,Kaffias Rinicapead,F,True
5642_01,Europa,True,B/216/S,,35,False,0,0,0,0,0,Geonkaa Supred,M,True
5642_02,Europa,True,,55 Cancri e,37,False,0,0,0,0,0,Isoton Supred,F,True
5643_01,Mars,False,F/1077/S,TRAPPIST-1e,24,False,158,0,1594,1,0,Latsts Karte,M,True
5643_02,Mars,False,F/1077/S,55 Cancri e,18,False,2803,0,17,0,0,,,False
5643_03,Mars,False,F/1077/S,TRAPPIST-1e,15,False,643,0,45,0,10,Eaturs Karte,M,False
5644_01,Mars,False,F/1169/P,TRAPPIST-1e,28,False,1909,0,0,0,6,Gut Hake,F,False
5645_01,Earth,False,F/1078/S,TRAPPIST-1e,24,False,0,117,2134,0,0,Olly Wagnerray,M,True
5646_01,Mars,True,F/1079/S,55 Cancri e,39,False,0,0,0,0,0,,,True
5647_01,Europa,True,C/178/P,TRAPPIST-1e,35,False,0,,0,0,,Dyonevi Matoltuble,M,True
5647_02,Europa,False,C/178/P,55 Cancri e,52,False,0,1425,31,0,1320,Chabih Matoltuble,F,True
5647_03,Europa,False,C/178/P,TRAPPIST-1e,48,False,0,,0,2851,1478,Majoram Tachor,M,False
5648_01,Europa,False,C/179/P,55 Cancri e,27,False,332,918,0,5,4817,Edaruma Braned,F,False
5648_02,Europa,False,C/179/P,55 Cancri e,50,False,0,103,0,240,8221,Unukath Braned,M,False
5650_01,Earth,False,G/902/P,TRAPPIST-1e,24,False,56,22,285,1453,0,Elsane Coopezmaney,F,False
5651_01,Earth,False,G/915/S,PSO J318.5-22,26,False,807,0,0,0,40,Kentha Franton,M,True
5652_01,Earth,False,F/1171/P,TRAPPIST-1e,24,False,215,0,0,0,350,Erice Franchaney,F,False
5653_01,Earth,True,G/903/P,TRAPPIST-1e,15,False,0,0,0,0,0,Hanne Wardendez,M,False
5655_01,Earth,False,F/1172/P,PSO J318.5-22,42,False,1188,39,3,3,0,Laude Browlerson,F,False
5659_01,Earth,False,F/1175/P,TRAPPIST-1e,51,False,0,0,0,0,880,Letta Alberts,M,False
5661_01,Earth,False,E/355/P,PSO J318.5-22,43,False,635,53,0,3,0,Elany Ellahan,F,True
5661_02,Earth,True,G/905/P,55 Cancri e,31,False,0,0,0,0,0,Vane Ellahan,M,False
5662_01,Earth,True,G/916/S,TRAPPIST-1e,14,False,0,0,0,0,0,Alendy Wolferguson,F,True
5662_02,Earth,False,F/1080/S,TRAPPIST-1e,31,False,13,0,0,679,0,Karia Wolferguson,M,False
5663_01,Europa,False,A/71/S,TRAPPIST-1e,33,False,0,1513,5,63,144,Alsuud Ressing,F,True
5667_01,Earth,False,G/906/P,55 Cancri e,21,False,0,496,0,3867,30,Moniey Combson,M,False
5671_01,Earth,False,G/907/P,TRAPPIST-1e,13,False,56,1706,15,0,23,Berly Acobsond,F,False
5673_01,Earth,False,F/1083/S,TRAPPIST-1e,29,False,286,545,,0,0,Pattin Bradlerson,M,True
5674_01,Europa,False,B/217/S,TRAPPIST-1e,22,False,0,11594,0,10247,1,Alrain Unsible,F,False
5677_01,Mars,False,E/357/P,TRAPPIST-1e,22,False,1035,0,264,0,0,Hoces Fisun,M,False
5679_01,Earth,True,G/920/S,PSO J318.5-22,18,False,0,0,0,0,0,Loise Casonston,F,True
5679_02,Earth,True,G/920/S,55 Cancri e,35,False,0,0,0,0,0,Shelle Casonston,M,True
5679_03,Earth,True,G/920/S,TRAPPIST-1e,20,False,0,0,0,0,0,Jennya Casonston,F,True
5680_01,Earth,False,E/359/P,TRAPPIST-1e,18,False,0,0,1609,0,0,Ryanne Blanglison,M,True
5681_01,Earth,True,G/921/S,TRAPPIST-1e,66,False,0,0,0,0,0,Jodip Ellson,F,True
5684_01,,True,B/218/S,TRAPPIST-1e,33,False,0,0,0,0,0,Zaninon Busive,M,True
5684_02,Europa,True,B/218/S,55 Cancri e,48,False,0,0,0,0,0,Azhah Busive,F,True
5684_03,Europa,False,B/218/S,55 Cancri e,38,False,0,1198,48,278,1244,Genubik Busive,M,False
5684_04,Europa,True,B/218/S,TRAPPIST-1e,62,False,0,0,0,0,0,Okulus Folhal,F,True
5685_01,Earth,True,G/910/P,TRAPPIST-1e,19,False,0,0,0,0,0,Ianne Bryants,M,False
5686_01,Mars,False,,55 Cancri e,44,False,2267,0,107,0,0,Lix Cry,F,False
5686_02,Mars,False,D/180/P,55 Cancri e,25,False,1410,123,26,9,812,Pil Cry,M,False
5687_01,Earth,False,F/1179/P,TRAPPIST-1e,15,False,348,1627,0,0,0,Erie Mccarry,F,False
5688_01,Earth,False,F/1084/S,TRAPPIST-1e,20,False,12,177,1110,0,0,Isaacy Newtontoss,M,True
5689_01,Earth,False,F/1180/P,TRAPPIST-1e,34,False,233,0,0,1054,156,Raceky Scotterkins,F,False
5692_01,Mars,False,E/360/P,TRAPPIST-1e,23,False,821,0,863,664,0,Mele Madan,M,False
5693_01,Earth,False,F/1087/S,TRAPPIST-1e,45,False,0,0,2332,84,0,Hellia Blacks,F,True
5695_01,Earth,True,G/922/S,TRAPPIST-1e,39,False,0,0,0,0,0,Brene Collinson,M,True
5696_01,Earth,True,G/911/P,PSO J318.5-22,33,False,0,0,0,0,0,Janney Mcgoway,F,True
5698_01,Earth,False,F/1088/S,TRAPPIST-1e,14,False,0,0,325,247,305,Natha Mulley,M,False
5698_02,Earth,False,G/923/S,TRAPPIST-1e,26,False,178,0,3,0,704,,,True
5700_01,Earth,True,G/924/S,TRAPPIST-1e,47,False,0,0,0,0,0,Coreen Ricks,M,True
5701_01,Mars,True,D/173/S,TRAPPIST-1e,,False,0,0,0,0,0,Caper Fincy,F,True
5702_01,Earth,True,G/912/P,55 Cancri e,28,False,0,0,0,0,0,Katiey Estron,M,True
5704_01,Earth,True,G/913/P,TRAPPIST-1e,22,False,0,0,,0,0,Melara Callowery,F,True
5705_01,Earth,True,G/925/S,TRAPPIST-1e,17,False,0,0,0,0,0,Letty Chanan,M,True
5706_01,Earth,False,F/1090/S,TRAPPIST-1e,16,False,0,458,725,0,0,Norahe Kerrealds,F,True
5706_02,Earth,False,G/926/S,TRAPPIST-1e,9,False,0,0,0,0,,Tricki Marshopper,M,True
5707_01,Earth,False,F/1091/S,TRAPPIST-1e,15,False,0,0,973,29,0,Emmax Alvasquez,F,True
5709_01,Europa,False,C/215/S,TRAPPIST-1e,33,False,0,4372,0,4103,0,Asellum Amblereld,M,True
5710_01,Earth,False,F/1092/S,TRAPPIST-1e,61,False,0,166,1080,0,16,Jeanie Sterson,F,True
5711_01,Earth,False,F/1183/P,TRAPPIST-1e,19,False,,0,0,692,164,Daryla Mullericer,M,False
5712_01,Europa,True,E/371/S,TRAPPIST-1e,61,False,0,0,0,0,0,Dabik Mostedry,F,True
5713_01,Earth,False,G/915/P,TRAPPIST-1e,42,False,0,29,317,434,45,Lawren Blangibson,M,True
5714_01,Earth,False,G/916/P,TRAPPIST-1e,4,False,0,0,0,0,0,Katen Farleyatton,F,False
5714_02,Earth,False,G/916/P,TRAPPIST-1e,12,False,0,0,0,0,0,Rayle Farleyatton,M,True
5714_03,Earth,False,G/916/P,TRAPPIST-1e,0,,0,0,0,0,0,Bobina Hamcmahon,F,True
5714_04,Earth,True,G/916/P,TRAPPIST-1e,19,False,0,0,0,0,0,Sanda Hamcmahon,M,True
5714_05,Earth,True,G/916/P,TRAPPIST-1e,,False,0,0,0,0,0,Robyna Hamcmahon,F,True
5716_01,Earth,False,F/1093/S,PSO J318.5-22,29,False,0,173,0,0,1155,Gabrin Jimes,M,True
5717_01,Earth,False,G/917/P,TRAPPIST-1e,59,False,0,664,0,144,141,Wardan Fowles,F,True
5718_01,Earth,True,G/927/S,TRAPPIST-1e,20,False,0,0,0,0,0,Racyle Kaney,M,True
5719_01,Earth,False,G/918/P,TRAPPIST-1e,70,False,390,0,0,0,518,Ireen Tranciams,F,True
5719_02,Earth,True,G/918/P,TRAPPIST-1e,3,False,0,0,0,0,0,Min Tranciams,M,False
5721_01,Europa,True,B/219/S,TRAPPIST-1e,37,False,0,0,0,0,0,Giedia Mostedry,F,True
5721_02,Europa,False,B/219/S,TRAPPIST-1e,58,False,0,1975,598,7,3726,Scellus Mostedry,M,False
5722_01,Earth,False,G/928/S,TRAPPIST-1e,44,False,69,0,17,176,2105,Joyces Ington,F,False
5723_01,Mars,True,E/372/S,TRAPPIST-1e,24,False,0,0,0,0,0,Quakes Puff,M,False
5724_01,Earth,True,G/919/P,PSO J318.5-22,20,False,0,0,0,0,0,Eduard Sweenez,F,True
5725_01,Earth,False,F/1094/S,TRAPPIST-1e,24,False,156,0,364,489,383,Clindy Joycerton,M,True
5726_01,Europa,True,B/192/P,55 Cancri e,27,False,0,0,,0,0,Bottom Dindeng,F,True
5727_01,Earth,False,G/920/P,55 Cancri e,28,False,0,0,0,711,0,Kenny Santin,M,False
5728_01,Earth,False,F/1185/P,TRAPPIST-1e,24,False,0,217,0,77,510,Jodia Wolferguson,F,False
5729_01,Mars,True,F/1186/P,TRAPPIST-1e,29,False,0,0,0,0,0,Honjay Merie,M,True
5730_01,Earth,False,F/1187/P,TRAPPIST-1e,25,False,2029,1,0,0,121,Karlen Moodman,F,False
5732_01,Earth,False,G/921/P,TRAPPIST-1e,20,False,0,0,53,2,754,Brancy Ocherman,M,False
5733_01,Earth,False,G/922/P,55 Cancri e,34,False,0,1745,6,5,37,Billia Kerrealds,F,True
5733_02,Earth,False,F/1188/P,,28,False,0,0,0,1191,109,Tricky Buckeelez,M,False
5735_01,Earth,True,E/362/P,TRAPPIST-1e,,False,0,0,0,0,0,Myrace Peterstarks,F,True
5736_01,Earth,,F/1189/P,TRAPPIST-1e,23,False,1,,1,0,618,Ton Maynardner,M,False
5737_01,Europa,False,C/216/S,TRAPPIST-1e,39,False,0,11856,13,39,3,Mintard Inicont,F,True
5737_02,Europa,False,C/216/S,TRAPPIST-1e,35,False,0,7636,0,353,705,Lesaton Inicont,M,True
5738_01,Earth,True,G/929/S,TRAPPIST-1e,18,False,0,0,0,0,0,Ritany Morelly,F,True
5739_01,Earth,True,G/930/S,TRAPPIST-1e,20,False,0,0,0,0,0,Courta Cleminglas,M,True
5740_01,Europa,False,A/52/P,TRAPPIST-1e,42,False,0,16,0,144,7492,Minopus Cattle,F,False
5740_02,Europa,False,A/52/P,55 Cancri e,32,False,70,764,724,547,1297,Unukath Alaxed,M,False
5742_01,Earth,False,F/1096/S,55 Cancri e,50,False,57,29,0,0,643,Ger Rigginsen,F,False
5744_01,Earth,False,G/931/S,TRAPPIST-1e,23,False,0,37,859,9,1,Felice Hinglendez,M,True
5746_01,Earth,False,G/932/S,TRAPPIST-1e,19,False,0,,0,5381,139,Rica Vandan,F,False
5747_01,Earth,False,F/1192/P,TRAPPIST-1e,29,False,715,47,0,0,0,Troya Hallahaney,M,False
5748_01,Europa,False,A/53/P,TRAPPIST-1e,35,True,247,436,459,1,1984,Sterfik Gealloyalt,F,False
5750_01,Earth,False,E/363/P,TRAPPIST-1e,18,False,0,625,0,0,356,Herina Parklaney,M,False
5751_01,Earth,False,G/924/P,PSO J318.5-22,24,False,160,20,39,552,1,,,False
5755_01,Earth,False,G/933/S,TRAPPIST-1e,23,False,88,0,586,0,0,Loreen Cardner,M,True
5756_01,Earth,False,F/1194/P,TRAPPIST-1e,51,False,542,0,360,0,0,Card Dicksons,F,False
5756_02,Earth,False,F/1194/P,TRAPPIST-1e,42,False,439,0,0,0,254,Billia Briggston,M,False
5756_03,Earth,False,F/1194/P,PSO J318.5-22,19,False,5,0,0,716,0,Inerry Briggston,F,False
5756_04,Earth,,F/1194/P,TRAPPIST-1e,23,False,0,0,0,0,0,,,False
5756_05,Earth,True,F/1194/P,TRAPPIST-1e,19,False,0,0,0,,0,Fery Briggston,F,True
5756_06,Earth,False,F/1194/P,PSO J318.5-22,22,False,158,0,476,0,26,Karena Briggston,M,False
5756_07,Earth,False,,TRAPPIST-1e,25,False,12,6,2817,342,0,Shanie Garden,F,False
5756_08,Earth,False,F/1194/P,PSO J318.5-22,31,False,11,0,0,1912,1120,Wenise Briggston,M,False
5757_01,Earth,False,F/1195/P,TRAPPIST-1e,23,False,0,0,0,558,1,Dianya Salin,F,False
5758_01,Earth,True,G/934/S,TRAPPIST-1e,22,False,0,0,0,0,0,Heidie Mcguirez,M,True
5761_01,Europa,True,B/220/S,TRAPPIST-1e,55,False,0,0,0,0,0,Weino Icablebat,F,True
5763_01,Earth,False,F/1099/S,TRAPPIST-1e,40,False,0,0,56,1,642,Andan Alentonway,M,False
5763_02,Earth,False,F/1099/S,TRAPPIST-1e,24,False,,0,0,838,193,Erick Alentonway,F,False
5764_01,Earth,False,F/1100/S,TRAPPIST-1e,25,False,0,0,1037,8,1,Shery Nolds,M,True
5765_01,Europa,False,C/181/P,TRAPPIST-1e,42,False,0,1871,0,570,199,Altairk Heermy,F,False
5767_01,Earth,True,G/936/S,PSO J318.5-22,33,False,0,0,0,0,0,Jonaye Josesh,M,True
5768_01,Europa,True,B/193/P,TRAPPIST-1e,54,False,0,0,0,0,0,Gatrino Cattle,F,True
5768_02,Europa,True,B/193/P,55 Cancri e,22,False,0,0,0,0,0,Izarfik Cattle,M,True
5769_01,Europa,True,B/194/P,TRAPPIST-1e,22,False,0,0,0,0,0,Menkard Oppont,F,True
5769_02,Europa,True,B/194/P,55 Cancri e,19,False,0,0,0,0,0,Muonon Oppont,M,True
5771_01,Earth,False,G/937/S,TRAPPIST-1e,47,False,0,868,0,4,,Sanda Fielson,F,True
5772_01,Mars,False,F/1197/P,55 Cancri e,23,False,610,858,75,1358,0,Vuls Sidne,M,False
5773_01,Europa,True,C/217/S,55 Cancri e,61,False,0,0,0,0,0,Bosonan Sciatberit,F,True
5776_01,Earth,False,F/1102/S,TRAPPIST-1e,21,False,0,128,209,4,383,Luise Saundez,M,False
5777_01,Earth,,F/1199/P,PSO J318.5-22,46,,559,25,,22,765,Katen River,F,False
5778_01,Earth,False,G/926/P,TRAPPIST-1e,36,False,0,0,0,0,907,Verney Pernard,M,False
5779_01,Earth,False,G/938/S,TRAPPIST-1e,15,False,0,706,0,,0,Glene Simsey,F,True
5780_01,Europa,False,B/195/P,TRAPPIST-1e,33,False,2233,6408,,23,273,Genif Ousious,M,True
5780_02,Europa,True,B/195/P,TRAPPIST-1e,35,False,0,0,0,0,0,Hallux Ousious,F,True
5780_03,Europa,True,B/195/P,55 Cancri e,21,False,0,0,0,0,0,Betenar Ousious,M,True
5781_01,Earth,False,F/1200/P,55 Cancri e,21,False,0,0,0,1,594,Nichad Harley,F,False
5783_01,Earth,False,F/1201/P,55 Cancri e,43,False,0,1197,0,223,1,Alendy Scottuez,M,True
5785_01,Earth,False,F/1104/S,PSO J318.5-22,34,False,571,0,0,0,0,Dwin Mcgoway,F,False
5786_01,Earth,False,G/928/P,PSO J318.5-22,47,False,14,3,0,1720,0,Alfrey Sarios,M,False
5788_01,Mars,False,F/1105/S,TRAPPIST-1e,27,False,850,0,681,1,0,Ves Birte,F,True
5790_01,Europa,False,C/218/S,TRAPPIST-1e,46,False,0,1068,945,2587,811,Markard Distured,M,False
5791_01,Earth,False,G/941/S,,46,False,183,7,637,182,5,Earlie Sancasey,F,True
5792_01,Europa,False,B/196/P,55 Cancri e,40,False,0,3338,0,6344,199,Eltares Subwor,M,False
5793_01,Europa,True,E/375/S,55 Cancri e,59,False,0,0,0,0,0,Dhenah Gloyanthy,F,True
5794_01,Europa,False,D/182/P,TRAPPIST-1e,45,False,0,1202,149,1472,3379,Winopus Shoeweely,M,False
5795_01,Earth,False,F/1106/S,PSO J318.5-22,19,False,0,95,595,0,0,Evey Hodes,F,True
5796_01,Mars,False,F/1107/S,TRAPPIST-1e,32,False,6769,0,,113,1,Grog Pre,M,False
5799_01,,True,F/1108/S,55 Cancri e,39,False,0,0,0,0,0,Cruts Cres,F,True
5800_01,Earth,False,F/1203/P,,40,False,661,0,830,0,6,Belly Llobsoney,M,False
5802_01,Mars,False,D/175/S,TRAPPIST-1e,44,False,815,219,22,0,0,Terry Killé,F,True
5804_01,Earth,True,G/933/P,TRAPPIST-1e,26,False,0,0,0,0,0,Allyn Simpsonks,M,False
5806_01,Earth,False,F/1109/S,TRAPPIST-1e,22,False,514,0,2,129,583,Philda Snowaney,F,False
5808_01,Earth,False,G/934/P,TRAPPIST-1e,2,False,0,0,0,0,0,Keitha Josey,M,False
5808_02,Earth,False,F/1204/P,TRAPPIST-1e,18,False,0,3,41,359,393,Ferry Josey,F,False
5808_03,Earth,False,F/1204/P,TRAPPIST-1e,53,False,751,0,,7,0,Haryn Josey,M,False
5809_01,Earth,False,F/1205/P,TRAPPIST-1e,22,False,104,511,254,425,4,Violan Clemondsey,F,False
5809_02,Earth,False,F/1205/P,TRAPPIST-1e,46,False,0,98,2077,0,0,Eilan Clemondsey,M,True
5810_01,Earth,True,G/935/P,TRAPPIST-1e,28,False,0,0,0,0,0,Valey Chapmaney,F,True
5810_02,,False,E/366/P,TRAPPIST-1e,31,False,0,1489,68,6,0,Annez Chapmaney,M,True
5811_01,Europa,False,A/54/P,55 Cancri e,36,False,1,4058,95,0,2109,Haldah Fulatorly,F,False
5811_02,Europa,False,A/54/P,55 Cancri e,46,False,35,3953,0,2108,0,Sadlam Fulatorly,M,True
5812_01,Earth,True,G/943/S,TRAPPIST-1e,0,False,0,0,0,0,0,Holey Domington,F,True
5812_02,Earth,False,G/943/S,TRAPPIST-1e,3,False,0,0,0,0,0,Garry Domington,M,True
5812_03,Earth,True,G/943/S,TRAPPIST-1e,12,False,0,0,0,0,0,Evaned Domington,F,True
5812_04,Earth,True,G/943/S,TRAPPIST-1e,2,False,0,0,0,0,0,Ireen Domington,M,True
5812_05,Earth,True,G/943/S,TRAPPIST-1e,41,False,0,0,0,0,0,Dian Domington,F,True
5812_06,Earth,True,G/943/S,55 Cancri e,11,False,0,0,0,0,0,Karena Domington,M,True
5813_01,Earth,True,G/936/P,TRAPPIST-1e,41,False,0,0,0,0,0,Coreee Hortis,F,True
5814_01,Mars,False,D/176/S,TRAPPIST-1e,17,False,513,0,669,0,0,Prabon Bine,M,False
5814_02,Mars,True,D/176/S,55 Cancri e,21,False,0,0,0,0,0,Fal Bine,F,True
5814_03,Mars,True,D/176/S,55 Cancri e,21,False,0,0,0,0,0,Scers Bine,M,True
5814_04,Mars,False,D/176/S,TRAPPIST-1e,27,False,89,888,51,5,0,Honda Bine,F,True
5814_05,Mars,True,D/176/S,TRAPPIST-1e,54,False,0,0,0,0,0,Caper Bine,M,True
5814_06,Mars,False,D/176/S,TRAPPIST-1e,15,False,2309,0,1142,1,10,Feles Bine,F,False
5814_07,Mars,True,D/176/S,,39,False,0,0,0,0,0,Naffsh Bine,M,True
5816_01,Earth,False,G/937/P,TRAPPIST-1e,31,False,1,0,7,0,387,Armene Vines,F,True
5817_01,Mars,True,F/1111/S,TRAPPIST-1e,28,False,0,0,0,0,0,Alex Berle,M,True
5818_01,Earth,False,G/938/P,,21,False,3553,5,0,0,2,Jeroy Mullericer,F,False
5819_01,Europa,True,B/221/S,TRAPPIST-1e,29,False,0,0,0,0,0,Alcorab Suptive,M,True
5820_01,Earth,,F/1112/S,TRAPPIST-1e,45,False,112,406,198,0,0,Ellene Tersony,F,True
5821_01,Europa,False,C/183/P,55 Cancri e,44,False,0,496,99,317,5615,Dirfak Calazy,M,False
5822_01,Earth,True,G/939/P,TRAPPIST-1e,12,False,0,0,0,0,0,Joandy Chapmaney,F,True
5823_01,Earth,True,G/944/S,55 Cancri e,18,False,0,0,0,0,0,Ronna Antoshipson,M,True
5824_01,Earth,True,G/940/P,55 Cancri e,20,False,0,0,0,0,0,Carry Contrevins,F,True
5825_01,Europa,False,B/198/P,TRAPPIST-1e,43,False,0,8808,0,580,0,Betenar Apenelexy,M,True
5826_01,,True,E/367/P,55 Cancri e,46,False,0,0,0,0,0,Arkaban Tertchty,F,True
5827_01,Earth,False,G/945/S,TRAPPIST-1e,53,False,0,68,0,920,4,Anthia Willangsey,M,True
5828_01,Earth,False,G/941/P,TRAPPIST-1e,21,False,621,0,0,0,0,Bethy Goldendrice,F,False
5829_01,Earth,False,F/1113/S,TRAPPIST-1e,23,False,0,21,0,0,716,Jona Sancasey,M,False
5831_01,Earth,False,,55 Cancri e,9,False,0,0,0,0,0,Jacky Rosalanenn,F,False
5834_01,Earth,False,F/1206/P,,19,False,546,11,0,325,218,Sterry Brenney,M,False
5835_01,Earth,True,G/946/S,PSO J318.5-22,52,False,0,0,0,0,0,Stendy Avidson,F,True
5836_01,Europa,True,B/222/S,55 Cancri e,31,False,0,0,0,0,0,Phah Irintious,M,True
5837_01,Earth,False,F/1114/S,TRAPPIST-1e,62,False,761,15,0,0,,Eleaha Maynardner,F,False
5839_01,Europa,True,C/219/S,TRAPPIST-1e,27,False,0,0,0,0,0,Ranopus Unloweedic,M,True
5840_01,Earth,True,G/946/P,TRAPPIST-1e,23,False,0,0,0,0,0,Jerrye Potters,F,False
5842_01,Europa,True,C/220/S,55 Cancri e,28,False,0,0,0,0,0,Hekark Maging,M,True
5842_02,Europa,True,C/220/S,55 Cancri e,27,False,0,0,0,0,0,Zaurid Prefule,F,True
5843_01,Earth,True,G/947/S,TRAPPIST-1e,58,False,0,0,0,0,0,Hughy Hessey,M,True
5844_01,Earth,False,E/369/P,55 Cancri e,24,,0,30,835,0,0,Lavey Spencervan,F,True
5846_01,Mars,False,E/376/S,TRAPPIST-1e,27,True,149,0,890,9,0,Morny Gerin,M,False
5847_01,Earth,False,F/1115/S,TRAPPIST-1e,33,False,36,0,0,1415,0,Olly Trankliney,F,False
5848_01,Earth,False,E/377/S,,28,False,229,761,0,0,6,Eriana Benney,M,True
5849_01,Earth,False,F/1208/P,TRAPPIST-1e,39,False,0,0,0,0,1104,Jilley Brightez,F,False
5852_01,Earth,False,E/370/P,TRAPPIST-1e,27,False,0,0,0,727,260,Stendy Byerry,M,False
5854_01,Earth,False,F/1117/S,TRAPPIST-1e,36,False,0,75,106,0,1903,Molley Olshaffey,F,True
5855_01,Earth,,F/1209/P,TRAPPIST-1e,64,False,0,623,1827,0,0,Hanna Horndley,M,True
5855_02,Earth,False,G/949/P,PSO J318.5-22,41,False,0,0,687,0,65,Rhony Horndley,F,True
5856_01,Europa,True,B/199/P,55 Cancri e,,False,0,0,0,0,0,Graviph Wincer,M,True
5856_02,Europa,True,B/199/P,TRAPPIST-1e,27,False,0,0,0,0,0,Alark Wincer,F,True
5857_01,Europa,False,E/378/S,TRAPPIST-1e,,False,0,2,64,139,3831,Caiamin Tinganking,M,False
5858_01,Earth,False,G/948/S,55 Cancri e,22,False,483,0,0,304,21,Wally Barberts,F,True
5859_01,Earth,False,E/371/P,,23,False,0,456,2624,912,8,Leene Griffince,M,True
5860_01,Mars,False,F/1118/S,TRAPPIST-1e,40,False,7,0,6,1206,88,Hers Raste,F,False
5860_02,Mars,True,F/1118/S,TRAPPIST-1e,2,False,0,0,0,0,0,Aps Raste,M,True
5860_03,Mars,False,F/1118/S,TRAPPIST-1e,0,False,0,0,0,0,0,Chex Raste,F,True
5861_01,Earth,False,G/949/S,TRAPPIST-1e,27,False,0,1774,0,17,13,Melica Browlerson,M,True
5863_01,Earth,False,G/950/P,55 Cancri e,0,False,0,0,0,0,0,Lawren Loverthyo,F,True
5863_02,Earth,False,F/1210/P,TRAPPIST-1e,17,False,0,566,18,318,0,Allene Loverthyo,M,False
5867_01,Earth,False,F/1212/P,TRAPPIST-1e,45,False,,0,0,1501,24,Noria Rocknight,F,False
5868_01,Earth,False,E/379/S,TRAPPIST-1e,62,False,104,53,194,436,0,Yolace Blangibson,M,False
5869_01,Earth,True,G/952/S,55 Cancri e,14,False,0,0,0,0,0,Diandi Polliamposs,F,True
5871_01,Earth,False,F/1120/S,55 Cancri e,24,False,0,1369,848,0,0,Anda Flemaney,M,True
5874_01,Earth,True,G/953/S,PSO J318.5-22,51,False,0,0,0,0,0,Gory Simonsents,F,True
5875_01,Earth,False,E/381/S,TRAPPIST-1e,49,False,20,0,0,769,0,Toddie Nasquez,M,False
5876_01,Mars,False,D/184/P,TRAPPIST-1e,52,False,1364,131,444,0,0,Eles Cone,F,True
5876_02,Mars,True,F/1213/P,55 Cancri e,35,False,0,0,0,0,0,Eloos Cone,M,True
5876_03,Mars,True,F/1213/P,TRAPPIST-1e,22,False,0,0,0,0,0,Wal Cone,F,True
5877_01,Earth,False,F/1121/S,TRAPPIST-1e,17,False,0,0,1552,0,,Tyle Carsoning,M,False
5878_01,Europa,True,B/224/S,55 Cancri e,47,False,0,0,0,0,0,Duhrak Busive,F,True
5879_01,Mars,True,F/1122/S,TRAPPIST-1e,25,False,0,0,0,0,0,Whark Cooki,M,True
5880_01,Earth,True,G/953/P,TRAPPIST-1e,11,False,0,0,0,0,0,Leneva Pooley,F,True
5882_01,Earth,False,F/1214/P,TRAPPIST-1e,17,False,18,10,73,0,1049,Celis Morez,M,False
5885_01,Earth,False,F/1123/S,TRAPPIST-1e,41,,8,532,0,0,100,Danna Oneiles,F,True
5885_02,Earth,False,F/1123/S,TRAPPIST-1e,55,False,0,0,0,507,909,Philia Oneiles,M,True
5885_03,Earth,False,F/1123/S,TRAPPIST-1e,29,False,0,2395,7,20,6,Glena Oneiles,F,True
5885_04,Earth,False,G/954/S,TRAPPIST-1e,19,False,0,0,0,888,0,Aliedy Oneiles,M,False
5885_05,Earth,True,G/954/S,55 Cancri e,23,False,0,0,0,0,0,Philda Oneiles,F,True
5885_06,Earth,False,G/954/S,TRAPPIST-1e,32,False,4518,914,0,93,0,Carold Oneiles,M,False
5885_07,Earth,False,G/954/S,TRAPPIST-1e,27,False,0,0,0,0,1818,Ivanna Oneiles,F,False
5885_08,Earth,False,G/954/S,TRAPPIST-1e,25,False,0,0,892,0,0,Fayene Oneiles,M,True
5886_01,Mars,False,F/1216/P,TRAPPIST-1e,24,False,10,49,,1497,10,Swack Fate,F,False
5886_02,Mars,True,E/373/P,TRAPPIST-1e,30,False,0,0,0,0,0,Cird Fate,M,False
5887_01,Earth,False,E/374/P,PSO J318.5-22,50,False,781,2,0,61,0,Adrie Cochrisons,F,True
5887_02,Earth,False,F/1217/P,,51,False,201,574,40,0,11,Ryanne Cochrisons,M,False
5888_01,Mars,False,F/1218/P,55 Cancri e,27,False,1331,0,0,0,0,Yogal Blate,F,False
5888_02,Mars,False,F/1218/P,TRAPPIST-1e,35,False,750,0,0,0,1065,Wifel Blate,M,False
5889_01,Earth,False,G/954/P,TRAPPIST-1e,48,False,0,0,790,2368,1292,Leony Perrerojass,F,False
5890_01,Earth,True,G/955/S,TRAPPIST-1e,27,False,0,0,0,0,0,Ambert Woody,M,True
5891_01,Earth,True,G/955/P,PSO J318.5-22,19,False,0,0,0,0,0,Bony Steeletters,F,True
5894_01,Earth,True,G/957/S,PSO J318.5-22,18,False,0,0,0,0,0,Gabrin Navages,M,True
5897_01,Europa,,C/221/S,55 Cancri e,25,False,0,0,0,0,0,,,True
5898_01,Earth,True,G/958/S,55 Cancri e,41,False,0,0,0,0,0,Lolas Dickley,M,True
5900_01,Mars,True,F/1220/P,TRAPPIST-1e,62,False,0,,0,0,0,Forms Nutca,F,True
5900_02,Mars,True,F/1220/P,TRAPPIST-1e,30,False,0,0,0,0,0,Fispot Nutca,M,True
5900_03,Mars,True,F/1220/P,TRAPPIST-1e,6,,0,0,0,0,0,Gonut Nutca,F,True
5901_01,Earth,False,F/1221/P,55 Cancri e,15,False,0,40,0,0,839,Kennie Castannison,M,False
5902_01,Mars,False,D/177/S,PSO J318.5-22,34,False,162,0,690,28,0,Igrish Win,F,False
5903_01,Earth,False,E/376/P,TRAPPIST-1e,34,False,223,0,13,514,41,Vivia Doughan,M,False
5905_01,Earth,False,G/959/S,TRAPPIST-1e,23,False,16,687,1,1,0,Elindy Byerry,F,True
5906_01,Earth,False,G/957/P,,51,False,0,0,207,347,262,Dwin Santin,M,False
5907_01,Earth,True,G/960/S,PSO J318.5-22,63,False,0,0,0,0,0,Winia Jarvey,F,True
5908_01,Earth,False,F/1126/S,TRAPPIST-1e,42,False,84,392,300,0,0,Paulia Brooker,M,True
5909_01,Earth,False,F/1127/S,55 Cancri e,19,False,0,716,0,0,0,Luisy Fryan,F,True
5909_02,Earth,True,G/961/S,TRAPPIST-1e,5,False,0,0,0,0,0,Anda Fryan,M,True
5909_03,Earth,True,G/961/S,55 Cancri e,2,False,0,0,0,0,0,Holey Fryan,F,True
5912_01,Earth,True,G/963/S,TRAPPIST-1e,15,False,0,0,0,0,0,Dianya Joycerton,M,True
5913_01,Europa,False,D/185/P,TRAPPIST-1e,36,False,0,6,0,1,1407,Beidus Peterive,F,False
5915_01,Earth,False,E/382/S,TRAPPIST-1e,32,False,0,0,39,0,749,Garion Mcneiley,M,False
5916_01,Earth,False,E/383/S,,19,False,2,3,450,204,0,Marky Meltonway,F,True
5919_01,Europa,False,A/55/P,55 Cancri e,26,False,0,2427,15,5,0,Phonons Heracker,M,True
5920_01,Earth,False,F/1223/P,TRAPPIST-1e,33,False,48,94,756,308,0,Celina Buckeenez,F,False
5921_01,Earth,True,G/959/P,TRAPPIST-1e,38,False,0,0,0,0,0,Vandy Campson,M,True
5921_02,Earth,False,F/1224/P,TRAPPIST-1e,22,False,0,0,859,62,0,Brance Campson,F,False
5922_01,Earth,False,G/960/P,TRAPPIST-1e,32,False,0,0,0,0,0,Elia Bairdyork,M,False
5923_01,Mars,True,F/1129/S,55 Cancri e,30,False,0,0,0,0,0,Oafron Batte,F,True
5924_01,Earth,False,F/1225/P,TRAPPIST-1e,51,False,152,55,25,74,289,Nelley Brantuarez,M,False
5925_01,Europa,False,B/226/S,TRAPPIST-1e,29,False,0,1644,0,0,3780,Anchird Rotter,F,False
5925_02,Europa,False,B/226/S,TRAPPIST-1e,16,False,0,2002,0,96,69,Medib Rotter,M,True
5925_03,Europa,False,B/226/S,TRAPPIST-1e,32,False,0,0,0,241,4757,Tark Rotter,F,False
5927_01,Europa,False,B/201/P,55 Cancri e,24,False,0,2421,0,725,2300,Duhrak Sysilstict,M,False
5927_02,Europa,False,B/201/P,,23,False,0,109,0,4810,25,Naviton Sysilstict,F,False
5927_03,Europa,True,B/201/P,55 Cancri e,46,False,0,0,0,0,0,Kraban Sysilstict,M,True
5927_04,Europa,,B/201/P,55 Cancri e,49,False,0,1264,0,5474,104,Alcoran Sysilstict,F,False
5927_05,Europa,True,B/201/P,TRAPPIST-1e,17,False,0,0,0,0,0,Taurak Ballexy,M,True
5927_06,Europa,False,B/201/P,55 Cancri e,35,False,4,3857,324,899,375,Grastab Sysilstict,F,False
5927_07,Europa,False,B/201/P,55 Cancri e,43,False,0,1706,0,274,2056,Jihoton Ballexy,M,False
5928_01,Earth,False,E/377/P,TRAPPIST-1e,20,False,149,25,559,21,33,Becca Slates,F,True
5930_01,Europa,True,B/227/S,55 Cancri e,24,False,0,0,0,0,0,Muonea Geakerat,M,True
5930_02,Europa,False,B/227/S,TRAPPIST-1e,28,False,0,1014,0,2463,517,Yildus Geakerat,F,False
5930_03,Europa,True,B/227/S,55 Cancri e,19,False,0,0,0,0,0,Sarich Geakerat,M,True
5931_01,Europa,False,A/56/P,55 Cancri e,39,False,0,0,0,1854,171,Alcoran Clugeammy,F,False
5933_01,Mars,False,F/1131/S,TRAPPIST-1e,34,False,1547,485,97,59,0,Terek Gerin,M,False
5934_01,Earth,False,G/962/P,TRAPPIST-1e,29,False,89,1725,,0,3,Joanry Mcfaddenson,F,True
5938_01,Earth,False,E/384/S,55 Cancri e,14,False,0,0,52,0,,Melvia Floydendley,M,True
5938_02,Earth,True,G/967/S,TRAPPIST-1e,,False,0,0,0,0,0,Blancy Floydendley,F,True
5939_01,,False,E/385/S,TRAPPIST-1e,30,False,628,0,544,0,126,Life Queke,M,False
5941_01,Earth,False,E/386/S,TRAPPIST-1e,,False,72,914,0,0,7,,,True
5944_01,Earth,True,G/969/S,PSO J318.5-22,32,False,0,0,0,0,0,Alber Kerristicey,M,True
5945_01,Earth,True,G/970/S,TRAPPIST-1e,7,False,0,0,0,0,0,Lavey Morez,F,True
5945_02,Earth,True,G/970/S,55 Cancri e,34,False,0,0,0,0,0,Vanard Flynner,M,True
5945_03,Earth,False,G/970/S,PSO J318.5-22,47,False,163,2,11,593,0,Alancy Morez,F,True
5946_01,Mars,False,E/387/S,TRAPPIST-1e,19,False,300,5,642,0,0,Tyog Mille,M,False
5947_01,Europa,True,E/388/S,TRAPPIST-1e,52,False,0,0,0,0,0,Kitauva Stment,F,True
5949_01,Mars,False,D/180/S,TRAPPIST-1e,19,False,758,425,0,0,0,Cin Shbre,M,False
5949_02,Mars,True,F/1132/S,TRAPPIST-1e,18,False,0,0,0,0,0,Burs Shbre,F,True
5950_01,Earth,False,E/378/P,TRAPPIST-1e,32,False,,5,0,64,0,Therry Fowlesterez,M,False
5951_01,Earth,False,F/1133/S,55 Cancri e,21,False,423,0,172,0,,Patoya Landolphrey,F,False
5952_01,Mars,,F/1134/S,55 Cancri e,22,False,0,0,0,0,0,Rants Giba,M,True
5953_01,Mars,False,E/390/S,TRAPPIST-1e,13,False,157,0,1199,0,14,Emoles Graie,F,False
5954_01,Mars,False,E/391/S,TRAPPIST-1e,25,False,2093,0,6,0,0,Lift Port,M,False
5955_01,Mars,False,E/392/S,TRAPPIST-1e,33,False,836,0,155,31,0,Hon Sturt,F,False
5955_02,Mars,False,F/1135/S,TRAPPIST-1e,27,False,1379,0,414,0,805,Frohs Sturt,M,False
5956_01,Earth,False,E/379/P,TRAPPIST-1e,21,,12,0,0,1658,0,Hard Kramosley,F,False
5957_01,Europa,True,B/203/P,55 Cancri e,17,False,0,0,0,0,0,Arrain Chuble,M,True
5957_02,Europa,True,B/203/P,55 Cancri e,15,False,0,0,0,0,0,Zedark Chuble,F,True
5957_03,Europa,False,B/203/P,55 Cancri e,58,True,2,3862,0,1482,73,Markard Chuble,M,False
5959_01,Europa,False,D/181/S,TRAPPIST-1e,29,False,1,2809,97,61,1227,Schabik Praugnox,F,False
5959_02,Europa,True,D/181/S,TRAPPIST-1e,34,False,0,0,0,0,0,Dabik Praugnox,M,True
5960_01,Europa,False,C/222/S,TRAPPIST-1e,28,False,0,4780,1761,1,247,Eltares Dister,F,True
5960_02,Europa,False,C/222/S,TRAPPIST-1e,29,False,3215,1211,4,7,417,Aliakan Dister,M,True
5960_03,Europa,True,C/222/S,55 Cancri e,25,False,0,0,0,0,0,Merabik Dister,F,True
5963_01,Mars,False,F/1228/P,55 Cancri e,23,False,112,1184,143,2,585,Poloos Bane,M,False
5965_01,Earth,False,G/964/P,TRAPPIST-1e,22,False,0,40,689,0,79,Ricke Beckerson,F,True
5967_01,Earth,True,G/965/P,55 Cancri e,38,False,,0,0,0,0,Jonald Duranks,M,True
5967_02,Earth,False,G/965/P,TRAPPIST-1e,38,False,0,784,0,0,0,Ebonya Duranks,F,True
5967_03,Earth,False,G/965/P,TRAPPIST-1e,0,False,0,0,0,0,0,Britta Duranks,M,False
5968_01,Earth,False,F/1229/P,TRAPPIST-1e,,False,17,0,0,49,867,Hanry Dayers,F,False
5969_01,Earth,True,G/972/S,TRAPPIST-1e,0,False,0,0,0,0,0,Janney Reenez,M,True
5969_02,Earth,False,F/1137/S,55 Cancri e,37,False,0,698,0,,6,Lardy Reenez,F,False
5969_03,Earth,False,G/972/S,TRAPPIST-1e,2,False,0,0,0,0,0,Vine Reenez,M,True
5970_01,Europa,True,B/229/S,55 Cancri e,40,False,0,0,0,0,0,,,True
5971_01,Mars,False,F/1230/P,TRAPPIST-1e,47,False,448,0,891,0,235,Jayrin Kinad,M,False
5972_01,Earth,False,F/1138/S,TRAPPIST-1e,34,False,0,11,610,591,769,Elody Kiddley,F,True
5973_01,Mars,False,F/1139/S,TRAPPIST-1e,43,False,1086,4,202,401,0,,,False
5974_01,Mars,True,D/186/P,55 Cancri e,21,False,0,0,0,0,0,Cricks Manda,F,True
5975_01,Europa,True,E/380/P,55 Cancri e,43,False,0,0,0,0,0,Pherkab Sageng,M,True
5976_01,Mars,False,D/182/S,TRAPPIST-1e,33,False,3090,0,808,0,0,Mits Mane,F,False
5977_01,Europa,False,B/230/S,TRAPPIST-1e,28,False,0,0,0,0,0,Atonea Inesely,M,True
5977_02,Europa,False,B/230/S,55 Cancri e,57,False,200,9,0,,24133,,,False
5977_03,Europa,False,B/230/S,TRAPPIST-1e,,False,0,0,0,0,0,Alhaula Inesely,M,True
5977_04,Europa,False,B/230/S,TRAPPIST-1e,46,False,0,3259,761,4423,0,Halla Porkilte,F,False
5980_01,Europa,False,C/223/S,55 Cancri e,19,False,0,,0,2,9,Alatrin Trallect,M,True
5981_01,Mars,False,F/1140/S,TRAPPIST-1e,27,False,441,0,397,471,0,Harz Quart,F,False
5981_02,,False,F/1140/S,TRAPPIST-1e,2,False,0,0,0,0,0,Quid Quart,M,True
5981_03,Mars,False,F/1140/S,TRAPPIST-1e,0,False,0,0,0,0,0,Cark Quart,F,True
5983_01,Mars,False,F/1233/P,TRAPPIST-1e,25,True,1442,0,0,0,13,Squars Knike,M,False
5983_02,Mars,True,F/1233/P,TRAPPIST-1e,47,False,0,0,0,0,0,Allots Knike,F,True
5984_01,Mars,False,D/187/P,PSO J318.5-22,38,False,1208,0,13,38,0,Gech Kin,M,True
5984_02,Mars,False,E/381/P,TRAPPIST-1e,24,False,555,0,618,0,0,Ale Kin,F,False
5985_01,Earth,False,F/1234/P,TRAPPIST-1e,24,False,276,0,0,0,489,Judya Wooterston,M,True
5986_01,Europa,,D/188/P,TRAPPIST-1e,25,False,0,0,0,0,0,Zubeneb Flesping,F,True
5987_01,Earth,False,G/973/S,TRAPPIST-1e,29,False,0,5,6,0,,Searla Stannondez,M,True
5988_01,Mars,False,F/1235/P,55 Cancri e,44,False,2956,0,10,12,692,Aard Curle,F,False
5989_01,,False,F/1141/S,TRAPPIST-1e,20,False,0,0,,703,0,Darrie Holcompton,M,False
5990_01,Earth,True,G/974/S,TRAPPIST-1e,23,False,0,0,0,0,0,Lynnon Castannison,F,True
5991_01,Europa,False,C/224/S,55 Cancri e,26,False,0,9641,51,224,2428,Minoton Cralinal,M,True
5992_01,Earth,True,G/975/S,PSO J318.5-22,20,False,0,0,0,0,0,Yolas Bowenasey,F,True
5993_01,Mars,True,E/394/S,TRAPPIST-1e,27,False,0,0,0,0,0,Jetax Jaf,M,True
5994_01,Earth,False,F/1236/P,55 Cancri e,23,,94,132,0,967,5,Emilla Kerristicey,F,False
5995_01,Earth,True,G/967/P,PSO J318.5-22,33,False,0,0,0,0,0,Raque Burtiz,M,True
5998_01,Earth,False,G/977/S,TRAPPIST-1e,30,False,477,0,8,0,323,Mara Haydenzier,F,True
5999_01,Earth,False,G/968/P,TRAPPIST-1e,32,False,0,104,2,0,801,Becca Hermane,M,True
6000_01,Mars,False,,TRAPPIST-1e,19,False,781,0,295,613,0,Forms Bart,F,False
6000_02,Mars,False,D/189/P,TRAPPIST-1e,41,False,1,0,808,0,0,Rhex Bart,M,False
6001_01,Earth,True,G/969/P,TRAPPIST-1e,50,,0,0,0,0,0,Greggy Coolez,F,False
6003_01,Earth,False,G/970/P,TRAPPIST-1e,36,False,9,247,0,482,16,Delley Spencervan,M,False
6004_01,Mars,True,F/1143/S,TRAPPIST-1e,21,False,0,0,0,0,0,Popow Meate,F,True
6006_01,Europa,False,D/190/P,55 Cancri e,45,True,1017,3863,0,601,3999,Okulam Monpreery,M,False
6006_02,Europa,True,D/190/P,55 Cancri e,26,False,0,0,0,0,0,Sulaos Monpreery,F,True
6007_01,Earth,True,G/971/P,,44,False,0,0,,0,0,Jonard Kochroeders,M,True
6008_01,Earth,False,F/1238/P,PSO J318.5-22,24,,0,73,617,0,0,Raceky Cookson,F,True
6010_01,Earth,True,G/979/S,55 Cancri e,15,False,0,0,0,0,0,Race Harley,M,True
6011_01,Earth,False,F/1239/P,TRAPPIST-1e,58,False,0,0,0,1989,18,Kurta Hoodgers,F,False
6014_01,Earth,False,E/395/S,TRAPPIST-1e,13,False,28,396,367,0,0,Heryle Hurchrisong,M,False
6015_01,Europa,True,B/231/S,TRAPPIST-1e,19,False,0,0,0,0,0,Sulatik Demansty,F,True
6015_02,Europa,False,B/231/S,55 Cancri e,25,False,140,4451,0,0,2050,Dyonevi Demansty,M,True
6016_01,Earth,False,E/383/P,TRAPPIST-1e,24,False,718,0,265,302,384,Robyny Gardonadox,F,False
6016_02,Earth,False,G/973/P,TRAPPIST-1e,20,False,3,0,0,806,0,Norahe Gardonadox,M,False
6017_01,Mars,True,F/1144/S,TRAPPIST-1e,34,False,0,0,0,0,0,Cappe Manie,F,True
6017_02,Mars,True,F/1144/S,TRAPPIST-1e,13,False,0,0,0,0,0,Sunk Manie,M,True
6019_01,Earth,False,F/1145/S,TRAPPIST-1e,,False,0,839,0,36,5,Monald Tersimpson,F,True
6020_01,Earth,True,G/974/P,55 Cancri e,39,False,0,0,0,0,0,Stany Hanner,M,False
6020_02,Earth,True,G/974/P,TRAPPIST-1e,0,False,0,0,0,0,0,Dawne Hanner,F,False
6020_03,Earth,False,G/974/P,TRAPPIST-1e,10,False,0,0,0,0,0,Timyra Hanner,M,False
6020_04,Earth,True,G/974/P,TRAPPIST-1e,9,False,0,0,0,0,0,Jimmyn Hanner,F,False
6020_05,Earth,False,F/1242/P,55 Cancri e,34,False,0,968,273,,283,Mabela Hanner,M,False
6020_06,Earth,False,G/974/P,TRAPPIST-1e,11,False,0,0,0,0,0,Janita Hanner,F,False
6020_07,Earth,True,G/974/P,TRAPPIST-1e,0,False,0,0,0,0,,Tera Hanner,M,False
6022_01,Earth,False,F/1243/P,TRAPPIST-1e,24,False,0,0,0,14,631,,,False
6024_01,Earth,True,G/975/P,PSO J318.5-22,16,False,0,,0,0,0,Carlie Fowlaney,M,True
6025_01,Earth,False,F/1245/P,TRAPPIST-1e,42,False,0,420,0,1,175,Joyton Hales,F,False
6026_01,Mars,False,F/1246/P,TRAPPIST-1e,41,False,982,64,380,0,0,Stray Prie,M,True
6027_01,Europa,False,B/232/S,TRAPPIST-1e,36,False,0,1828,9058,1,2,Graviph Coweboded,F,True
6028_01,Europa,False,A/57/P,55 Cancri e,27,False,0,1801,0,304,1393,Wasatz Preeldy,M,False
6028_02,Europa,False,A/57/P,TRAPPIST-1e,32,True,0,792,0,1,1335,Cherkab Preeldy,F,False
6028_03,Europa,False,A/57/P,55 Cancri e,11,False,0,0,0,0,0,Nusakar Preeldy,M,True
6028_04,Europa,False,,TRAPPIST-1e,26,True,0,3638,0,1043,0,Kumark Preeldy,F,True
6028_05,Europa,False,A/57/P,TRAPPIST-1e,28,False,0,6921,0,29,45,Shelik Preeldy,M,True
6029_01,Earth,False,E/396/S,TRAPPIST-1e,25,False,0,30,20,0,941,Gwenda Balderts,F,False
6030_01,Earth,False,G/981/S,TRAPPIST-1e,5,False,0,0,0,0,0,Armen Ellson,M,True
6030_02,Earth,True,G/981/S,TRAPPIST-1e,,False,0,0,0,0,0,Dord Steinardson,F,True
6030_03,Earth,False,G/981/S,TRAPPIST-1e,13,False,852,147,7,0,1,Etha Ellson,M,True
6030_04,Earth,False,G/981/S,TRAPPIST-1e,30,False,0,0,47,703,4,Fanne Steinardson,F,True
6030_05,Earth,True,G/981/S,TRAPPIST-1e,15,False,0,0,,0,0,Mollen Ellson,M,True
6030_06,Earth,True,G/981/S,TRAPPIST-1e,0,False,0,0,0,0,0,Alene Ellson,F,True
6030_07,Earth,False,G/981/S,TRAPPIST-1e,49,False,0,,0,0,0,Hatty Ellson,M,True
6031_01,,False,F/1146/S,,52,False,0,645,0,0,395,Bobara Alshipson,F,True
6032_01,Earth,True,G/982/S,TRAPPIST-1e,15,False,0,0,0,0,0,Kendy Haynardy,M,True
6032_02,,False,E/397/S,TRAPPIST-1e,40,False,521,4,53,70,141,Lison Mcdowns,F,False
6032_03,Earth,True,G/982/S,55 Cancri e,0,False,0,0,0,0,0,Celina Hurchez,M,True
6033_01,Mars,False,E/384/P,TRAPPIST-1e,32,False,158,0,139,752,0,Stote Bancy,F,False
6033_02,Mars,True,F/1247/P,55 Cancri e,15,False,0,0,0,0,0,Lops Bancy,M,True
6034_01,Mars,False,E/385/P,PSO J318.5-22,26,False,2042,0,2387,10,0,Callix Pette,F,True
6034_02,Mars,True,E/385/P,PSO J318.5-22,31,False,0,0,0,0,0,Othawk Pette,M,False
6034_03,Mars,False,E/385/P,TRAPPIST-1e,8,False,0,0,0,0,0,Cheeet Pette,F,True
6035_01,Earth,False,E/386/P,TRAPPIST-1e,18,False,0,0,0,1,827,Doria Morsentley,M,True
6035_02,Earth,,G/976/P,TRAPPIST-1e,3,,0,0,0,0,0,Ginald Morsentley,F,False
6036_01,Europa,False,C/225/S,TRAPPIST-1e,44,False,0,1289,1224,514,1674,Achah Stpingepid,M,True
6036_02,,False,C/225/S,TRAPPIST-1e,15,False,0,677,0,179,3186,Sular Stpingepid,F,True
6036_03,Europa,False,C/225/S,TRAPPIST-1e,27,False,0,1857,0,778,587,Hekab Stpingepid,M,True
6038_01,Mars,False,F/1147/S,TRAPPIST-1e,22,False,2413,0,53,1,0,Dooss Apple,F,False
6039_01,Earth,,G/983/S,TRAPPIST-1e,2,False,0,0,0,0,0,,,True
6039_02,Earth,False,F/1148/S,,32,False,3,0,0,0,757,Myrace Powery,F,False
6040_01,Earth,False,G/984/S,TRAPPIST-1e,16,False,805,4,0,0,0,Glendy Sterreray,M,True
6041_01,Mars,False,F/1248/P,TRAPPIST-1e,34,False,419,0,15,0,0,Gut Potie,F,False
6042_01,Mars,False,F/1249/P,TRAPPIST-1e,32,False,1946,0,653,0,0,Casps Bost,M,False
6043_01,Earth,False,G/978/P,TRAPPIST-1e,28,False,0,292,1039,1,489,Thell Reilline,F,False
6045_01,Europa,False,B/233/S,TRAPPIST-1e,27,False,0,21,0,8126,4,Bralino Matoltuble,M,False
6047_01,Earth,False,G/985/S,PSO J318.5-22,35,False,508,0,0,57,243,Sanney Russon,F,True
6048_01,Mars,True,,,25,False,0,0,0,0,0,Mele Clake,M,False
6049_01,Earth,False,G/986/S,TRAPPIST-1e,24,False,178,0,235,0,396,,,True
6052_01,Earth,True,G/980/P,TRAPPIST-1e,61,False,0,0,0,0,0,Fayel Rushorney,M,False
6054_01,Mars,True,F/1151/S,TRAPPIST-1e,28,,0,0,0,0,0,Frus Kie,F,True
6055_01,Europa,False,C/185/P,PSO J318.5-22,29,True,3,1849,0,3104,1652,Mino Prefule,M,False
6055_02,Europa,True,C/185/P,TRAPPIST-1e,41,False,0,0,0,0,0,Achiram Prefule,F,True
6055_03,Europa,False,C/185/P,TRAPPIST-1e,20,False,1883,0,,8810,0,Terops Prefule,M,False
6058_01,Mars,False,F/1253/P,55 Cancri e,18,False,2904,5,50,0,9,Yaphex Ecart,F,False
6059_01,Earth,False,G/982/P,TRAPPIST-1e,28,False,8,0,3949,0,9,Andie Rices,M,True
6061_01,Earth,False,F/1153/S,TRAPPIST-1e,18,False,33,0,455,167,48,Aliedy Jacostaney,F,True
6062_01,Mars,False,F/1254/P,TRAPPIST-1e,33,False,301,0,501,0,1013,Tous Sesa,M,False
6062_02,Mars,False,E/388/P,TRAPPIST-1e,35,False,0,0,0,0,0,Cranch Sesa,F,False
6064_01,Europa,False,C/186/P,55 Cancri e,68,False,125,13437,0,22408,17,Markar Radisiouss,M,False
6065_01,,False,E/398/S,TRAPPIST-1e,19,False,3,785,0,0,0,Sharie Rodricker,F,True
6066_01,Europa,False,C/226/S,TRAPPIST-1e,33,False,0,357,2366,1612,2137,Altan Mallisly,M,False
6066_02,Europa,False,C/226/S,55 Cancri e,55,False,8142,8,0,1481,0,Terion Mallisly,F,False
6066_03,Europa,,C/226/S,TRAPPIST-1e,15,False,0,0,0,0,0,Aldhib Mallisly,M,True
6067_01,Earth,False,G/984/P,TRAPPIST-1e,23,False,0,0,0,44,1721,Dellie Perkinson,F,False
6068_01,Earth,False,F/1154/S,TRAPPIST-1e,23,False,0,723,1,0,0,Lloyde Kimons,M,True
6069_01,Mars,False,D/185/S,55 Cancri e,15,False,3811,0,109,236,0,Hers Buthe,F,False
6070_01,Mars,False,D/186/S,TRAPPIST-1e,49,False,2209,42,109,23,0,Aptal Fate,M,False
6071_01,Earth,False,G/987/S,TRAPPIST-1e,33,False,41,417,0,42,308,Almara Delazarson,F,True
6073_01,Mars,True,F/1156/S,55 Cancri e,26,False,0,0,0,0,0,Bubbix Sau,M,True
6075_01,Europa,True,B/206/P,TRAPPIST-1e,26,False,0,0,0,0,0,Wasalm Sofraten,F,True
6076_01,Earth,,G/988/S,TRAPPIST-1e,18,False,14,2,144,610,0,Therry Cames,M,True
6077_01,Earth,True,G/985/P,TRAPPIST-1e,17,False,0,,0,0,0,Armene Lewintos,F,True
6080_01,Earth,False,G/989/S,TRAPPIST-1e,39,False,657,225,0,,0,Lyney Stephendsey,M,True
6082_01,Earth,False,G/987/P,TRAPPIST-1e,8,False,0,0,0,0,0,Maryne Carpennels,F,False
6085_01,Earth,False,F/1257/P,TRAPPIST-1e,46,False,0,0,868,0,3,Jimmyn Gainney,M,True
6086_01,Europa,False,A/72/S,55 Cancri e,32,False,0,4176,0,183,6,Grastab Tairbatic,F,True
6087_01,Earth,False,F/1160/S,TRAPPIST-1e,19,False,605,0,24,1,86,Nadie Rodger,M,False
6090_01,Mars,True,F/1259/P,TRAPPIST-1e,36,False,0,0,0,0,0,Cants Bra,F,True
6091_01,Earth,True,G/988/P,TRAPPIST-1e,28,False,0,0,0,0,0,Gera Lynnerett,M,True
6091_02,Earth,False,F/1260/P,TRAPPIST-1e,39,False,0,29,291,13,527,Pattin Lynnerett,F,False
6092_01,Earth,False,F/1161/S,TRAPPIST-1e,16,,0,0,641,33,29,Karlie Singtons,M,True
6092_02,Earth,True,G/991/S,PSO J318.5-22,7,False,0,0,0,0,0,Antony Singtons,F,True
6092_03,Earth,False,G/991/S,TRAPPIST-1e,1,False,0,0,0,0,0,Carlie Singtons,M,True
6094_01,Europa,True,C/227/S,55 Cancri e,30,False,0,0,0,0,0,Terons Brathful,F,True
6094_02,Europa,True,C/227/S,55 Cancri e,44,False,0,0,0,0,0,Alcyon Brathful,M,True
6094_03,Europa,True,C/227/S,55 Cancri e,28,False,0,0,0,0,0,Tautrix Brathful,F,True
6095_01,Mars,False,D/192/P,TRAPPIST-1e,29,False,3564,0,802,0,0,Crin Rapie,M,False
6096_01,Mars,False,F/1162/S,TRAPPIST-1e,41,False,239,1,1048,0,0,Berk Wooes,F,True
6096_02,Mars,False,F/1162/S,TRAPPIST-1e,13,False,1119,11,1326,0,0,Muls Wooes,M,True
6096_03,Mars,False,F/1162/S,TRAPPIST-1e,18,False,4397,610,1437,4,0,Pebray Wooes,F,False
6098_01,Earth,False,F/1163/S,55 Cancri e,27,False,0,0,0,2725,73,Essara Contrevins,M,False
6099_01,Earth,True,G/992/S,TRAPPIST-1e,26,False,0,0,0,0,0,Elara Jarvey,F,True
6101_01,Earth,False,F/1261/P,55 Cancri e,24,False,13,0,2,673,3,Moniey Lambucketty,M,False
6102_01,Earth,False,F/1165/S,PSO J318.5-22,26,False,104,0,0,280,216,Jilley Figuez,F,False
6103_01,Earth,True,G/990/P,PSO J318.5-22,27,False,0,0,0,0,0,Davisy Hardsonerry,M,True
6105_01,Europa,False,E/401/S,TRAPPIST-1e,58,,0,1012,0,1120,20,Gatrix Hontichre,F,False
6106_01,Europa,True,C/228/S,55 Cancri e,54,False,0,0,0,0,0,Matark Calian,M,True
6107_01,Earth,False,F/1263/P,55 Cancri e,18,False,0,0,0,63,525,Jonald Willangsey,F,True
6108_01,,False,F/1166/S,TRAPPIST-1e,13,False,206,28,0,1,629,,,False
6109_01,Europa,False,C/187/P,TRAPPIST-1e,13,False,0,9,0,,5648,Terons Inghtal,F,False
6109_02,Europa,True,C/187/P,TRAPPIST-1e,28,False,0,,0,0,0,Giedir Inghtal,M,True
6110_01,Earth,False,E/389/P,55 Cancri e,57,False,0,0,0,0,642,Sus Warrishales,F,True
6111_01,Europa,True,A/58/P,TRAPPIST-1e,32,False,0,,0,0,0,Hyaduma Folumorly,M,True
6111_02,Europa,False,A/58/P,TRAPPIST-1e,32,False,0,0,0,4588,0,Fomalik Folumorly,F,False
6111_03,Europa,True,,55 Cancri e,21,False,0,0,0,0,0,Ainkard Folumorly,M,True
6111_04,Europa,True,A/58/P,55 Cancri e,34,False,0,0,0,0,0,Hezenif Folumorly,F,True
6111_05,Europa,False,A/58/P,TRAPPIST-1e,33,False,0,2110,0,773,10,Sabiton Folumorly,M,True
6112_01,Mars,True,F/1264/P,TRAPPIST-1e,36,,0,0,0,0,0,Ber Sad,F,True
6115_01,Mars,False,E/390/P,TRAPPIST-1e,50,False,513,0,0,764,21,Naish Anpie,M,False
6116_01,Mars,,F/1167/S,TRAPPIST-1e,28,False,828,0,72,6,0,Boon Hart,F,False
6117_01,Europa,False,B/234/S,TRAPPIST-1e,56,False,679,1126,0,33,3230,Anchira Spassive,M,False
6118_01,Mars,False,F/1266/P,55 Cancri e,42,False,1156,0,1,305,0,Carde Pité,F,False
6118_02,Mars,True,E/391/P,TRAPPIST-1e,39,False,0,0,0,0,0,Tyog Pité,M,False
6120_01,Earth,False,F/1169/S,PSO J318.5-22,13,False,0,1180,0,,0,Garlie Flynnis,F,True
6121_01,Europa,False,C/229/S,TRAPPIST-1e,28,,0,4585,0,2,35,Wezncha Presstic,M,True
6121_02,Europa,False,C/229/S,TRAPPIST-1e,55,,916,1056,0,1677,593,Keided Presstic,F,False
6122_01,Earth,False,F/1267/P,55 Cancri e,36,False,0,0,700,0,0,Thelix Burnewman,M,True
6123_01,Mars,True,F/1268/P,TRAPPIST-1e,,False,0,0,0,0,0,Sugbix Ancy,F,True
6124_01,Earth,False,G/991/P,PSO J318.5-22,37,False,0,0,834,0,8,Jeanna Cofferson,M,True
6126_01,Europa,True,C/188/P,55 Cancri e,50,False,0,0,0,0,0,Graviph Sechausive,F,True
6127_01,Europa,False,E/404/S,TRAPPIST-1e,27,False,551,1436,0,462,309,Axionif Crueld,M,False
6128_01,Earth,True,G/992/P,TRAPPIST-1e,23,False,0,0,0,0,0,Samany Serry,F,False
6128_02,Earth,False,F/1270/P,TRAPPIST-1e,16,False,7,0,311,0,683,Belly Serry,M,False
6130_01,Europa,False,C/189/P,55 Cancri e,33,True,0,3095,0,197,40,Sariton Fatchanble,F,True
6132_01,Mars,True,F/1170/S,TRAPPIST-1e,46,False,0,0,,0,0,Bares Concy,M,True
6133_01,Earth,True,G/993/S,PSO J318.5-22,26,False,0,0,0,0,0,Hillie Gaineyerson,F,True
6135_01,Earth,False,F/1272/P,TRAPPIST-1e,24,False,270,0,534,0,0,Joanie Ellahan,M,False
6136_01,Earth,False,F/1172/S,TRAPPIST-1e,26,False,0,0,0,213,1078,Rhony Mcdanield,F,False
6137_01,Earth,False,G/994/S,TRAPPIST-1e,2,False,0,0,0,0,0,Camily Serry,M,True
6137_02,Earth,False,F/1173/S,TRAPPIST-1e,33,False,457,0,0,0,445,Eilan Milton,F,False
6137_03,Earth,True,G/994/S,TRAPPIST-1e,32,False,0,0,0,0,0,Hary Serry,M,True
6137_04,Earth,True,G/994/S,TRAPPIST-1e,3,False,0,0,0,0,0,Sadine Serry,F,True
6137_05,Earth,True,G/994/S,TRAPPIST-1e,2,False,0,0,0,0,0,Loree Serry,M,True
6137_06,Earth,False,G/994/S,TRAPPIST-1e,6,False,0,0,0,0,0,Race Serry,F,True
6138_01,Mars,False,E/406/S,TRAPPIST-1e,,False,236,699,332,31,0,Mos Frie,M,True
6139_01,Europa,,C/230/S,TRAPPIST-1e,0,False,0,0,,0,0,Azhasim Bewarsecal,F,True
6139_02,Europa,True,C/230/S,TRAPPIST-1e,4,False,0,0,0,0,0,Atonea Reedall,M,True
6139_03,Europa,False,C/230/S,TRAPPIST-1e,58,False,0,1073,,803,988,Pleions Reedall,F,True
6139_04,Europa,True,C/230/S,TRAPPIST-1e,22,False,0,0,0,0,0,Jabba Reedall,M,True
6139_05,Europa,True,C/230/S,55 Cancri e,51,False,0,0,0,0,0,Sinon Reedall,F,True
6139_06,Europa,True,C/230/S,55 Cancri e,37,False,0,0,0,0,0,Alphact Reedall,M,True
6141_01,Earth,False,F/1174/S,PSO J318.5-22,17,False,0,20,0,14,884,Natald Haydenzier,F,False
6141_02,Earth,False,,,21,False,28,0,0,662,0,,,False
6143_01,Earth,False,F/1175/S,TRAPPIST-1e,,False,3,791,0,362,0,Willah Browlerson,F,True
6145_01,Europa,,C/231/S,55 Cancri e,,False,3478,10,0,105,2383,Benebah Asolipery,M,False
6146_01,Europa,False,B/207/P,TRAPPIST-1e,31,False,0,0,0,0,0,Scelava Groforacid,F,False
6148_01,Mars,True,F/1176/S,TRAPPIST-1e,43,False,0,0,0,0,0,Jagice Sueke,M,True
6148_02,Mars,True,F/1176/S,TRAPPIST-1e,,False,0,0,0,0,0,Pikes Sueke,F,True
6149_01,Earth,,G/995/S,TRAPPIST-1e,15,False,1682,103,0,0,3,Card Gallencis,M,True
6150_01,Earth,False,F/1177/S,TRAPPIST-1e,18,False,0,784,8,11,0,Briane Anthon,F,True
6152_01,Europa,True,B/235/S,TRAPPIST-1e,33,False,0,,0,0,0,Dhenah Motled,M,True
6152_02,Europa,False,B/235/S,TRAPPIST-1e,31,False,0,53,0,2963,1017,Sadar Motled,F,False
6153_01,Europa,True,B/236/S,55 Cancri e,41,False,0,0,0,0,0,Weionan Genuild,M,True
6155_01,Earth,False,F/1178/S,TRAPPIST-1e,22,False,1,0,10,625,0,Walla Bardina,F,False
6156_01,Earth,False,F/1179/S,TRAPPIST-1e,40,,0,1,0,888,80,Aleroy Gaineyerson,M,False
6157_01,Mars,False,E/407/S,TRAPPIST-1e,49,False,460,86,92,659,0,Weros Bost,F,False
6158_01,Earth,True,G/996/S,PSO J318.5-22,14,False,0,0,0,0,0,Dawne Jacobbinson,M,True
6162_01,Earth,False,F/1181/S,55 Cancri e,22,False,0,0,1,575,0,Bonyan Hineyley,F,False
6163_01,Earth,False,E/409/S,TRAPPIST-1e,22,False,0,32,33,429,1174,Jodyn Briggins,M,False
6166_01,Earth,False,E/394/P,TRAPPIST-1e,25,False,980,0,3,0,0,Andan Handertiz,F,False
6167_01,Earth,True,G/998/S,PSO J318.5-22,42,False,0,0,0,0,0,Cellex Garrincent,M,True
6168_01,Earth,True,G/999/S,PSO J318.5-22,16,False,0,0,0,0,0,Karie Gordond,F,True
6168_02,Earth,False,G/999/S,55 Cancri e,12,False,0,0,0,0,0,Glenna Gordond,M,True
6169_01,Earth,False,G/1000/S,TRAPPIST-1e,18,,382,10,291,90,9,Carley Harley,F,True
6170_01,Earth,False,G/998/P,,33,False,0,2,,0,807,Jacky Hurchanney,M,False
6171_01,Earth,False,E/410/S,TRAPPIST-1e,14,False,5,0,479,297,9,Karah Rigginsen,F,False
6172_01,Earth,True,G/1001/S,TRAPPIST-1e,36,False,0,0,0,0,0,Ricard Dombsoney,M,True
6173_01,Europa,True,B/208/P,TRAPPIST-1e,23,False,0,0,,0,0,,,True
6174_01,Earth,False,F/1274/P,55 Cancri e,24,False,0,479,116,1,37,Jord Mcbriddley,M,False
6174_02,Earth,True,G/999/P,PSO J318.5-22,4,False,0,0,0,0,0,Cherry Fisheparks,F,True
6174_03,Earth,True,G/999/P,TRAPPIST-1e,,False,0,0,0,0,0,Anthia Mcbriddley,M,False
6175_01,Earth,False,G/1000/P,TRAPPIST-1e,18,False,628,0,0,31,150,Thel Pittler,F,False
6175_02,Earth,True,G/1000/P,TRAPPIST-1e,21,False,0,0,0,0,0,Margia Chanan,M,True
6175_03,Earth,False,G/1000/P,TRAPPIST-1e,27,False,12,0,0,873,0,Vandy Pittler,F,False
6176_01,Mars,True,F/1275/P,TRAPPIST-1e,34,False,0,0,0,0,0,Jetax Kinie,M,True
6178_01,Earth,True,G/1001/P,PSO J318.5-22,28,False,0,0,0,0,0,Idarry Nichaner,F,False
6179_01,Europa,True,B/209/P,TRAPPIST-1e,35,False,0,,0,0,0,Salas Fanbox,M,True
6180_01,Earth,True,G/1002/S,PSO J318.5-22,16,False,0,0,0,0,0,Benry Floways,F,True
6181_01,Europa,False,C/191/P,TRAPPIST-1e,36,False,0,2624,1657,2799,1,Dyonif Muspereed,M,False
6182_01,Earth,True,G/1002/P,TRAPPIST-1e,30,False,0,,0,0,0,Jillie Whitledges,F,False
6184_01,Earth,True,G/1003/S,PSO J318.5-22,4,False,0,0,0,0,0,Kimmie Lopelases,M,True
6186_01,Mars,False,E/396/P,TRAPPIST-1e,19,True,61,783,110,0,0,Tot Ancy,F,True
6189_01,Earth,False,G/1004/P,TRAPPIST-1e,3,False,0,0,0,0,0,Eulah Garnes,M,True
6191_01,Europa,True,A/59/P,TRAPPIST-1e,51,False,0,0,0,0,0,Alraida Ametic,F,True
6191_02,Europa,True,A/59/P,TRAPPIST-1e,,False,0,0,0,0,0,Lesaten Ametic,M,True
6191_03,Europa,True,A/59/P,TRAPPIST-1e,45,False,0,0,0,0,0,Taurah Ametic,F,True
6191_04,Europa,True,A/59/P,TRAPPIST-1e,18,False,0,0,0,0,0,Miatrix Ametic,M,True
6192_01,Earth,False,F/1183/S,PSO J318.5-22,23,False,0,126,403,0,21,Arllia Nolds,F,True
6194_01,Earth,False,F/1185/S,TRAPPIST-1e,15,False,1042,0,36,0,0,,,False
6199_01,Mars,True,E/412/S,TRAPPIST-1e,34,False,0,0,,0,0,Chrice Spien,F,True
6199_02,Mars,False,D/188/S,TRAPPIST-1e,47,,5,1027,0,24,0,Cocors Spien,M,True
6200_01,Europa,False,B/238/S,TRAPPIST-1e,27,False,3,4654,0,657,214,Saxino Duckil,F,True
6200_02,Europa,False,B/238/S,TRAPPIST-1e,26,False,0,9,0,3,2047,Weias Duckil,M,False
6200_03,Europa,False,B/238/S,55 Cancri e,25,False,2026,4929,0,1179,10270,Genubia Duckil,F,False
6201_01,Europa,False,A/60/P,55 Cancri e,34,True,0,1174,0,130,1141,Kaboson Sempribly,M,False
6205_01,Mars,False,D/189/S,TRAPPIST-1e,27,True,55,0,50,1849,1,Spikes Sulie,F,False
6206_01,Earth,False,F/1187/S,TRAPPIST-1e,39,False,0,176,43,660,0,Gillie Pughlinsons,M,False
6207_01,Mars,False,F/1278/P,TRAPPIST-1e,31,False,915,0,1313,370,0,Rinkes Brity,F,False
6207_02,Mars,False,F/1278/P,TRAPPIST-1e,4,False,,0,0,0,0,Cinkes Brity,M,True
6207_03,Mars,False,E/397/P,TRAPPIST-1e,19,False,0,0,0,0,0,Caper Brity,F,False
6208_01,Mars,True,F/1279/P,55 Cancri e,59,False,0,0,0,0,0,Seat Burie,M,True
6211_01,Mars,False,D/193/P,TRAPPIST-1e,19,False,2006,0,,0,0,Mondax Botie,F,True
6213_01,Earth,False,F/1280/P,55 Cancri e,25,,258,0,306,311,24,Edgary Vincenton,M,True
6215_01,Europa,False,B/239/S,55 Cancri e,28,False,0,809,0,2043,72,Mahamak Sterly,F,True
6215_02,Europa,False,B/239/S,55 Cancri e,37,False,0,90,0,3282,11,Suhelik Sterly,M,False
6216_01,Mars,False,F/1282/P,TRAPPIST-1e,43,False,24,1,1167,0,0,Wolous Perta,F,True
6218_01,Earth,False,F/1188/S,55 Cancri e,18,False,425,779,0,0,74,Hanry Villenson,M,False
6218_02,Earth,False,E/413/S,TRAPPIST-1e,36,False,1603,0,2,87,0,Brinez Villenson,F,False
6219_01,Earth,False,F/1283/P,TRAPPIST-1e,14,False,71,0,0,0,,Aliedy Carrishley,M,False
6220_01,Earth,False,F/1284/P,PSO J318.5-22,42,False,0,168,0,113,461,Rica Jacostaffey,F,False
6222_01,Earth,False,F/1190/S,PSO J318.5-22,29,False,25,0,2,0,657,Ellard Lewintos,M,False
6223_01,Mars,False,E/398/P,TRAPPIST-1e,23,False,1696,46,82,235,17,Chonk Nache,F,False
6224_01,Earth,False,F/1191/S,TRAPPIST-1e,16,False,0,0,60,0,1963,Loree Rodger,M,False
6224_02,Earth,False,G/1006/S,55 Cancri e,8,False,0,0,0,0,0,Shaele Rodger,F,True
6225_01,Earth,False,G/1007/P,TRAPPIST-1e,20,False,1,0,0,32,875,Lelah Deckerson,M,False
6227_01,Earth,False,F/1192/S,PSO J318.5-22,50,False,199,0,182,0,,Philda Cookson,F,False
6228_01,Earth,False,G/1007/S,TRAPPIST-1e,38,False,0,709,39,62,0,Yolas Maystuarey,M,True
6229_01,Mars,True,F/1286/P,TRAPPIST-1e,39,False,0,0,0,0,0,Nios Perne,F,True
6230_01,Mars,False,E/414/S,TRAPPIST-1e,33,False,559,0,145,594,0,Hal Facke,M,False
6232_01,Europa,True,B/241/S,55 Cancri e,30,False,0,0,0,0,0,Mesarid Gulthler,F,True
6234_01,Mars,False,F/1287/P,PSO J318.5-22,40,True,301,0,1310,4,,Sters Bun,M,True
6236_01,Earth,False,F/1194/S,TRAPPIST-1e,22,False,395,0,0,300,125,Kell Hickson,F,False
6237_01,Mars,True,F/1195/S,TRAPPIST-1e,52,False,0,0,0,0,0,Ockies Spien,M,True
6238_01,Mars,True,F/1196/S,TRAPPIST-1e,26,False,0,0,0,0,0,Chios Mity,F,True
6239_01,Earth,False,F/1197/S,TRAPPIST-1e,19,False,2044,0,13,1,0,Weslie Irwines,M,False
6241_01,Earth,False,F/1198/S,,33,False,6,0,0,0,950,Claine Russelloyd,F,False
6243_01,Earth,True,G/1010/S,PSO J318.5-22,33,False,0,0,0,0,0,Holey Maystuarey,M,True
6245_01,Earth,False,G/1011/S,TRAPPIST-1e,20,False,0,0,841,5,0,Eleaha Estron,F,True
6246_01,Mars,False,F/1199/S,TRAPPIST-1e,28,False,,0,129,0,,Barkix Nuthe,M,False
6248_01,Earth,True,G/1012/S,55 Cancri e,10,False,0,0,0,0,0,Jonaye Griffince,F,True
6249_01,Earth,False,G/1008/P,TRAPPIST-1e,23,False,0,1,908,0,0,Annard Scottuez,M,True
6250_01,Earth,False,G/1013/S,TRAPPIST-1e,28,False,,0,887,0,0,Elany Roses,F,True
6251_01,Earth,False,F/1200/S,TRAPPIST-1e,23,False,2189,0,0,0,0,Gileen Hahnstonsen,M,True
6252_01,Mars,False,F/1201/S,TRAPPIST-1e,54,False,630,298,418,312,0,Gork Chort,F,False
6253_01,Mars,False,F/1289/P,TRAPPIST-1e,57,False,368,0,636,1082,512,Cinets Pota,M,False
6253_02,Mars,False,F/1289/P,55 Cancri e,24,False,737,293,301,0,0,Allots Pota,F,False
6254_01,Europa,True,B/243/S,TRAPPIST-1e,37,False,0,0,0,0,0,Errak Pokeck,M,True
6254_02,Europa,True,B/243/S,TRAPPIST-1e,59,False,0,0,0,0,0,Sadra Pokeck,F,True
6256_01,Earth,True,G/1009/P,TRAPPIST-1e,53,False,0,0,0,0,0,Davisy Canton,M,True
6262_01,Mars,True,F/1293/P,TRAPPIST-1e,22,False,0,0,0,0,0,Jetax Pane,F,True
6262_02,,False,D/195/P,TRAPPIST-1e,18,False,102,3,186,2287,0,Cops Pane,M,False
6263_01,Europa,True,B/213/P,55 Cancri e,17,False,0,0,0,0,0,Sadaton Craleve,F,True
6263_02,,False,B/213/P,55 Cancri e,25,False,0,1674,3,9,3554,Tabia Craleve,M,False
6264_01,Earth,False,F/1294/P,TRAPPIST-1e,18,False,108,2,11,0,680,Thery Rodger,F,False
6265_01,Earth,False,,TRAPPIST-1e,20,False,379,,29,39,91,Natald Puckenton,M,False
6266_01,Earth,False,F/1296/P,TRAPPIST-1e,24,False,0,2680,0,2,45,Ianne Saley,F,True
6268_01,Mars,True,F/1202/S,TRAPPIST-1e,33,False,0,0,0,0,0,Mounch Manie,M,True
6270_01,Earth,False,F/1297/P,TRAPPIST-1e,34,False,124,0,0,679,0,Troya Puckenton,F,False
6270_02,Earth,False,F/1297/P,55 Cancri e,24,False,0,254,13,0,477,Francy Puckenton,M,False
6271_01,Europa,False,A/62/P,TRAPPIST-1e,37,False,0,0,0,0,0,Cheleon Wrempeedly,F,True
6273_01,Mars,False,D/196/P,TRAPPIST-1e,23,False,690,0,0,292,1596,Cuses Fisty,M,False
6273_02,Mars,False,D/196/P,TRAPPIST-1e,32,False,2031,0,28,519,0,Basps Fisty,F,False
6274_01,Mars,True,F/1203/S,TRAPPIST-1e,13,False,0,0,0,0,0,Lidex Brie,M,True
6276_01,Earth,True,G/1011/P,55 Cancri e,23,False,0,0,0,0,0,Coracy Grifford,F,True
6277_01,Earth,True,G/1014/S,TRAPPIST-1e,23,False,0,0,0,,0,Kylen Haynardy,M,True
6279_01,Europa,False,A/74/S,TRAPPIST-1e,27,False,135,3103,9,424,629,Hadiram Alcemblery,F,False
6280_01,Earth,True,G/1012/P,TRAPPIST-1e,47,False,0,0,0,0,0,Chelly Pettyreeman,M,True
6281_01,Earth,False,G/1015/S,TRAPPIST-1e,38,False,20,0,751,0,2,Jimen Beckeey,F,True
6282_01,Mars,False,F/1205/S,TRAPPIST-1e,28,False,158,0,0,465,0,Berbee Gelle,M,False
6283_01,Earth,False,F/1206/S,TRAPPIST-1e,21,False,0,296,2,0,1543,Tonyan Chanan,F,False
6283_02,Earth,False,F/1206/S,TRAPPIST-1e,,False,2,3,93,6,540,Tracek Chanan,M,False
6285_01,Europa,,B/245/S,55 Cancri e,64,False,0,0,0,0,0,Winonon Whealeed,F,True
6285_02,Europa,False,B/245/S,TRAPPIST-1e,43,False,2,5329,0,7,0,Shail Whealeed,M,True
6289_01,Earth,False,G/1018/S,TRAPPIST-1e,21,False,0,0,28,508,272,Hene Horthy,F,True
6290_01,Earth,False,G/1013/P,TRAPPIST-1e,36,False,78,9,0,0,841,Kentha Beangley,M,True
6292_01,Earth,False,G/1020/S,PSO J318.5-22,22,False,0,0,0,48,653,Verly Chardsons,F,True
6293_01,Earth,False,F/1301/P,TRAPPIST-1e,24,False,0,1049,1,0,0,Thel Sweekstarks,M,False
6296_01,Europa,True,B/247/S,TRAPPIST-1e,21,False,0,0,0,0,0,Alderak Balightal,F,True
6297_01,Earth,False,G/1014/P,TRAPPIST-1e,57,False,0,1409,29,0,0,Brada Batestonley,M,True
6299_01,Europa,False,C/192/P,55 Cancri e,46,False,0,8943,0,0,159,Merops Femoused,F,True
6300_01,Mars,True,F/1303/P,TRAPPIST-1e,42,False,0,0,0,0,0,Risps Pure,M,True
6301_01,Earth,False,F/1304/P,TRAPPIST-1e,16,False,17,,0,537,173,Done Logannon,F,False
6302_01,Earth,False,F/1305/P,TRAPPIST-1e,40,False,0,175,0,11,537,Idacey Mullon,M,False
6302_02,Earth,False,G/1015/P,TRAPPIST-1e,3,False,0,0,0,0,0,Shanie Simsey,F,False
6302_03,Earth,False,G/1015/P,TRAPPIST-1e,8,False,0,0,,0,0,Alvira Rostarks,M,True
6302_04,Earth,True,,PSO J318.5-22,3,False,0,0,0,0,0,Debony Joycerton,F,True
6302_05,Earth,False,G/1015/P,55 Cancri e,35,False,1669,0,7,0,90,Glasey Rostarks,M,False
6302_06,Earth,False,G/1015/P,55 Cancri e,12,False,0,0,0,0,,Branca Simsey,F,True
6302_07,Earth,True,G/1015/P,TRAPPIST-1e,,False,0,0,0,0,0,Neilda Rostarks,M,True
6304_01,Europa,False,C/193/P,55 Cancri e,47,True,0,2225,1573,201,23,Muonus Clutolded,F,True
6305_01,Europa,True,B/248/S,55 Cancri e,19,False,0,0,0,0,0,Ankabit Parbleake,M,True
6305_02,Europa,False,B/248/S,TRAPPIST-1e,46,False,3616,564,0,15,3303,Ashird Parbleake,F,False
6308_01,Earth,False,G/1017/P,TRAPPIST-1e,28,False,0,152,215,30,510,Jord Cofferson,M,False
6309_01,Earth,False,G/1023/S,TRAPPIST-1e,5,False,0,0,0,0,0,Vanley Goldendrice,F,True
6309_02,Earth,,G/1023/S,TRAPPIST-1e,7,False,0,0,0,0,0,Marky Rodricker,M,True
6309_03,Earth,True,G/1023/S,TRAPPIST-1e,3,,0,0,0,0,0,Olgary Goldendrice,F,True
6309_04,Earth,False,G/1023/S,TRAPPIST-1e,1,False,0,0,0,0,0,Helly Rodricker,M,True
6309_05,Earth,False,G/1023/S,55 Cancri e,7,False,0,0,0,0,,Vin Rodricker,F,True
6313_01,Europa,False,D/190/S,TRAPPIST-1e,60,False,0,190,3,1964,30,Charaz Sempribly,M,False
6313_02,,False,D/190/S,TRAPPIST-1e,34,False,6,878,0,10,2203,Salas Sempribly,F,False
6315_01,Europa,False,C/234/S,TRAPPIST-1e,28,False,0,,0,6,9837,Chelik Susent,M,False
6316_01,Earth,False,E/401/P,55 Cancri e,64,False,0,316,2,673,0,Lynez Woodwinton,F,False
6317_01,Earth,False,F/1208/S,TRAPPIST-1e,13,False,898,0,0,,24,Aarone Lewintos,M,False
6318_01,Earth,True,G/1018/P,TRAPPIST-1e,15,False,0,0,0,0,0,Bonya Pughanders,F,True
6319_01,Earth,False,G/1019/P,TRAPPIST-1e,65,False,458,0,555,0,0,Pristy Hammonton,M,False
6320_01,Mars,False,E/418/S,TRAPPIST-1e,53,False,78,85,859,0,0,Guink Ste,F,True
6321_01,Europa,True,C/194/P,55 Cancri e,58,False,0,0,0,0,0,Batomam Pusive,M,True
6321_02,Europa,False,C/194/P,TRAPPIST-1e,19,False,0,1234,0,1956,0,Azhat Pusive,F,False
6321_03,Europa,True,C/194/P,55 Cancri e,,False,0,0,0,0,0,Marga Pusive,M,True
6322_01,Earth,False,E/419/S,TRAPPIST-1e,16,False,0,68,1541,0,0,Yvonna Cooperkins,F,True
6323_01,Europa,False,C/235/S,55 Cancri e,48,False,3,4089,0,4368,147,Aldeba Tionstious,M,False
6323_02,Europa,False,C/235/S,TRAPPIST-1e,33,False,2,4742,0,34,0,Arinon Unkcal,F,True
6324_01,Earth,False,E/420/S,,31,False,19,509,0,0,177,Lesley Hinetthews,M,False
6324_02,Earth,,G/1025/S,55 Cancri e,44,False,0,0,0,0,0,Murie Hinetthews,F,True
6324_03,Earth,False,G/1025/S,TRAPPIST-1e,40,False,1,0,895,10,0,Eleah Hinetthews,M,True
6325_01,Earth,True,G/1026/S,TRAPPIST-1e,34,False,0,0,0,0,0,Adamie Benney,F,True
6325_02,Earth,False,F/1209/S,TRAPPIST-1e,21,False,0,541,0,143,0,Sonard Beasleyes,M,False
6326_01,Earth,False,F/1307/P,TRAPPIST-1e,20,False,0,20,1,696,0,Therek Hinetthews,F,False
6327_01,Mars,True,F/1308/P,TRAPPIST-1e,9,False,0,0,0,0,0,Rahars Casty,M,True
6328_01,Earth,True,G/1020/P,TRAPPIST-1e,33,False,,0,0,0,0,Violey Hoppers,F,False
6328_02,Earth,True,G/1020/P,PSO J318.5-22,2,False,0,0,0,0,0,Searla Hoppers,M,False
6328_03,Earth,False,F/1309/P,TRAPPIST-1e,53,False,627,32,0,0,37,Marice Hoppers,F,False
6328_04,Earth,False,G/1020/P,55 Cancri e,0,False,0,0,0,0,0,Hard Hoppers,M,True
6330_01,Earth,True,G/1027/S,PSO J318.5-22,38,False,0,0,0,0,0,Scotty Avidson,F,True
6331_01,Europa,True,C/237/S,55 Cancri e,21,False,0,0,0,0,0,Atlasym Laturive,M,True
6334_01,Earth,True,G/1028/S,TRAPPIST-1e,31,False,0,0,0,0,0,Shanya Jenson,F,True
6334_02,Earth,True,G/1028/S,PSO J318.5-22,7,False,0,0,0,0,0,Dondy Jenson,M,True
6334_03,Earth,False,G/1028/S,55 Cancri e,12,False,0,0,0,0,0,Tonnie Simmonders,F,True
6334_04,Earth,True,G/1028/S,PSO J318.5-22,0,False,0,0,0,0,0,Vick Jenson,M,True
6334_05,Earth,False,E/421/S,TRAPPIST-1e,17,False,5,0,1317,287,0,Lynez Jenson,F,True
6334_06,Earth,False,F/1210/S,TRAPPIST-1e,55,False,0,242,0,479,3,Rhony Jenson,M,False
6334_07,Earth,False,G/1028/S,55 Cancri e,2,False,0,0,0,0,0,Gailia Jenson,F,True
6335_01,Earth,False,F/1312/P,TRAPPIST-1e,32,False,18,0,0,1382,0,Joandy Potterry,M,False
6338_01,Earth,False,F/1313/P,55 Cancri e,16,False,0,0,694,0,102,Elsane Fishopper,F,False
6339_01,,False,G/1022/P,TRAPPIST-1e,0,False,0,0,0,0,0,Stanya Schmondez,M,False
6340_01,Europa,False,C/195/P,TRAPPIST-1e,29,False,0,584,5468,7,661,Gacrab Pressive,F,True
6340_02,Europa,False,C/195/P,55 Cancri e,25,False,484,11441,0,4,5477,Anyonon Pressive,M,False
6341_01,Mars,False,D/191/S,55 Cancri e,39,False,1884,0,1435,5,469,Colf Cre,F,False
6343_01,Mars,True,E/423/S,TRAPPIST-1e,42,False,0,0,0,0,0,Chreet Start,M,True
6344_01,Earth,False,G/1023/P,55 Cancri e,0,False,0,0,0,0,0,Mariel Reynoldez,F,True
6344_02,Earth,True,G/1023/P,TRAPPIST-1e,14,False,0,0,0,0,0,Jonald Reynoldez,M,True
6346_01,Mars,False,F/1212/S,TRAPPIST-1e,29,False,2223,0,0,0,0,Guanch Perta,F,False
6346_02,Mars,False,F/1212/S,TRAPPIST-1e,54,False,676,0,231,379,0,Anch Perta,M,False
6347_01,Earth,True,G/1030/S,TRAPPIST-1e,35,False,0,0,0,0,0,Andie Gambs,F,True
6348_01,Europa,False,C/238/S,55 Cancri e,,False,49,13342,,1885,6985,Achira Unhaftimle,M,False
6349_01,Mars,False,F/1314/P,TRAPPIST-1e,18,False,593,0,508,0,12,Lers Frasp,F,True
6351_01,Earth,False,E/403/P,55 Cancri e,14,False,0,973,0,1,0,France Mirezavis,M,True
6353_01,Europa,True,D/199/P,TRAPPIST-1e,53,False,0,0,0,0,0,,,True
6354_01,Earth,False,F/1315/P,TRAPPIST-1e,48,False,410,2108,0,0,0,Megany Carreralend,M,True
6355_01,Earth,False,F/1213/S,55 Cancri e,21,False,0,641,0,0,0,Joanry Foledges,F,True
6356_01,,False,F/1316/P,TRAPPIST-1e,44,False,0,0,0,729,397,Almara Currisones,M,True
6357_01,Earth,False,F/1214/S,TRAPPIST-1e,25,False,106,0,0,0,925,Billa Pacerty,F,False
6360_01,Europa,False,A/75/S,TRAPPIST-1e,0,,0,0,0,0,0,Erraiam Clumsty,M,True
6360_02,Europa,True,A/75/S,TRAPPIST-1e,27,False,0,0,0,0,0,Glueba Clumsty,F,True
6360_03,Europa,True,A/75/S,TRAPPIST-1e,40,False,0,0,0,0,0,Becruxa Clumsty,M,True
6361_01,Earth,False,G/1031/S,TRAPPIST-1e,44,False,0,509,129,246,0,Alvia Barbes,F,True
6363_01,Earth,True,,TRAPPIST-1e,36,False,0,0,0,0,0,Denis Gouldensen,M,False
6363_02,,True,G/1026/P,55 Cancri e,3,False,0,0,0,0,0,Dwindy Gouldensen,F,True
6363_03,Earth,True,G/1026/P,TRAPPIST-1e,9,False,0,0,0,,0,Isaacy Gouldensen,M,False
6363_04,Earth,True,G/1026/P,TRAPPIST-1e,1,False,0,0,,0,0,Alancy Gouldensen,F,False
6363_05,Earth,False,E/405/P,TRAPPIST-1e,17,False,0,,977,0,5,Molley Gouldensen,M,True
6363_06,Earth,True,G/1026/P,TRAPPIST-1e,47,False,0,0,0,0,0,Cary Gouldensen,F,False
6363_07,Earth,True,G/1026/P,TRAPPIST-1e,,False,0,,0,0,0,Tiney Gouldensen,M,False
6365_01,Europa,False,A/64/P,55 Cancri e,33,False,0,38,0,1,3167,Atino Glogry,F,False
6366_01,Earth,False,E/424/S,PSO J318.5-22,16,False,0,0,99,,774,Veremy Benderez,M,True
6367_01,Mars,False,F/1215/S,TRAPPIST-1e,30,True,1960,0,638,0,0,Hal Botte,F,False
6367_02,Mars,False,F/1215/S,55 Cancri e,18,False,114,131,927,0,0,Cank Botte,M,True
6368_01,Earth,False,G/1033/S,TRAPPIST-1e,26,False,360,8,1,329,185,Mayne Bartines,F,False
6369_01,Earth,False,F/1318/P,PSO J318.5-22,19,False,577,169,0,7,0,Dian Holcompson,M,True
6370_01,Mars,True,F/1216/S,TRAPPIST-1e,28,False,0,0,0,0,0,Row Kart,F,True
6371_01,Earth,False,G/1027/P,TRAPPIST-1e,35,False,858,10,16,0,0,Dorice Burnerez,M,False
6372_01,Europa,False,B/216/P,TRAPPIST-1e,40,False,773,3729,43,10,0,Bahoton Resendent,F,True
6372_02,Europa,False,B/216/P,TRAPPIST-1e,26,True,0,2199,0,328,329,Alphah Reelest,M,False
6372_03,Europa,False,B/216/P,55 Cancri e,45,False,0,3200,0,415,161,Sula Reelest,F,True
6372_04,Europa,True,B/216/P,55 Cancri e,18,False,,0,0,0,0,Hadaton Reelest,M,True
6373_01,Earth,False,F/1319/P,55 Cancri e,54,False,801,5,0,0,0,Dawne Denashipson,F,True
6374_01,,False,F/1320/P,TRAPPIST-1e,13,False,1144,0,6,0,0,Karena Prickmantes,M,False
6376_01,Mars,True,F/1217/S,55 Cancri e,26,False,0,0,0,0,0,Cird Barte,F,True
6378_01,Earth,True,G/1034/S,PSO J318.5-22,16,False,0,0,0,0,0,Margio Foxter,M,True
6380_01,Earth,False,F/1322/P,TRAPPIST-1e,37,False,0,959,8,20,169,Thel Fryersonis,F,False
6380_02,Earth,True,G/1028/P,TRAPPIST-1e,17,False,0,0,0,0,0,Dont Fryersonis,M,True
6380_03,Earth,False,F/1322/P,55 Cancri e,16,False,2,511,0,0,1578,Alendy Fryersonis,F,False
6381_01,Earth,False,F/1323/P,TRAPPIST-1e,18,False,358,336,0,0,0,Rhonya Fitzgerson,M,False
6385_01,Mars,False,,PSO J318.5-22,21,False,435,0,422,16,0,Possh Duncy,F,False
6388_01,Earth,False,G/1029/P,TRAPPIST-1e,24,False,0,0,0,0,826,Herry Peckerson,M,True
6390_01,Earth,True,G/1036/S,TRAPPIST-1e,22,False,,0,0,0,0,Ton Kellson,F,True
6394_01,Earth,True,G/1037/S,TRAPPIST-1e,41,False,0,0,0,0,0,Pattie Lambleyoun,M,True
6394_02,Earth,True,G/1037/S,TRAPPIST-1e,15,False,0,0,0,0,0,Analdy Alberts,F,True
6394_03,Earth,True,G/1037/S,TRAPPIST-1e,36,False,0,0,0,0,0,Ale Alberts,M,True
6394_04,Earth,False,G/1037/S,55 Cancri e,23,False,0,0,478,4560,0,Samany Alberts,F,False
6396_01,Earth,False,E/427/S,TRAPPIST-1e,31,False,0,243,0,,0,Josey Mandez,M,False
6397_01,Earth,False,F/1223/S,TRAPPIST-1e,19,False,114,3,622,0,0,Wena Irwines,F,False
6398_01,Earth,True,G/1030/P,55 Cancri e,23,False,0,0,0,0,0,Monald Belley,M,True
6399_01,Earth,False,G/1031/P,TRAPPIST-1e,47,False,0,106,2915,0,1200,Dord Serry,F,False
6400_01,Europa,False,A/76/S,55 Cancri e,40,False,0,1677,0,109,320,Eltard Slable,M,True
6400_02,Europa,False,A/76/S,55 Cancri e,34,True,0,618,0,0,10888,Arino Slable,F,False
6402_01,Earth,False,G/1032/P,TRAPPIST-1e,2,False,0,0,0,0,0,Ianley Knoxonway,M,False
6402_02,Earth,True,G/1032/P,TRAPPIST-1e,8,False,0,0,0,0,0,Hanna Knoxonway,F,False
6402_03,Earth,True,G/1032/P,TRAPPIST-1e,0,False,0,0,0,0,0,Paulah Knoxonway,M,True
6402_04,Earth,False,G/1032/P,PSO J318.5-22,18,False,0,0,1720,1,0,Fayen Bradamss,F,True
6402_05,,False,G/1032/P,TRAPPIST-1e,11,False,0,0,0,0,0,Elene Knoxonway,M,False
6404_01,Earth,False,G/1038/S,TRAPPIST-1e,18,False,0,20,790,,0,Deaney Drakeekss,F,True
6405_01,,False,F/1224/S,PSO J318.5-22,19,False,54,0,0,42,986,Rayne Toddleton,M,False
6405_02,Earth,,,,2,False,0,0,0,0,0,Feline Toddleton,F,True
6405_03,Earth,True,G/1039/S,TRAPPIST-1e,25,False,0,0,0,0,0,Andary Toddleton,M,True
6405_04,Earth,False,G/1039/S,55 Cancri e,0,False,0,0,0,0,0,Diandy Toddleton,F,True
6406_01,Europa,True,,55 Cancri e,27,False,0,0,0,0,0,Arkeb Belstrut,M,True
6406_02,Europa,True,B/249/S,55 Cancri e,34,False,0,0,0,0,0,Giedir Belstrut,F,True
6407_01,Earth,True,G/1033/P,TRAPPIST-1e,19,False,0,0,0,0,0,,,True
6408_01,Earth,False,G/1034/P,PSO J318.5-22,22,False,431,40,0,10,0,Naomin Crosbornes,F,False
6409_01,Earth,False,G/1035/P,TRAPPIST-1e,22,False,0,0,165,14,629,Daisya Evedorsen,M,False
6411_01,Earth,False,F/1328/P,PSO J318.5-22,52,False,0,652,9,0,0,Bonyan Onell,F,False
6412_01,Earth,False,E/407/P,TRAPPIST-1e,30,False,59,0,0,0,1611,Analdy Farmonrada,M,False
6413_01,Europa,False,A/77/S,TRAPPIST-1e,65,,0,1420,,85,827,Grasath Undrude,F,False
6414_01,Earth,False,G/1040/S,TRAPPIST-1e,31,False,294,480,31,3,0,Troyra Kellson,M,True
6415_01,Mars,True,F/1225/S,TRAPPIST-1e,51,False,0,0,0,0,0,Eang Potie,F,True
6416_01,Earth,False,,TRAPPIST-1e,21,False,365,52,0,0,288,Karard Deckerson,M,True
6418_01,Earth,False,F/1329/P,TRAPPIST-1e,27,False,93,0,0,0,772,Gerly Beachez,F,False
6419_01,Earth,,E/428/S,TRAPPIST-1e,31,False,,0,873,0,0,Estina Holcompson,M,True
6421_01,Europa,True,C/197/P,55 Cancri e,28,False,0,0,0,0,0,Azhab Redand,F,True
6421_02,Europa,False,,TRAPPIST-1e,29,False,0,577,0,5568,432,Saxino Redand,M,False
6422_01,Mars,False,F/1330/P,TRAPPIST-1e,23,False,1533,0,858,297,0,Hones Panie,F,False
6422_02,Mars,True,F/1330/P,TRAPPIST-1e,11,False,0,0,0,0,0,Oats Panie,M,True
6422_03,Mars,False,F/1330/P,TRAPPIST-1e,23,False,1233,0,527,0,0,Tote Peake,F,False
6422_04,Mars,False,E/408/P,TRAPPIST-1e,34,False,801,0,246,1,0,Unchre Panie,M,False
6424_01,Earth,False,F/1331/P,TRAPPIST-1e,20,False,,0,151,508,0,Stelly Hardley,F,False
6428_01,Europa,True,C/198/P,55 Cancri e,20,False,,0,0,0,0,Nesch Pumbody,M,True
6428_02,Europa,True,C/198/P,TRAPPIST-1e,16,False,0,0,0,0,0,Alphah Pumbody,F,True
6430_01,Earth,True,G/1037/P,TRAPPIST-1e,18,False,0,0,0,0,0,Rancy Byerton,M,False
6431_01,Earth,False,F/1334/P,55 Cancri e,20,False,24,56,1,,468,Melara Kramosley,F,False
6431_02,Earth,True,G/1038/P,PSO J318.5-22,20,False,0,0,0,0,0,Timyra Kramosley,M,True
6431_03,Earth,False,G/1038/P,55 Cancri e,27,False,30,0,763,0,57,Adriet Kramosley,F,False
6432_01,Europa,False,D/202/P,55 Cancri e,55,False,114,222,0,2575,2919,Asch Stradick,M,False
6433_01,Mars,False,D/193/S,55 Cancri e,53,False,83,0,1590,60,0,Permit Prité,F,True
6433_02,Mars,True,D/193/S,TRAPPIST-1e,37,False,0,0,0,0,0,,,True
6434_01,Earth,True,G/1039/P,PSO J318.5-22,55,False,0,0,0,0,0,,,True
6436_01,Earth,False,G/1043/S,TRAPPIST-1e,24,False,552,1,0,231,0,Hene Barks,M,True
6437_01,Earth,False,F/1228/S,55 Cancri e,24,False,14,0,1,528,109,Loree Drakeekss,F,True
6439_01,Earth,True,G/1044/S,PSO J318.5-22,49,False,0,0,0,0,0,Judya Brightez,M,True
6442_01,Earth,False,G/1045/S,TRAPPIST-1e,17,False,0,0,0,1806,0,Camiet Gainebergan,F,False
6443_01,Earth,False,G/1046/S,TRAPPIST-1e,39,False,0,0,710,56,1,Rence Patrichane,M,True
6443_02,Earth,True,G/1046/S,55 Cancri e,5,False,0,0,0,0,0,Shanie Cartyernan,F,True
6443_03,Earth,False,G/1046/S,TRAPPIST-1e,10,False,0,0,0,0,0,Rone Cartyernan,M,True
6443_04,Earth,True,G/1046/S,TRAPPIST-1e,1,False,0,0,0,0,0,Allene Cartyernan,F,True
6443_05,Earth,False,F/1229/S,TRAPPIST-1e,16,False,45,0,622,0,564,Kimena Cartyernan,M,False
6443_06,Earth,False,G/1046/S,TRAPPIST-1e,51,False,0,10,388,1380,0,Denny Cartyernan,F,False
6443_07,Earth,True,G/1046/S,TRAPPIST-1e,5,False,0,0,0,0,0,Everly Cochrisons,M,True
6444_01,Earth,,G/1041/P,TRAPPIST-1e,19,False,0,0,0,0,0,Sandie Domington,F,False
6444_02,Earth,True,G/1041/P,TRAPPIST-1e,0,False,0,0,0,0,0,Elicey Domington,M,True
6446_01,Earth,False,G/1047/S,TRAPPIST-1e,20,False,810,0,0,0,0,Billa Yatters,F,False
6446_02,Earth,True,G/1047/S,TRAPPIST-1e,0,False,0,0,0,0,0,Nelley Yatters,M,True
6446_03,Earth,True,G/1047/S,TRAPPIST-1e,1,False,0,0,0,0,0,Willip Yatters,F,True
6447_01,Earth,True,G/1043/P,PSO J318.5-22,38,False,0,0,0,0,0,,,True
6448_01,Earth,False,F/1230/S,TRAPPIST-1e,40,False,0,0,433,343,0,Terek Villenson,F,False
6449_01,Mars,False,E/430/S,TRAPPIST-1e,18,False,0,0,0,0,0,Gous Empie,M,False
6449_02,Mars,False,F/1231/S,TRAPPIST-1e,36,False,636,0,168,1795,0,Squars Empie,F,False
6450_01,Europa,False,C/200/P,TRAPPIST-1e,23,False,0,596,57,259,4666,Anyoni Unative,M,False
6450_02,Europa,True,C/200/P,55 Cancri e,42,False,0,0,0,0,0,Altaira Unative,F,True
6451_01,Mars,False,,,37,False,610,,410,148,14,Carkes Panad,M,False
6452_01,Earth,False,F/1336/P,TRAPPIST-1e,24,False,0,854,11,0,0,,,True
6452_02,Earth,False,G/1044/P,TRAPPIST-1e,12,False,,0,0,0,0,Iree Woodwardy,M,True
6452_03,Earth,True,G/1044/P,TRAPPIST-1e,2,False,0,0,0,0,0,Racyle Woodwardy,F,True
6453_01,Earth,False,G/1045/P,PSO J318.5-22,28,False,0,7,17,0,1724,Bel Harmontry,M,False
6454_01,Earth,True,G/1046/P,TRAPPIST-1e,44,False,0,0,0,0,,Tin Byerton,F,True
6455_01,Europa,False,D/203/P,TRAPPIST-1e,26,False,0,3818,0,1877,136,Alrak Unative,M,False
6456_01,Earth,,E/410/P,TRAPPIST-1e,36,False,32,3,657,58,41,Miken Gainney,F,False
6457_01,Earth,False,F/1337/P,55 Cancri e,28,False,,728,0,0,82,Veroy Morrows,M,True
6458_01,Mars,False,E/431/S,TRAPPIST-1e,14,False,0,0,0,0,0,Whead Swin,F,False
6459_01,Earth,True,G/1047/P,TRAPPIST-1e,14,False,0,0,0,0,0,Danie Olshaffey,M,False
6461_01,Earth,False,F/1232/S,TRAPPIST-1e,28,False,0,602,0,115,0,Henrie Moodmandez,F,True
6462_01,Mars,True,F/1233/S,TRAPPIST-1e,27,False,0,0,0,0,0,,,True
6462_02,Mars,False,F/1233/S,TRAPPIST-1e,21,False,899,1,1686,13,0,Gibers Cure,F,True
6463_01,Earth,False,F/1234/S,TRAPPIST-1e,24,False,1256,2,8,1530,0,Guadae Jacobbinson,M,False
6464_01,Earth,False,F/1338/P,PSO J318.5-22,18,False,22,0,20,596,5,Arllia Ellahan,F,False
6468_01,Mars,True,F/1339/P,TRAPPIST-1e,24,False,0,0,0,0,0,Snich Crité,M,True
6468_02,Mars,True,F/1339/P,TRAPPIST-1e,8,False,0,0,0,0,0,Guans Crité,F,True
6468_03,Mars,True,E/411/P,TRAPPIST-1e,36,False,0,0,0,0,0,Elfs Crité,M,False
6468_04,Mars,False,D/204/P,TRAPPIST-1e,32,True,1179,0,4,0,0,Unchal Crité,F,False
6470_01,Earth,False,E/432/S,TRAPPIST-1e,19,False,14,614,0,160,0,Sterry Chardst,M,False
6471_01,Earth,False,G/1050/S,TRAPPIST-1e,12,False,0,0,0,0,0,Adria Cardners,F,True
6472_01,Europa,True,B/250/S,TRAPPIST-1e,21,False,0,0,0,0,0,Mahamak Steary,M,True
6472_02,Europa,True,B/250/S,55 Cancri e,13,False,0,0,0,0,0,Cellah Steary,F,True
6473_01,Mars,True,F/1236/S,TRAPPIST-1e,20,False,0,0,0,0,0,Koat Chpie,M,True
6475_01,Mars,True,F/1340/P,TRAPPIST-1e,35,False,0,0,0,0,,Luse Ses,F,True
6477_01,Europa,False,D/196/S,55 Cancri e,23,False,0,44,0,3452,83,Tabih Witeronfus,M,False
6477_02,Europa,False,D/196/S,55 Cancri e,17,False,0,311,6,4236,557,Ranan Witeronfus,F,False
6478_01,Mars,False,E/412/P,TRAPPIST-1e,29,False,1290,0,6,1,0,Cole Hac,M,False
6480_01,Earth,False,E/433/S,TRAPPIST-1e,27,False,352,14,1,407,15,Jimmya Dotsondez,F,False
6481_01,Earth,False,G/1052/S,TRAPPIST-1e,22,False,89,0,795,0,3,Jayne Bulliamoses,M,True
6482_01,Mars,False,F/1237/S,55 Cancri e,26,False,414,239,681,352,0,Chtios Letie,F,False
6482_02,Mars,True,F/1237/S,TRAPPIST-1e,1,False,0,0,0,0,0,Dow Letie,M,True
6482_03,Mars,True,F/1237/S,TRAPPIST-1e,7,False,0,0,0,0,0,Nutch Letie,F,True
6485_01,Earth,False,F/1238/S,55 Cancri e,78,False,0,213,202,288,0,Regory Haydenzier,M,True
6485_02,Earth,False,G/1053/S,TRAPPIST-1e,24,False,0,0,53,652,0,Benry Haydenzier,F,True
6487_01,Earth,False,F/1343/P,TRAPPIST-1e,26,False,0,0,0,22,1030,Marlie Solon,M,False
6488_01,Europa,False,A/79/S,TRAPPIST-1e,50,False,0,1663,336,1855,4,Propsh Ingwhed,F,False
6489_01,Earth,True,G/1049/P,TRAPPIST-1e,16,False,0,0,0,0,0,Elsane Balley,M,False
6490_01,Europa,True,C/201/P,55 Cancri e,57,False,0,0,0,0,0,Errairk Ineded,F,True
6490_02,Europa,False,C/201/P,55 Cancri e,29,False,0,889,0,4921,290,Phecca Ineded,M,False
6490_03,Europa,False,C/201/P,55 Cancri e,27,False,0,6924,849,149,1166,Tabiton Ightive,F,True
6490_04,,False,C/201/P,TRAPPIST-1e,42,False,0,1972,0,108,5,Marga Ineded,M,True
6492_01,Earth,True,G/1055/S,PSO J318.5-22,28,False,0,0,0,0,0,Dawne Bushallert,F,True
6493_01,Earth,True,G/1050/P,PSO J318.5-22,18,False,0,0,0,0,0,Terald Dillips,M,True
6494_01,Mars,False,F/1344/P,TRAPPIST-1e,38,False,1192,5,1864,4287,0,Oafron Mushe,F,False
6500_01,Earth,False,E/413/P,TRAPPIST-1e,32,False,1,0,0,1,785,Jennya Ingston,M,False
6501_01,Earth,False,F/1240/S,TRAPPIST-1e,21,False,0,31,2076,77,0,Candra Weberts,F,True
6502_01,Earth,False,G/1058/S,TRAPPIST-1e,6,,0,0,0,0,0,Thelix Mcdanield,M,True
6503_01,Earth,False,F/1347/P,TRAPPIST-1e,27,False,0,1,20,0,1363,Billia Mcfarley,F,False
6508_01,Earth,False,F/1242/S,PSO J318.5-22,32,False,397,0,7,182,5,Tonyn Braymon,M,False
6509_01,Earth,False,F/1243/S,PSO J318.5-22,23,False,601,0,113,0,39,Belix Adavisons,F,True
6510_01,Europa,False,D/205/P,TRAPPIST-1e,29,False,0,6,0,0,5531,Sabiton Tairbatic,M,False
6511_01,Earth,False,F/1348/P,TRAPPIST-1e,22,False,151,6,26,0,533,Katen Gainney,F,False
6511_02,Earth,True,G/1055/P,TRAPPIST-1e,31,False,0,0,0,0,0,Trick Gainney,M,False
6511_03,Earth,True,G/1055/P,55 Cancri e,0,False,0,0,0,0,0,Thelix Gainney,F,True
6512_01,Europa,False,A/80/S,TRAPPIST-1e,2,False,0,0,0,0,0,Mediton Oillepint,M,True
6512_02,,True,A/80/S,TRAPPIST-1e,,False,0,0,0,0,0,Photons Drivery,F,True
6512_03,Europa,False,A/80/S,TRAPPIST-1e,28,False,0,3527,1,2929,2236,Hekaton Goortedant,M,False
6513_01,Mars,False,F/1244/S,TRAPPIST-1e,20,False,57,0,1185,0,0,Cuses Pread,F,False
6514_01,Europa,False,B/251/S,55 Cancri e,28,True,19,22,2974,3603,158,Preo Openduave,M,False
6514_02,Europa,False,B/251/S,TRAPPIST-1e,42,False,0,6244,0,10912,4,Gravior Stersetery,F,False
6517_01,Earth,False,F/1350/P,PSO J318.5-22,32,False,388,0,0,439,0,Warry Bertiz,M,False
6520_01,Earth,False,G/1060/S,,19,False,0,4,0,1785,3,Erie Horndley,F,False
6522_01,Earth,False,F/1245/S,55 Cancri e,20,False,0,0,715,2,0,Breney Garden,M,True
6523_01,Earth,True,F/1246/S,PSO J318.5-22,20,False,0,0,0,0,0,Derine Bardina,F,True
6525_01,Earth,,F/1248/S,TRAPPIST-1e,21,False,0,20,1540,80,512,Neila Cardners,M,False
6525_02,Earth,True,G/1061/S,PSO J318.5-22,32,False,0,0,0,0,0,Mistie Cardners,F,True
6525_03,Earth,True,G/1061/S,TRAPPIST-1e,16,False,0,0,0,0,0,Raceky Cardners,M,True
6526_01,Earth,True,G/1056/P,TRAPPIST-1e,21,False,0,0,0,0,0,Raulia Larks,F,True
6526_02,Earth,False,G/1056/P,55 Cancri e,12,False,0,0,0,0,0,Robina Larks,M,False
6529_01,Earth,True,G/1063/S,PSO J318.5-22,21,False,0,0,0,0,0,Davis Williotters,F,True
6530_01,Mars,False,E/436/S,TRAPPIST-1e,31,False,127,76,976,118,0,Neysma Bun,M,False
6531_01,Earth,True,G/1064/S,55 Cancri e,18,False,0,0,0,0,,Rena Hineyley,F,True
6535_01,Mars,False,E/415/P,TRAPPIST-1e,35,False,771,0,183,0,0,Powl Cread,M,False
6539_01,Europa,False,C/242/S,TRAPPIST-1e,44,False,0,819,835,266,4056,Diskeh Hednigic,F,False
6540_01,Earth,False,G/1059/P,TRAPPIST-1e,13,False,0,671,0,8,0,Fany Cleminglas,M,True
6541_01,Earth,False,F/1356/P,TRAPPIST-1e,21,False,0,717,0,0,0,Monah Lowelliott,F,False
6544_01,Europa,False,C/243/S,TRAPPIST-1e,37,False,0,4616,339,2008,175,Taura Pumpeshaft,M,True
6545_01,Earth,False,F/1250/S,TRAPPIST-1e,,False,0,1362,0,1267,0,Bony Shieldson,F,True
6546_01,Earth,False,G/1060/P,TRAPPIST-1e,34,False,228,0,150,15,1,Bretty Pottonalden,M,False
6547_01,Mars,False,F/1358/P,55 Cancri e,21,False,861,0,310,0,0,Ale Pert,F,False
6548_01,Earth,False,G/1065/S,TRAPPIST-1e,38,False,395,1035,0,0,4,Stanya Kellyons,M,True
6549_01,Mars,False,F/1251/S,TRAPPIST-1e,31,False,1979,0,2,112,0,Eclass Flate,F,False
6549_02,Mars,False,D/198/S,TRAPPIST-1e,61,,1143,0,580,0,0,Llat Flate,M,False
6552_01,,False,G/1061/P,TRAPPIST-1e,20,False,0,564,25,158,62,Fayey Webstenson,F,False
6553_01,Earth,False,F/1360/P,PSO J318.5-22,39,False,0,0,0,0,744,Bel Phillis,M,False
6556_01,Mars,True,F/1362/P,TRAPPIST-1e,29,False,0,0,0,0,0,Nes Gine,F,True
6556_02,Mars,True,F/1362/P,55 Cancri e,68,False,0,0,0,0,0,Morms Gine,M,True
6557_01,Europa,False,E/417/P,55 Cancri e,38,False,0,201,0,1308,4085,Batares Airdring,F,False
6558_01,Earth,False,F/1363/P,TRAPPIST-1e,31,False,3,0,0,747,43,Philda Cleminglas,M,True
6560_01,Earth,False,F/1253/S,TRAPPIST-1e,41,False,699,0,0,2,31,Rhonya Reynoldez,F,True
6561_01,Europa,False,B/253/S,TRAPPIST-1e,29,False,19,4900,6,6324,2056,Aldeba Ainserfle,M,False
6561_02,,False,B/253/S,TRAPPIST-1e,25,False,0,0,0,0,0,Zavior Ainserfle,F,True
6562_01,Earth,False,F/1364/P,TRAPPIST-1e,27,False,0,0,23,30,815,Beathy Stephendsey,M,False
6563_01,Earth,False,F/1254/S,TRAPPIST-1e,21,False,0,0,845,4,470,Stenny Gainney,F,True
6563_02,Earth,False,G/1067/S,TRAPPIST-1e,30,False,0,123,0,1,784,Juanna Gainney,M,False
6565_01,Mars,False,E/437/S,TRAPPIST-1e,40,False,2081,1,0,0,25,Lakes Emead,F,False
6565_02,Mars,False,F/1255/S,TRAPPIST-1e,59,False,126,0,127,11,1393,Wors Emead,M,False
6567_01,Earth,True,G/1063/P,TRAPPIST-1e,35,False,0,0,0,0,0,Maryne Buchansen,F,False
6567_02,Earth,False,F/1365/P,TRAPPIST-1e,41,False,18,,35,0,845,Guadae Buchansen,M,False
6568_01,Earth,False,F/1366/P,55 Cancri e,36,False,695,,0,0,0,Ianya Jacostaney,F,False
6569_01,Earth,True,G/1064/P,55 Cancri e,58,False,0,,0,0,0,Loisey Slatessen,M,True
6570_01,Earth,False,G/1068/S,TRAPPIST-1e,27,False,0,0,0,908,0,Shard Brightez,F,False
6572_01,Earth,False,F/1256/S,TRAPPIST-1e,24,False,0,4,336,304,0,Geney Rothewson,M,False
6573_01,Earth,False,F/1257/S,TRAPPIST-1e,50,False,0,896,1,0,5,Emilla Mosepherry,F,True
6574_01,Europa,False,A/65/P,TRAPPIST-1e,22,False,0,335,0,818,3014,Nasliak Covetive,M,False
6578_01,Mars,True,E/438/S,TRAPPIST-1e,26,False,0,0,0,0,0,Weres Chcak,F,False
6578_02,Mars,True,F/1259/S,TRAPPIST-1e,16,False,0,0,0,0,0,Guits Stre,M,True
6580_01,Earth,False,G/1066/P,TRAPPIST-1e,56,False,0,605,0,179,0,Benry Peterstarks,F,False
6582_01,Europa,False,A/66/P,55 Cancri e,25,False,0,1538,97,530,35,Sitron Platch,M,False
6583_01,Europa,False,B/254/S,TRAPPIST-1e,13,False,0,100,12253,6,80,Charda Sunlove,F,True
6583_02,Europa,False,B/254/S,55 Cancri e,53,False,0,2606,0,1170,0,Zinon Asivetfuel,M,True
6585_01,Earth,True,G/1071/S,TRAPPIST-1e,21,False,0,0,0,0,0,Becca Hornettoney,F,True
6585_02,Earth,,F/1260/S,TRAPPIST-1e,18,False,289,1809,3,2,2,Raque Hornettoney,M,True
6588_01,Earth,False,G/1073/S,TRAPPIST-1e,38,False,115,125,0,202,0,Denne Moodsey,F,True
6588_02,Earth,True,G/1073/S,TRAPPIST-1e,20,False,0,0,0,0,0,Annon Moodsey,M,True
6590_01,Europa,True,B/217/P,TRAPPIST-1e,24,False,0,0,0,0,0,Gollux Nifficaus,F,False
6590_02,Europa,False,B/217/P,TRAPPIST-1e,56,False,0,13561,0,2,4088,Arkar Nifficaus,M,True
6591_01,Earth,False,F/1261/S,TRAPPIST-1e,47,False,285,600,3,0,640,Willy Mcfarleys,F,False
6592_01,Mars,True,F/1262/S,TRAPPIST-1e,21,False,0,0,0,0,0,Ranutz Meate,M,True
6593_01,Earth,False,F/1370/P,PSO J318.5-22,,False,0,67,661,0,0,Keitha Matts,F,True
6593_02,Earth,False,F/1370/P,TRAPPIST-1e,26,False,0,666,0,0,58,Scotty Matts,M,False
6594_01,Earth,True,G/1067/P,55 Cancri e,34,False,0,0,0,0,0,Jord Schmondez,F,True
6595_01,Earth,False,G/1074/S,TRAPPIST-1e,35,False,102,780,6,0,0,Tyle Simstravery,M,True
6598_01,Mars,True,F/1263/S,TRAPPIST-1e,35,False,0,0,0,0,0,Panter Mepie,F,True
6599_01,Europa,True,C/245/S,TRAPPIST-1e,49,False,0,,0,0,0,Kitak Esseal,M,True
6601_01,Earth,False,F/1372/P,TRAPPIST-1e,24,False,2,0,0,52,638,Debora Farrez,F,False
6602_01,Earth,False,F/1265/S,TRAPPIST-1e,62,False,94,267,2341,94,0,Davis Cookson,M,True
6603_01,Mars,False,D/208/P,TRAPPIST-1e,25,False,68,0,3700,0,0,Beres Conca,F,True
6604_01,Europa,True,C/205/P,55 Cancri e,42,False,0,0,0,0,0,Coxaron Unsive,M,True
6606_01,Earth,False,F/1266/S,PSO J318.5-22,25,False,166,0,520,0,0,Regana Kellyons,F,False
6608_01,Earth,False,F/1374/P,TRAPPIST-1e,21,False,588,0,17,0,1548,Brada Rochaserry,M,False
6609_01,Mars,True,E/420/P,TRAPPIST-1e,17,False,0,0,0,0,0,,,False
6611_01,Earth,False,E/421/P,55 Cancri e,41,False,635,0,7,0,0,Breney Philloway,M,True
6611_02,Earth,True,G/1069/P,TRAPPIST-1e,50,False,0,0,0,0,0,Briany Philloway,F,False
6611_03,Earth,False,F/1375/P,PSO J318.5-22,20,False,0,90,561,2,0,Nelley Philloway,M,True
6613_01,Earth,True,G/1078/S,TRAPPIST-1e,15,False,0,0,0,0,0,Darry Sawyerson,F,True
6614_01,Mars,True,F/1268/S,TRAPPIST-1e,29,False,0,0,0,0,0,Naffsh Katte,M,True
6616_01,Earth,False,F/1377/P,TRAPPIST-1e,20,False,2532,1,0,59,10,Janita Webstephrey,F,True
6618_01,Europa,False,C/246/S,TRAPPIST-1e,35,False,345,4514,0,0,421,Alsha Geneltic,M,True
6620_01,Earth,False,G/1079/S,PSO J318.5-22,22,False,0,115,273,,218,Allie Smalls,F,True
6621_01,Earth,False,F/1378/P,55 Cancri e,43,False,0,0,642,0,8,Jilly Summington,M,True
6622_01,Earth,False,G/1070/P,55 Cancri e,54,False,752,0,44,14,0,Coreen Lynnerett,F,False
6622_02,Earth,True,G/1070/P,TRAPPIST-1e,15,False,0,0,0,0,,Gwendy Lynnerett,M,True
6623_01,,True,B/218/P,55 Cancri e,38,False,,0,0,0,0,Saxinon Geraing,F,True
6624_01,Earth,False,G/1071/P,TRAPPIST-1e,44,False,1175,0,13,642,498,Oraryn Prickmantes,M,False
6625_01,Earth,True,G/1072/P,PSO J318.5-22,34,False,0,0,0,0,0,Derina Garden,F,True
6625_02,Earth,False,F/1379/P,55 Cancri e,15,False,3,854,23,0,0,Hughy Garden,M,False
6626_01,Earth,True,G/1073/P,TRAPPIST-1e,24,False,0,0,0,0,0,Herry Farrowns,F,False
6628_01,Earth,False,F/1381/P,TRAPPIST-1e,29,False,0,0,272,394,50,,,False
6630_01,Earth,False,F/1270/S,TRAPPIST-1e,19,False,0,1044,0,2,4,Valex Singlents,F,True
6631_01,Europa,,C/208/P,TRAPPIST-1e,27,False,0,1891,0,2167,0,Etamino Suasharic,M,False
6633_01,Europa,False,B/255/S,TRAPPIST-1e,26,False,0,0,0,0,0,Nunkib Motive,F,True
6634_01,Europa,True,B/219/P,55 Cancri e,46,False,0,0,0,0,0,Gorabih Dischod,M,True
6634_02,,True,,TRAPPIST-1e,64,False,0,0,0,0,0,Alasmon Dischod,F,True
6635_01,Europa,False,C/209/P,TRAPPIST-1e,17,False,0,1339,26,244,15,Giebara Entratable,M,False
6635_02,Europa,False,C/209/P,55 Cancri e,45,False,0,313,1791,414,1675,Nusakab Entratable,F,False
6637_01,Mars,False,F/1271/S,TRAPPIST-1e,27,False,1228,0,0,0,0,Tibers Sinda,M,False
6638_01,Earth,True,G/1074/P,TRAPPIST-1e,29,False,0,0,0,0,0,Scotty Hurchez,F,False
6639_01,Earth,True,G/1075/P,PSO J318.5-22,18,False,0,0,0,0,0,Nelsie Strony,M,True
6641_01,Europa,True,C/247/S,TRAPPIST-1e,26,False,0,0,0,0,0,Algork Diateous,F,True
6641_02,Europa,True,C/247/S,55 Cancri e,39,False,0,0,0,0,0,Coxak Diateous,M,True
6642_01,Earth,True,G/1081/S,TRAPPIST-1e,59,False,0,0,0,0,0,Andra Cohendright,F,True
6643_01,Earth,False,F/1272/S,TRAPPIST-1e,20,False,0,6,24,0,672,Hughy Foxter,M,False
6645_01,Earth,True,G/1083/S,55 Cancri e,17,False,0,0,0,0,0,Lanedy Scotterkins,F,True
6646_01,Earth,True,G/1084/S,TRAPPIST-1e,47,False,0,0,0,0,0,Eduard Campson,M,True
6647_01,Earth,False,F/1273/S,PSO J318.5-22,29,False,2,3,1501,26,0,Coreen Hermane,F,True
6649_01,Earth,False,F/1274/S,TRAPPIST-1e,16,False,,0,265,0,0,Andan Wartyson,M,False
6650_01,Earth,False,G/1077/P,TRAPPIST-1e,48,False,12,0,0,0,796,Joelan Beasleyes,F,False
6652_01,Earth,False,,PSO J318.5-22,39,False,0,69,29,424,18,Amyra Hersons,M,False
6654_01,Earth,True,G/1086/S,55 Cancri e,28,False,0,0,0,0,0,Inette Griffince,F,True
6654_02,Earth,True,G/1086/S,55 Cancri e,12,False,0,0,0,0,0,,,True
6654_03,Earth,True,G/1086/S,TRAPPIST-1e,24,False,0,0,,0,0,Ernice Griffince,F,True
6655_01,Mars,True,E/422/P,TRAPPIST-1e,30,False,0,0,0,0,0,Moss Raf,M,True
6656_01,Europa,True,B/221/P,TRAPPIST-1e,34,False,0,0,0,0,,Naviton Suarging,F,True
6659_01,Mars,,F/1383/P,TRAPPIST-1e,37,False,0,0,0,0,0,Jifes Stpie,M,True
6660_01,Earth,False,F/1384/P,TRAPPIST-1e,47,False,590,0,47,3,53,Debora Horndley,F,False
6662_01,Earth,False,G/1087/S,TRAPPIST-1e,0,False,0,0,0,0,0,Coryl Whitez,M,False
6662_02,Earth,,G/1087/S,TRAPPIST-1e,23,False,0,0,0,0,0,Dianie Whitez,F,True
6662_03,Earth,True,G/1087/S,55 Cancri e,0,False,0,0,0,0,0,Tonnie Blange,M,True
6663_01,Earth,False,G/1079/P,TRAPPIST-1e,20,False,402,25,9,373,0,Almara Hickerson,F,False
6663_02,Earth,False,F/1385/P,TRAPPIST-1e,35,False,90,0,655,43,16,Blanie Hickerson,M,False
6664_01,Earth,False,G/1088/S,TRAPPIST-1e,18,False,0,0,827,0,0,Annaha Barnoldeney,F,True
6665_01,Europa,True,B/222/P,55 Cancri e,17,False,0,0,0,0,0,Alraium Disivering,M,True
6665_02,Europa,False,B/222/P,TRAPPIST-1e,18,False,4,1337,0,0,182,Sabireo Disivering,F,False
6665_03,Europa,False,B/222/P,TRAPPIST-1e,53,False,0,0,0,0,0,Tachba Disivering,M,True
6665_04,Europa,False,B/222/P,55 Cancri e,35,False,0,2504,0,0,5496,Saiphda Disivering,F,False
6667_01,Europa,True,C/248/S,TRAPPIST-1e,48,False,0,0,0,0,0,Avijava Cisorter,M,True
6668_01,Earth,False,G/1089/S,TRAPPIST-1e,68,False,0,0,649,0,239,,,True
6668_02,Earth,False,G/1089/S,TRAPPIST-1e,27,False,17,65,74,1548,18,Craine Walston,M,False
6669_01,Earth,False,E/423/P,55 Cancri e,28,False,32,0,304,291,2,Delley Kiddley,F,True
6670_01,Earth,False,F/1278/S,TRAPPIST-1e,37,False,864,35,0,0,0,Nancey Burchard,M,False
6671_01,Mars,True,F/1279/S,TRAPPIST-1e,35,False,0,0,,0,0,Docks Mare,F,True
6671_02,Mars,False,F/1279/S,TRAPPIST-1e,31,False,1002,0,,0,0,Tot Mare,M,True
6671_03,Mars,False,E/440/S,55 Cancri e,14,False,1880,0,15,0,0,Salros Mare,F,False
6672_01,Mars,False,F/1387/P,TRAPPIST-1e,1,False,0,0,0,0,0,Oafron Deva,M,True
6672_02,Mars,False,F/1387/P,55 Cancri e,4,False,0,0,0,0,0,Panbug Deva,F,True
6672_03,Mars,False,E/424/P,PSO J318.5-22,30,False,77,71,1147,0,0,Sweal Deva,M,False
6672_04,Mars,True,F/1387/P,TRAPPIST-1e,11,False,0,0,0,0,0,Coass Deva,F,True
6673_01,Earth,False,E/425/P,TRAPPIST-1e,45,False,1595,0,0,0,13,Sonnie Phillis,M,False
6674_01,Europa,False,E/426/P,TRAPPIST-1e,29,False,0,841,0,1733,11,Wezna Swirring,F,False
6674_02,Europa,True,E/426/P,TRAPPIST-1e,32,False,,0,0,0,0,Meron Slowatic,M,True
6674_03,Europa,,E/426/P,55 Cancri e,15,False,0,0,0,0,0,Sheratz Slowatic,F,True
6674_04,Europa,True,E/426/P,TRAPPIST-1e,25,False,0,0,0,0,0,Acruxon Swirring,M,True
6674_05,Europa,False,E/426/P,TRAPPIST-1e,25,False,0,4,0,1525,475,Jihda Swirring,F,False
6675_01,Earth,,F/1388/P,TRAPPIST-1e,60,False,707,24,0,0,170,Derry Gouldensen,M,False
6675_02,Earth,False,E/427/P,PSO J318.5-22,24,False,61,0,0,0,1495,,,False
6676_01,Europa,True,D/200/S,TRAPPIST-1e,35,False,0,0,0,0,0,Errak Ourcul,M,True
6680_01,Earth,False,G/1082/P,TRAPPIST-1e,36,False,,361,512,34,0,Letta Puckley,F,True
6681_01,Earth,False,F/1280/S,55 Cancri e,22,False,0,833,381,0,12,Belly Lerez,M,True
6683_01,Earth,True,G/1083/P,PSO J318.5-22,32,False,0,0,0,0,0,Patsyn Coolerson,F,True
6684_01,Europa,False,C/210/P,TRAPPIST-1e,57,False,0,218,0,8522,0,Geons Exhaft,M,False
6684_02,Europa,False,C/210/P,TRAPPIST-1e,30,,0,,335,143,764,Ziba Exhaft,F,True
6684_03,Europa,False,C/210/P,TRAPPIST-1e,46,False,0,370,0,2395,1638,Duhrkab Exhaft,M,False
6691_01,Earth,False,F/1390/P,TRAPPIST-1e,28,False,62,202,542,0,,Pamont Schwardson,F,True
6692_01,Europa,True,B/256/S,55 Cancri e,26,False,0,0,0,0,0,Sino Syncepul,M,True
6693_01,Earth,False,E/428/P,TRAPPIST-1e,55,False,0,0,719,274,0,Cinda Cleman,F,False
6694_01,Earth,True,G/1084/P,TRAPPIST-1e,66,False,0,0,,0,0,Ger Mcneiley,M,True
6697_01,Earth,False,G/1085/P,,20,False,0,1,34,0,774,Mariel Irwines,F,False
6698_01,Earth,False,F/1393/P,PSO J318.5-22,31,False,239,321,0,0,124,Julion Hayersents,M,False
6699_01,Mars,False,E/429/P,TRAPPIST-1e,13,False,0,0,0,0,0,Powhex Paie,F,False
6702_01,Earth,True,G/1087/P,TRAPPIST-1e,50,False,0,0,0,0,0,Dell Carverson,M,True
6706_01,Europa,True,B/224/P,TRAPPIST-1e,21,False,0,0,0,0,0,Asellah Dishocatal,F,True
6706_02,Europa,True,B/224/P,TRAPPIST-1e,25,False,0,0,0,0,0,Arix Dishocatal,M,True
6707_01,Earth,True,G/1091/S,TRAPPIST-1e,46,False,0,0,0,0,0,Scotte Thomason,F,True
6708_01,Europa,False,A/67/P,TRAPPIST-1e,0,False,0,0,0,0,0,Muonons Sysilstict,M,True
6708_02,Europa,False,A/67/P,TRAPPIST-1e,2,False,0,0,0,0,,,,True
6708_03,Europa,False,A/67/P,TRAPPIST-1e,36,False,994,526,0,7,1279,Furuson Sysilstict,M,False
6708_04,Europa,True,A/67/P,55 Cancri e,19,False,0,0,0,0,0,Elebi Sysilstict,F,True
6708_05,Europa,True,A/67/P,55 Cancri e,35,False,0,0,0,0,0,Ashird Sysilstict,M,True
6708_06,Europa,True,A/67/P,55 Cancri e,41,True,0,0,0,0,,Shamak Sysilstict,F,True
6709_01,Earth,True,G/1092/S,TRAPPIST-1e,22,False,0,0,0,0,,Lanedy Antoshipson,M,True
6711_01,Mars,False,D/210/P,TRAPPIST-1e,25,True,,280,714,0,0,Igrish Perle,F,False
6713_01,Earth,False,F/1395/P,55 Cancri e,24,False,700,0,0,0,0,Raulia Sweene,M,False
6718_01,Earth,False,G/1088/P,TRAPPIST-1e,37,False,18,238,0,528,0,Dawne Mcfaddoxter,F,False
6718_02,Earth,True,G/1088/P,TRAPPIST-1e,5,False,0,0,0,0,0,Timmy Mcfaddoxter,M,False
6718_03,Earth,True,G/1088/P,TRAPPIST-1e,,False,0,0,0,0,0,Garlie Mcfaddoxter,F,True
6719_01,Mars,True,F/1396/P,TRAPPIST-1e,41,False,0,0,0,0,0,Panter Cres,M,True
6720_01,Europa,False,A/81/S,TRAPPIST-1e,44,False,0,0,0,0,0,Genubik Guieroolow,F,True
6721_01,Earth,,G/1095/S,TRAPPIST-1e,23,False,0,0,0,0,0,Lan Cleminglas,M,True
6722_01,Europa,True,E/445/S,55 Cancri e,28,False,0,0,0,0,0,Phargak Dicely,F,True
6722_02,Europa,False,E/445/S,55 Cancri e,27,False,0,33,9,1847,2035,Saleh Dicely,M,False
6722_03,Europa,True,E/445/S,55 Cancri e,40,False,0,0,0,0,0,Skyrmak Dicely,F,True
6724_01,Europa,True,C/213/P,55 Cancri e,27,False,0,0,0,0,0,Jihoton Haftent,M,True
6724_02,Europa,True,C/213/P,55 Cancri e,17,False,0,0,0,0,0,Scelava Haftent,F,True
6725_01,Europa,False,C/214/P,TRAPPIST-1e,32,False,0,390,60,5015,211,Caphira Cratrave,M,False
6726_01,Earth,False,G/1089/P,TRAPPIST-1e,29,False,68,74,713,37,15,Lillia Dyers,F,True
6727_01,Earth,False,G/1090/P,TRAPPIST-1e,29,False,0,316,0,,338,Andyn Humphreyes,M,True
6729_01,Europa,False,A/82/S,TRAPPIST-1e,41,False,0,371,0,1701,21,Becruxa Dedometeel,F,False
6729_02,Europa,True,A/82/S,55 Cancri e,48,False,0,0,0,0,0,Izarkar Dedometeel,M,True
6729_03,Europa,False,A/82/S,TRAPPIST-1e,27,False,2664,15,0,109,2,Rassias Brathful,F,False
6730_01,Earth,False,G/1096/S,TRAPPIST-1e,14,False,0,6,791,49,0,Dell Kerristicey,M,True
6731_01,Earth,False,F/1397/P,TRAPPIST-1e,32,False,3135,2,0,0,0,Tin Rochan,F,False
6734_01,Europa,False,C/249/S,55 Cancri e,47,False,0,2699,0,671,8,Pleion Sparsaxle,M,True
6734_02,Europa,True,C/249/S,55 Cancri e,14,False,0,0,0,0,0,Shail Sparsaxle,F,True
6734_03,Europa,True,C/249/S,55 Cancri e,37,True,0,0,0,0,0,Alhaino Sparsaxle,M,True
6734_04,Europa,True,C/249/S,55 Cancri e,33,False,0,0,0,0,0,Wein Sparsaxle,F,True
6736_01,Mars,False,D/203/S,,33,False,1373,0,23,920,6,Frunk Erry,M,True
6739_01,Earth,False,G/1097/S,TRAPPIST-1e,44,False,0,714,174,0,0,Ninaha Stantiagord,F,True
6741_01,Earth,False,G/1098/S,TRAPPIST-1e,37,False,0,1190,4,455,71,Heald Reyersendry,M,True
6741_02,Earth,,F/1286/S,PSO J318.5-22,18,,103,0,181,1611,22,Jeandy Reyersendry,F,False
6742_01,Earth,False,F/1287/S,TRAPPIST-1e,33,False,1288,2,0,0,1,Elanie Talls,M,True
6744_01,Mars,False,F/1399/P,TRAPPIST-1e,21,False,1244,0,1119,0,3,Blakes Nan,F,False
6744_02,Mars,False,F/1399/P,TRAPPIST-1e,38,False,1717,16,39,0,48,Ane Nan,M,False
6744_03,Mars,False,D/212/P,55 Cancri e,16,False,1337,0,2614,0,0,Crick Nan,F,False
6744_04,Mars,True,E/431/P,TRAPPIST-1e,58,False,0,,0,0,0,Frus Nan,M,False
6744_05,Mars,False,E/431/P,TRAPPIST-1e,41,False,1203,756,140,0,0,Row Nan,F,False
6745_01,Earth,False,F/1400/P,PSO J318.5-22,28,False,545,0,501,0,0,Jimmyn Mcinton,M,False
6746_01,Earth,True,G/1092/P,TRAPPIST-1e,28,False,0,0,0,0,0,Luison Mcinton,F,True
6747_01,Europa,True,C/215/P,TRAPPIST-1e,31,False,,0,0,0,0,Duhrak Alaxed,M,True
6748_01,Mars,True,F/1289/S,TRAPPIST-1e,27,False,0,0,0,,0,Cank Scake,F,True
6748_02,Mars,False,F/1289/S,TRAPPIST-1e,7,False,0,0,0,0,,Gra Scake,M,True
6748_03,Mars,False,F/1289/S,TRAPPIST-1e,25,False,1610,29,6,0,0,Gut Scake,F,False
6748_04,Mars,False,D/205/S,TRAPPIST-1e,34,False,470,0,,45,539,Moss Scake,M,False
6749_01,Earth,False,G/1093/P,TRAPPIST-1e,21,False,0,13,813,0,0,Luzel Barrelliver,F,True
6750_01,Earth,False,G/1094/P,TRAPPIST-1e,29,False,0,95,424,1,364,Rona Goody,M,False
6751_01,Mars,True,F/1290/S,TRAPPIST-1e,23,False,0,0,0,0,0,Trisp Berle,F,True
6751_02,Mars,True,E/446/S,TRAPPIST-1e,31,False,0,0,0,0,0,Fal Berle,M,False
6753_01,Europa,True,B/226/P,TRAPPIST-1e,50,False,0,0,0,0,0,Stra Frablerly,F,True
6753_02,Europa,False,B/226/P,TRAPPIST-1e,25,False,0,0,0,0,0,Aldibi Frablerly,M,False
6754_01,Europa,False,C/250/S,TRAPPIST-1e,25,True,0,4209,0,2,896,Marin Gealably,F,True
6756_01,Earth,False,F/1402/P,TRAPPIST-1e,23,False,0,0,12,726,19,Winia Pittson,M,False
6756_02,Earth,False,G/1095/P,PSO J318.5-22,46,False,0,0,743,4,6,Monah Pittson,F,True
6756_03,Earth,False,G/1095/P,TRAPPIST-1e,0,False,0,0,0,0,0,Melvia Pittson,M,True
6757_01,Mars,False,F/1292/S,TRAPPIST-1e,53,False,1964,0,635,0,0,Eaturs Dato,F,False
6758_01,Earth,False,F/1403/P,55 Cancri e,25,False,76,600,0,0,25,Sanney Gaineyerson,M,False
6760_01,Mars,False,F/1404/P,PSO J318.5-22,30,False,51,0,1373,0,5,Shex Pri,F,True
6761_01,Mars,True,F/1405/P,TRAPPIST-1e,18,False,0,0,0,0,0,Nute Curte,M,True
6761_02,Mars,False,E/432/P,TRAPPIST-1e,20,False,0,0,0,0,0,Neysma Horte,F,False
6762_01,Earth,False,F/1293/S,55 Cancri e,54,False,0,704,0,0,0,Monard Jenkinnedy,M,False
6763_01,Earth,False,G/1097/P,TRAPPIST-1e,20,False,0,97,725,26,104,Bonyam Berges,F,True
6764_01,Mars,False,F/1294/S,TRAPPIST-1e,32,False,2937,60,696,0,0,Single Rake,M,False
6764_02,Mars,False,F/1294/S,TRAPPIST-1e,31,False,76,0,2398,102,23,Supix Rake,F,True
6765_01,Mars,True,F/1295/S,TRAPPIST-1e,55,False,0,0,0,0,0,Lifes Fache,M,True
6766_01,Earth,False,G/1098/P,PSO J318.5-22,16,False,399,0,3,0,137,Viviay Nieldson,F,False
6766_02,Earth,True,G/1098/P,TRAPPIST-1e,0,,0,0,0,0,0,Carita Warrishales,M,True
6766_03,Earth,True,G/1098/P,TRAPPIST-1e,3,False,0,0,0,0,0,Reneen Warrishales,F,True
6773_01,Earth,False,F/1407/P,TRAPPIST-1e,33,False,47,0,0,,3047,Scotte Greeves,M,False
6774_01,Earth,True,G/1100/P,TRAPPIST-1e,45,False,0,0,,0,0,Jord Steinardson,F,True
6774_02,Earth,True,G/1100/P,TRAPPIST-1e,6,False,0,0,0,0,0,Donnie Steinardson,M,False
6774_03,Earth,False,F/1408/P,TRAPPIST-1e,33,False,0,0,704,0,0,Tancis Steinardson,F,False
6775_01,Earth,True,G/1101/S,55 Cancri e,14,False,0,0,0,0,0,,,True
6776_01,Earth,False,F/1409/P,55 Cancri e,24,False,1,0,0,691,0,Alancy Mcgoway,F,False
6778_01,Earth,False,F/1299/S,TRAPPIST-1e,47,False,0,758,0,0,1417,Brada Fielson,M,False
6779_01,Europa,False,B/258/S,TRAPPIST-1e,37,False,0,7920,270,1,322,Terope Busive,F,True
6779_02,Europa,True,B/258/S,55 Cancri e,14,False,,0,0,0,0,Alhail Stioutody,M,True
6779_03,Europa,True,B/258/S,TRAPPIST-1e,44,False,0,0,0,0,0,Tabanar Stioutody,F,True
6779_04,Europa,False,B/258/S,TRAPPIST-1e,11,False,0,0,0,0,0,Altara Stioutody,M,True
6780_01,Europa,True,C/251/S,55 Cancri e,15,False,0,0,0,0,0,Antinon Plaricit,F,True
6780_02,Europa,False,C/251/S,TRAPPIST-1e,39,False,2167,30,1472,,0,Eltan Plaricit,M,True
6782_01,Earth,False,F/1300/S,PSO J318.5-22,15,False,,0,533,72,0,Samany Ments,F,False
6784_01,Earth,False,G/1102/S,55 Cancri e,60,False,0,0,0,8,698,Allena Currisones,M,False
6784_02,Earth,False,G/1102/S,TRAPPIST-1e,49,False,0,366,0,0,401,Rosey Currisones,F,True
6786_01,Earth,False,F/1410/P,PSO J318.5-22,23,False,8,173,0,1052,0,Jeret Hendrewsons,M,False
6787_01,Earth,False,F/1411/P,TRAPPIST-1e,9,False,0,0,0,0,0,Iney Booneid,F,True
6787_02,Earth,,F/1411/P,TRAPPIST-1e,0,False,0,0,0,0,0,Helean Booneid,M,False
6787_03,Earth,False,F/1411/P,TRAPPIST-1e,17,False,108,4,1898,13,0,Therta Hurchanney,F,False
6787_04,Earth,True,F/1411/P,PSO J318.5-22,42,False,0,0,0,0,0,Cassa Booneid,M,True
6787_05,Earth,True,F/1411/P,TRAPPIST-1e,16,False,0,0,,0,,Reneen Booneid,F,True
6787_06,Earth,False,F/1411/P,55 Cancri e,0,False,0,0,0,0,0,Joelan Booneid,M,True
6787_07,Earth,False,F/1411/P,TRAPPIST-1e,26,False,113,38,0,0,630,Vandy Booneid,F,False
6788_01,Earth,False,G/1103/P,TRAPPIST-1e,56,False,2,736,0,71,0,Glenna Weberton,M,False
6789_01,Mars,False,D/213/P,55 Cancri e,26,False,866,0,0,0,0,Widous Mone,F,True
6792_01,Mars,False,F/1412/P,TRAPPIST-1e,41,False,145,0,2383,30,40,Razzle Reate,M,True
6794_01,Mars,False,D/206/S,TRAPPIST-1e,27,False,20,0,1000,36,0,Slig Conie,F,True
6796_01,Earth,False,G/1104/P,TRAPPIST-1e,31,False,470,0,0,182,52,Arlen Kellyons,M,False
6798_01,Earth,False,F/1414/P,TRAPPIST-1e,40,False,3,0,61,0,742,Therly Jacostarks,F,True
6799_01,Europa,True,C/252/S,55 Cancri e,40,False,0,0,0,0,0,Terops Namsheary,M,True
6800_01,Earth,True,G/1105/P,TRAPPIST-1e,15,False,0,0,0,0,0,Luise Krampbelles,F,True
6801_01,Europa,False,B/259/S,TRAPPIST-1e,50,True,0,7293,136,97,440,Syrmino Imprank,M,True
6802_01,Europa,False,A/68/P,55 Cancri e,42,False,1751,516,0,12,672,Eleb Disteady,F,False
6805_01,Europa,False,E/449/S,TRAPPIST-1e,50,False,52,996,0,700,1,Alathim Suasharic,M,False
6806_01,Earth,False,G/1104/S,TRAPPIST-1e,39,False,14,583,310,0,0,Anniey Gallenry,F,True
6808_01,Earth,False,F/1416/P,TRAPPIST-1e,27,False,0,,192,38,599,Yolas Santantines,M,False
6810_01,Mars,True,E/450/S,TRAPPIST-1e,20,False,0,0,0,0,0,Yots Knik,F,True
6810_02,Mars,False,E/450/S,TRAPPIST-1e,30,False,768,11,2010,0,0,Cruses Knik,M,True
6810_03,Mars,True,,TRAPPIST-1e,16,False,,0,0,0,0,Cings Knik,F,True
6810_04,,True,E/450/S,TRAPPIST-1e,36,False,0,0,0,0,0,Shex Knik,M,True
6810_05,Mars,True,E/450/S,55 Cancri e,68,False,0,0,0,0,0,Dors Knik,F,True
6813_01,Earth,False,F/1417/P,55 Cancri e,22,False,38,19,348,217,115,Thell Newtontoss,M,False
6814_01,Mars,False,E/451/S,55 Cancri e,36,False,1339,6,7810,0,0,Flark Potte,F,True
6816_01,Earth,True,G/1108/P,55 Cancri e,3,False,0,0,0,0,0,Allyny Ewiseston,M,False
6816_02,Earth,False,G/1108/P,TRAPPIST-1e,28,,944,0,0,0,75,Hilly Ewiseston,F,False
6816_03,Earth,True,G/1108/P,PSO J318.5-22,32,False,0,0,0,0,0,Enrie Mcfarley,M,True
6816_04,Earth,False,G/1108/P,TRAPPIST-1e,10,False,0,0,0,0,0,Troyce Ewiseston,F,True
6816_05,Earth,True,G/1108/P,55 Cancri e,0,False,0,0,0,0,0,Lerion Ewiseston,M,False
6816_06,Earth,True,G/1108/P,TRAPPIST-1e,9,False,0,0,0,0,0,Evey Ewiseston,F,True
6817_01,Earth,False,F/1304/S,TRAPPIST-1e,37,False,21,54,5,178,431,Adria Bakericks,M,False
6818_01,Earth,False,F/1418/P,TRAPPIST-1e,31,False,32,2667,0,0,9,Bra Midtt,F,True
6820_01,Earth,False,F/1419/P,TRAPPIST-1e,31,False,,0,0,1490,0,Dianie Dickman,M,False
6821_01,Earth,False,F/1420/P,TRAPPIST-1e,43,False,142,1208,0,0,204,Landa Grifford,F,False
6822_01,Earth,False,F/1305/S,TRAPPIST-1e,15,False,0,532,29,0,163,Moniey Bradamss,M,False
6824_01,Earth,False,G/1108/S,TRAPPIST-1e,58,False,,0,0,444,0,Milyla Burker,F,True
6825_01,Mars,True,F/1306/S,,30,False,0,0,0,0,0,Peefox Kinad,M,True
6825_02,Mars,False,F/1306/S,TRAPPIST-1e,24,False,3481,0,1236,2,256,,,False
6826_01,Earth,False,G/1109/S,TRAPPIST-1e,49,False,0,69,92,1600,15,Elle Harrenoldez,M,False
6827_01,Europa,False,A/84/S,55 Cancri e,73,False,181,1,840,2618,1949,Dirk Listive,F,False
6827_02,Europa,True,A/84/S,TRAPPIST-1e,14,False,0,0,0,0,0,Coxaton Listive,M,True
6827_03,Europa,True,A/84/S,TRAPPIST-1e,50,False,0,0,0,0,0,Zinoces Listive,F,True
6827_04,Europa,,A/84/S,TRAPPIST-1e,12,False,0,0,0,0,0,Alramak Listive,M,True
6829_01,Earth,True,G/1109/P,TRAPPIST-1e,2,False,0,0,0,0,0,Ine Hubbarrison,F,True
6829_02,Earth,False,G/1109/P,TRAPPIST-1e,49,False,355,449,8,0,0,Arllia Hubbarrison,M,False
6829_03,Earth,True,G/1109/P,TRAPPIST-1e,32,False,0,0,0,0,0,Enryn Hubbarrison,F,False
6831_01,Earth,True,G/1111/P,TRAPPIST-1e,,False,0,0,0,0,0,Violan Holson,M,False
6832_01,Mars,True,F/1421/P,TRAPPIST-1e,33,False,0,0,0,0,0,Quid Wala,F,True
6833_01,Earth,False,E/452/S,,23,False,7,0,0,716,800,Sta Mccarveymon,M,True
6834_01,Earth,True,G/1111/S,TRAPPIST-1e,23,False,0,0,0,0,,Sonald Coolez,F,True
6837_01,Mars,True,E/435/P,TRAPPIST-1e,43,False,0,0,0,0,0,Cireal Carté,M,True
6839_01,Earth,False,F/1307/S,TRAPPIST-1e,36,False,1912,0,0,2,0,Ellena Fryan,F,False
6840_01,Mars,True,F/1422/P,TRAPPIST-1e,26,False,0,0,0,0,0,Clow Sake,M,True
6841_01,Mars,True,E/454/S,55 Cancri e,29,False,,0,0,0,0,Tekris Meate,F,True
6843_01,Europa,True,B/260/S,TRAPPIST-1e,21,False,0,,0,0,0,Acceleb Rimplighty,M,True
6843_02,Europa,True,B/260/S,55 Cancri e,30,False,0,0,0,0,0,Saxinon Rimplighty,F,True
6844_01,Mars,False,E/455/S,55 Cancri e,23,False,71,0,1376,0,890,Chones Brin,M,False
6848_01,Europa,True,D/214/P,TRAPPIST-1e,13,False,0,0,0,0,0,Marinon Ambleetive,F,True
6850_01,Earth,False,F/1424/P,TRAPPIST-1e,22,,735,138,,0,0,Adamy Wolferton,M,False
6850_02,Earth,True,G/1113/P,PSO J318.5-22,25,False,0,0,0,0,0,Weslie Wolferton,F,False
6850_03,Earth,False,E/436/P,TRAPPIST-1e,52,False,2,46,800,0,773,Brancy Wolferton,M,False
6851_01,Earth,False,E/456/S,TRAPPIST-1e,22,False,0,752,18,0,18,Glorey Bookerson,F,True
6853_01,Europa,False,C/218/P,55 Cancri e,31,False,0,1604,4058,4094,124,Menkaa Cathome,M,False
6854_01,Mars,False,E/437/P,TRAPPIST-1e,23,False,3211,4,243,0,0,Graw Bate,F,False
6857_01,Earth,False,F/1310/S,PSO J318.5-22,35,False,22,0,1179,0,33,Jenn Jenson,M,False
6858_01,Europa,True,B/229/P,TRAPPIST-1e,26,False,0,0,0,0,0,Asteron Spandisket,F,True
6858_02,Europa,True,B/229/P,TRAPPIST-1e,14,False,0,0,0,0,0,Kabiak Spandisket,M,True
6858_03,Europa,False,B/229/P,55 Cancri e,39,False,0,60,0,310,4674,Zinopus Spandisket,F,False
6858_04,Europa,False,B/229/P,,8,False,0,0,0,0,0,Taura Spandisket,M,True
6859_01,Earth,True,G/1113/S,PSO J318.5-22,29,False,0,0,0,0,0,Blancy Harry,F,True
6861_01,Earth,True,G/1114/S,PSO J318.5-22,15,False,0,0,0,0,0,Iney Lambucketty,M,True
6862_01,Earth,True,G/1115/S,TRAPPIST-1e,48,False,0,0,0,0,0,Diandi Mcfaddennon,F,True
6862_02,Earth,False,G/1115/S,TRAPPIST-1e,9,False,0,0,0,0,0,Dianie Mcfaddennon,M,False
6863_01,Earth,False,F/1311/S,TRAPPIST-1e,25,False,0,10,909,0,17,Franda Patrichane,F,False
6864_01,Europa,True,A/71/P,TRAPPIST-1e,13,False,0,0,0,0,0,Aske Scoudelle,M,True
6864_02,Europa,True,A/71/P,55 Cancri e,25,,0,0,0,0,0,Phamark Scoudelle,F,True
6865_01,Europa,False,D/208/S,TRAPPIST-1e,27,,69,2878,0,4232,3798,Thabih Peducting,M,False
6865_02,Europa,True,D/208/S,TRAPPIST-1e,32,False,0,0,0,0,0,Errim Peducting,F,True
6866_01,Europa,False,C/253/S,55 Cancri e,20,False,0,17958,99,14,57,Gork Hetforhaft,M,True
6866_02,Europa,False,C/253/S,55 Cancri e,40,False,6103,7570,860,13117,192,Dscha Hetforhaft,F,False
6868_01,Earth,False,F/1427/P,TRAPPIST-1e,18,False,0,18,73,2134,25,Jerek Brookenson,M,False
6869_01,Earth,False,F/1428/P,TRAPPIST-1e,21,False,0,0,901,3,0,Megany Philloway,F,False
6871_01,Earth,False,G/1116/S,TRAPPIST-1e,38,False,190,1,616,0,,Faithy Rickson,M,True
6873_01,Europa,False,A/72/P,55 Cancri e,62,False,362,1049,46,104,829,Mesarix Hervel,F,True
6879_01,Earth,True,G/1119/S,TRAPPIST-1e,23,False,0,0,0,0,0,Joyces Englence,M,True
6880_01,Mars,False,F/1315/S,TRAPPIST-1e,48,True,2191,0,172,1,0,Dunch Mepie,F,False
6880_02,Mars,True,E/457/S,TRAPPIST-1e,27,False,0,0,0,0,0,Gacke Mepie,M,False
6882_01,Mars,True,F/1430/P,55 Cancri e,32,False,0,0,0,0,0,Rail Dake,F,True
6882_02,Mars,False,E/438/P,TRAPPIST-1e,53,False,0,0,0,0,0,Giamon Dake,M,False
6883_01,Earth,False,G/1120/S,TRAPPIST-1e,26,False,0,0,1,0,398,Evaned Wolferguson,F,True
6885_01,Mars,True,F/1316/S,TRAPPIST-1e,46,False,,0,0,0,0,Whee Vloaf,M,True
6887_01,Earth,False,G/1122/S,TRAPPIST-1e,32,False,0,326,31,5,545,Beathy Patrichane,F,False
6889_01,Earth,False,F/1317/S,,40,False,862,0,0,0,59,Sallie Santuez,M,False
6891_01,Mars,False,D/215/P,TRAPPIST-1e,27,False,725,0,1660,0,0,Treynx Casty,F,True
6892_01,Earth,,F/1318/S,TRAPPIST-1e,28,False,0,669,0,1,2,Cellex Merkins,M,True
6893_01,Europa,True,B/261/S,TRAPPIST-1e,29,False,0,0,0,0,0,Winork Dreamspric,F,True
6894_01,Mars,True,F/1319/S,TRAPPIST-1e,37,False,0,0,0,0,0,,,True
6894_02,Mars,False,F/1319/S,TRAPPIST-1e,0,False,0,0,0,0,0,Otlios Hacle,F,True
6894_03,Mars,False,F/1319/S,TRAPPIST-1e,12,,0,0,0,0,0,Risps Hacle,M,True
6895_01,Europa,False,C/220/P,TRAPPIST-1e,25,False,0,4612,0,2585,1919,Ainon Conachets,F,False
6896_01,Mars,False,E/459/S,TRAPPIST-1e,,False,473,0,575,0,0,Stote Khake,M,False
6896_02,Mars,False,F/1320/S,TRAPPIST-1e,3,False,0,0,0,0,0,Goats Khake,F,True
6896_03,Mars,False,F/1320/S,TRAPPIST-1e,9,False,0,0,0,0,0,Dies Khake,M,True
6898_01,Europa,False,,55 Cancri e,27,False,146,3786,490,0,18,Gemmark Bootious,F,True
6899_01,Europa,False,A/73/P,TRAPPIST-1e,59,False,0,0,0,0,0,Anyonon Coweboded,M,True
6899_02,Europa,,A/73/P,TRAPPIST-1e,24,False,0,0,0,0,0,Ruchban Coweboded,F,False
6900_01,Earth,True,G/1123/S,TRAPPIST-1e,16,False,0,0,0,0,0,Kyley Hendrys,M,True
6901_01,Mars,False,F/1321/S,TRAPPIST-1e,16,False,501,974,1164,0,0,Anch Opie,F,False
6902_01,Europa,True,D/217/P,TRAPPIST-1e,46,False,0,0,0,0,0,Strali Idalpus,M,True
6903_01,Earth,False,F/1431/P,PSO J318.5-22,25,False,0,1428,0,1483,0,Gabrin Woodwinez,F,False
6905_01,Earth,False,F/1322/S,TRAPPIST-1e,39,False,130,741,0,0,0,Vana Acobson,M,False
6905_02,Earth,False,E/460/S,TRAPPIST-1e,15,False,0,0,0,938,44,Lilasa Acobson,F,False
6905_03,Earth,False,F/1322/S,55 Cancri e,16,False,43,3,750,0,0,Gaylah Acobson,M,True
6906_01,Mars,False,F/1432/P,TRAPPIST-1e,35,False,1719,4389,1015,0,14,Elix Pelte,F,True
6906_02,Mars,False,E/440/P,55 Cancri e,43,False,528,13,1583,11,0,Apies Bun,M,False
6906_03,Mars,True,F/1432/P,TRAPPIST-1e,7,False,0,0,0,0,0,Sesh Pelte,F,True
6907_01,Earth,True,G/1117/P,TRAPPIST-1e,29,False,0,0,0,0,0,Louisa Mcmahoney,M,True
6908_01,Europa,False,C/254/S,TRAPPIST-1e,60,False,0,960,46,854,17074,Sheleon Swinvul,F,False
6910_01,Earth,False,G/1124/S,TRAPPIST-1e,49,False,173,0,18,580,1,Carry Johnsondez,M,False
6911_01,Mars,False,F/1323/S,TRAPPIST-1e,50,False,118,0,1041,0,0,Powhex Sutte,F,True
6912_01,Europa,False,C/221/P,TRAPPIST-1e,40,False,0,120,0,2814,318,Weino Slomed,M,False
6913_01,Mars,True,F/1324/S,TRAPPIST-1e,49,False,0,0,0,0,0,Slus Hacle,F,True
6913_02,Mars,False,E/461/S,,18,False,1988,0,95,0,0,Cakers Hacle,M,False
6915_01,Mars,True,F/1325/S,TRAPPIST-1e,29,False,0,0,0,0,0,Chrets Conca,F,True
6917_01,Mars,False,F/1433/P,TRAPPIST-1e,56,True,995,0,177,0,739,Proos Horte,M,False
6918_01,Earth,True,G/1126/S,PSO J318.5-22,29,False,0,0,0,0,0,Neilda Barris,F,True
6920_01,Earth,False,E/462/S,TRAPPIST-1e,29,False,0,10,0,5,975,Verek Wolferguson,M,False
6921_01,Europa,False,C/255/S,TRAPPIST-1e,22,False,0,1914,2090,100,0,Sadrix Stersetery,F,True
6921_02,Europa,True,C/255/S,55 Cancri e,24,False,0,0,0,,0,Eleron Fordulgaug,M,True
6921_03,Europa,False,C/255/S,TRAPPIST-1e,23,False,69,6101,0,0,214,Grum Stersetery,F,True
6921_04,Europa,False,C/255/S,TRAPPIST-1e,28,True,0,14076,0,928,372,Dsch Stersetery,M,True
6921_05,Europa,True,C/255/S,55 Cancri e,19,False,0,0,0,0,0,Arrain Fordulgaug,F,True
6921_06,Europa,False,C/255/S,TRAPPIST-1e,32,False,0,89,0,8330,1,Azhah Stersetery,M,False
6924_01,Earth,False,G/1127/S,TRAPPIST-1e,37,False,0,0,0,0,0,Lilasa Solon,F,True
6925_01,Earth,False,G/1120/P,TRAPPIST-1e,26,False,0,0,677,1,108,Juanie Hayerson,M,False
6926_01,,False,F/1435/P,TRAPPIST-1e,43,False,1944,17,657,0,0,Smals Birt,F,True
6928_01,Earth,False,E/463/S,TRAPPIST-1e,25,False,439,0,0,557,0,Dont Bookerson,M,False
6928_02,Earth,False,G/1128/S,TRAPPIST-1e,11,False,0,0,0,0,0,Jodye Bookerson,F,False
6929_01,Earth,False,G/1122/P,TRAPPIST-1e,4,False,0,0,0,0,0,Nelly Llovers,M,True
6929_02,Earth,True,G/1122/P,TRAPPIST-1e,32,False,0,0,0,0,0,Natha Llovers,F,True
6929_03,Earth,False,E/441/P,TRAPPIST-1e,15,False,9,776,4,0,2,Tricki Llovers,M,True
6930_01,Earth,True,G/1129/S,TRAPPIST-1e,17,False,0,0,0,0,0,Letta Howayery,F,True
6931_01,Europa,True,C/222/P,55 Cancri e,37,False,0,0,0,0,0,Spurin Amonsmane,M,True
6932_01,Earth,False,G/1130/S,TRAPPIST-1e,20,False,559,0,83,112,0,Shaele Ewiseston,F,True
6934_01,Mars,False,F/1436/P,TRAPPIST-1e,47,False,160,0,1232,36,0,Cats Nutty,M,True
6934_02,Mars,False,E/443/P,55 Cancri e,16,False,1228,0,450,446,,Bleark Nutty,F,False
6937_01,Earth,True,G/1131/S,TRAPPIST-1e,8,False,0,0,0,0,0,Robyna Petton,M,True
6939_01,Earth,False,G/1124/P,TRAPPIST-1e,22,False,245,0,0,661,1,Blanie Bears,F,False
6940_01,Mars,False,F/1326/S,TRAPPIST-1e,39,False,9,0,687,0,0,Goats Steen,M,True
6943_01,Europa,True,B/262/S,55 Cancri e,57,False,0,0,0,0,0,Mirakis Dynatic,F,True
6944_01,Europa,True,C/223/P,TRAPPIST-1e,29,False,0,0,0,0,0,Alzird Gented,M,True
6945_01,Europa,True,B/263/S,55 Cancri e,,False,0,0,0,0,0,Schird Sophaft,F,True
6946_01,Earth,False,F/1439/P,TRAPPIST-1e,70,False,28,0,0,672,104,Samany Buckson,M,False
6947_01,Europa,True,B/264/S,TRAPPIST-1e,13,False,0,0,0,0,0,Becruxa Coudered,F,True
6947_02,Europa,False,B/264/S,TRAPPIST-1e,49,False,0,1757,0,797,567,Cellum Obnoble,M,True
6949_01,Earth,False,E/464/S,55 Cancri e,25,False,0,12,851,19,103,Lolas Dillestron,F,False
6950_01,Europa,True,B/265/S,55 Cancri e,19,False,0,0,0,0,0,Alurops Pringry,M,True
6950_02,Europa,True,B/265/S,55 Cancri e,15,False,0,0,0,0,0,Medib Pringry,F,True
6951_01,Europa,False,D/219/P,TRAPPIST-1e,37,False,26,2898,9,0,40,Vegas Lendly,M,True
6951_02,Europa,True,D/219/P,TRAPPIST-1e,,False,0,0,0,0,0,Mares Beling,F,True
6954_01,Mars,False,E/445/P,TRAPPIST-1e,28,,1998,0,13,87,0,Blug Flie,M,False
6954_02,,False,E/445/P,TRAPPIST-1e,22,False,969,47,23,134,0,Weet Flie,F,False
6957_01,Europa,False,B/266/S,TRAPPIST-1e,26,False,135,2080,7,34,84,Minoton Sloweber,M,True
6960_01,Earth,False,G/1135/S,PSO J318.5-22,25,False,60,0,0,0,777,Allyn Bonnondry,F,False
6962_01,Earth,False,G/1136/S,TRAPPIST-1e,19,False,0,0,0,804,5,Dona Gibbsonton,M,False
6963_01,Mars,False,F/1328/S,TRAPPIST-1e,20,False,3839,57,1967,4,2,Soyos Boste,F,False
6964_01,Earth,False,F/1444/P,55 Cancri e,35,False,0,71,631,0,0,Lilasa Thonyderson,M,False
6966_01,Earth,False,F/1446/P,TRAPPIST-1e,37,False,951,0,0,80,0,Leneva Freevenson,F,False
6967_01,Europa,False,C/256/S,55 Cancri e,37,False,0,9965,0,5697,676,Winon Oilpfulle,M,False
6968_01,Earth,False,F/1447/P,TRAPPIST-1e,13,False,0,114,682,0,7,Dandra Yanton,F,False
6968_02,Earth,False,F/1447/P,PSO J318.5-22,20,False,0,,0,0,1318,Randa Yanton,M,False
6970_01,Mars,False,,TRAPPIST-1e,65,,3358,1,12,0,0,Ret Gin,F,False
6970_02,Mars,False,E/465/S,,29,False,456,230,363,0,0,Coakey Pread,M,False
6971_01,Europa,False,C/225/P,TRAPPIST-1e,0,False,0,0,0,0,,Alcoran Distured,F,True
6971_02,Europa,False,C/225/P,TRAPPIST-1e,4,False,0,0,0,0,0,Chard Distured,M,True
6971_03,Europa,True,C/225/P,TRAPPIST-1e,19,False,0,0,0,0,0,Alkaida Distured,F,True
6971_04,Europa,True,C/225/P,55 Cancri e,17,False,0,0,0,0,0,Asteron Distured,M,True
6971_05,Europa,False,C/225/P,55 Cancri e,28,False,0,4173,0,33,420,Schird Pretive,F,True
6971_06,Europa,False,C/225/P,55 Cancri e,28,False,0,160,0,1538,1426,Terfak Distured,M,False
6972_01,,False,G/1126/P,TRAPPIST-1e,21,False,0,0,0,43,667,Terina Jenson,F,False
6973_01,Earth,False,E/466/S,PSO J318.5-22,45,False,1,15,44,0,1541,Hary Owerson,M,False
6976_01,Earth,False,G/1127/P,TRAPPIST-1e,21,False,27,,782,0,0,Annya Talls,F,True
6977_01,Earth,True,G/1137/S,PSO J318.5-22,20,False,0,0,0,0,0,Rankie Burker,M,True
6977_02,Earth,False,G/1137/S,TRAPPIST-1e,38,False,0,806,3,0,0,Jeret Burker,F,True
6978_01,Earth,False,E/446/P,55 Cancri e,24,False,0,893,0,4,8,Gwendy Chardsonnon,M,True
6979_01,Earth,False,E/447/P,TRAPPIST-1e,22,False,712,6,70,0,0,Arla Morelly,F,False
6980_01,,False,F/1331/S,TRAPPIST-1e,44,False,3,0,33,769,0,Stevey Reilline,M,True
6981_01,Earth,False,F/1332/S,PSO J318.5-22,41,False,0,0,0,0,628,Joanny Cainghannon,F,False
6982_01,Earth,True,G/1128/P,TRAPPIST-1e,21,False,0,0,0,0,0,Johna Garnes,M,True
6984_01,Mars,False,F/1450/P,TRAPPIST-1e,26,False,1967,0,116,,0,Diedow Hake,F,False
6984_02,Mars,True,F/1450/P,TRAPPIST-1e,54,False,0,0,0,0,0,Peefox Hake,M,True
6984_03,Mars,False,F/1450/P,TRAPPIST-1e,19,False,1962,0,1,641,0,Cupers Hake,F,False
6985_01,,False,G/1138/S,TRAPPIST-1e,32,False,0,243,0,0,776,Erie Barris,M,False
6987_01,Earth,True,G/1139/S,TRAPPIST-1e,,False,0,0,0,0,0,Willey Moongton,F,True
6988_01,Europa,False,C/226/P,TRAPPIST-1e,26,,554,1307,32,93,1553,Quarkib Obnoftle,M,False
6988_02,Europa,False,C/226/P,TRAPPIST-1e,28,False,0,4340,0,186,0,Azharga Obnoftle,F,True
6990_01,Earth,False,,PSO J318.5-22,21,False,1,22,0,649,2,Lison Franton,M,False
6991_01,Europa,False,B/233/P,55 Cancri e,38,False,0,692,0,3587,0,Kabiton Disivering,F,False
6991_02,Europa,True,B/233/P,TRAPPIST-1e,43,False,0,0,0,0,,Spurin Disivering,M,True
6992_01,,False,G/1131/P,,12,False,0,0,0,0,0,Walles Bakerrison,F,False
6992_02,Earth,True,G/1131/P,TRAPPIST-1e,25,,0,0,0,0,0,Lavey Bakerrison,M,False
6992_03,Earth,True,G/1131/P,TRAPPIST-1e,27,False,0,0,0,0,0,Murie Bakerrison,F,True
6994_01,Europa,True,B/267/S,TRAPPIST-1e,22,False,0,0,0,0,0,Bellus Obeaded,M,True
6994_02,Europa,False,B/267/S,TRAPPIST-1e,20,False,0,275,1690,580,5499,Alwaide Bagetvable,F,False
6995_01,Earth,False,F/1334/S,55 Cancri e,24,False,0,58,618,0,41,Stany Hamberterry,M,False
6996_01,Earth,False,F/1452/P,55 Cancri e,34,False,0,442,175,79,3,Tricki Whitledges,F,False
6997_01,Mars,False,D/220/P,TRAPPIST-1e,42,False,1058,0,0,0,0,Vulark Sfin,M,False
6997_02,Mars,False,F/1453/P,TRAPPIST-1e,24,False,2261,0,95,10,0,Weet Sfin,F,False
6998_01,Earth,False,F/1454/P,TRAPPIST-1e,28,False,0,0,285,136,337,Irmark Griffy,M,False
6999_01,Mars,False,E/449/P,TRAPPIST-1e,29,False,907,0,0,142,0,Mites Buth,F,False
7001_01,Europa,True,D/213/S,TRAPPIST-1e,31,False,0,0,0,0,0,Majora Guieroolow,M,True
7002_01,Earth,False,G/1141/S,TRAPPIST-1e,29,False,888,0,1,0,0,Rickie Mickersones,F,False
7004_01,Earth,False,F/1337/S,55 Cancri e,14,False,,1,400,297,0,Karena Woodwardy,M,False
7005_01,Earth,False,F/1338/S,55 Cancri e,16,False,0,17,1211,0,25,Card Castron,F,True
7006_01,,True,G/1142/S,PSO J318.5-22,16,False,0,0,0,0,0,Tammyl Fuenton,M,True
7007_01,Europa,False,E/450/P,TRAPPIST-1e,27,False,0,2897,659,485,11,Luxons Bradissive,F,True
7007_02,Europa,False,E/450/P,TRAPPIST-1e,,False,0,996,0,726,813,Fomam Bradissive,M,False
7008_01,Earth,False,F/1339/S,TRAPPIST-1e,23,False,779,7,9,9,0,Berta Philliames,F,False
7010_01,Earth,False,G/1143/S,,16,False,418,195,100,88,90,Naomin Quinnerettt,M,False
7010_02,Earth,False,F/1340/S,TRAPPIST-1e,30,False,0,6,0,0,1435,,,True
7011_01,Earth,False,F/1455/P,TRAPPIST-1e,24,False,468,0,163,0,0,Coreee Wagnerray,M,False
7013_01,Earth,True,G/1144/S,TRAPPIST-1e,36,False,0,0,0,0,0,Fayene Lardy,F,True
7014_01,Europa,False,C/257/S,55 Cancri e,25,False,0,3512,20,24,1459,Edar Speery,M,True
7015_01,Europa,True,C/227/P,TRAPPIST-1e,29,False,0,0,0,0,0,Geons Geadle,F,True
7016_01,Earth,True,G/1132/P,PSO J318.5-22,21,False,0,0,0,0,0,Sadine Rosalanenn,M,False
7017_01,Earth,True,G/1133/P,TRAPPIST-1e,26,False,0,0,0,0,0,Netty Watkinsley,F,True
7018_01,Mars,False,E/467/S,TRAPPIST-1e,30,False,0,0,0,0,0,Set Sturt,M,False
7019_01,Earth,False,F/1457/P,TRAPPIST-1e,31,False,0,0,717,0,0,Fayen Nasquez,F,False
7019_02,Earth,False,F/1457/P,TRAPPIST-1e,20,False,0,750,957,0,722,Kurta Nasquez,M,False
7020_01,Earth,True,G/1145/S,TRAPPIST-1e,,False,0,0,0,0,0,All Buckson,F,True
7021_01,Earth,True,G/1146/S,55 Cancri e,33,False,0,0,0,0,0,Loree Lerez,M,True
7022_01,Europa,False,D/215/S,TRAPPIST-1e,35,False,0,5552,6,8,226,Wimps Bleling,F,True
7022_02,Europa,False,D/215/S,TRAPPIST-1e,46,False,0,664,0,2,2177,Mesonon Bleling,M,False
7025_01,Earth,True,G/1147/S,TRAPPIST-1e,63,False,0,0,0,0,0,Des Willangsey,F,True
7026_01,Europa,False,A/86/S,55 Cancri e,37,False,0,1678,0,36,3128,Alpha Amonsmane,M,False
7027_01,Earth,False,E/451/P,TRAPPIST-1e,23,,26,266,404,0,0,Jonaye Ashipeck,F,True
7028_01,Earth,False,G/1148/S,55 Cancri e,5,False,0,0,0,0,0,Dandra Reyervaney,M,True
7028_02,Earth,True,G/1148/S,TRAPPIST-1e,16,False,0,,0,0,0,Eduard Reyervaney,F,True
7029_01,Earth,False,F/1458/P,TRAPPIST-1e,20,False,0,0,2330,120,0,Eriney Cardsay,M,True
7029_02,Earth,True,F/1458/P,PSO J318.5-22,49,False,0,0,0,0,0,Tine Cardsay,F,False
7031_01,Earth,False,G/1135/P,TRAPPIST-1e,3,False,0,0,0,0,0,Mamina Mcphernard,M,True
7032_01,Earth,False,F/1459/P,TRAPPIST-1e,41,,0,176,414,133,0,Dorie Roachez,F,False
7034_01,Mars,False,F/1341/S,TRAPPIST-1e,,False,1216,0,30,43,0,Walmon Curle,M,False
7036_01,Earth,True,G/1136/P,TRAPPIST-1e,14,False,0,0,0,0,0,Glena Fryan,F,True
7037_01,Mars,False,D/216/S,TRAPPIST-1e,26,False,782,0,0,2503,1,Caper Lacke,M,False
7038_01,Earth,True,G/1137/P,TRAPPIST-1e,51,False,0,0,0,0,0,Dwin Dorsenry,F,False
7039_01,Earth,False,F/1461/P,PSO J318.5-22,36,False,56,,81,0,468,Toddie Benney,M,False
7040_01,Earth,True,G/1150/S,TRAPPIST-1e,16,False,0,0,0,0,0,Gileen Mcphernard,F,True
7041_01,Mars,True,F/1343/S,TRAPPIST-1e,18,False,0,0,0,0,0,Picers Panie,M,True
7042_01,Earth,True,G/1138/P,PSO J318.5-22,48,False,0,0,,0,0,Elson Quinnerry,F,False
7044_01,Mars,False,D/221/P,TRAPPIST-1e,24,False,235,0,1642,1042,229,Losp Reake,M,False
7045_01,Mars,False,D/222/P,55 Cancri e,19,False,1043,0,138,0,0,Range Bara,F,False
7047_01,Earth,True,G/1152/S,55 Cancri e,21,False,0,0,0,0,0,Ryany Wilderssen,M,True
7048_01,Earth,False,F/1462/P,TRAPPIST-1e,24,False,332,9,356,0,0,Weney Freevenson,F,False
7049_01,Earth,True,G/1153/S,TRAPPIST-1e,21,False,0,0,0,0,0,Nelly Gallencis,M,True
7050_01,Earth,False,F/1344/S,TRAPPIST-1e,13,False,0,999,0,0,4,Ally Mcintons,F,True
7051_01,Mars,False,D/223/P,TRAPPIST-1e,39,False,42,0,352,1,369,Jele Mad,M,False
7052_01,Europa,,E/469/S,55 Cancri e,27,False,0,0,0,0,0,Terons Stranbeate,F,True
7053_01,Earth,,F/1463/P,PSO J318.5-22,23,False,64,4,0,1125,,Benny Mayson,M,False
7056_01,Europa,False,D/217/S,55 Cancri e,43,False,0,2093,0,3409,30,Alramix Secont,F,False
7057_01,Mars,False,F/1346/S,TRAPPIST-1e,19,False,3332,878,926,781,0,Graven Lacke,M,False
7058_01,Mars,True,F/1347/S,55 Cancri e,30,False,0,0,,0,0,Hal Bane,F,True
7059_01,Earth,True,G/1154/S,TRAPPIST-1e,52,False,0,0,0,0,0,Jord Steeletters,M,True
7060_01,Earth,False,G/1155/S,TRAPPIST-1e,35,False,2224,,105,1,0,Dorie Rigginson,F,False
7061_01,Earth,False,G/1156/S,TRAPPIST-1e,16,False,4,1666,0,35,40,Celina Kellson,M,True
7062_01,Earth,False,F/1464/P,TRAPPIST-1e,21,False,0,13,0,720,170,Benda Fryan,F,False
7068_01,Earth,False,F/1350/S,PSO J318.5-22,45,False,0,0,0,0,595,Irmark Mcfaddenson,M,False
7069_01,Earth,False,E/472/S,TRAPPIST-1e,22,False,0,125,0,663,0,,,False
7069_02,Earth,True,G/1159/S,55 Cancri e,,False,0,0,0,0,0,Essara Kellynn,M,False
7069_03,Earth,False,G/1159/S,TRAPPIST-1e,0,False,0,0,0,0,0,Ericky Waltonnedy,F,True
7071_01,Earth,False,G/1160/S,PSO J318.5-22,63,False,526,2,0,0,0,Wilmay Bushallert,M,False
7072_01,Earth,False,F/1351/S,PSO J318.5-22,56,False,1,2,0,102,,Karah Harverez,F,False
7073_01,Earth,True,G/1161/S,TRAPPIST-1e,40,False,0,0,0,0,,Glena Hahnstonsen,M,True
7074_01,Earth,True,G/1162/S,TRAPPIST-1e,1,False,0,0,0,0,0,Leria Denashipson,F,True
7074_02,Earth,False,F/1352/S,TRAPPIST-1e,24,False,0,,3,797,5,Tyrony Denashipson,M,False
7077_01,Earth,False,F/1353/S,TRAPPIST-1e,36,False,21,0,844,0,0,Idarry Oneidson,F,False
7078_01,Earth,False,G/1163/S,TRAPPIST-1e,13,False,244,0,100,423,14,Hard Wartyson,M,False
7079_01,Earth,False,F/1354/S,55 Cancri e,13,False,0,722,0,37,8,Violey Woodwinton,F,False
7080_01,Earth,True,G/1140/P,55 Cancri e,37,False,0,0,0,0,0,Jonaye Carpennels,M,True
7082_01,Earth,False,E/473/S,TRAPPIST-1e,44,False,143,47,0,717,87,Benew Carezquez,F,False
7083_01,Europa,True,C/259/S,TRAPPIST-1e,32,False,0,0,0,0,0,Betenar Pirejus,M,True
7083_02,Europa,,C/259/S,55 Cancri e,57,False,0,0,0,0,0,Minoton Pirejus,F,True
7084_01,Earth,False,F/1355/S,55 Cancri e,26,False,0,158,0,0,912,Faithy Hunterton,M,False
7085_01,Mars,False,F/1466/P,TRAPPIST-1e,62,False,453,1,1911,0,0,Stech Pread,F,False
7085_02,Mars,True,F/1466/P,55 Cancri e,2,False,0,0,0,0,0,Kokrus Pread,M,True
7085_03,Mars,True,F/1466/P,TRAPPIST-1e,1,False,0,0,0,0,0,Latsts Purle,F,True
7086_01,Earth,False,F/1467/P,TRAPPIST-1e,24,False,590,0,1,168,16,Juline Hamcmahon,M,False
7087_01,Earth,True,G/1141/P,TRAPPIST-1e,1,False,0,0,0,0,0,Dennie Moreman,F,True
7088_01,Earth,False,F/1468/P,TRAPPIST-1e,63,False,0,742,0,125,3,Rossie Berges,M,False
7089_01,Europa,False,D/218/S,TRAPPIST-1e,20,False,1040,2487,0,174,182,Antinon Inging,F,True
7090_01,Earth,False,F/1469/P,TRAPPIST-1e,15,False,0,610,267,,0,Samie Wiggs,M,False
7091_01,Earth,True,G/1142/P,TRAPPIST-1e,32,False,0,0,0,0,0,Cassa Garrincent,F,True
7092_01,Earth,False,F/1470/P,TRAPPIST-1e,24,False,61,397,185,1,0,Sall Gaineyerson,M,True
7093_01,Earth,True,G/1143/P,TRAPPIST-1e,32,False,0,0,0,0,0,Annya Patthews,F,False
7094_01,Europa,False,E/454/P,TRAPPIST-1e,36,False,10,2478,2080,19,328,Preo Sloweber,M,True
7095_01,Earth,True,G/1144/P,PSO J318.5-22,13,False,0,0,0,0,0,Nichad Patteraley,F,True
7096_01,Europa,True,C/260/S,TRAPPIST-1e,29,False,0,0,0,0,0,Nunkib Tashal,M,True
7096_02,Europa,False,C/260/S,TRAPPIST-1e,27,False,0,14,0,0,2325,Tauria Tashal,F,False
7096_03,Europa,True,C/260/S,TRAPPIST-1e,30,False,0,0,0,0,0,Aspica Tashal,M,True
7097_01,Europa,False,A/75/P,55 Cancri e,27,False,0,44,4761,5,41,Altanin Dedometeel,F,True
7097_02,Europa,False,A/75/P,TRAPPIST-1e,14,False,0,3124,40,219,189,Kumark Dedometeel,M,False
7097_03,Europa,False,A/75/P,TRAPPIST-1e,32,True,527,1863,0,417,2905,Giedia Dedometeel,F,False
7097_04,Europa,False,A/75/P,55 Cancri e,33,True,0,16,12,2349,12,Sulah Poilsive,M,False
7098_01,Earth,False,F/1356/S,TRAPPIST-1e,35,False,3,0,651,0,78,Joanny Guerson,F,True
7099_01,Earth,False,F/1471/P,55 Cancri e,21,False,301,,19,0,0,Elicey Warrison,M,False
7104_01,,False,C/228/P,TRAPPIST-1e,57,False,906,22,0,8293,391,Taurah Regmansidy,F,False
7104_02,Europa,False,C/228/P,TRAPPIST-1e,42,,159,4387,2,3,485,Alatrix Regmansidy,M,True
7105_01,,False,F/1473/P,55 Cancri e,20,False,0,6,552,20,0,Idarry Norrison,F,True
7106_01,Mars,True,F/1357/S,TRAPPIST-1e,18,False,0,0,0,0,0,Oalls Derry,M,True
7109_01,Europa,False,B/268/S,55 Cancri e,49,False,0,7683,0,13016,0,Goros Healted,F,False
7110_01,Earth,False,F/1358/S,PSO J318.5-22,23,False,0,3,0,0,546,Lyney Berges,M,False
7111_01,Mars,False,F/1359/S,TRAPPIST-1e,24,False,1058,0,0,280,0,Pon Sche,F,False
7113_01,Earth,False,F/1361/S,TRAPPIST-1e,24,False,0,0,0,0,757,Kris Simstravery,M,False
7113_02,Earth,False,F/1361/S,55 Cancri e,23,False,9,1,0,492,109,Ivanne Simstravery,F,True
7114_01,Earth,False,F/1362/S,TRAPPIST-1e,24,False,0,489,21,0,184,Camiet Ricklaney,M,False
7116_01,Earth,True,G/1146/P,PSO J318.5-22,26,False,0,0,0,0,0,Allyny Burchard,F,False
7117_01,Europa,True,B/236/P,55 Cancri e,28,False,0,0,0,0,0,Alasmon Secont,M,True
7118_01,Earth,False,F/1475/P,PSO J318.5-22,17,False,0,1381,2,0,0,Jimmya Campson,F,False
7119_01,Earth,False,F/1476/P,TRAPPIST-1e,20,False,415,479,0,1019,239,Blancy Morrows,M,False
7120_01,Earth,False,F/1363/S,TRAPPIST-1e,22,False,0,0,0,0,1201,Joandy Rutler,F,False
7121_01,Europa,True,B/269/S,55 Cancri e,23,False,0,0,0,0,0,Alkurak Dressink,M,True
7121_02,Europa,True,B/269/S,55 Cancri e,22,False,0,0,0,0,0,Pulchib Dressink,F,True
7126_01,Earth,False,F/1366/S,,29,False,3,0,664,683,34,Ivaney Giller,M,False
7127_01,Europa,False,B/237/P,TRAPPIST-1e,,False,0,4155,0,1368,42,Dira Belstrut,F,False
7127_02,Europa,True,B/237/P,TRAPPIST-1e,31,False,0,0,,0,0,Okulk Belstrut,M,True
7128_01,Europa,False,B/238/P,55 Cancri e,37,False,1,4462,1,9206,3,Mirara Catimod,F,False
7128_02,Europa,False,B/238/P,55 Cancri e,44,False,0,4322,3,153,52,Raston Dightent,M,True
7128_03,Europa,False,B/238/P,55 Cancri e,34,False,0,2612,1,131,2714,Polah Dightent,F,False
7132_01,Earth,False,G/1165/S,55 Cancri e,23,False,602,0,0,0,24,Dandy Hamcmahon,M,False
7133_01,Earth,False,F/1368/S,TRAPPIST-1e,18,False,457,0,11,335,0,Tammyl Delangleton,F,False
7134_01,Earth,True,G/1148/P,PSO J318.5-22,18,False,0,0,0,0,0,Heidie Kimpson,M,True
7137_01,Earth,False,F/1479/P,TRAPPIST-1e,23,False,,134,482,,27,Gabrin Duffmaney,F,False
7140_01,Earth,False,F/1371/S,TRAPPIST-1e,18,False,0,10,0,0,738,Ninald Fryersonis,M,False
7142_01,Mars,False,E/474/S,TRAPPIST-1e,22,False,0,0,1128,0,45,Muew Pre,F,False
7142_02,Mars,False,E/474/S,TRAPPIST-1e,10,False,0,0,0,0,0,Gibil Pre,M,True
7142_03,Mars,True,E/474/S,TRAPPIST-1e,,False,0,0,0,0,0,Peefox Pre,F,False
7143_01,Mars,False,F/1372/S,TRAPPIST-1e,31,False,907,0,437,2,0,Losp Buche,M,False
7144_01,Earth,True,G/1150/P,TRAPPIST-1e,48,False,0,0,0,0,0,Heald Snowaney,F,False
7148_01,Europa,False,A/87/S,55 Cancri e,51,True,0,287,0,1442,66,Ranark Patimonne,M,True
7149_01,Mars,True,F/1482/P,PSO J318.5-22,25,False,0,0,0,0,0,Clech Dato,F,True
7151_01,Mars,False,E/459/P,TRAPPIST-1e,32,False,288,0,592,670,40,Tops Chen,M,False
7152_01,Earth,False,G/1167/S,TRAPPIST-1e,8,False,0,0,0,0,0,Diandi Domington,F,True
7152_02,Earth,True,G/1167/S,PSO J318.5-22,49,False,0,0,0,0,0,Royce Domington,M,True
7155_01,Earth,False,F/1375/S,PSO J318.5-22,28,False,0,0,0,669,16,Troyra Cames,F,False
7156_01,Mars,False,E/475/S,TRAPPIST-1e,3,False,0,0,0,0,0,Lig Ramad,M,True
7156_02,Mars,False,E/475/S,TRAPPIST-1e,,False,0,0,0,0,0,Repart Ramad,F,True
7156_03,Mars,True,E/475/S,TRAPPIST-1e,31,False,0,0,0,0,0,Pigars Ramad,M,True
7156_04,Mars,False,E/475/S,TRAPPIST-1e,11,False,0,0,0,0,0,Mele Ramad,F,True
7157_01,Mars,True,,TRAPPIST-1e,27,False,0,0,0,0,0,Unchex Must,M,True
7157_02,Mars,False,D/219/S,TRAPPIST-1e,33,False,1631,0,754,0,0,Terek Must,F,False
7159_01,Europa,True,C/263/S,PSO J318.5-22,32,False,0,0,0,0,0,Alrairk Perable,M,True
7160_01,Earth,True,G/1152/P,TRAPPIST-1e,20,False,0,0,0,0,0,Pennie Headardyer,F,True
7161_01,Europa,False,E/476/S,TRAPPIST-1e,33,False,0,3624,0,1537,498,Schyon Gealably,M,False
7162_01,Earth,,F/1485/P,TRAPPIST-1e,65,False,43,21,22,50,731,Bland Pernard,F,False
7165_01,Mars,True,F/1377/S,TRAPPIST-1e,18,False,0,0,0,0,0,Hal Walé,M,True
7166_01,Mars,False,F/1378/S,TRAPPIST-1e,19,False,862,0,5,2032,0,Cinst Purte,F,False
7167_01,Europa,False,B/270/S,55 Cancri e,33,False,0,3676,0,1743,1,Dyonif Noxnuther,M,True
7168_01,Earth,False,G/1168/S,TRAPPIST-1e,,False,0,11,793,0,84,Duana Mccard,F,True
7170_01,Earth,True,G/1154/P,PSO J318.5-22,31,False,0,0,0,0,0,Hellia Peckerson,M,False
7171_01,Earth,True,G/1155/P,TRAPPIST-1e,37,False,0,0,0,0,0,Stancy Wardendez,F,True
7173_01,Earth,True,G/1156/P,PSO J318.5-22,19,False,0,0,0,0,0,Cline Alldson,M,True
7175_01,Earth,False,F/1486/P,TRAPPIST-1e,18,False,0,0,773,0,4,Lulah Ramoran,F,False
7176_01,Europa,True,C/232/P,55 Cancri e,47,False,0,0,0,0,0,Caston Chhaft,M,True
7176_02,Europa,False,C/232/P,TRAPPIST-1e,26,False,0,6050,0,662,920,Kochard Chhaft,F,False
7176_03,Europa,False,C/232/P,TRAPPIST-1e,25,False,0,3590,0,27,0,Sadlami Chhaft,M,True
7177_01,Earth,False,F/1380/S,TRAPPIST-1e,38,,102,12,14,669,0,Curtle Medington,F,False
7179_01,Earth,False,E/460/P,TRAPPIST-1e,53,False,3,2251,0,95,12,Denis Mullon,M,True
7180_01,Earth,False,E/478/S,TRAPPIST-1e,38,False,0,338,0,453,0,Tany Cardners,F,False
7181_01,Mars,True,F/1488/P,TRAPPIST-1e,28,False,0,0,,0,0,Unchal Date,M,True
7182_01,Earth,False,,TRAPPIST-1e,46,False,438,283,944,0,355,Jacki Ricews,F,False
7184_01,Earth,False,G/1170/S,TRAPPIST-1e,18,False,3,688,0,0,23,Eriana Barnoldeney,M,True
7186_01,Europa,True,E/461/P,TRAPPIST-1e,14,False,0,0,0,0,0,Aske Pretive,F,True
7186_02,Europa,,E/461/P,TRAPPIST-1e,32,False,0,1369,29,662,22,Alpha Mosteraked,M,False
7186_03,Europa,False,E/461/P,TRAPPIST-1e,44,False,0,0,16,72,4304,Weias Mosteraked,F,False
7187_01,Earth,True,G/1158/P,PSO J318.5-22,28,False,0,0,0,0,0,Agnesa Olshaffey,M,True
7188_01,Europa,False,C/233/P,TRAPPIST-1e,2,False,0,0,0,0,0,Muonus Imingle,F,True
7188_02,Europa,False,C/233/P,TRAPPIST-1e,28,False,0,2896,46,5248,8169,Taura Imingle,M,False
7188_03,Europa,True,C/233/P,TRAPPIST-1e,27,True,0,0,0,0,0,Halsham Imingle,F,True
7189_01,Europa,True,C/234/P,TRAPPIST-1e,29,False,0,0,0,0,0,Auvara Cowtale,M,True
7190_01,Earth,True,G/1171/S,55 Cancri e,14,False,0,0,0,,0,Lilace Rutler,F,True
7191_01,Earth,False,F/1490/P,TRAPPIST-1e,14,False,0,0,766,0,0,Wenny Bushafford,M,False
7192_01,Earth,True,G/1172/S,TRAPPIST-1e,17,False,0,0,0,0,0,Geney Hayertez,F,True
7193_01,Earth,False,F/1381/S,TRAPPIST-1e,35,False,150,0,96,638,0,Vanez Whitersone,M,True
7194_01,Earth,False,F/1382/S,,36,False,0,129,0,177,444,Raque Waterson,F,False
7197_01,Mars,False,F/1383/S,TRAPPIST-1e,51,False,106,1942,115,,0,Grake Chica,M,False
7199_01,Earth,False,G/1174/S,TRAPPIST-1e,54,False,1,0,109,,1,Lewise Bardinard,F,False
7200_01,Europa,False,C/264/S,TRAPPIST-1e,37,False,300,3434,0,1,171,Aldah Coustive,M,True
7202_01,Earth,False,E/462/P,TRAPPIST-1e,37,False,541,38,713,316,0,Idave Burksson,F,False
7203_01,Earth,False,E/463/P,TRAPPIST-1e,24,False,1,194,0,0,632,Jorgie Reenon,M,True
7205_01,Mars,False,F/1386/S,TRAPPIST-1e,,False,1030,0,158,0,28,Chees Flake,F,False
7206_01,Earth,False,F/1387/S,TRAPPIST-1e,38,False,622,1319,42,1,444,Dell Daughessey,M,False
7207_01,Earth,True,G/1160/P,TRAPPIST-1e,28,False,0,0,0,0,0,Lynney Burksson,F,True
7208_01,Earth,False,G/1161/P,TRAPPIST-1e,0,False,0,0,0,0,0,Nelle Gibbsonton,M,True
7208_02,Earth,False,F/1492/P,TRAPPIST-1e,16,False,23,479,0,0,373,Alene Gibbsonton,F,False
7210_01,Earth,False,F/1493/P,TRAPPIST-1e,25,False,0,0,879,0,0,Jonard Puckenton,M,False
7214_01,Earth,,F/1389/S,55 Cancri e,22,False,30,0,690,41,0,Sethew Garzaley,F,True
7215_01,Mars,True,F/1494/P,TRAPPIST-1e,24,False,0,0,0,0,0,Sceros Erte,M,True
7216_01,Earth,False,E/464/P,PSO J318.5-22,37,False,501,0,179,1,0,Gerte Owery,F,True
7217_01,Mars,False,F/1495/P,TRAPPIST-1e,21,False,21,0,874,226,0,Bleda Pead,M,True
7218_01,Europa,False,B/271/S,,53,False,0,0,0,0,0,Bosoneb Urablele,F,True
7219_01,Europa,False,C/235/P,TRAPPIST-1e,0,False,0,0,0,0,0,Taraid Arible,M,True
7219_02,Europa,True,C/235/P,TRAPPIST-1e,2,False,0,0,0,0,0,Pheino Arible,F,False
7219_03,Europa,True,C/235/P,TRAPPIST-1e,64,False,0,0,0,0,0,Dirk Arible,M,True
7219_04,Europa,False,,TRAPPIST-1e,24,False,0,2921,5,795,3155,Atinon Arible,F,False
7219_05,Europa,True,C/235/P,TRAPPIST-1e,40,False,0,0,0,0,0,Anchab Arible,M,True
7219_06,Europa,False,C/235/P,TRAPPIST-1e,32,False,0,163,0,6953,50,Isoton Arible,F,False
7221_01,Europa,False,B/239/P,55 Cancri e,54,True,0,316,1,2038,388,Sulatik Sonofmory,M,False
7224_01,Earth,True,G/1175/S,TRAPPIST-1e,30,,0,0,0,0,0,Everly Carvis,F,True
7225_01,Europa,False,A/77/P,55 Cancri e,37,False,0,1379,130,1488,75,Hasim Fawnsive,M,False
7226_01,Mars,False,E/481/S,TRAPPIST-1e,20,False,3191,0,211,21,117,Naffsh Reke,F,False
7227_01,Mars,False,F/1497/P,TRAPPIST-1e,22,False,741,0,1028,0,0,Widin Vlake,M,False
7229_01,Earth,False,F/1391/S,PSO J318.5-22,57,False,0,1,0,664,19,Gaylah Leonadorsen,F,False
7230_01,Earth,True,G/1177/S,TRAPPIST-1e,34,False,0,0,0,0,0,Trice Blancoy,M,True
7232_01,Europa,False,B/240/P,TRAPPIST-1e,51,False,0,980,273,2775,419,Auvair Seatearing,F,False
7233_01,Mars,True,E/465/P,TRAPPIST-1e,47,False,0,0,0,0,0,Cles Wala,M,False
7234_01,Earth,False,G/1163/P,TRAPPIST-1e,22,False,593,34,0,0,0,Annard Merce,F,False
7235_01,Europa,False,B/241/P,,36,False,0,1606,511,89,2220,Cherkab Bruthydre,M,False
7236_01,Earth,True,,TRAPPIST-1e,16,False,0,0,0,0,0,Adammy Whitakers,F,True
7238_01,Mars,False,F/1499/P,,60,False,180,0,414,1181,0,Totax Tirt,M,False
7240_01,Mars,False,F/1392/S,TRAPPIST-1e,39,False,197,0,2401,0,0,Oaters Kad,F,True
7240_02,Mars,False,F/1392/S,TRAPPIST-1e,18,False,49,0,2885,1,0,Sunk Kad,M,True
7242_01,Europa,True,B/273/S,55 Cancri e,30,False,0,0,0,0,0,Errak Reeddommy,F,True
7246_01,Mars,False,F/1395/S,TRAPPIST-1e,45,False,1781,0,17,0,23,Pefox Khaf,M,False
7247_01,Earth,False,F/1396/S,TRAPPIST-1e,30,False,0,0,0,0,1150,Chrisa Hurchanney,F,False
7249_01,,False,E/482/S,TRAPPIST-1e,21,False,1046,1,0,1,0,Poloos Burle,M,False
7249_02,Mars,False,F/1397/S,TRAPPIST-1e,0,False,0,0,0,0,0,Jetax Burle,F,True
7250_01,Mars,False,F/1501/P,55 Cancri e,51,False,40,716,1907,0,0,Pold Chmad,M,True
7252_01,Mars,False,E/466/P,TRAPPIST-1e,22,False,100,0,1050,0,23,Diedow Sacy,F,False
7253_01,Europa,False,D/225/P,TRAPPIST-1e,26,False,0,896,0,690,1,Alaron Obedaming,M,True
7255_01,Earth,False,G/1166/P,TRAPPIST-1e,10,False,0,0,0,0,0,Verney Paynard,F,False
7256_01,Earth,False,E/484/S,TRAPPIST-1e,21,False,42,606,1,38,100,Lynnie Scottney,M,False
7257_01,Earth,True,G/1167/P,55 Cancri e,14,False,0,0,0,0,0,Rica Gardsondez,F,True
7257_02,Earth,False,E/467/P,TRAPPIST-1e,,False,0,1,12,0,779,Gretty Gardsondez,M,False
7258_01,Earth,False,F/1502/P,TRAPPIST-1e,43,False,473,1390,0,0,0,,,True
7259_01,Earth,False,F/1503/P,PSO J318.5-22,22,False,28,194,2,0,370,Sterry Meadoney,M,True
7260_01,Earth,False,F/1398/S,TRAPPIST-1e,22,False,401,0,196,0,126,Sony Woodwardy,F,False
7261_01,Earth,True,G/1168/P,PSO J318.5-22,23,False,0,0,0,0,0,Rician Mondsey,M,True
7267_01,Europa,True,C/265/S,TRAPPIST-1e,25,False,0,0,0,0,0,Tark String,F,True
7267_02,Europa,False,C/265/S,TRAPPIST-1e,35,False,0,0,0,0,0,Chelik String,M,True
7268_01,Earth,False,E/468/P,TRAPPIST-1e,30,False,0,0,0,27,764,Karene Hayerson,F,False
7270_01,Earth,True,G/1170/P,TRAPPIST-1e,37,False,0,0,0,0,0,Hillie Garden,M,True
7271_01,Earth,False,G/1171/P,55 Cancri e,21,False,61,201,222,161,60,,,False
7273_01,Earth,False,G/1183/S,55 Cancri e,36,False,207,0,450,94,0,Jaimer Pacerty,M,True
7274_01,Earth,False,F/1506/P,TRAPPIST-1e,13,False,305,582,12,19,0,Loria Woodwinton,F,False
7276_01,Earth,False,F/1507/P,55 Cancri e,22,False,0,642,0,52,0,Bland Spentley,M,False
7277_01,Earth,True,G/1184/S,TRAPPIST-1e,36,False,0,0,,0,0,Neila Pittson,F,True
7278_01,Earth,False,E/485/S,TRAPPIST-1e,17,False,,188,795,0,0,Des Bryants,M,True
7279_01,Europa,True,C/236/P,55 Cancri e,38,False,0,0,0,0,0,Halsham Prombled,F,True
7280_01,Mars,False,F/1508/P,TRAPPIST-1e,34,False,5959,0,3,0,0,Pix Stike,M,False
7283_01,Mars,,F/1509/P,TRAPPIST-1e,20,False,0,0,0,0,0,Walls One,F,True
7284_01,Earth,False,G/1174/P,TRAPPIST-1e,17,False,,647,49,74,0,Rayle Walterson,M,False
7285_01,Earth,True,G/1185/S,PSO J318.5-22,36,False,0,0,0,0,0,Francy Gainney,F,True
7289_01,Europa,False,A/78/P,55 Cancri e,52,False,360,1314,8,641,66,Naschab Purellliss,M,True
7290_01,Europa,True,D/227/P,55 Cancri e,32,False,0,0,0,0,0,Cheleon Bruthydre,F,True
7290_02,Europa,True,D/227/P,55 Cancri e,35,False,0,0,0,0,0,,,True
7290_03,Europa,True,D/227/P,55 Cancri e,,False,0,0,0,0,0,Atrino Bruthydre,F,True
7290_04,Europa,False,D/227/P,TRAPPIST-1e,36,False,83,1186,0,2160,736,Altara Bruthydre,M,False
7290_05,Europa,False,D/227/P,TRAPPIST-1e,36,False,31,3585,31,1400,0,Suhaino Bruthydre,F,False
7292_01,Mars,False,D/220/S,55 Cancri e,21,False,,0,0,1,378,Single Panad,M,False
7296_01,Mars,False,D/228/P,TRAPPIST-1e,33,False,627,0,171,254,130,Pon Blane,F,False
7297_01,Earth,False,G/1188/S,TRAPPIST-1e,40,False,678,0,229,0,0,,,False
7298_01,Earth,,F/1510/P,TRAPPIST-1e,24,False,185,0,478,29,0,Blanda Blangibson,F,True
7300_01,Earth,False,G/1189/S,TRAPPIST-1e,35,False,0,0,885,0,0,Joana Emenez,M,True
7301_01,Mars,True,F/1511/P,TRAPPIST-1e,29,False,0,0,0,0,0,Fres Facke,F,True
7302_01,Mars,False,E/486/S,TRAPPIST-1e,33,False,728,0,285,0,0,Rish Fle,M,False
7303_01,Earth,False,E/487/S,TRAPPIST-1e,51,False,3,33,12,38,896,Lonnez Adavisons,F,False
7304_01,Mars,True,F/1512/P,TRAPPIST-1e,10,,0,0,0,0,0,Jet Sinda,M,True
7305_01,Earth,True,G/1190/S,TRAPPIST-1e,41,False,0,0,0,0,0,Kaye Strongers,F,True
7306_01,Earth,False,E/471/P,55 Cancri e,26,False,1,0,0,0,718,Toniel Stroyledgez,M,True
7307_01,Earth,False,F/1405/S,TRAPPIST-1e,39,False,19,102,0,678,0,Velyne Hubbarton,F,False
7309_01,Mars,False,F/1513/P,TRAPPIST-1e,14,False,738,5,297,0,0,Bases Kinad,M,False
7310_01,Mars,,D/229/P,TRAPPIST-1e,28,False,1059,0,6,117,0,Toale Bette,F,False
7311_01,Earth,False,F/1514/P,TRAPPIST-1e,18,False,0,949,0,0,0,Winia Gordanieves,M,False
7313_01,Mars,False,D/231/P,TRAPPIST-1e,41,False,2754,398,21,0,0,Conth Kashe,F,False
7314_01,Europa,,C/237/P,,33,False,0,0,0,,0,Aldun Venticable,M,True
7320_01,Earth,False,F/1517/P,TRAPPIST-1e,26,False,814,0,29,16,181,Tracia Fuentryoung,F,False
7321_01,Mars,True,F/1518/P,TRAPPIST-1e,31,False,0,,0,0,0,Otlios Kra,M,True
7322_01,Earth,False,F/1408/S,TRAPPIST-1e,63,,0,0,424,0,2027,Tera Gardsondez,F,False
7323_01,Earth,False,F/1409/S,TRAPPIST-1e,30,False,0,0,547,,423,Terina Mcinton,M,False
7324_01,Europa,False,C/238/P,TRAPPIST-1e,27,False,15,2886,0,249,71,Wezna Clugnobse,F,True
7326_01,Earth,False,F/1519/P,TRAPPIST-1e,47,False,2916,0,14,63,0,France Barbes,M,False
7327_01,Mars,False,F/1520/P,TRAPPIST-1e,37,False,1413,0,584,3,0,Bler Brity,F,True
7328_01,Earth,False,F/1410/S,TRAPPIST-1e,14,False,399,22,458,506,187,Agnesa Cainghannon,M,False
7330_01,,False,C/268/S,TRAPPIST-1e,27,False,0,63,8,129,2960,Nunkino Rimplighty,F,False
7331_01,Mars,False,D/232/P,TRAPPIST-1e,61,False,1711,0,0,0,8,Mureah Nacke,M,False
7332_01,Earth,False,E/488/S,TRAPPIST-1e,39,False,2,0,0,2,787,Violan Holliams,F,False
7334_01,Earth,False,E/490/S,TRAPPIST-1e,22,False,0,0,787,1,,Essara Schwardson,M,False
7336_01,,False,F/1411/S,TRAPPIST-1e,30,False,2,0,5,1,962,Dianie Lambles,F,False
7336_02,,False,F/1411/S,TRAPPIST-1e,26,False,0,0,902,0,0,Tanley Leodger,M,False
7337_01,Europa,False,A/89/S,TRAPPIST-1e,25,False,0,115,0,1823,4041,Ranons Folkshbox,F,False
7338_01,Mars,False,D/233/P,TRAPPIST-1e,42,False,1318,0,1386,,,Jumars Colte,M,False
7339_01,Europa,False,E/474/P,,33,False,0,2107,0,15586,473,Ainkard Fanseld,F,False
7340_01,Europa,False,E/475/P,TRAPPIST-1e,60,False,0,307,0,484,1967,Giedion Blanspe,M,False
7341_01,Earth,True,G/1191/S,55 Cancri e,16,False,0,0,0,0,0,Brene Horners,F,True
7342_01,Earth,False,G/1178/P,TRAPPIST-1e,50,False,0,185,0,1,558,Stevey Haynard,M,True
7343_01,Earth,False,F/1412/S,TRAPPIST-1e,22,False,0,0,1,95,605,Tyle Mcbriddley,F,False
7344_01,Earth,False,F/1413/S,PSO J318.5-22,15,False,0,0,9,0,952,Ianya Powery,M,False
7346_01,Mars,False,E/476/P,TRAPPIST-1e,27,False,0,0,0,0,,Wales Blan,F,False
7347_01,Earth,False,G/1179/P,55 Cancri e,58,False,0,435,2,0,239,Neilda Bardsey,M,False
7350_01,Earth,True,G/1192/S,TRAPPIST-1e,48,False,0,,0,0,0,Stene Strongers,F,True
7351_01,Europa,True,D/221/S,55 Cancri e,36,False,0,0,0,,0,Sularon Loring,M,True
7353_01,Europa,False,C/269/S,TRAPPIST-1e,60,False,0,3435,0,5458,10,Gorabba Openduave,F,False
7353_02,Europa,True,C/269/S,TRAPPIST-1e,46,False,0,0,0,0,0,Sularon Openduave,M,True
7353_03,Europa,False,,TRAPPIST-1e,58,False,0,1386,2,128,2577,Auvam Openduave,F,True
7356_01,Earth,True,G/1181/P,TRAPPIST-1e,40,False,0,0,0,0,0,Eline Merkins,M,False
7356_02,Earth,True,G/1181/P,TRAPPIST-1e,3,False,0,0,0,,0,Herry Merkins,F,True
7358_01,Earth,False,F/1522/P,55 Cancri e,23,False,3,0,2,61,634,Len Mirez,M,False
7359_01,Earth,False,E/492/S,PSO J318.5-22,21,False,0,434,0,75,135,Ellana Jenson,F,True
7360_01,Earth,True,G/1194/S,55 Cancri e,29,False,0,0,0,0,0,Chery Joycerton,M,True
7361_01,Europa,True,C/239/P,55 Cancri e,23,,0,0,0,0,0,Gieba Rodwative,F,True
7361_02,Europa,True,C/239/P,55 Cancri e,41,False,0,0,0,0,0,Genubih Rodwative,M,True
7365_01,Earth,False,G/1183/P,TRAPPIST-1e,20,False,0,802,0,16,0,Ivanna Wilderssen,F,False
7366_01,Earth,False,G/1184/P,TRAPPIST-1e,24,False,821,0,0,68,0,Garion Ayalazquez,M,False
7367_01,Mars,False,D/234/P,TRAPPIST-1e,21,False,2611,0,103,4,0,Lidex Letty,F,False
7367_02,Mars,False,F/1523/P,TRAPPIST-1e,55,False,1236,0,52,0,0,Melios Letty,M,False
7370_01,Earth,False,F/1525/P,TRAPPIST-1e,21,False,0,70,2,0,486,Frandy Cartiz,F,False
7371_01,Earth,True,G/1185/P,55 Cancri e,42,False,0,0,0,0,0,Dandra Reyersendry,M,True
7372_01,Earth,False,F/1526/P,TRAPPIST-1e,40,False,2,147,0,1695,1147,Leria Gallandez,F,False
7374_01,Mars,True,F/1527/P,TRAPPIST-1e,30,False,0,,0,0,0,Apple Cre,M,True
7376_01,Europa,True,E/477/P,TRAPPIST-1e,26,False,0,0,0,0,0,Neutrin Mirinanty,F,True
7377_01,Earth,True,G/1186/P,PSO J318.5-22,43,False,0,0,0,0,0,Estine Steelerettt,M,False
7379_01,Earth,False,F/1416/S,TRAPPIST-1e,20,False,9,0,1540,0,0,Annard Bryants,F,False
7385_01,Earth,False,F/1417/S,PSO J318.5-22,19,False,40,0,77,572,0,Coracy Reyerson,M,False
7387_01,Europa,False,C/240/P,TRAPPIST-1e,40,False,0,3508,761,12,32,Okulas Blercat,F,True
7388_01,Earth,True,G/1198/S,PSO J318.5-22,17,False,0,0,0,0,0,Sterry Mclardson,M,True
7390_01,Earth,False,G/1190/P,TRAPPIST-1e,62,False,240,0,0,586,10,Isa Wiggs,F,False
7391_01,Earth,True,G/1191/P,TRAPPIST-1e,32,False,0,0,0,,0,Joycey Coffmaney,M,False
7392_01,Earth,True,G/1192/P,TRAPPIST-1e,37,False,0,0,0,0,0,Floyde Holton,F,False
7393_01,Earth,False,E/478/P,,40,False,0,0,0,7,782,Coracy Barks,M,False
7394_01,Earth,False,G/1193/P,55 Cancri e,25,False,0,653,21,0,0,Iree Strongers,F,False
7395_01,Europa,True,B/277/S,55 Cancri e,17,False,0,0,0,0,0,Schelik Suasharic,M,True
7395_02,Europa,True,B/277/S,TRAPPIST-1e,46,False,0,0,0,0,0,Scellus Suasharic,F,True
7395_03,Europa,False,B/277/S,TRAPPIST-1e,38,False,4,5974,0,3682,197,Algeno Suasharic,M,False
7395_04,Europa,False,B/277/S,55 Cancri e,43,True,0,486,0,0,2470,Beten Suasharic,F,False
7396_01,Europa,False,C/271/S,55 Cancri e,28,False,6,3392,3944,987,0,Zibah Queldry,M,True
7396_02,Europa,True,C/271/S,TRAPPIST-1e,31,True,0,0,0,0,0,Muontak Ingent,F,True
7396_03,Europa,True,C/271/S,PSO J318.5-22,35,False,0,0,0,0,0,Elerops Monsintic,M,True
7398_01,Earth,False,F/1531/P,TRAPPIST-1e,19,,105,271,1,377,17,Jonaye Stephend,F,True
7399_01,Earth,False,F/1418/S,TRAPPIST-1e,24,False,0,0,217,0,544,Sanda Casonston,M,False
7401_01,Mars,,E/479/P,55 Cancri e,20,False,0,0,,0,0,Diles Merte,F,False
7402_01,Europa,,C/272/S,TRAPPIST-1e,16,False,0,1417,3,27,186,Wimpha Stioutody,M,True
7402_02,Europa,True,C/272/S,55 Cancri e,45,False,0,0,0,0,0,Mesarid Stioutody,F,True
7403_01,Earth,False,G/1194/P,TRAPPIST-1e,19,False,294,79,536,0,0,Charly Gibbsonton,M,False
7405_01,Earth,False,F/1419/S,TRAPPIST-1e,23,False,0,1089,311,0,0,Hellia Steeletters,F,True
7406_01,Earth,False,G/1195/P,TRAPPIST-1e,19,False,0,78,801,0,7,Tarah Balley,M,False
7408_01,Mars,False,F/1420/S,TRAPPIST-1e,32,False,193,,1116,0,0,Plat Katte,F,False
7410_01,Earth,False,G/1201/S,TRAPPIST-1e,41,False,85,804,0,0,0,Jaimer Cartz,M,True
7411_01,Earth,False,F/1533/P,TRAPPIST-1e,30,False,1110,0,439,5,0,Racy Bakericks,F,False
7416_01,Europa,False,B/278/S,55 Cancri e,41,,0,10049,214,5287,1845,Astrah Burcaling,M,False
7418_01,Mars,False,F/1534/P,TRAPPIST-1e,7,False,0,0,0,0,0,Apench Ses,F,True
7419_01,Earth,False,G/1197/P,,39,False,1,875,0,6,0,Race Bardson,M,True
7419_02,Earth,False,F/1535/P,TRAPPIST-1e,47,False,0,61,805,0,6,Lerion Bardson,F,True
7422_01,Earth,False,G/1204/S,TRAPPIST-1e,21,False,550,0,61,4,5,Shery Lardsonald,M,False
7425_01,Earth,True,G/1200/P,TRAPPIST-1e,29,False,0,0,0,0,,Milyla Balderts,F,True
7425_02,Earth,False,G/1200/P,TRAPPIST-1e,19,False,879,0,0,10,0,Willip Balderts,M,False
7427_01,Mars,,F/1423/S,TRAPPIST-1e,50,False,0,0,0,0,0,Rafox Banie,F,True
7428_01,Europa,False,A/79/P,TRAPPIST-1e,28,False,0,132,4,1915,0,Iononus Fulazy,M,False
7429_01,Mars,False,,TRAPPIST-1e,38,False,1126,0,23,34,0,Cuses Pread,F,False
7430_01,Earth,False,G/1205/S,PSO J318.5-22,24,False,549,3,201,0,0,Isa Vantonson,M,False
7431_01,Europa,False,A/90/S,55 Cancri e,31,False,,2954,0,170,756,Altanin Barmant,F,False
7432_01,Europa,True,E/481/P,TRAPPIST-1e,38,False,0,0,0,0,0,Ainkard Amonysidle,M,True
7435_01,Europa,True,B/244/P,55 Cancri e,26,False,0,0,0,0,0,Arid Couresteer,F,True
7436_01,Earth,,G/1202/P,TRAPPIST-1e,28,False,0,0,0,0,0,Letty Meyersones,M,False
7437_01,Europa,True,B/279/S,55 Cancri e,45,False,0,0,0,0,0,Mesatan Disgul,F,True
7437_02,Europa,True,B/279/S,TRAPPIST-1e,47,False,0,0,0,0,0,Kraban Disgul,M,True
7437_03,Europa,True,B/279/S,TRAPPIST-1e,60,False,0,0,0,0,0,Sadalm Clumshangs,F,True
7438_01,Earth,False,E/483/P,55 Cancri e,42,False,0,279,30,409,0,Gaylah Hanner,M,True
7442_01,Earth,False,E/495/S,TRAPPIST-1e,43,False,20,0,726,,0,Antony Morrencis,F,False
7442_02,Earth,True,,PSO J318.5-22,17,False,0,0,0,0,0,Franda Morrencis,M,False
7444_01,Earth,True,G/1203/P,TRAPPIST-1e,17,False,0,0,,0,0,Kenny Thorney,F,False
7445_01,Earth,True,G/1208/S,TRAPPIST-1e,20,False,0,0,0,0,0,Coreen Hoppers,M,False
7446_01,Earth,False,G/1204/P,TRAPPIST-1e,18,False,960,672,0,0,168,Mamina Hopez,F,False
7447_01,Mars,False,F/1539/P,TRAPPIST-1e,24,False,,0,299,814,0,Chees Oncy,M,False
7448_01,Earth,False,F/1540/P,55 Cancri e,25,False,244,0,40,294,124,Line Bradlerson,F,False
7449_01,Earth,False,F/1541/P,PSO J318.5-22,20,False,120,321,0,932,175,Loresa Bakericks,M,False
7450_01,Earth,False,G/1205/P,TRAPPIST-1e,23,False,509,0,193,0,2,Armene Sykess,F,False
7452_01,Europa,True,B/281/S,TRAPPIST-1e,48,False,0,0,0,0,0,Dyonon Sloweber,M,True
7452_02,Europa,False,B/281/S,55 Cancri e,26,False,286,3387,575,213,548,Mirfark Sloweber,F,True
7452_03,Europa,True,B/281/S,55 Cancri e,36,False,0,0,0,,0,Aino Sloweber,M,True
7453_01,Europa,True,C/275/S,55 Cancri e,27,False,0,0,0,0,0,Alarkab Aneter,F,True
7455_01,Europa,False,A/80/P,55 Cancri e,41,False,0,1616,0,758,400,Neshath Slavested,M,True
7456_01,Earth,True,G/1210/S,TRAPPIST-1e,21,False,0,0,0,0,0,Yvetta Whitez,F,True
7457_01,Mars,False,E/496/S,TRAPPIST-1e,71,False,1243,0,5,16,34,Seat Fine,M,False
7458_01,Earth,True,G/1211/S,TRAPPIST-1e,64,False,0,0,0,0,0,Fayey Vincenton,F,False
7459_01,Europa,False,B/282/S,TRAPPIST-1e,33,False,0,397,0,1249,845,Menkin Dratembid,M,False
7460_01,Earth,False,F/1543/P,55 Cancri e,24,False,786,0,0,309,0,Leria Haydenez,F,True
7461_01,Europa,True,D/223/S,TRAPPIST-1e,35,False,0,0,0,0,0,Zavior Plaricit,M,True
7462_01,Earth,True,G/1206/P,PSO J318.5-22,13,False,0,0,0,0,0,Hilia Mckinn,F,True
7464_01,Earth,True,G/1207/P,TRAPPIST-1e,11,False,0,0,0,0,0,Lynnie Hickett,M,True
7472_01,Mars,True,F/1426/S,TRAPPIST-1e,,False,0,0,0,0,,,,True
7475_01,Mars,True,F/1545/P,TRAPPIST-1e,43,False,0,0,0,0,0,Pros Leste,M,True
7475_02,Mars,True,F/1545/P,TRAPPIST-1e,36,False,0,0,0,0,0,Lies Leste,F,True
7477_01,Earth,False,F/1546/P,PSO J318.5-22,22,False,27,0,0,663,0,Jimmya Fielson,M,False
7478_01,Europa,False,C/276/S,,56,False,0,5711,0,0,50,Minchib Porkilte,F,True
7479_01,Mars,True,F/1429/S,TRAPPIST-1e,34,False,0,0,0,0,0,Muffs Berte,M,True
7481_01,Earth,False,G/1215/S,TRAPPIST-1e,46,False,0,0,1,0,1778,Darlie Chanash,F,False
7483_01,Mars,False,E/485/P,PSO J318.5-22,43,False,244,0,358,160,800,Wille Winie,M,True
7484_01,Earth,False,G/1209/P,55 Cancri e,25,False,0,1435,0,0,0,Coracy Rivanseney,F,True
7485_01,Europa,False,,TRAPPIST-1e,26,False,36,2285,0,2287,159,Betenif Cousel,M,False
7486_01,Earth,False,G/1210/P,55 Cancri e,14,False,0,184,16,1234,0,Katen Vandez,F,False
7487_01,Earth,False,G/1216/S,TRAPPIST-1e,63,False,174,282,321,8,0,Jeanie Sellahaney,M,True
7488_01,Mars,False,E/486/P,TRAPPIST-1e,29,False,558,0,386,355,0,Pold Kidne,F,False
7488_02,Mars,True,E/486/P,PSO J318.5-22,45,,0,0,0,0,0,Clues Kidne,M,True
7490_01,Earth,True,G/1217/S,TRAPPIST-1e,15,False,0,0,0,,0,Grette Garrincent,F,True
7492_01,Mars,False,D/224/S,TRAPPIST-1e,19,False,193,0,2956,0,0,Bleda Bun,M,True
7494_01,Earth,False,E/487/P,TRAPPIST-1e,53,False,2,794,425,0,397,Lynnon Sellahaney,F,False
7495_01,Mars,False,F/1431/S,TRAPPIST-1e,45,False,2,36,1110,9,0,Weres Ropie,M,False
7496_01,Europa,False,C/278/S,55 Cancri e,41,False,0,2383,0,2,97,Asellan Fuelisent,F,True
7498_01,Mars,False,F/1550/P,TRAPPIST-1e,68,True,523,0,859,201,782,Otlios Cola,M,False
7498_02,Mars,True,F/1550/P,TRAPPIST-1e,5,False,0,0,0,0,0,Bonutz Cola,F,True
7498_03,Mars,False,F/1550/P,TRAPPIST-1e,27,True,30,0,910,0,0,Beals Cola,M,True
7499_01,Earth,False,F/1551/P,55 Cancri e,20,False,30,132,1121,0,0,Enrie Hayder,F,True
7500_01,,False,F/1432/S,TRAPPIST-1e,54,True,1770,7,228,0,0,Swafox Swin,M,False
7501_01,Earth,False,F/1433/S,TRAPPIST-1e,18,False,0,0,0,484,320,Henryn Burchard,F,False
7502_01,Europa,False,C/241/P,55 Cancri e,45,False,66,5974,0,0,625,Gatrin Clutolded,M,True
7503_01,Europa,True,B/283/S,TRAPPIST-1e,26,False,,0,0,0,0,Achira Capplid,F,True
7503_02,Europa,False,B/283/S,TRAPPIST-1e,37,False,1577,11396,0,1014,560,Dabi Capplid,M,True
7504_01,Earth,False,F/1552/P,TRAPPIST-1e,30,False,0,2,0,690,86,,,False
7505_01,Mars,False,F/1553/P,TRAPPIST-1e,51,True,511,0,291,4212,0,Ste Fone,M,False
7505_02,Mars,True,F/1553/P,TRAPPIST-1e,3,False,0,0,0,0,0,Hone Fone,F,True
7505_03,Mars,True,F/1553/P,TRAPPIST-1e,3,False,0,0,0,0,0,Monkle Fone,M,True
7506_01,Earth,False,F/1554/P,TRAPPIST-1e,19,False,2110,0,0,0,1,Billya Vales,F,False
7507_01,Earth,False,E/499/S,TRAPPIST-1e,19,False,0,789,0,0,0,Marlly Santin,M,False
7507_02,Earth,False,E/499/S,TRAPPIST-1e,6,False,0,0,0,0,0,Joela Santin,F,True
7507_03,Earth,False,E/499/S,55 Cancri e,4,False,0,0,0,0,0,Ianley Santin,M,True
7508_01,Europa,False,B/284/S,TRAPPIST-1e,23,False,3580,564,103,,90,Alar Exible,F,False
7509_01,Earth,False,F/1434/S,TRAPPIST-1e,37,False,1442,4,0,3,0,Herina Mcneiley,M,False
7510_01,Mars,False,F/1435/S,55 Cancri e,18,False,1092,0,208,150,0,Pars Horte,F,False
7512_01,Earth,,F/1436/S,PSO J318.5-22,29,False,5,598,,0,0,Byrona Berges,M,False
7513_01,Earth,,E/488/P,TRAPPIST-1e,25,False,0,779,0,2,6,Marynk Welles,F,False
7514_01,Earth,False,F/1555/P,TRAPPIST-1e,52,False,0,0,47,2059,0,Fayel Josesh,M,False
7515_01,Mars,True,F/1437/S,TRAPPIST-1e,24,False,0,0,0,0,,Monam Gre,F,False
7515_02,Mars,False,F/1437/S,TRAPPIST-1e,0,False,0,0,,0,0,Rants Gre,M,True
7517_01,Earth,False,F/1557/P,PSO J318.5-22,25,False,15,3,0,635,0,Lynnon Lunapperts,F,False
7518_01,Europa,True,B/246/P,TRAPPIST-1e,26,False,0,0,0,0,0,Acrabih Droning,M,True
7518_02,Europa,False,B/246/P,PSO J318.5-22,32,True,2502,700,1104,13902,484,Aviton Droning,F,False
7520_01,Earth,False,F/1559/P,TRAPPIST-1e,58,False,1366,257,0,0,311,Elancy Alentonway,M,False
7521_01,Earth,False,F/1560/P,TRAPPIST-1e,44,False,657,0,103,0,394,Hard Mcintons,F,False
7522_01,Earth,False,G/1214/P,TRAPPIST-1e,41,False,0,0,0,0,908,Harlen Cartyernan,M,False
7523_01,Earth,False,G/1219/S,TRAPPIST-1e,24,False,0,0,643,167,0,Bara Mcclayton,F,True
7524_01,Earth,True,G/1215/P,TRAPPIST-1e,41,False,0,0,0,0,0,Colly Simpsonks,M,True
7524_02,Earth,True,G/1215/P,PSO J318.5-22,23,False,0,0,0,0,0,Britta Simpsonks,F,True
7525_01,Europa,False,C/279/S,TRAPPIST-1e,27,False,390,1377,0,2809,4914,Canonon Retefule,M,False
7525_02,Europa,True,C/279/S,55 Cancri e,61,False,0,0,0,0,0,Geonev Retefule,F,True
7527_01,Earth,False,F/1561/P,TRAPPIST-1e,18,False,0,732,2,13,47,Elle Flowensley,M,True
7529_01,Earth,True,G/1221/S,TRAPPIST-1e,18,False,0,0,0,0,0,Harrie Combson,F,True
7531_01,Europa,True,B/286/S,TRAPPIST-1e,,False,0,0,0,0,0,Elebara Alindiveng,M,True
7531_02,Europa,True,B/286/S,55 Cancri e,15,False,0,0,0,0,0,Ainoxa Alindiveng,F,True
7533_01,Earth,False,G/1223/S,55 Cancri e,12,False,0,0,0,0,0,Thell Farrez,M,True
7534_01,Earth,False,F/1439/S,PSO J318.5-22,40,False,420,0,345,1,0,Maen Dickley,F,False
7535_01,Earth,False,F/1562/P,TRAPPIST-1e,19,False,122,2,0,480,565,Adanne Robley,M,True
7536_01,Mars,True,F/1440/S,TRAPPIST-1e,18,False,0,0,0,0,0,Sallos Purie,F,True
7538_01,Europa,False,A/81/P,TRAPPIST-1e,48,True,313,2864,0,0,12424,Achira Uncionted,M,False
7538_02,Europa,False,A/81/P,55 Cancri e,37,False,18,2669,0,1229,,Marfar Uncionted,F,False
7542_01,Earth,False,F/1442/S,TRAPPIST-1e,35,False,4,53,0,0,844,Gabria Batestonley,M,False
7543_01,Earth,False,F/1564/P,TRAPPIST-1e,29,False,0,0,702,0,56,Patsya Saley,F,False
7544_01,Earth,False,E/501/S,TRAPPIST-1e,54,False,118,0,0,669,0,Jasony Brightez,M,False
7545_01,Earth,True,G/1225/S,TRAPPIST-1e,,False,0,0,0,0,0,Jasony Nguerrettye,F,False
7549_01,Earth,False,E/489/P,TRAPPIST-1e,22,False,0,19,1468,2,119,Beula Beangley,M,True
7550_01,Earth,True,G/1216/P,PSO J318.5-22,18,False,0,0,0,0,0,Davis Bardinard,F,True
7552_01,Earth,False,E/490/P,TRAPPIST-1e,26,False,0,652,97,43,0,Jacky Callowery,M,True
7553_01,Earth,False,F/1444/S,PSO J318.5-22,19,False,10,24,0,0,565,Walla Bushafford,F,False
7559_01,Earth,False,F/1569/P,TRAPPIST-1e,22,False,0,0,441,0,423,Stace Castannison,M,False
7560_01,Europa,,C/244/P,TRAPPIST-1e,17,False,0,0,0,0,0,Proxima Quidedbolt,F,True
7561_01,Earth,False,F/1445/S,TRAPPIST-1e,18,False,388,182,0,66,140,,,False
7563_01,Mars,True,F/1570/P,55 Cancri e,39,False,0,0,0,0,0,,,True
7565_01,Europa,False,B/247/P,TRAPPIST-1e,37,False,2,7272,0,50,1282,Zaurion Praded,M,True
7565_02,Europa,True,B/247/P,55 Cancri e,17,False,0,0,,0,0,Thaban Praded,F,True
7565_03,Europa,False,B/247/P,55 Cancri e,25,False,0,772,0,125,5913,Matark Praded,M,False
7565_04,Europa,False,B/247/P,TRAPPIST-1e,9,False,0,0,0,0,0,Alphah Praded,F,True
7567_01,Earth,True,G/1227/S,55 Cancri e,15,False,0,0,0,0,0,Lyde Farmonrada,M,False
7568_01,Earth,False,F/1571/P,TRAPPIST-1e,19,False,380,0,416,0,8,Mira Farleyatton,F,False
7569_01,Mars,False,E/493/P,TRAPPIST-1e,18,False,3591,0,158,0,120,Gamuls Sune,M,False
7569_02,Mars,False,D/237/P,TRAPPIST-1e,50,True,828,0,572,1367,0,Oate Sune,F,False
7572_01,Earth,True,G/1228/S,TRAPPIST-1e,14,False,0,0,0,0,0,Blancy Balley,M,False
7573_01,Earth,True,G/1217/P,PSO J318.5-22,19,False,0,0,0,0,0,Teryla Welltonces,F,False
7574_01,Europa,True,B/287/S,55 Cancri e,33,False,0,0,0,0,0,Nunkib Alindiveng,M,True
7576_01,Europa,False,D/239/P,TRAPPIST-1e,23,False,30,2237,1,49,52,Mergas Alenat,F,True
7576_02,Europa,False,D/239/P,TRAPPIST-1e,39,False,2,530,0,,1360,Skyrmak Alenat,M,False
7577_01,Earth,False,E/502/S,PSO J318.5-22,14,False,80,130,0,1323,0,Gera Beston,F,False
7578_01,Earth,False,F/1572/P,55 Cancri e,14,False,653,0,4,0,0,Idace Popelacruz,M,False
7579_01,Earth,False,G/1229/S,PSO J318.5-22,45,False,1,7,56,613,0,Willy Curton,F,True
7580_01,Earth,True,G/1230/S,TRAPPIST-1e,22,False,0,0,0,0,0,Billya Sweenez,M,True
7583_01,Mars,False,F/1574/P,TRAPPIST-1e,36,False,32,355,1826,9,0,Pebuts Pert,F,True
7584_01,Europa,,B/288/S,,19,False,0,0,0,0,0,Arrain Swingse,M,True
7584_02,Europa,True,B/288/S,TRAPPIST-1e,59,False,0,0,0,0,0,Sterfik Swingse,F,True
7584_03,,False,B/288/S,TRAPPIST-1e,31,False,0,1000,0,19,1776,Mesaton Swingse,M,False
7585_01,Europa,True,C/281/S,55 Cancri e,31,False,0,0,0,0,0,Suhaino Admingried,F,True
7585_02,Europa,False,C/281/S,TRAPPIST-1e,39,,8209,18,432,3560,54,Azhasim Admingried,M,False
7585_03,Europa,False,C/281/S,TRAPPIST-1e,28,False,0,2674,1309,18,11,Unukath Admingried,F,True
7585_04,Europa,True,C/281/S,TRAPPIST-1e,19,False,0,0,0,0,0,Chard Admingried,M,True
7586_01,Europa,False,C/245/P,TRAPPIST-1e,29,False,220,1130,0,7,951,Weion Switmorary,F,True
7588_01,Earth,True,G/1219/P,55 Cancri e,0,False,0,0,0,0,0,Lan Hersons,M,True
7588_02,Earth,False,G/1219/P,55 Cancri e,15,False,0,714,0,0,0,Aude Hersons,F,True
7592_01,Earth,False,F/1450/S,TRAPPIST-1e,18,False,0,0,0,1586,0,Stelly Wolferton,M,False
7594_01,Europa,True,C/282/S,55 Cancri e,49,False,0,0,0,0,0,Minonus Supiensive,F,True
7595_01,Earth,False,F/1451/S,TRAPPIST-1e,36,False,0,7,661,0,93,Enrie Owery,M,True
7596_01,Europa,True,C/283/S,55 Cancri e,40,False,0,0,0,0,0,Polaton Fralledic,F,True
7596_02,Europa,True,C/283/S,TRAPPIST-1e,56,False,0,0,0,0,0,,,True
7598_01,Earth,True,G/1231/S,PSO J318.5-22,67,False,0,0,0,0,0,Danie Ingston,F,True
7599_01,Earth,False,E/495/P,TRAPPIST-1e,44,False,0,204,135,225,223,,,False
7601_01,Earth,False,G/1232/S,TRAPPIST-1e,17,False,214,552,0,241,0,Amela Starkers,F,False
7604_01,Mars,True,F/1579/P,TRAPPIST-1e,27,False,0,0,0,0,0,Wase Deeke,M,True
7604_02,Mars,,F/1579/P,TRAPPIST-1e,23,False,463,0,658,0,0,Cousk Deeke,F,False
7605_01,Mars,False,F/1452/S,55 Cancri e,28,False,2484,136,42,0,0,Othawk Crité,M,False
7606_01,Mars,True,F/1453/S,TRAPPIST-1e,54,False,0,0,0,0,0,Turbix Bau,F,True
7608_01,Mars,True,F/1454/S,TRAPPIST-1e,26,False,0,0,0,0,0,Bun Ica,M,True
7609_01,Europa,False,A/83/P,55 Cancri e,40,True,0,21,0,1503,1392,Astorux Reeddommy,F,False
7609_02,Europa,True,A/83/P,TRAPPIST-1e,39,False,0,0,0,0,0,Sabiton Reeddommy,M,True
7614_01,Europa,True,C/246/P,55 Cancri e,40,False,0,0,0,0,0,Canonon Diabysid,F,True
7616_01,Earth,False,F/1457/S,PSO J318.5-22,20,False,11,725,0,0,0,Jandy Boyersons,M,True
7618_01,Earth,False,G/1235/S,TRAPPIST-1e,18,False,761,21,27,0,0,Leenny Raney,F,True
7620_01,Mars,False,F/1583/P,,17,False,3651,0,2228,38,0,Oakes Cotte,M,False
7621_01,Europa,True,B/250/P,55 Cancri e,35,False,0,0,0,0,0,Halla Subcap,F,True
7622_01,Earth,False,G/1237/S,TRAPPIST-1e,31,False,0,0,185,584,0,Jona Noeley,M,False
7623_01,Earth,False,G/1223/P,TRAPPIST-1e,40,False,0,0,84,798,0,Ricia Valexandez,F,False
7624_01,Europa,True,C/284/S,PSO J318.5-22,50,False,0,0,0,0,0,Gieba Emetillove,M,True
7625_01,Earth,False,F/1458/S,TRAPPIST-1e,21,False,0,0,114,2,683,Gerly Burryerson,F,False
7626_01,Earth,False,E/496/P,TRAPPIST-1e,29,False,767,16,9,0,0,Nandy Stephendsey,M,False
7627_01,Europa,False,A/92/S,55 Cancri e,63,False,0,5036,4,519,0,Beide Reeddommy,F,True
7628_01,Mars,False,F/1584/P,TRAPPIST-1e,19,False,37,0,1288,0,0,Hoces Wala,M,True
7628_02,Mars,False,D/240/P,TRAPPIST-1e,36,False,1103,3,0,0,659,Ban Stre,F,False
7630_01,Earth,False,F/1585/P,55 Cancri e,48,False,0,172,115,1,645,Estina Hughriend,M,False
7631_01,Europa,False,E/497/P,TRAPPIST-1e,33,False,81,1125,481,505,1261,Weid Waring,F,False
7632_01,Mars,False,D/226/S,TRAPPIST-1e,28,False,2703,0,4,1,0,Phex Kepie,M,False
7633_01,,False,G/1224/P,TRAPPIST-1e,39,False,0,0,0,847,1,Dannie Hebernandry,F,False
7634_01,Earth,True,G/1239/S,,27,False,0,0,0,0,0,Johna Byerry,M,True
7635_01,Europa,True,B/289/S,55 Cancri e,58,False,0,0,0,0,0,Caphird Aneetle,F,True
7639_01,Europa,True,B/290/S,55 Cancri e,44,False,0,0,0,,0,Wimps Invebodene,M,True
7640_01,Earth,True,G/1226/P,TRAPPIST-1e,23,False,0,0,0,0,0,Britta Mejiarkerox,F,True
7641_01,Earth,False,F/1586/P,55 Cancri e,21,False,618,33,1,2,0,Harvin Peter,M,True
7643_01,Europa,False,C/247/P,55 Cancri e,53,False,8,1489,0,2723,7401,Alar Quelfly,F,False
7643_02,Europa,True,C/247/P,TRAPPIST-1e,14,False,0,0,0,0,0,Terion Quelfly,M,True
7644_01,Earth,True,G/1227/P,PSO J318.5-22,17,False,0,0,0,0,0,Hanry Moorez,F,True
7646_01,Europa,False,C/285/S,55 Cancri e,25,False,0,16016,1025,189,1037,Azim Sometery,M,True
7646_02,Europa,False,C/285/S,55 Cancri e,44,True,3010,26,0,62,904,Mahamak Sometery,F,False
7646_03,Europa,False,C/285/S,55 Cancri e,24,False,145,4224,0,5,61,Alwaide Sometery,M,True
7647_01,Earth,False,G/1240/S,TRAPPIST-1e,24,False,0,7,127,639,37,Eulah Lopelases,F,False
7649_01,Earth,True,G/1241/S,TRAPPIST-1e,24,False,0,0,0,0,0,Toniel Reenon,M,True
7650_01,Earth,True,G/1242/S,TRAPPIST-1e,0,False,0,0,0,0,0,Jilly Palmes,F,True
7650_02,Earth,True,G/1242/S,55 Cancri e,7,False,0,0,0,0,0,Ebonyd Potters,M,False
7650_03,Earth,True,G/1242/S,PSO J318.5-22,3,False,0,0,0,0,0,Meline Potters,F,True
7650_04,Earth,False,F/1461/S,TRAPPIST-1e,18,False,711,12,0,83,0,Royce Potters,M,True
7650_05,Earth,True,G/1242/S,TRAPPIST-1e,4,False,0,0,0,0,0,Tera Palmes,F,False
7652_01,Europa,True,B/292/S,55 Cancri e,40,False,0,0,0,0,0,Coxatik Eguing,M,True
7656_01,Earth,True,G/1244/S,TRAPPIST-1e,16,False,0,0,0,0,0,Moniey Belley,F,False
7660_01,Europa,True,B/294/S,55 Cancri e,25,False,0,0,0,0,0,Atrino Lisholtery,M,True
7661_01,Earth,True,G/1245/S,TRAPPIST-1e,10,False,0,0,0,0,0,Dorene Water,F,True
7665_01,Earth,True,G/1229/P,,40,False,0,0,0,0,0,Marynk Wellierras,M,True
7666_01,Mars,True,F/1591/P,TRAPPIST-1e,19,False,0,0,0,0,0,Boos Emead,F,True
7667_01,Europa,True,B/251/P,55 Cancri e,15,False,0,0,0,0,0,Suhelik Opshosent,M,True
7669_01,Earth,False,G/1230/P,TRAPPIST-1e,24,False,,636,136,37,0,Philda Whiters,F,False
7670_01,Mars,True,F/1465/S,TRAPPIST-1e,21,False,0,0,0,0,0,Oats Meau,M,True
7671_01,Earth,False,F/1466/S,TRAPPIST-1e,29,False,0,7,31,700,0,Daley Patthews,F,False
7676_01,Mars,False,D/227/S,TRAPPIST-1e,37,True,2771,0,6,1,10,Bases Chman,M,False
7677_01,Earth,True,G/1247/S,PSO J318.5-22,49,False,0,0,0,0,0,Alber Puckenton,F,False
7678_01,Earth,False,G/1231/P,TRAPPIST-1e,42,False,1132,0,0,77,608,Nelly Rocknight,M,False
7678_02,Earth,True,G/1231/P,TRAPPIST-1e,54,False,0,,0,0,0,Garyan Rocknight,F,True
7679_01,Earth,True,G/1232/P,TRAPPIST-1e,33,False,0,0,0,0,0,Kyley Valezaley,M,False
7680_01,Europa,False,C/250/P,TRAPPIST-1e,27,False,0,6,0,7786,0,Baton Ousious,F,False
7682_01,Earth,True,G/1248/S,TRAPPIST-1e,53,False,0,0,0,0,0,Denny Solon,M,False
7683_01,Earth,False,F/1467/S,TRAPPIST-1e,28,False,0,817,58,0,25,Katen Avisnydes,F,True
7684_01,Europa,False,C/286/S,TRAPPIST-1e,24,False,812,5450,0,1,262,Cheratz Ressing,M,True
7687_01,Earth,False,F/1596/P,PSO J318.5-22,20,False,0,0,8,1,1175,Dwin Hortez,F,False
7688_01,Earth,False,G/1233/P,TRAPPIST-1e,0,False,0,0,0,0,0,Rice Harrenoldez,M,False
7689_01,Earth,False,F/1597/P,,24,False,0,96,0,597,0,Erie Sextones,F,False
7690_01,Earth,,G/1234/P,TRAPPIST-1e,28,False,0,0,0,0,0,Juane Stanleyd,M,True
7691_01,Mars,True,F/1598/P,TRAPPIST-1e,42,False,0,0,0,0,0,Jack Nate,F,True
7692_01,Europa,False,C/287/S,55 Cancri e,32,True,0,48,0,3204,112,Meropus Aroodint,M,False
7693_01,Europa,False,B/252/P,TRAPPIST-1e,36,False,0,2979,0,68,347,Cherrak Roftfuling,F,True
7693_02,Europa,False,B/252/P,TRAPPIST-1e,40,False,0,0,0,0,0,Enibah Roftfuling,M,True
7694_01,Earth,False,F/1599/P,TRAPPIST-1e,30,False,574,0,,25,2,Coracy Pettyreeman,F,False
7696_01,Mars,False,E/499/P,TRAPPIST-1e,34,False,751,0,185,0,77,Sceres Hooff,M,False
7696_02,Mars,False,F/1601/P,TRAPPIST-1e,37,False,1000,0,80,40,0,Ars Ches,F,False
7697_01,Europa,,B/295/S,TRAPPIST-1e,41,False,0,0,0,0,0,Naosura Fusimodent,M,True
7697_02,Europa,True,B/295/S,55 Cancri e,25,False,0,0,0,0,0,Grumak Fusimodent,F,True
7698_01,Mars,False,F/1602/P,TRAPPIST-1e,39,False,332,0,728,2,86,Beres Derte,M,True
7699_01,Earth,False,G/1235/P,55 Cancri e,0,False,0,0,0,0,0,Chesty Morez,F,True
7700_01,Mars,False,F/1603/P,TRAPPIST-1e,54,False,1144,140,2,2,0,Loss Bake,M,False
7702_01,Earth,True,G/1236/P,TRAPPIST-1e,16,False,0,0,0,0,0,Deanne Rosalanenn,F,False
7703_01,Earth,False,G/1251/S,TRAPPIST-1e,0,False,0,0,0,0,0,Bonyan Gordanieves,M,True
7703_02,,True,G/1251/S,TRAPPIST-1e,13,False,0,0,,0,0,,,True
7705_01,Mars,False,F/1470/S,TRAPPIST-1e,46,False,5888,,13,12,0,Libers Weeke,M,False
7707_01,Earth,False,G/1237/P,,23,False,40,4,9,318,1413,Etha Simmonders,F,False
7708_01,Earth,False,F/1471/S,TRAPPIST-1e,18,False,110,103,471,11,1,Arl Chavezalez,M,False
7709_01,Earth,False,F/1604/P,PSO J318.5-22,27,False,2647,0,0,42,32,Rald Sweett,F,False
7709_02,Earth,True,G/1238/P,PSO J318.5-22,24,False,0,,0,0,0,Lerome Sweett,M,False
7710_01,Europa,False,B/253/P,TRAPPIST-1e,27,False,118,1769,4127,118,619,Chabih Eguing,F,True
7711_01,,,D/241/P,TRAPPIST-1e,24,False,0,82,0,1624,77,Jihoton Muspereed,M,False
7712_01,Europa,False,A/93/S,TRAPPIST-1e,25,True,1,4298,0,0,2,Alphact Gealter,F,True
7713_01,Europa,True,B/296/S,TRAPPIST-1e,30,False,0,0,0,0,0,Nusoton Nairconed,M,True
7714_01,Earth,False,G/1239/P,TRAPPIST-1e,19,False,0,28,62,24,1686,Morrie Shieldson,F,False
7715_01,Earth,False,F/1605/P,55 Cancri e,18,False,1,5,305,347,0,Denny Sterson,M,False
7716_01,Europa,True,E/500/P,55 Cancri e,49,False,0,0,0,0,0,Marazha Panspic,F,True
7717_01,Earth,False,G/1240/P,TRAPPIST-1e,64,False,0,0,0,563,344,Gerek Hultz,M,False
7719_01,Mars,True,E/506/S,TRAPPIST-1e,26,False,0,0,0,0,0,Pon Leste,F,True
7720_01,Earth,False,F/1606/P,55 Cancri e,53,False,0,0,754,46,0,Eilan Russelloyd,M,False
7721_01,Mars,False,D/242/P,TRAPPIST-1e,27,False,83,0,2621,5,0,Shog Khaf,F,True
7723_01,Europa,True,B/254/P,TRAPPIST-1e,27,False,0,0,0,0,0,Sheleb Conate,M,True
7724_01,Mars,False,F/1472/S,TRAPPIST-1e,25,False,338,319,32,15,0,Kris Trad,F,False
7727_01,Earth,False,E/507/S,55 Cancri e,33,False,0,0,0,436,224,Iree Hurchrisong,M,True
7728_01,Europa,False,C/289/S,TRAPPIST-1e,27,False,0,9,0,40,7621,Alhail Cabraseed,F,False
7729_01,Europa,True,C/251/P,55 Cancri e,20,False,0,0,0,0,0,Winons Unprive,M,True
7731_01,Europa,True,B/255/P,55 Cancri e,39,False,0,0,0,0,0,Keidus Suarging,F,True
7736_01,Mars,False,E/502/P,TRAPPIST-1e,27,False,1730,0,379,5,0,Wins Stik,M,False
7738_01,Mars,True,F/1476/S,TRAPPIST-1e,19,False,0,0,0,0,0,Graven Blie,F,True
7739_01,Earth,False,F/1609/P,TRAPPIST-1e,22,False,60,48,0,0,500,Herita Brookenson,M,False
7741_01,Earth,False,G/1252/S,TRAPPIST-1e,3,False,0,0,0,0,0,Lilly Matts,F,False
7741_02,Earth,False,E/508/S,TRAPPIST-1e,24,False,9,769,9,0,0,Jilla Matts,M,False
7742_01,Mars,True,F/1477/S,TRAPPIST-1e,41,False,0,0,0,0,0,Wifts Nake,F,True
7742_02,Mars,True,F/1477/S,TRAPPIST-1e,18,False,0,0,0,0,0,Croo Nake,M,True
7743_01,Earth,False,G/1244/P,TRAPPIST-1e,63,False,0,243,0,777,0,Jilley Alshipson,F,False
7744_01,Europa,False,B/298/S,TRAPPIST-1e,19,False,0,4534,0,617,1156,Weznif Prearright,M,False
7744_02,Europa,True,B/298/S,TRAPPIST-1e,39,False,0,0,0,0,0,Axinon Prearright,F,True
7746_01,Europa,True,,55 Cancri e,,False,0,0,0,0,0,Antinon Patoetic,M,True
7747_01,Mars,False,F/1611/P,TRAPPIST-1e,41,False,688,31,1880,0,,Supix Dal,F,False
7748_01,Europa,False,A/94/S,TRAPPIST-1e,44,False,18,1451,0,279,64,Alamin Obsentork,M,False
7748_02,Europa,False,A/94/S,TRAPPIST-1e,39,True,0,395,0,1012,1080,Almino Obsentork,F,False
7749_01,Mars,True,D/244/P,55 Cancri e,29,False,0,0,0,0,0,Shood Pie,M,True
7749_02,Mars,False,D/244/P,TRAPPIST-1e,37,False,416,56,1912,0,0,Dynx Pie,F,False
7751_01,Europa,True,C/252/P,55 Cancri e,41,False,0,0,0,0,0,Mesatik Retefule,M,True
7752_01,Earth,False,F/1480/S,PSO J318.5-22,18,False,0,0,0,746,1,Hery Berreranks,F,False
7753_01,Earth,True,G/1245/P,55 Cancri e,,False,0,0,0,0,0,Noria Puckenton,M,False
7754_01,Europa,False,B/299/S,55 Cancri e,55,False,1,2670,34,542,1339,Mothab Imotive,F,True
7755_01,Earth,True,E/503/P,TRAPPIST-1e,21,False,0,0,0,0,0,Jonard Mullericer,M,True
7757_01,Europa,True,B/300/S,TRAPPIST-1e,28,False,0,0,0,0,0,Muonons Lowerrudy,F,True
7757_02,Europa,False,B/300/S,TRAPPIST-1e,43,False,0,8948,0,153,872,Dyonevi Capplid,M,True
7760_01,Earth,False,G/1253/S,PSO J318.5-22,32,False,0,494,0,0,213,Ricke Coolerson,F,False
7761_01,Earth,False,F/1612/P,TRAPPIST-1e,23,False,1,0,0,237,553,Benja Watsongley,M,True
7761_02,Earth,True,G/1246/P,55 Cancri e,5,False,0,0,0,0,0,Stevey Water,F,True
7763_01,Earth,False,G/1254/S,55 Cancri e,14,,325,0,19,506,2,Dessie Lewinez,M,False
7764_01,Earth,False,F/1613/P,TRAPPIST-1e,24,False,1405,0,14,2,163,Maryn Saundez,F,False
7767_01,Earth,True,G/1257/S,PSO J318.5-22,22,False,0,0,0,0,0,Curtle Oconley,M,True
7768_01,Earth,False,F/1484/S,TRAPPIST-1e,14,False,0,268,239,127,0,Vivia Ocherman,F,True
7769_01,Earth,False,E/504/P,TRAPPIST-1e,20,False,98,499,0,142,52,Tonyan Mclarseney,M,False
7770_01,Earth,False,G/1258/S,TRAPPIST-1e,17,False,527,124,37,290,30,Candyn Oneiles,F,False
7770_02,Earth,False,F/1485/S,55 Cancri e,20,False,748,0,0,0,487,Jerrye Oneiles,M,False
7771_01,Earth,False,G/1259/S,TRAPPIST-1e,22,False,0,,692,18,0,Feline Cofferson,F,True
7773_01,Earth,True,G/1248/P,TRAPPIST-1e,15,False,0,0,0,0,0,Fayey Stephend,M,True
7774_01,Mars,False,D/245/P,55 Cancri e,67,False,1146,16,39,0,518,Lar Kinad,F,True
7775_01,Europa,False,C/253/P,55 Cancri e,28,False,7,489,0,4,6027,Alraium Disivering,M,False
7776_01,Europa,False,D/246/P,,57,False,0,412,0,5491,234,Pollum Craleve,F,False
7777_01,Earth,True,G/1249/P,PSO J318.5-22,21,False,0,0,0,0,0,Camie Meleon,M,True
7778_01,Mars,False,F/1486/S,TRAPPIST-1e,34,False,1199,33,346,0,0,Hammet Saste,F,False
7778_02,Mars,True,E/510/S,TRAPPIST-1e,17,False,0,0,0,0,0,Cinst Saste,M,False
7780_01,Earth,False,F/1614/P,55 Cancri e,33,False,0,53,615,9,0,Therly Mcmahoney,F,True
7782_01,Europa,False,C/291/S,55 Cancri e,33,False,0,73,31,8493,9065,Maiah Pickleve,M,False
7782_02,Europa,False,C/291/S,TRAPPIST-1e,28,False,0,180,0,778,4973,Azhasim Pickleve,F,False
7783_01,Mars,True,F/1487/S,TRAPPIST-1e,18,False,0,0,0,0,0,Tous Wate,M,True
7784_01,Mars,True,F/1615/P,TRAPPIST-1e,28,False,0,0,0,0,0,Cray Berte,F,True
7785_01,Earth,False,G/1261/S,TRAPPIST-1e,13,False,406,0,52,0,387,Luise Bucklandez,M,False
7786_01,Earth,False,F/1616/P,TRAPPIST-1e,38,False,0,0,0,45,3372,Stelle Adkinson,F,False
7787_01,Europa,False,B/301/S,55 Cancri e,39,False,258,1541,0,,621,Polari Cousel,M,False
7787_02,Europa,True,,TRAPPIST-1e,18,False,0,0,0,0,0,Sular Cousel,F,True
7788_01,Earth,False,F/1488/S,PSO J318.5-22,43,False,0,0,110,538,0,Julin Guerson,M,False
7789_01,Earth,False,F/1489/S,TRAPPIST-1e,32,False,,368,0,304,741,Pattie Whitledges,F,False
7790_01,,True,F/1490/S,TRAPPIST-1e,29,False,0,0,0,0,0,Pold Casty,M,False
7790_02,Mars,False,F/1490/S,55 Cancri e,45,False,810,0,132,198,0,Wifel Casty,F,False
7790_03,Mars,True,F/1490/S,TRAPPIST-1e,25,False,0,0,0,0,0,Grawk Casty,M,True
7791_01,Earth,False,F/1491/S,55 Cancri e,64,False,19,261,208,0,214,Nadie Owerson,F,False
7793_01,,False,F/1617/P,TRAPPIST-1e,18,False,0,0,0,0,2141,Isa Anthompson,M,False
7797_01,Earth,False,E/506/P,TRAPPIST-1e,44,False,358,303,0,0,131,Paulie Powenoble,F,False
7800_01,Earth,True,G/1251/P,TRAPPIST-1e,15,False,0,0,,0,0,Alvira Potterry,M,True
7801_01,,False,,55 Cancri e,21,False,1720,2337,0,1,335,Eliana Coopezmaney,F,False
7802_01,Mars,False,F/1620/P,TRAPPIST-1e,33,False,166,634,419,201,1178,Backse Pead,M,False
7803_01,Earth,False,G/1253/P,55 Cancri e,3,False,0,0,0,0,0,Stenny Tranklinay,F,False
7803_02,Earth,True,G/1253/P,55 Cancri e,19,False,0,0,0,0,0,Nathy Tranklinay,M,True
7805_01,Earth,False,G/1254/P,TRAPPIST-1e,37,False,0,0,0,0,0,Rosiey Hestes,F,False
7806_01,Earth,False,F/1621/P,55 Cancri e,24,False,0,688,0,0,1,Wena Mirezavis,M,False
7808_01,Earth,False,G/1256/P,TRAPPIST-1e,26,False,0,79,53,,0,Arllia Sweenez,F,False
7809_01,Mars,True,F/1493/S,TRAPPIST-1e,26,False,0,0,,0,0,Guts Sty,M,True
7809_02,Mars,True,F/1493/S,TRAPPIST-1e,26,False,0,0,0,0,,Rhex Sty,F,True
7810_01,Earth,False,F/1494/S,TRAPPIST-1e,22,,769,0,0,1,729,Delley Coopelandez,M,False
7812_01,Mars,False,F/1495/S,TRAPPIST-1e,26,False,1333,0,50,0,0,Blech Depie,F,False
7813_01,Earth,False,F/1622/P,TRAPPIST-1e,27,False,0,55,0,740,85,Landa Hallahaney,M,False
7815_01,Earth,False,F/1496/S,PSO J318.5-22,27,False,0,605,0,0,0,Jaye Daviddley,F,True
7816_01,Earth,,F/1497/S,PSO J318.5-22,37,False,0,925,0,0,0,Gordo Mclardson,M,True
7818_01,Earth,True,G/1257/P,TRAPPIST-1e,22,False,0,0,0,0,0,Joelan Brenney,F,False
7820_01,Earth,False,G/1258/P,55 Cancri e,24,False,0,0,809,0,0,Elanda Lambles,M,True
7821_01,,False,G/1264/S,TRAPPIST-1e,23,False,535,3,17,0,214,Cinda Mcdowns,F,False
7824_01,Earth,False,F/1624/P,PSO J318.5-22,18,False,0,76,0,993,6,Samie Polliamposs,M,False
7828_01,Earth,True,G/1266/S,TRAPPIST-1e,28,False,0,0,0,0,0,Jimmyn Deckley,F,False
7829_01,Earth,True,G/1267/S,TRAPPIST-1e,4,False,0,0,0,0,0,Iandy Harmontry,M,True
7830_01,Earth,True,G/1268/S,PSO J318.5-22,23,False,0,0,0,0,0,Briane Belley,F,True
7830_02,Earth,True,G/1268/S,PSO J318.5-22,2,False,0,0,0,0,0,Gordo Belley,M,True
7830_03,Earth,False,G/1268/S,TRAPPIST-1e,46,False,0,,0,17,655,Willah Belley,F,False
7830_04,,False,G/1268/S,TRAPPIST-1e,0,False,0,0,0,0,0,Eddiey Belley,M,False
7831_01,Mars,False,F/1626/P,TRAPPIST-1e,16,False,1095,0,54,0,0,,,False
7832_01,Mars,False,D/228/S,TRAPPIST-1e,19,False,1823,36,81,0,0,Sumpid Bart,M,False
7833_01,Europa,False,B/305/S,55 Cancri e,34,False,0,3424,6,2445,1128,Ainkard Spandisket,F,False
7833_02,Europa,False,B/305/S,TRAPPIST-1e,34,False,11,3299,0,1013,15,Altan Spandisket,M,True
7834_01,Earth,False,G/1269/S,TRAPPIST-1e,24,False,482,967,349,19,0,Monah Cardner,F,False
7835_01,Earth,True,G/1270/S,PSO J318.5-22,28,False,0,0,0,0,0,Craine Hoodgers,M,False
7837_01,Europa,True,B/306/S,55 Cancri e,44,False,0,0,0,0,0,Taurah Kiling,F,True
7837_02,Europa,True,B/306/S,TRAPPIST-1e,35,False,0,0,0,0,0,Caphird Kiling,M,True
7839_01,Earth,False,G/1259/P,TRAPPIST-1e,20,False,0,0,0,0,0,Jilla Leson,F,False
7840_01,Earth,False,F/1500/S,PSO J318.5-22,18,False,328,0,0,24,309,Garlie Warrison,M,False
7841_01,Earth,False,G/1260/P,PSO J318.5-22,43,False,6,25,0,5250,0,Netty Maynardner,F,False
7841_02,Earth,False,F/1627/P,PSO J318.5-22,48,False,0,0,501,242,0,Elly Maynardner,M,False
7842_01,Mars,False,E/513/S,TRAPPIST-1e,46,False,52,0,1185,61,0,Coves Gepie,F,True
7843_01,Mars,True,,TRAPPIST-1e,75,False,0,0,0,0,0,Weet Petie,M,True
7845_01,Europa,True,B/307/S,55 Cancri e,24,False,0,0,0,0,0,Syrmion Unhearfus,F,True
7847_01,Earth,False,G/1261/P,TRAPPIST-1e,34,False,0,9,617,0,281,Ireene Boyersons,M,False
7848_01,Mars,,,TRAPPIST-1e,29,False,1052,0,635,0,0,Neypus Pine,F,False
7848_02,Mars,True,F/1501/S,TRAPPIST-1e,46,False,0,0,0,0,0,Beass Pine,M,True
7849_01,Earth,False,G/1271/S,TRAPPIST-1e,22,False,558,63,0,0,0,Tonnie Ewisentley,F,False
7850_01,Mars,True,E/514/S,TRAPPIST-1e,42,False,0,0,0,0,0,Womel Melie,M,False
7851_01,Mars,True,F/1629/P,TRAPPIST-1e,46,False,0,0,0,0,0,Ales Cha,F,True
7852_01,Earth,False,E/508/P,TRAPPIST-1e,15,False,0,6,0,981,0,Davisy Folemonley,M,False
7853_01,,False,F/1502/S,TRAPPIST-1e,42,False,1227,773,14,0,0,Gran Chpie,F,False
7853_02,Mars,False,E/515/S,TRAPPIST-1e,31,False,166,0,297,835,0,Gon Chpie,M,False
7853_03,Mars,True,F/1502/S,TRAPPIST-1e,9,False,0,0,0,0,0,Cranch Chpie,F,True
7856_01,Earth,False,F/1503/S,TRAPPIST-1e,34,,0,0,0,156,620,Darrie Contrevins,M,False
7858_01,Earth,False,G/1264/P,TRAPPIST-1e,21,False,9,0,0,25,811,Grette Kramorry,F,False
7858_02,Earth,False,F/1630/P,55 Cancri e,16,False,0,11,0,863,0,Ward Kramorry,M,False
7858_03,Earth,False,F/1630/P,TRAPPIST-1e,40,False,634,60,134,0,0,Tinez Kramorry,F,False
7859_01,,False,F/1504/S,TRAPPIST-1e,23,False,550,0,738,0,0,Shams Jaflé,M,True
7861_01,Earth,True,G/1265/P,TRAPPIST-1e,6,,0,0,0,0,0,Krisa Wheelez,F,False
7863_01,Earth,False,F/1505/S,TRAPPIST-1e,17,False,99,516,1967,0,6,Tine Popelacruz,M,True
7864_01,Earth,False,F/1506/S,55 Cancri e,37,False,19,443,1769,0,3,Elly Potterry,F,True
7865_01,Europa,True,C/293/S,PSO J318.5-22,30,False,0,0,0,0,0,Celava Secont,M,True
7865_02,Europa,True,C/293/S,TRAPPIST-1e,32,False,0,0,0,0,0,Kaffias Secont,F,True
7865_03,Europa,True,C/293/S,55 Cancri e,41,False,0,0,0,0,0,Meratzn Secont,M,True
7866_01,Europa,False,C/255/P,55 Cancri e,43,False,0,16856,0,4344,977,Tabdhib Heeroling,F,False
7868_01,Earth,False,E/517/S,55 Cancri e,17,False,6256,0,0,1,21,Elly Hayerson,M,False
7870_01,Europa,True,B/257/P,TRAPPIST-1e,37,False,0,0,0,0,0,Caphirk Matimple,F,True
7871_01,Earth,True,,TRAPPIST-1e,18,False,0,0,0,0,0,Alendy Stannondez,M,True
7872_01,Earth,,G/1267/P,TRAPPIST-1e,1,False,0,0,0,0,0,Elancy Wardendez,F,False
7872_02,Earth,False,G/1267/P,TRAPPIST-1e,38,False,0,0,0,1714,0,All Sweett,M,False
7872_03,Earth,False,F/1633/P,TRAPPIST-1e,25,False,131,124,408,196,9,Leony Wardendez,F,False
7872_04,Earth,False,G/1267/P,TRAPPIST-1e,6,False,0,0,0,0,0,Salley Wardendez,M,False
7872_05,Earth,True,G/1267/P,TRAPPIST-1e,1,False,0,0,0,0,0,Chesty Wardendez,F,True
7872_06,Earth,False,G/1267/P,PSO J318.5-22,7,False,0,0,0,0,0,Herita Wardendez,M,True
7873_01,,False,F/1634/P,TRAPPIST-1e,24,False,569,156,0,12,0,Eduana Carpentley,F,False
7873_02,Earth,False,F/1634/P,TRAPPIST-1e,19,False,0,721,0,25,1,Monard Carpentley,M,True
7875_01,Europa,True,B/309/S,55 Cancri e,26,False,0,0,0,0,0,Geonkaa Cattyried,F,True
7877_01,Earth,False,G/1268/P,TRAPPIST-1e,49,False,0,1738,0,19,0,Elicia Fultz,M,False
7878_01,Earth,False,G/1269/P,TRAPPIST-1e,18,False,0,0,32,0,673,Vane Nieldsond,F,False
7879_01,Earth,False,G/1270/P,TRAPPIST-1e,25,False,0,478,71,11,162,Stancy Horthy,M,False
7881_01,Earth,False,F/1507/S,TRAPPIST-1e,46,False,248,,0,4,0,Rald Crosbornes,F,False
7882_01,Earth,True,G/1271/P,TRAPPIST-1e,33,False,0,0,0,0,0,Gabrin Coxterez,M,False
7882_02,Earth,False,G/1271/P,TRAPPIST-1e,10,False,0,0,0,0,0,Luise Coxterez,F,True
7883_01,Earth,True,G/1272/P,TRAPPIST-1e,38,False,0,0,0,0,0,Kenny Deckley,M,True
7884_01,Mars,False,E/512/P,TRAPPIST-1e,23,False,1610,2,465,0,0,Grioss Cone,F,False
7885_01,Earth,True,G/1273/P,TRAPPIST-1e,26,False,0,0,0,0,0,Tancis Potters,M,True
7886_01,Earth,False,G/1274/P,TRAPPIST-1e,16,False,0,11,0,8,827,Gracey Gaington,F,False
7888_01,Earth,False,E/518/S,TRAPPIST-1e,29,False,37,0,644,0,177,Erie Woodwinez,M,True
7889_01,Europa,True,C/256/P,PSO J318.5-22,35,False,0,0,0,0,0,Halleth Gulcepusy,F,True
7890_01,Earth,False,F/1508/S,TRAPPIST-1e,58,False,0,268,0,109,594,Chrisa Reenez,M,False
7890_02,Earth,True,G/1273/S,55 Cancri e,17,False,0,0,0,0,0,Edgary Reenez,F,True
7890_03,Earth,True,,TRAPPIST-1e,16,False,0,0,0,0,0,Sonnie Scottney,M,True
7891_01,Earth,True,G/1274/S,55 Cancri e,2,False,0,0,0,0,0,Guada Duffmaney,F,True
7891_02,Earth,,,TRAPPIST-1e,13,False,34,1,0,824,29,Rosey Duffmaney,M,False
7892_01,Mars,False,F/1636/P,TRAPPIST-1e,18,False,196,0,744,0,0,Colax Mity,F,True
7894_01,Earth,False,E/519/S,55 Cancri e,29,False,46,68,589,88,0,Jenne Jacostarks,M,True
7895_01,Earth,False,F/1509/S,55 Cancri e,21,False,102,9,21,464,104,Lynez Brooke,F,False
7897_01,Europa,True,C/295/S,55 Cancri e,43,,0,0,0,0,0,Altares Ancontaked,M,True
7899_01,Earth,True,G/1275/S,TRAPPIST-1e,69,False,0,0,0,0,0,Benry Hinesh,F,False
7899_02,Earth,False,G/1275/S,TRAPPIST-1e,40,False,0,0,14,785,10,Randa Hinesh,M,False
7899_03,Earth,True,G/1275/S,TRAPPIST-1e,1,False,0,0,0,0,0,Margio Boyers,F,True
7901_01,Mars,True,F/1512/S,TRAPPIST-1e,36,False,0,0,0,0,0,Tive Curie,M,True
7902_01,Earth,,G/1276/P,TRAPPIST-1e,60,False,0,0,0,0,0,Dianie Villenson,F,False
7902_02,Earth,True,G/1276/P,PSO J318.5-22,17,False,0,0,0,0,0,Margio Georgasey,M,True
7902_03,Earth,True,G/1276/P,TRAPPIST-1e,49,False,0,0,0,0,0,Jodye Georgasey,F,False
7902_04,Earth,False,G/1276/P,TRAPPIST-1e,23,False,1,700,0,7,136,Luison Villenson,M,False
7903_01,Earth,False,F/1638/P,TRAPPIST-1e,39,False,472,0,0,173,0,Ricard Weberton,F,False
7904_01,Earth,True,,TRAPPIST-1e,53,False,0,0,0,0,0,Joelan Pughlinsons,M,True
7904_02,Earth,False,G/1277/P,TRAPPIST-1e,26,False,485,8,3958,0,0,Hilia Pughlinsons,F,True
7905_01,Europa,False,C/296/S,TRAPPIST-1e,31,False,0,87,0,2263,224,Zinor Axlentindy,M,False
7905_02,Europa,True,C/296/S,TRAPPIST-1e,48,False,0,0,0,,0,Menkibi Axlentindy,F,True
7905_03,Europa,False,C/296/S,55 Cancri e,26,,1432,1283,0,178,5034,Meram Axlentindy,M,False
7907_01,Mars,True,F/1513/S,TRAPPIST-1e,25,False,0,0,0,0,0,Erfros Nate,F,True
7908_01,Europa,True,B/310/S,55 Cancri e,25,False,0,0,0,0,0,Alzirk Aneetle,M,True
7910_01,Earth,False,F/1639/P,,30,False,4,637,0,0,3,Fery Rushing,F,False
7913_01,Earth,True,G/1278/S,TRAPPIST-1e,,False,0,0,0,0,0,Almara Whitakers,M,True
7914_01,Earth,True,G/1278/P,TRAPPIST-1e,23,False,0,0,0,0,0,Hilia Munozaley,F,False
7914_02,Earth,False,G/1278/P,TRAPPIST-1e,24,False,0,80,106,344,0,Marynk Munozaley,M,False
7914_03,Earth,False,G/1278/P,TRAPPIST-1e,47,False,397,0,321,0,5,Eriky Munozaley,F,True
7916_01,Earth,True,G/1279/P,TRAPPIST-1e,37,False,0,0,0,0,0,Elson Mayods,M,False
7918_01,Mars,True,F/1640/P,TRAPPIST-1e,24,False,0,0,0,0,0,Allift Flé,F,True
7919_01,Earth,False,G/1281/P,TRAPPIST-1e,21,False,90,0,817,0,0,Cliney Hoodgers,M,False
7920_01,Mars,True,F/1515/S,TRAPPIST-1e,42,False,0,0,0,0,0,Anamse Backe,F,True
7922_01,Earth,False,F/1517/S,TRAPPIST-1e,39,False,3030,79,0,0,0,Lloyde Llobsoney,M,False
7924_01,Earth,False,F/1642/P,TRAPPIST-1e,28,False,589,57,0,0,0,Ninaha Mondalley,F,False
7926_01,Earth,False,E/514/P,TRAPPIST-1e,32,False,0,0,,365,1216,Kenda Paynard,M,False
7929_01,Europa,False,B/311/S,TRAPPIST-1e,31,False,0,910,58,1654,1217,Mergak Dissper,F,False
7930_01,Earth,True,,TRAPPIST-1e,13,False,0,0,0,0,0,Joela Bardsey,M,True
7935_01,Earth,False,F/1520/S,TRAPPIST-1e,41,False,84,0,6,811,2,Ward Rodger,F,True
7936_01,Earth,False,F/1644/P,TRAPPIST-1e,21,False,7,0,622,0,0,Gracey Morelly,M,False
7936_02,Earth,False,G/1284/P,TRAPPIST-1e,,False,0,0,0,0,0,Carley Morelly,F,False
7936_03,Earth,False,G/1284/P,TRAPPIST-1e,9,False,0,0,,0,0,Lindy Franey,M,True
7937_01,Europa,False,D/229/S,TRAPPIST-1e,36,False,0,9532,0,2326,461,Misadr Skessid,F,False
7937_02,Europa,True,D/229/S,55 Cancri e,30,False,0,0,0,0,0,Sarino Skessid,M,True
7939_01,Earth,False,G/1281/S,TRAPPIST-1e,27,False,0,593,0,259,0,Jodyn Foxter,F,False
7940_01,Earth,False,F/1521/S,TRAPPIST-1e,40,False,580,0,447,6,0,Camiet Hinglendez,M,False
7941_01,Europa,False,C/257/P,TRAPPIST-1e,41,False,0,116,10705,9181,10,Alrakan Apedishaft,F,False
7943_01,Europa,True,B/258/P,55 Cancri e,16,False,0,0,0,0,0,Meratz Spedlybood,M,True
7943_02,Europa,False,B/258/P,PSO J318.5-22,36,True,2,6504,0,98,4,Eleb Spedlybood,F,True
7944_01,Europa,False,D/230/S,TRAPPIST-1e,15,False,31,804,1,4732,2577,Achira Reewerpic,M,False
7944_02,Europa,True,D/230/S,TRAPPIST-1e,39,False,0,0,0,0,0,Alarkab Reewerpic,F,True
7945_01,Mars,True,F/1522/S,TRAPPIST-1e,21,False,0,0,0,0,0,Mitch Vloaf,M,True
7946_01,Earth,False,F/1645/P,PSO J318.5-22,24,False,0,0,604,0,91,Elly Hooperez,F,True
7947_01,Mars,False,F/1646/P,TRAPPIST-1e,28,False,1811,1,57,0,0,Guark Shbre,M,False
7949_01,Earth,,G/1283/S,TRAPPIST-1e,47,False,0,14,0,2330,0,Armen Barkeretton,F,False
7950_01,,False,G/1287/P,TRAPPIST-1e,55,False,0,1620,159,,0,Idace Ingston,M,False
7950_02,Earth,True,G/1287/P,TRAPPIST-1e,,False,0,0,0,0,0,,,True
7950_03,Earth,False,E/516/P,55 Cancri e,22,False,10,0,624,0,85,Done Ingston,M,True
7950_04,Earth,True,G/1287/P,TRAPPIST-1e,26,False,0,0,0,0,0,Elany Ingston,F,True
7952_01,Mars,False,F/1523/S,,62,False,100,0,38,1211,0,Yots Sueke,M,False
7952_02,Mars,False,E/524/S,TRAPPIST-1e,53,False,868,0,686,520,24,Beris Sueke,F,False
7954_01,Earth,False,G/1284/S,55 Cancri e,29,False,30,0,0,0,780,Juline Waltonson,M,False
7955_01,Earth,False,G/1288/P,TRAPPIST-1e,21,False,640,0,144,104,0,Aude Jorden,F,False
7957_01,Earth,True,G/1285/S,PSO J318.5-22,18,False,0,0,0,0,0,Vane Balderts,M,True
7958_01,Mars,True,E/525/S,TRAPPIST-1e,34,False,0,0,0,0,0,Suls Frazo,F,True
7960_01,Earth,False,F/1648/P,TRAPPIST-1e,19,False,1,7,,689,0,Heidie Quinnerettt,M,False
7962_01,Earth,False,G/1290/P,TRAPPIST-1e,14,False,0,360,0,25,1340,Gwendy Dillines,F,False
7967_01,Earth,False,G/1288/S,TRAPPIST-1e,21,False,691,0,0,,15,Doray Ricews,M,False
7968_01,Mars,False,D/232/S,TRAPPIST-1e,55,False,376,0,858,0,31,Apsps Nutte,F,True
7970_01,Europa,False,C/258/P,55 Cancri e,18,False,0,3492,0,506,8,Genif Wassird,M,True
7972_01,Europa,True,B/260/P,55 Cancri e,33,False,0,0,0,0,0,Hadlam Cattyried,F,True
7972_02,Europa,False,B/260/P,TRAPPIST-1e,35,False,,246,25,42,3730,Atinon Cattyried,M,False
7973_01,,True,C/297/S,TRAPPIST-1e,31,False,0,0,0,0,0,Batan Drelcate,F,True
7974_01,Europa,False,C/259/P,TRAPPIST-1e,27,False,0,2318,1127,2423,115,Azim Geatenth,M,False
7974_02,Europa,False,C/259/P,TRAPPIST-1e,,False,0,36,89,948,927,Ionon Geatenth,F,False
7976_01,Earth,True,G/1289/S,PSO J318.5-22,13,False,0,0,0,0,0,Leonyl Meltonway,M,True
7981_01,Earth,False,F/1652/P,TRAPPIST-1e,24,False,24,174,0,509,15,Glorey Paulllegory,F,False
7981_02,Earth,False,G/1293/P,TRAPPIST-1e,22,False,31,0,1,25,757,Shanie Paulllegory,M,False
7982_01,Europa,True,B/261/P,TRAPPIST-1e,32,False,0,0,0,0,0,,,False
7982_02,Europa,True,B/261/P,TRAPPIST-1e,18,False,0,0,0,0,0,Alrair Bealvewd,M,True
7983_01,Europa,True,,TRAPPIST-1e,53,False,0,0,0,0,0,Alderak Wassird,F,True
7984_01,Mars,False,F/1653/P,TRAPPIST-1e,4,False,0,0,0,0,0,Cran Birt,M,True
7984_02,Mars,True,F/1653/P,TRAPPIST-1e,24,False,0,0,0,0,0,Murs Birt,F,True
7984_03,Mars,False,F/1653/P,TRAPPIST-1e,23,False,649,0,622,0,0,Smal Birt,M,True
7984_04,Mars,False,F/1653/P,TRAPPIST-1e,1,False,0,0,0,0,0,Guakes Birt,F,True
7985_01,Earth,False,F/1654/P,TRAPPIST-1e,18,,1969,0,310,0,0,Davis Bulliamoses,M,True
7986_01,Mars,False,F/1655/P,TRAPPIST-1e,21,False,838,45,455,0,0,Weet Pimne,F,False
7987_01,Mars,False,D/248/P,TRAPPIST-1e,40,False,3809,0,21,0,1,Doulls Boyst,M,False
7988_01,Europa,True,B/313/S,TRAPPIST-1e,49,False,0,0,0,0,0,Phoros Wirdley,F,True
7989_01,Earth,True,G/1290/S,PSO J318.5-22,25,False,0,0,0,0,0,Perryl Baketton,M,False
7990_01,Earth,True,G/1294/P,55 Cancri e,21,False,0,0,0,0,0,Becca Dorsenry,F,True
7993_01,Europa,True,A/96/S,TRAPPIST-1e,40,False,0,0,0,0,0,Alphact Frakepeed,M,True
7993_02,Europa,True,A/96/S,55 Cancri e,47,True,0,0,0,0,0,Dyonon Frakepeed,F,True
7994_01,Earth,False,G/1295/P,PSO J318.5-22,25,False,153,0,0,388,0,Ivanna Stanleyd,M,False
7995_01,Europa,True,,TRAPPIST-1e,36,False,0,0,0,0,0,Grum Stiviorad,F,True
7996_01,Earth,False,F/1657/P,TRAPPIST-1e,39,False,17,334,708,17,366,Tanley Kimons,M,False
7999_01,Europa,True,B/262/P,55 Cancri e,26,False,0,0,0,0,0,Arraiam Bealvewd,F,True
8000_01,Earth,False,G/1292/S,TRAPPIST-1e,0,False,0,0,,0,0,Alfrey Bucklandez,M,True
8000_02,Earth,True,G/1292/S,TRAPPIST-1e,14,False,0,0,0,0,0,Patsyn Bucklandez,F,True
8003_01,Mars,False,F/1659/P,TRAPPIST-1e,7,False,0,0,0,0,0,Himass Tre,M,True
8004_01,Mars,True,F/1527/S,55 Cancri e,50,False,0,0,0,0,0,Fowoos Gread,F,True
8005_01,Earth,False,F/1528/S,55 Cancri e,22,False,0,15,0,548,124,Thel Olivasquez,M,False
8005_02,Earth,True,G/1293/S,PSO J318.5-22,17,False,0,0,0,0,0,Sanney Olivasquez,F,True
8005_03,Earth,False,F/1528/S,TRAPPIST-1e,35,False,676,0,0,0,40,Katen Olivasquez,M,False
8006_01,Earth,False,F/1529/S,TRAPPIST-1e,22,False,0,1145,0,0,371,Lilace Morrencis,F,False
8007_01,Earth,False,G/1296/P,TRAPPIST-1e,26,False,0,0,1,886,0,Stace Gilleyons,M,False
8007_02,Earth,False,E/517/P,PSO J318.5-22,24,False,0,0,92,1492,0,Marine Gilleyons,F,True
8010_01,Europa,False,C/300/S,TRAPPIST-1e,59,False,0,2593,0,98,0,,,True
8012_01,Mars,True,F/1531/S,TRAPPIST-1e,24,False,0,0,0,0,0,Camonk Bache,F,True
8012_02,Mars,False,E/530/S,TRAPPIST-1e,17,False,0,0,0,0,0,Cowhex Bache,M,False
8012_03,Mars,True,F/1531/S,TRAPPIST-1e,28,False,0,0,0,0,0,Mesh Bache,F,True
8014_01,Earth,True,G/1294/S,TRAPPIST-1e,38,False,0,0,0,0,0,Letty Brightez,M,True
8015_01,Europa,,B/315/S,TRAPPIST-1e,2,False,0,0,0,0,,Kitauon Pulgaly,F,True
8015_02,Europa,False,B/315/S,TRAPPIST-1e,36,False,0,244,0,5432,2302,Duhrkab Fansty,M,False
8015_03,Europa,True,B/315/S,55 Cancri e,32,False,0,0,0,0,0,Achbah Fansty,F,True
8016_01,Earth,False,E/531/S,TRAPPIST-1e,15,False,0,10,0,595,381,Clard Edwartizman,M,False
8018_01,Earth,False,F/1532/S,TRAPPIST-1e,54,False,0,0,5,1268,26,Juane Popelazquez,F,False
8019_01,Mars,True,F/1660/P,TRAPPIST-1e,18,False,0,0,0,0,0,Casps Anpie,M,True
8020_01,Earth,False,F/1661/P,TRAPPIST-1e,22,False,668,79,0,0,1,Ianya Callowery,F,False
8021_01,Earth,True,G/1298/P,TRAPPIST-1e,23,False,0,0,0,0,0,Oraine Blandez,M,False
8023_01,Europa,False,D/249/P,TRAPPIST-1e,14,False,0,4545,271,199,1377,Cella Mallisly,F,True
8023_02,Europa,True,D/249/P,TRAPPIST-1e,26,False,0,0,0,0,0,Auvara Mallisly,M,True
8024_01,Earth,False,F/1533/S,TRAPPIST-1e,73,False,16,0,722,2,89,Tancis Bushallert,F,False
8025_01,Europa,False,B/263/P,TRAPPIST-1e,29,False,0,0,0,0,0,Tauria Stiviorad,M,True
8026_01,Mars,True,F/1534/S,TRAPPIST-1e,29,False,0,0,0,0,0,Losp Ruité,F,True
8027_01,Earth,False,G/1297/S,TRAPPIST-1e,12,False,0,0,0,0,0,Garlie Kirks,M,False
8027_02,Earth,False,F/1535/S,55 Cancri e,27,False,31,225,331,0,14,Wally Logannon,F,False
8029_01,Earth,False,G/1298/S,TRAPPIST-1e,31,False,779,0,3,57,0,Coracy Gainebergan,M,False
8030_01,Earth,True,G/1299/S,PSO J318.5-22,26,False,,0,0,0,0,Weslie Carrishley,F,False
8031_01,Europa,True,D/250/P,55 Cancri e,35,False,0,0,0,0,0,Alheneb Emoted,M,True
8032_01,Europa,True,A/85/P,TRAPPIST-1e,25,False,0,0,0,0,0,Atonib Couresteer,F,True
8032_02,Europa,True,A/85/P,,40,False,0,0,0,0,0,Alasym Couresteer,M,True
8034_01,Mars,True,E/532/S,TRAPPIST-1e,18,False,0,0,0,0,0,Krus Bost,F,False
8034_02,Mars,False,E/532/S,,52,False,1222,2,74,0,0,Almone Bost,M,False
8035_01,Mars,True,F/1536/S,TRAPPIST-1e,35,False,0,0,0,0,0,Walmon Staf,F,True
8036_01,Earth,False,F/1537/S,TRAPPIST-1e,51,False,172,350,0,16,1005,Therie Maldon,M,False
8036_02,Earth,False,F/1537/S,TRAPPIST-1e,35,False,0,0,62,0,891,Brene Maldon,F,False
8037_01,Earth,False,F/1538/S,TRAPPIST-1e,14,False,0,476,249,177,0,Danie Harley,M,False
8038_01,Europa,True,C/301/S,55 Cancri e,,False,0,0,0,0,0,Alsha Gocent,F,True
8038_02,Europa,True,C/301/S,55 Cancri e,26,False,0,0,0,0,0,Asellab Gocent,M,True
8042_01,,True,G/1299/P,55 Cancri e,21,False,0,0,0,0,0,Mathy Shephendry,F,False
8043_01,Europa,False,A/97/S,55 Cancri e,45,False,5,17901,0,79,281,Hadalm Oppont,M,True
8043_02,Europa,False,A/97/S,TRAPPIST-1e,29,,0,1408,0,408,1,Aldun Fanseld,F,True
8043_03,Europa,False,A/97/S,TRAPPIST-1e,39,True,1,392,64,148,1367,Alcorix Fanseld,M,True
8043_04,Europa,True,A/97/S,55 Cancri e,37,False,0,0,0,0,0,Sinon Fanseld,F,True
8046_01,Earth,True,G/1300/P,PSO J318.5-22,22,False,0,0,0,0,0,Pennie Haynard,M,True
8049_01,Earth,False,G/1301/P,TRAPPIST-1e,22,False,6,21,0,782,0,Bonya Workmans,F,False
8050_01,Earth,False,G/1300/S,PSO J318.5-22,30,False,0,34,143,275,0,Annya Frazie,M,False
8050_02,Earth,True,,TRAPPIST-1e,1,False,0,0,0,0,0,Ivanne Frazie,F,True
8050_03,Earth,True,G/1300/S,PSO J318.5-22,0,False,0,0,0,0,0,Netty Frazie,M,True
8052_01,Earth,False,G/1302/S,TRAPPIST-1e,9,False,0,0,0,0,0,Duana Serry,F,False
8052_02,Earth,False,G/1302/S,PSO J318.5-22,18,False,0,0,0,1,335,Perryl Serry,M,False
8053_01,Mars,False,F/1663/P,TRAPPIST-1e,29,False,1544,1,206,0,0,Spix Burie,F,False
8054_01,Mars,False,F/1540/S,55 Cancri e,52,False,,0,262,1425,571,Hex Reste,M,False
8055_01,Earth,False,E/533/S,TRAPPIST-1e,27,False,0,0,846,59,0,Joeula Baxterson,F,False
8056_01,Europa,False,C/262/P,TRAPPIST-1e,54,False,0,793,0,87,1567,Ionium Ausivetpul,M,False
8056_02,Europa,False,C/262/P,TRAPPIST-1e,28,False,40,9012,0,111,551,Marrai Ausivetpul,F,True
8057_01,Europa,True,B/267/P,TRAPPIST-1e,65,False,0,0,0,0,0,Wimplas Sersocatic,M,True
8057_02,Europa,True,B/267/P,55 Cancri e,26,False,0,0,0,0,0,Algor Sersocatic,F,True
8058_01,Earth,False,F/1664/P,TRAPPIST-1e,29,False,12,2,0,432,1548,Ronard Hayertez,M,False
8059_01,,False,G/1302/P,TRAPPIST-1e,20,False,0,38,0,0,1779,Leria Merrelliss,F,False
8060_01,Mars,False,F/1541/S,TRAPPIST-1e,39,False,1369,259,960,1,29,Pot Chman,M,False
8060_02,Mars,True,F/1541/S,TRAPPIST-1e,37,False,0,0,0,0,0,Colatz Chman,F,True
8063_01,Earth,False,F/1543/S,TRAPPIST-1e,20,False,,25,0,11,0,Paulie Loway,M,False
8064_01,Mars,True,,TRAPPIST-1e,40,False,0,0,0,0,0,Yales Erte,F,True
8064_02,Mars,False,E/534/S,TRAPPIST-1e,0,False,0,0,0,0,0,Elos Erte,M,True
8064_03,Mars,True,E/534/S,TRAPPIST-1e,33,False,0,0,0,0,0,Chees Swin,F,False
8066_01,Mars,True,F/1544/S,TRAPPIST-1e,23,False,0,0,0,0,0,Cinch Min,M,True
8067_01,Earth,False,F/1666/P,55 Cancri e,32,False,1,0,,9,663,Jaimez Bardson,F,False
8068_01,Earth,False,F/1545/S,TRAPPIST-1e,20,False,0,52,0,110,614,Eduard Mcfarmerson,M,False
8069_01,Europa,True,D/234/S,55 Cancri e,60,False,0,0,0,0,0,Adharan Greded,F,True
8071_01,Earth,False,F/1546/S,TRAPPIST-1e,53,False,0,0,716,0,0,Olly Klindsey,M,True
8072_01,Europa,True,D/236/S,TRAPPIST-1e,26,False,0,0,0,0,0,Mareson Prombled,F,True
8072_02,Europa,False,D/236/S,55 Cancri e,35,False,0,5500,0,180,3173,Arin Prombled,M,False
8075_01,Earth,False,F/1547/S,55 Cancri e,19,False,355,0,0,0,284,Troyce Starkers,F,False
8076_01,Europa,False,C/263/P,55 Cancri e,43,False,1,2060,,1,2764,Menkibi Emetillove,M,False
8076_02,Europa,False,C/263/P,55 Cancri e,29,False,2686,0,0,2854,2553,Achbah Emetillove,F,False
8077_01,Earth,False,G/1304/P,TRAPPIST-1e,20,False,721,122,0,0,0,Racy Watsongley,M,False
8078_01,Earth,False,F/1667/P,TRAPPIST-1e,19,False,0,0,134,1931,,Colle Davispinoz,F,False
8079_01,Earth,False,F/1548/S,PSO J318.5-22,21,False,505,0,0,0,110,Blancy Hubbarton,M,True
8081_01,Europa,False,D/251/P,55 Cancri e,39,False,2,15450,336,1,904,Mesarga Ambleetive,F,True
8082_01,Earth,True,G/1305/P,TRAPPIST-1e,12,False,0,0,0,0,0,Deanny Cochrisons,M,False
8082_02,Earth,False,F/1668/P,55 Cancri e,20,False,1842,0,0,0,0,Dell Cochrisons,F,True
8083_01,Earth,False,F/1669/P,TRAPPIST-1e,18,False,595,134,7,0,0,Chrisa Wolferton,M,False
8084_01,Europa,False,C/264/P,TRAPPIST-1e,31,False,,745,0,6688,2161,Schyon Idercaling,F,False
8085_01,Earth,False,F/1549/S,PSO J318.5-22,35,False,635,3,0,,25,Nandy Avisley,M,False
8086_01,Earth,True,G/1306/P,PSO J318.5-22,44,False,0,0,,0,0,Denis Rochaserry,F,True
8087_01,Europa,False,B/268/P,TRAPPIST-1e,62,False,33,3518,0,394,0,Sarthim Ousious,M,True
8088_01,Mars,False,E/521/P,TRAPPIST-1e,23,False,1,0,11,0,2336,Ducks Sacy,F,False
8088_02,Mars,False,F/1670/P,TRAPPIST-1e,23,True,3,0,0,1677,,Varkes Kart,M,False
8089_01,Earth,False,F/1671/P,TRAPPIST-1e,19,False,0,0,1761,0,36,Erie Peter,F,True
8091_01,Earth,False,F/1672/P,TRAPPIST-1e,29,False,18,7,0,0,779,Mela Bushallert,M,False
8092_01,Europa,False,D/238/S,TRAPPIST-1e,31,False,0,4655,135,2075,402,Mintard Pulgaly,F,True
8092_02,Europa,True,D/238/S,55 Cancri e,33,True,0,,0,0,0,Hekabih Pulgaly,M,True
8092_03,Europa,False,D/238/S,TRAPPIST-1e,41,False,0,3216,0,433,517,Sterfik Pulgaly,F,False
8094_01,Europa,False,C/265/P,TRAPPIST-1e,60,False,19,7316,0,0,1781,Geonkaa Pokebox,M,True
8097_01,Europa,True,B/317/S,TRAPPIST-1e,41,False,0,0,,0,0,Asch Meroliss,F,True
8098_01,Europa,False,B/269/P,TRAPPIST-1e,69,True,0,269,0,190,9033,Ariton Mosteraked,M,False
8098_02,Europa,False,B/269/P,55 Cancri e,44,False,9,2311,0,633,1,Quarkib Mosteraked,F,True
8098_03,Europa,True,B/269/P,55 Cancri e,18,False,0,,0,0,0,Minkark Mosteraked,M,True
8098_04,Europa,False,B/269/P,55 Cancri e,26,False,0,11598,0,3,386,Hasim Mosteraked,F,True
8102_01,Earth,False,F/1674/P,TRAPPIST-1e,30,False,4,0,442,2441,0,Ela Castron,M,False
8103_01,Mars,False,F/1675/P,TRAPPIST-1e,34,False,81,0,492,122,0,Dicks Botie,F,False
8105_01,Earth,False,F/1677/P,PSO J318.5-22,18,False,0,0,15,570,84,Shan Villenson,M,False
8106_01,Earth,True,G/1306/S,55 Cancri e,49,False,0,0,0,0,0,Daley Rigginsen,F,True
8107_01,Earth,False,F/1678/P,PSO J318.5-22,71,False,48,43,0,78,534,Shan Ewisentley,M,False
8108_01,Earth,False,F/1552/S,PSO J318.5-22,19,False,150,605,0,0,1,Stevey Evedorsen,F,False
8112_01,Earth,False,F/1553/S,PSO J318.5-22,23,False,90,4,0,7,588,Benda Dickley,M,False
8115_01,Europa,True,B/318/S,TRAPPIST-1e,31,False,0,0,0,0,0,Phecca Prieress,F,True
8115_02,Europa,True,B/318/S,TRAPPIST-1e,40,False,0,0,0,0,0,Eltais Prieress,M,True
8116_01,Mars,False,D/252/P,55 Cancri e,28,False,49,0,0,2,1136,Ties Prin,F,False
8117_01,Europa,True,B/319/S,TRAPPIST-1e,17,False,0,0,0,0,0,Diram Pernised,M,True
8117_02,Europa,False,B/319/S,TRAPPIST-1e,24,False,0,809,0,4928,143,Caiamin Pernised,F,False
8117_03,Europa,True,B/319/S,55 Cancri e,54,,0,0,0,0,0,Rasalm Pernised,M,True
8118_01,Earth,True,G/1310/P,TRAPPIST-1e,21,False,0,0,0,0,0,Eilace Browlerson,F,False
8119_01,Earth,True,F/1555/S,55 Cancri e,2,False,0,0,0,0,0,Harvin Tersimpson,M,False
8119_02,Earth,,F/1555/S,55 Cancri e,20,False,6,1119,0,24,13,Willey Tersimpson,F,True
8119_03,Earth,False,F/1555/S,55 Cancri e,20,,97,279,0,301,39,Thew Tersimpson,M,False
8120_01,Europa,False,D/253/P,55 Cancri e,36,False,0,4260,0,0,1678,Hekarf Pacticious,F,True
8121_01,Earth,True,G/1311/P,TRAPPIST-1e,25,False,0,0,,0,0,Jeroy Kimpson,M,True
8122_01,Europa,False,C/302/S,55 Cancri e,58,False,0,226,0,5481,,Sadiram Coning,F,False
8122_02,Europa,False,C/302/S,TRAPPIST-1e,37,False,79,218,0,442,659,Arkaban Coning,M,True
8122_03,Europa,False,C/302/S,TRAPPIST-1e,26,False,0,13,0,3803,3557,Gemmark Coning,F,False
8123_01,Earth,True,G/1312/P,TRAPPIST-1e,45,False,0,0,0,0,0,Violan Newtontoss,M,False
8124_01,Earth,False,F/1681/P,TRAPPIST-1e,44,False,0,903,0,0,0,Ryany Paynard,F,False
8128_01,Mars,True,F/1682/P,TRAPPIST-1e,24,False,0,0,0,0,0,Mele Queke,M,True
8129_01,Earth,True,,55 Cancri e,13,False,0,0,0,0,0,Eline Casonston,F,True
8129_02,Earth,False,G/1313/P,TRAPPIST-1e,4,False,0,0,0,0,0,Frey Casonston,M,True
8129_03,Earth,False,F/1683/P,TRAPPIST-1e,24,False,381,925,342,0,642,Eulah Casonston,F,False
8129_04,Earth,False,F/1683/P,55 Cancri e,27,False,3,13,0,0,788,Millie Casonston,M,False
8129_05,Earth,False,E/522/P,TRAPPIST-1e,39,False,44,1620,0,6,0,Rona Casonston,F,False
8130_01,Earth,True,G/1308/S,TRAPPIST-1e,23,False,0,0,0,0,0,Morrie Mcbriddley,M,False
8130_02,Earth,False,G/1308/S,55 Cancri e,4,False,0,0,0,0,0,Brie Mcbriddley,F,False
8130_03,Earth,True,G/1308/S,TRAPPIST-1e,0,False,0,0,0,0,0,Ferry Mcbriddley,M,False
8131_01,Mars,True,F/1557/S,TRAPPIST-1e,22,False,0,0,0,0,0,Gieses Shbre,F,True
8133_01,Mars,False,D/254/P,TRAPPIST-1e,27,False,831,0,0,867,20,Gra Suncy,M,False
8135_01,Europa,True,C/267/P,TRAPPIST-1e,22,False,0,0,0,0,0,Navior Coudered,F,True
8136_01,Europa,True,C/268/P,55 Cancri e,26,False,0,0,0,0,0,Alphact Inderad,M,True
8136_02,Europa,False,C/268/P,TRAPPIST-1e,60,False,0,5998,0,4794,8,Achium Inderad,F,False
8137_01,Earth,False,G/1314/P,TRAPPIST-1e,18,False,0,297,0,588,23,Antone Fielson,M,False
8138_01,Earth,True,G/1315/P,55 Cancri e,20,False,0,0,0,0,0,Nica Whitneyes,F,False
8139_01,Earth,False,E/523/P,TRAPPIST-1e,25,False,11,780,0,0,0,Andie Mirezavis,M,True
8140_01,Earth,True,G/1309/S,PSO J318.5-22,24,False,0,0,0,0,0,Berta Chapmaney,F,True
8141_01,Earth,True,G/1310/S,TRAPPIST-1e,38,False,0,0,0,0,0,Stenny Belley,M,True
8143_01,Earth,False,F/1558/S,TRAPPIST-1e,18,False,0,17,5,0,712,Sergia Vines,F,True
8144_01,Europa,True,B/270/P,55 Cancri e,45,False,0,0,0,0,0,Graston Donotaked,M,True
8144_02,Europa,False,B/270/P,TRAPPIST-1e,13,False,0,3680,0,1529,3854,Marfar Chsere,F,False
8144_03,Europa,False,B/270/P,TRAPPIST-1e,28,False,0,3317,77,0,130,Muonus Chsere,M,True
8144_04,Europa,False,B/270/P,TRAPPIST-1e,5,False,0,0,0,0,0,Dhena Donotaked,F,True
8147_01,Earth,False,G/1317/P,TRAPPIST-1e,20,False,0,142,0,3528,92,Everly Pittler,M,False
8147_02,Earth,True,,TRAPPIST-1e,2,False,0,0,0,0,0,Mabley Pittler,F,True
8147_03,Earth,False,G/1317/P,TRAPPIST-1e,42,False,18,5,470,356,57,Jeroy Pittler,M,False
8147_04,Earth,False,G/1317/P,55 Cancri e,0,False,0,0,0,0,0,Cline Pittler,F,True
8148_01,Earth,False,G/1318/P,TRAPPIST-1e,18,False,0,508,0,44,257,Jarena Cartez,M,False
8149_01,Earth,True,G/1319/P,PSO J318.5-22,26,False,0,0,0,0,0,Gordo Contrevins,F,False
8150_01,Mars,True,E/539/S,55 Cancri e,3,False,0,0,,0,0,Bles Kart,M,True
8150_02,Mars,True,E/539/S,PSO J318.5-22,49,False,0,0,0,0,0,Stmeal Kart,F,True
8150_03,Mars,False,E/539/S,TRAPPIST-1e,19,False,691,0,10,561,25,Stey Kart,M,False
8152_01,Earth,True,G/1312/S,TRAPPIST-1e,19,False,0,0,0,0,0,Stanya Bullisey,F,False
8153_01,Earth,True,G/1320/P,TRAPPIST-1e,15,False,0,0,0,0,0,Monah Hickett,M,False
8156_01,Earth,False,G/1321/P,PSO J318.5-22,53,False,90,29,102,244,56,Phia Yorkland,F,False
8157_01,Earth,False,G/1313/S,TRAPPIST-1e,0,False,0,0,0,0,0,Luisy Morelly,M,True
8157_02,Earth,False,F/1560/S,55 Cancri e,39,False,1663,0,262,229,0,Nance Morelly,F,False
8157_03,Earth,False,G/1313/S,TRAPPIST-1e,45,False,0,0,2778,1910,0,Leneva Morelly,M,False
8157_04,Earth,True,G/1313/S,TRAPPIST-1e,10,False,0,0,0,0,0,Wine Morelly,F,True
8157_05,Earth,False,G/1313/S,55 Cancri e,1,False,0,0,0,0,0,Lyne Morelly,M,True
8157_06,Earth,False,G/1313/S,TRAPPIST-1e,9,False,0,0,0,0,0,Chadie Morelly,F,True
8158_01,Mars,False,F/1686/P,TRAPPIST-1e,40,False,953,0,356,0,0,Hork Repie,M,False
8159_01,Earth,False,F/1687/P,,26,False,0,0,0,622,8,Blancy Guerson,F,False
8161_01,Earth,False,F/1688/P,TRAPPIST-1e,18,False,1157,28,50,0,0,Marina Pooles,M,False
8162_01,Europa,False,E/524/P,TRAPPIST-1e,47,False,0,314,0,889,1090,Isotone Fringh,F,False
8164_01,Earth,False,G/1314/S,TRAPPIST-1e,31,False,0,918,0,0,900,Loree Wolfernan,M,False
8165_01,Mars,False,E/525/P,TRAPPIST-1e,,False,279,11,40,718,0,Labix One,F,False
8167_01,Earth,True,G/1315/S,PSO J318.5-22,23,False,0,0,0,0,0,Kendy Foxter,M,True
8168_01,Earth,False,F/1561/S,55 Cancri e,32,False,7,723,,6,13,Alber Carpentley,F,False
8168_02,Earth,False,F/1561/S,TRAPPIST-1e,32,False,293,889,1,1,200,Lison Boyers,M,False
8168_03,Earth,False,F/1561/S,TRAPPIST-1e,21,False,644,0,0,0,2,Briane Carpentley,F,False
8168_04,Earth,False,F/1561/S,TRAPPIST-1e,,False,4,0,9,20,831,Bland Boyers,M,False
8168_05,Earth,False,G/1316/S,TRAPPIST-1e,22,False,753,0,0,0,0,Brada Carpentley,F,False
8168_06,Earth,False,G/1316/S,TRAPPIST-1e,18,False,0,858,2,,0,Camina Carpentley,M,True
8168_07,Earth,True,G/1316/S,PSO J318.5-22,28,False,0,0,0,0,0,Wena Boyers,F,True
8168_08,Earth,True,G/1316/S,TRAPPIST-1e,38,False,0,0,0,0,0,Ryanne Boyers,M,True
8171_01,Earth,False,F/1690/P,TRAPPIST-1e,46,False,0,0,594,154,0,Dandy Beckerson,F,False
8173_01,Europa,False,C/304/S,TRAPPIST-1e,44,False,0,3771,0,521,4,Asellah Shricatory,M,True
8175_01,Europa,True,C/305/S,TRAPPIST-1e,38,False,0,0,0,0,0,Terope Geraing,F,True
8176_01,Europa,False,A/98/S,55 Cancri e,28,False,5,8252,0,181,3027,Mintard Guloofant,M,False
8177_01,Earth,False,G/1317/S,TRAPPIST-1e,31,False,116,,298,2,227,Davis Wallerson,F,False
8178_01,Earth,True,G/1318/S,TRAPPIST-1e,18,False,0,0,0,0,0,Sha Weavesend,M,True
8182_01,Earth,False,F/1564/S,PSO J318.5-22,18,False,0,220,4,0,532,Jaimez Fowlesterez,F,False
8186_01,Earth,False,G/1319/S,55 Cancri e,4,False,0,0,0,0,0,Leneva Jenkinnedy,M,True
8186_02,Earth,True,G/1319/S,PSO J318.5-22,0,False,0,0,0,0,0,Kariel Jenkinnedy,F,True
8186_03,Earth,False,G/1319/S,TRAPPIST-1e,0,False,0,0,0,0,,Glenry Estiagosen,M,False
8186_04,Earth,True,G/1319/S,PSO J318.5-22,23,False,0,0,0,0,0,Rayley Jenkinnedy,F,False
8189_01,Europa,False,C/271/P,TRAPPIST-1e,35,False,0,747,0,0,2478,Arrak Fanchy,M,False
8190_01,Europa,True,B/320/S,55 Cancri e,43,False,0,0,0,0,0,Izaron Ingalt,F,True
8191_01,Earth,False,G/1320/S,PSO J318.5-22,18,False,0,0,19,751,4,Gracy Gaington,M,False
8192_01,Earth,False,F/1566/S,TRAPPIST-1e,18,False,539,2,3,900,0,Herry Mcphernard,F,False
8194_01,Earth,False,F/1567/S,TRAPPIST-1e,18,False,0,0,662,30,0,Hary Puckenton,M,True
8197_01,Earth,False,F/1693/P,55 Cancri e,49,False,598,0,0,118,0,Ambert Sellentry,F,False
8199_01,Earth,False,G/1329/P,TRAPPIST-1e,19,False,0,0,0,0,0,Patha Drakeekss,M,False
8200_01,Earth,True,G/1330/P,PSO J318.5-22,22,False,0,0,0,0,0,Wen Wheelez,F,True
8202_01,Europa,False,C/306/S,TRAPPIST-1e,4,False,0,,0,,0,Ainons Unkcatted,M,True
8202_02,Europa,False,C/306/S,TRAPPIST-1e,0,False,0,0,0,0,0,Brak Unkcatted,F,True
8202_03,,True,C/306/S,TRAPPIST-1e,,False,0,0,0,0,,Charga Unkcatted,M,True
8202_04,Europa,False,C/306/S,TRAPPIST-1e,39,False,19,3603,0,421,517,Nasliak Unkcatted,F,True
8202_05,Europa,False,C/306/S,55 Cancri e,36,False,0,8151,5,0,8182,Bottom Unkcatted,M,False
8202_06,Europa,True,C/306/S,TRAPPIST-1e,53,False,0,0,0,0,0,Sinon Unkcatted,F,True
8203_01,Europa,False,C/307/S,55 Cancri e,23,False,0,395,0,6,,Altan Pernised,M,False
8203_02,Europa,True,C/307/S,TRAPPIST-1e,24,False,0,0,0,0,0,Geno Pernised,F,True
8204_01,Europa,False,E/541/S,TRAPPIST-1e,25,False,0,1003,1629,73,748,Krazet Distured,M,False
8204_02,Europa,False,E/541/S,TRAPPIST-1e,30,False,209,157,2566,171,472,Terion Distured,F,False
8205_01,Earth,,G/1331/P,TRAPPIST-1e,20,False,625,0,2,0,0,Lyde Fulloydez,M,False
8207_01,Mars,True,F/1695/P,TRAPPIST-1e,40,False,0,0,0,0,0,Hers Buche,F,True
8208_01,Earth,True,G/1322/S,PSO J318.5-22,18,False,0,0,0,0,0,Andice Dickley,M,True
8209_01,Earth,False,G/1332/P,TRAPPIST-1e,57,False,6,510,372,0,0,Oraryn Mirandry,F,True
8210_01,Mars,False,D/241/S,TRAPPIST-1e,47,False,1282,0,5,495,0,Crat Ble,M,False
8211_01,Earth,True,G/1323/S,55 Cancri e,26,False,,0,0,0,0,Jodye Haynard,F,True
8212_01,Earth,False,F/1569/S,PSO J318.5-22,29,False,487,0,60,12,0,Mollie Tersimpson,M,False
8213_01,Earth,False,G/1333/P,TRAPPIST-1e,32,False,0,2,1,0,881,Feryla Gouldensen,F,False
8214_01,Europa,True,D/242/S,TRAPPIST-1e,30,False,0,0,0,0,0,Atinon Exnutchor,M,True
8216_01,Earth,False,G/1334/P,TRAPPIST-1e,18,False,22,0,681,0,1,Patsya Bonder,F,True
8217_01,Earth,False,F/1570/S,TRAPPIST-1e,49,False,0,4,50,0,746,Joanny Mcbriddley,M,False
8218_01,Europa,True,B/272/P,TRAPPIST-1e,33,False,0,0,0,0,0,Tauvaah Aloubtled,F,True
8219_01,Earth,,G/1335/P,TRAPPIST-1e,18,False,3,0,3,1773,0,Ralda Flynnis,M,False
8220_01,Europa,False,A/99/S,TRAPPIST-1e,29,False,0,5157,1,136,32,Hadaron Gulcepusy,F,True
8221_01,Mars,True,F/1696/P,TRAPPIST-1e,34,False,0,0,0,0,0,Range Cusa,M,True
8222_01,Mars,False,D/257/P,TRAPPIST-1e,43,False,1054,109,576,645,0,Muld Sidie,F,False
8222_02,Mars,False,F/1697/P,TRAPPIST-1e,18,False,32,1255,1,0,0,Hock Sidie,M,True
8224_01,Earth,True,G/1325/S,TRAPPIST-1e,31,False,0,0,0,0,0,Nancey Pooles,F,False
8225_01,Mars,False,,TRAPPIST-1e,15,False,85,0,1130,0,248,Heersh Nutty,M,False
8226_01,Mars,True,F/1572/S,TRAPPIST-1e,3,False,0,0,0,0,0,Sunk Mille,F,True
8226_02,Mars,True,F/1572/S,TRAPPIST-1e,37,False,0,0,0,0,0,Guark Mille,M,True
8226_03,Mars,True,F/1572/S,TRAPPIST-1e,1,False,0,0,0,0,0,Crunde Mille,F,True
8227_01,Earth,False,E/527/P,TRAPPIST-1e,27,False,14,1186,460,12,9,Leneva Headardyer,M,True
8229_01,Earth,True,G/1336/P,TRAPPIST-1e,15,False,0,0,0,0,0,Armene Patthews,F,True
8231_01,Earth,False,G/1327/S,TRAPPIST-1e,33,False,201,819,0,0,0,Hen Fryersonis,M,True
8231_02,Earth,False,G/1327/S,TRAPPIST-1e,65,False,0,0,113,208,587,Troya Fryersonis,F,False
8232_01,Earth,False,F/1574/S,TRAPPIST-1e,19,False,5,666,0,123,440,Eduana Rames,M,False
8233_01,Earth,False,F/1575/S,TRAPPIST-1e,30,False,0,0,779,0,18,Leene Balderts,F,False
8233_02,Earth,False,F/1575/S,TRAPPIST-1e,37,False,72,0,18,0,809,Stevey Balderts,M,False
8235_01,Earth,False,F/1576/S,TRAPPIST-1e,15,False,0,21,22,1149,249,Joyton Coxterez,F,False
8237_01,Earth,False,F/1577/S,TRAPPIST-1e,19,False,511,0,0,267,0,Oraryn Bakerson,M,False
8238_01,Earth,False,F/1578/S,TRAPPIST-1e,20,False,749,16,0,0,29,Katiey Thomason,F,False
8238_02,Earth,True,G/1328/S,55 Cancri e,19,False,0,0,0,0,0,Allara Thomason,M,False
8239_01,Earth,False,F/1579/S,55 Cancri e,21,False,499,0,193,1,1,Marily Garnes,F,False
8242_01,Earth,False,G/1330/S,TRAPPIST-1e,20,False,2,2,876,8,0,Melica Harmontry,M,True
8243_01,Earth,False,G/1331/S,TRAPPIST-1e,18,False,0,44,0,795,69,Jonard Cooks,F,False
8244_01,Earth,False,G/1337/P,TRAPPIST-1e,27,False,1007,0,0,9,0,Naomin Bailes,M,False
8247_01,Europa,False,D/258/P,TRAPPIST-1e,23,False,0,2984,23,686,173,,,True
8248_01,Earth,True,G/1339/P,TRAPPIST-1e,25,False,0,0,0,0,0,Lesley Casez,M,False
8248_02,Earth,False,G/1339/P,PSO J318.5-22,72,False,309,0,0,0,463,Netty Casez,F,False
8251_01,Earth,True,G/1332/S,,35,False,0,0,0,0,0,Ferry Singlents,M,True
8252_01,Earth,False,F/1699/P,55 Cancri e,29,False,52,,612,465,79,Regana Nieldsond,F,False
8252_02,Earth,,G/1341/P,TRAPPIST-1e,11,False,0,0,0,0,0,Thondy Nieldsond,M,False
8252_03,Earth,True,G/1341/P,TRAPPIST-1e,7,False,0,0,0,0,0,Lorian Nieldsond,F,False
8254_01,Mars,True,F/1700/P,TRAPPIST-1e,,False,0,0,0,0,0,Cocowl Cone,M,True
8255_01,Earth,False,G/1333/S,TRAPPIST-1e,28,False,0,1,12,875,0,Nathy Corman,F,False
8257_01,Mars,False,E/529/P,TRAPPIST-1e,41,False,396,0,653,0,0,Tex Bert,M,False
8259_01,Earth,False,G/1342/P,TRAPPIST-1e,,False,0,0,486,324,0,Byrona Potthews,F,False
8260_01,Earth,False,F/1582/S,55 Cancri e,19,,84,4,4,629,0,Allena Daviddley,M,False
8260_02,Earth,False,G/1334/S,55 Cancri e,8,False,0,0,0,0,0,Stancy Dunnisey,F,True
8260_03,Earth,True,G/1334/S,55 Cancri e,4,False,0,0,0,0,0,Melara Daviddley,M,True
8261_01,Earth,True,G/1343/P,PSO J318.5-22,38,False,0,0,0,0,0,Blance Kiddley,F,False
8264_01,Mars,False,F/1584/S,TRAPPIST-1e,21,False,32,0,1008,0,0,Lifes Ste,M,True
8265_01,Earth,True,G/1344/P,TRAPPIST-1e,18,False,0,0,0,0,0,Curtle Winsley,F,False
8266_01,Earth,True,G/1345/P,TRAPPIST-1e,10,False,0,0,0,0,0,Karay Thorney,M,True
8267_01,Mars,False,E/530/P,TRAPPIST-1e,29,False,304,0,48,946,0,Ret Cla,F,False
8267_02,Mars,True,F/1701/P,TRAPPIST-1e,25,False,0,0,0,0,0,Berers Cla,M,True
8268_01,Europa,True,B/321/S,TRAPPIST-1e,40,False,0,0,0,0,0,Astrark Impress,F,True
8268_02,Europa,False,B/321/S,TRAPPIST-1e,19,False,0,3,0,918,2346,Shatrix Impress,M,False
8270_01,Mars,False,F/1702/P,TRAPPIST-1e,38,False,86,1144,783,0,0,Doakes Hart,F,True
8271_01,Earth,False,F/1586/S,TRAPPIST-1e,19,False,29,2633,0,0,124,Lavey Delazarson,M,True
8272_01,Mars,False,F/1587/S,TRAPPIST-1e,0,False,0,0,0,0,0,Pigars Fache,F,True
8272_02,Mars,True,F/1587/S,TRAPPIST-1e,4,False,0,0,0,0,0,Mesh Fache,M,True
8272_03,Mars,True,F/1587/S,TRAPPIST-1e,29,False,0,,0,,0,Plat Fache,F,True
8273_01,Earth,False,G/1346/P,TRAPPIST-1e,46,False,0,0,0,369,515,Lilley Woody,M,False
8275_01,Mars,True,F/1588/S,TRAPPIST-1e,32,False,0,0,0,0,0,Slix Clake,F,True
8276_01,Europa,,C/273/P,TRAPPIST-1e,26,False,0,0,0,0,0,Canons Oirmplathy,M,True
8276_02,Europa,True,C/273/P,TRAPPIST-1e,23,False,0,0,0,0,0,Zaurion Tractive,F,True
8277_01,Earth,True,G/1348/P,55 Cancri e,32,False,0,0,0,0,0,Diandy Woody,M,True
8279_01,Earth,False,G/1349/P,TRAPPIST-1e,31,False,0,4334,55,56,,Monah Villenson,F,True
8280_01,Earth,False,F/1703/P,TRAPPIST-1e,34,False,0,0,880,22,0,Carma Rocholton,M,True
8281_01,,False,F/1704/P,TRAPPIST-1e,45,False,0,1,233,453,17,Iandy Cooks,F,False
8282_01,Earth,False,G/1336/S,TRAPPIST-1e,61,False,67,0,654,0,86,Alvia Jacostaney,M,False
8287_01,Mars,False,E/542/S,TRAPPIST-1e,21,False,1242,0,654,0,0,Toat Nanie,F,False
8288_01,Mars,False,D/259/P,TRAPPIST-1e,,False,1852,0,870,0,7,Rooses Sache,M,False
8288_02,Mars,False,F/1705/P,TRAPPIST-1e,15,False,1150,0,175,1,11,Goleer Sache,F,False
8289_01,Earth,True,G/1350/P,TRAPPIST-1e,14,False,0,0,0,0,0,Stendy Fredersend,M,False
8291_01,Earth,True,G/1339/S,TRAPPIST-1e,18,False,0,0,0,0,0,Bony Mathison,F,True
8292_01,Europa,True,C/310/S,TRAPPIST-1e,39,False,0,0,0,0,0,Tabia Igmable,M,True
8294_01,Mars,True,E/543/S,TRAPPIST-1e,62,False,0,0,0,0,0,,,True
8295_01,Mars,False,F/1591/S,TRAPPIST-1e,40,False,1309,0,0,0,0,Skies Upead,M,False
8297_01,,False,F/1592/S,TRAPPIST-1e,21,False,5,0,0,22,639,Hilley Charpelaney,F,False
8298_01,Mars,True,F/1593/S,TRAPPIST-1e,12,False,0,0,0,0,0,Gal Prité,M,True
8300_01,Europa,False,C/274/P,,27,False,0,,0,1866,676,Alyatik Ratorring,F,True
8301_01,Europa,False,C/275/P,TRAPPIST-1e,28,False,1722,5063,0,87,920,Bosonon Horbox,M,False
8302_01,Earth,False,G/1340/S,TRAPPIST-1e,0,False,0,0,0,0,0,Leenny Burchrison,F,True
8302_02,Earth,False,F/1594/S,TRAPPIST-1e,17,False,4,0,867,0,0,Heremy Burchrison,M,False
8303_01,Mars,False,F/1595/S,55 Cancri e,23,False,218,0,2267,497,0,Lios Stead,F,False
8306_01,Earth,False,G/1351/P,TRAPPIST-1e,6,False,0,0,0,0,0,Allene Hardonald,M,True
8306_02,Earth,True,G/1351/P,PSO J318.5-22,29,False,0,0,0,0,0,Ianya Hardonald,F,True
8306_03,Earth,False,G/1351/P,,41,False,836,0,0,,49,Bonya Hardonald,M,False
8307_01,Europa,False,A/100/S,55 Cancri e,27,True,0,1337,1929,0,0,Porrimp Unkcal,F,True
8307_02,Europa,True,A/100/S,TRAPPIST-1e,34,False,0,0,0,0,0,Sabiton Unkcal,M,True
8310_01,Europa,True,E/545/S,55 Cancri e,36,False,0,0,0,0,0,Azhah Hiebox,F,True
8313_01,Earth,False,G/1341/S,TRAPPIST-1e,30,False,467,0,0,0,287,Sallie Gainney,M,False
8314_01,Europa,False,D/245/S,TRAPPIST-1e,30,False,0,640,0,31,6201,Altairk Folumorly,F,False
8314_02,,False,D/245/S,55 Cancri e,29,True,0,2949,0,2,654,Hekaron Folumorly,M,True
8315_01,Earth,False,F/1598/S,TRAPPIST-1e,21,False,380,177,161,0,85,Lette Mcneiley,F,False
8316_01,Earth,False,F/1709/P,55 Cancri e,21,False,532,4,37,1,0,Gailia Beckerson,M,False
8317_01,Earth,False,F/1710/P,55 Cancri e,18,False,2,83,576,37,0,Olgary Rocknight,F,False
8318_01,Mars,True,F/1711/P,TRAPPIST-1e,11,False,0,0,0,0,0,Emoles Ropie,M,True
8318_02,Mars,False,F/1711/P,TRAPPIST-1e,65,False,1399,0,0,0,0,Kie Ropie,F,False
8318_03,Mars,False,F/1711/P,55 Cancri e,25,False,149,0,194,731,0,Hark Ropie,M,False
8318_04,Mars,True,F/1711/P,55 Cancri e,0,False,0,0,0,0,0,Heres Ropie,F,True
8319_01,Earth,False,F/1712/P,TRAPPIST-1e,24,False,0,0,729,,75,Royce Leblanchez,M,False
8320_01,Earth,True,G/1352/P,PSO J318.5-22,19,False,0,0,0,0,0,Beula Mckinsond,F,True
8321_01,Earth,False,F/1713/P,TRAPPIST-1e,23,False,0,0,0,0,693,Hillie Farrez,M,False
8322_01,Europa,False,,PSO J318.5-22,45,True,,49,0,4864,3902,Hamelik Briouse,F,False
8322_02,,True,C/312/S,55 Cancri e,52,False,0,0,0,0,0,Adharan Briouse,M,True
8323_01,Earth,False,E/546/S,PSO J318.5-22,55,False,0,465,277,48,0,Isaacy Sawyerson,F,True
8324_01,Earth,True,G/1353/P,PSO J318.5-22,24,False,0,0,0,0,0,Edgary Sextones,M,False
8326_01,Earth,False,G/1354/P,TRAPPIST-1e,31,False,773,0,0,,1,Lanedy Howenters,F,False
8328_01,Earth,True,G/1356/P,TRAPPIST-1e,18,False,0,0,0,0,0,Melica Huffy,M,False
8329_01,Earth,True,G/1357/P,TRAPPIST-1e,22,False,0,0,0,0,0,Jeron Ington,F,False
8330_01,Earth,False,F/1600/S,TRAPPIST-1e,39,False,799,0,0,4,0,Wilmay Patrichane,M,False
8332_01,Earth,True,G/1358/P,PSO J318.5-22,19,False,0,0,0,0,0,Elice Dillines,F,True
8333_01,Europa,False,C/313/S,55 Cancri e,33,False,988,0,0,2274,3098,Leshmet Amincrerus,M,False
8334_01,Earth,True,G/1359/P,PSO J318.5-22,14,False,0,0,0,0,0,Jaimer Flowensley,F,True
8335_01,Mars,False,E/531/P,TRAPPIST-1e,30,False,697,0,602,0,0,Gons Flell,M,False
8336_01,Mars,True,E/547/S,TRAPPIST-1e,30,False,0,0,0,0,0,Minnys Sutte,F,True
8338_01,Mars,True,F/1716/P,TRAPPIST-1e,21,False,0,0,0,0,0,Choney Empie,M,True
8338_02,Mars,False,F/1716/P,TRAPPIST-1e,45,False,506,0,2,829,0,Rail Empie,F,False
8338_03,Mars,True,F/1716/P,TRAPPIST-1e,17,False,0,0,0,,0,Feles Empie,M,True
8339_01,Europa,False,D/246/S,TRAPPIST-1e,39,False,0,261,,1831,1797,Markton Dratembid,F,False
8339_02,Europa,,D/246/S,TRAPPIST-1e,22,False,0,3716,0,1098,2065,Eleb Dratembid,M,False
8341_01,Earth,False,F/1601/S,TRAPPIST-1e,37,False,477,0,167,0,46,Etha Pughlinsons,F,False
8342_01,Europa,False,E/548/S,TRAPPIST-1e,48,False,0,,0,408,293,Tach Sprender,M,True
8342_02,Europa,True,E/548/S,TRAPPIST-1e,33,False,0,0,0,0,0,Skatik Sprender,F,True
8342_03,Europa,False,E/548/S,55 Cancri e,37,False,0,2215,2,1294,274,Aldera Sprender,M,False
8343_01,Earth,False,F/1717/P,TRAPPIST-1e,27,False,1403,169,1081,0,0,Raceky Norrison,F,False
8344_01,Mars,True,D/247/S,TRAPPIST-1e,29,False,0,0,,0,0,Donch Pare,M,True
8344_02,Mars,False,D/247/S,TRAPPIST-1e,38,False,30,434,117,372,0,Tops Pare,F,True
8344_03,Mars,True,D/247/S,TRAPPIST-1e,16,False,0,0,0,0,0,Unchex Perie,M,True
8345_01,Earth,False,F/1602/S,PSO J318.5-22,18,False,0,0,1792,16,248,Glena Franton,F,False
8346_01,Earth,False,F/1718/P,TRAPPIST-1e,,False,41,23,63,0,647,Stelle Woodwinez,M,False
8348_01,Mars,True,E/532/P,TRAPPIST-1e,47,False,0,,0,0,0,Minies Hotty,F,True
8354_01,Europa,True,B/323/S,TRAPPIST-1e,15,False,0,0,0,0,0,Phargak Springht,M,True
8354_02,Europa,True,B/323/S,TRAPPIST-1e,13,False,0,0,0,0,0,Mino Springht,F,True
8356_01,Earth,True,G/1361/P,PSO J318.5-22,19,False,0,0,0,0,0,Amela Hurchanney,M,False
8360_01,Europa,True,B/326/S,TRAPPIST-1e,17,False,0,0,0,0,0,Okulas Valousead,F,True
8360_02,Europa,True,B/326/S,TRAPPIST-1e,31,False,0,,0,0,0,Hekab Valousead,M,True
8362_01,Earth,False,F/1720/P,TRAPPIST-1e,19,False,49,680,0,0,46,Jerrye Briggston,F,True
8363_01,Europa,False,A/101/S,55 Cancri e,25,False,0,1673,0,642,612,Shail Crelaxle,M,False
8363_02,Europa,False,A/101/S,TRAPPIST-1e,26,False,0,690,1,1030,2273,Dira Crelaxle,F,False
8365_01,Earth,True,G/1363/P,55 Cancri e,25,False,0,0,0,0,0,Katiey Bardina,M,True
8366_01,Earth,False,G/1364/P,TRAPPIST-1e,2,False,0,0,0,0,0,Irmark Burnewman,F,False
8366_02,Earth,False,,TRAPPIST-1e,7,False,0,0,0,0,0,,,False
8366_03,Earth,True,G/1364/P,TRAPPIST-1e,2,False,0,0,0,0,0,Jodia Russon,F,True
8366_04,Earth,False,G/1364/P,TRAPPIST-1e,19,False,0,0,0,,616,Violan Burnewman,M,False
8366_05,Earth,,G/1364/P,TRAPPIST-1e,1,False,0,0,0,0,0,Dorah Burnewman,F,False
8368_01,Earth,True,G/1365/P,TRAPPIST-1e,4,False,0,0,0,0,0,Murie Dayers,M,True
8368_02,Earth,False,F/1721/P,55 Cancri e,49,False,336,64,377,0,0,Willey Dayers,F,True
8369_01,Mars,True,F/1604/S,TRAPPIST-1e,61,False,0,0,0,0,0,Honjay Chene,M,True
8369_02,Mars,False,E/549/S,TRAPPIST-1e,57,True,435,22,1435,4,0,Halesh Pette,F,True
8371_01,Earth,False,F/1605/S,55 Cancri e,52,False,0,0,638,115,0,Everly Lewinez,M,True
8373_01,Earth,False,F/1606/S,TRAPPIST-1e,22,False,1,2,243,0,484,Gillie Crosbornes,F,False
8374_01,Europa,True,,55 Cancri e,37,False,0,0,0,0,0,Gacrab Stubtlarle,M,True
8375_01,Earth,False,,PSO J318.5-22,15,False,64,0,0,0,640,Carlen Valezaley,F,True
8376_01,Mars,True,F/1607/S,TRAPPIST-1e,28,False,0,0,0,0,0,Gamuls Rapie,M,True
8377_01,Mars,False,E/537/P,TRAPPIST-1e,40,False,963,14,320,1,0,Pon Meau,F,False
8378_01,Earth,False,F/1608/S,TRAPPIST-1e,13,False,0,0,505,2810,9,Glena Bellyonsley,M,False
8379_01,Earth,False,F/1609/S,TRAPPIST-1e,24,False,462,0,0,0,240,Toniel Heney,F,False
8380_01,Earth,True,G/1367/P,PSO J318.5-22,25,False,0,0,0,0,0,Craine Carpentley,M,True
8381_01,Earth,False,E/550/S,TRAPPIST-1e,25,False,0,0,0,788,3,Line Vinozarks,F,False
8382_01,Europa,False,C/277/P,TRAPPIST-1e,43,False,0,7269,0,2750,2367,,,False
8383_01,Earth,True,G/1368/P,TRAPPIST-1e,46,False,0,0,0,0,0,Mariel Gibbsonton,F,False
8383_02,Earth,True,G/1368/P,TRAPPIST-1e,3,False,0,0,0,0,0,Nathy Gibbsonton,M,False
8383_03,Earth,False,G/1368/P,TRAPPIST-1e,3,False,0,0,0,0,0,Garry Gibbsonton,F,True
8383_04,Earth,True,G/1368/P,TRAPPIST-1e,3,False,0,0,0,0,0,Weslie Gibbsonton,M,True
8383_05,Earth,False,G/1368/P,TRAPPIST-1e,8,,0,0,0,0,0,Gwenda Gibbsonton,F,False
8383_06,Earth,False,G/1368/P,TRAPPIST-1e,57,False,0,839,1,0,2,Jorgie Gibbsonton,M,True
8383_07,Earth,False,G/1368/P,TRAPPIST-1e,11,False,0,0,0,0,0,Elica Gibbsonton,F,False
8384_01,Earth,False,F/1722/P,TRAPPIST-1e,20,False,0,0,0,1535,0,Carry Contrevins,M,False
8386_01,Earth,False,G/1369/P,55 Cancri e,27,False,0,1283,0,2256,0,Ferry Chavezalez,F,False
8388_01,Earth,False,F/1724/P,TRAPPIST-1e,20,False,781,0,33,,0,Stany Ricks,M,True
8390_01,Earth,True,G/1370/P,PSO J318.5-22,14,False,0,0,0,0,0,Arla Sextones,F,True
8392_01,Earth,False,F/1610/S,PSO J318.5-22,24,False,86,669,1,0,0,Therly Brightez,M,False
8393_01,Earth,False,F/1725/P,TRAPPIST-1e,21,False,163,146,54,245,95,Nancey Bookerson,F,False
8394_01,Europa,False,B/276/P,55 Cancri e,33,True,9,1365,0,5577,1483,Rasalm Foller,M,False
8395_01,Europa,False,D/260/P,TRAPPIST-1e,32,False,0,13,0,2148,319,Keidus Coniple,F,False
8397_01,Earth,False,G/1371/P,PSO J318.5-22,22,False,2,104,404,0,0,Kendy Daughessey,M,True
8398_01,Europa,True,B/329/S,TRAPPIST-1e,15,False,0,0,0,0,0,Asch Stradick,F,True
8398_02,Europa,True,B/329/S,,41,False,0,0,0,0,0,Aldus Stradick,M,True
8401_01,Europa,True,C/315/S,55 Cancri e,31,False,0,0,0,0,0,Ariton Susent,F,True
8403_01,Europa,True,C/316/S,55 Cancri e,35,False,0,0,0,0,0,Antitak Goortedant,M,True
8404_01,Earth,True,G/1346/S,TRAPPIST-1e,48,False,0,0,0,,0,Leria Hurles,F,True
8404_02,Earth,True,G/1346/S,TRAPPIST-1e,15,False,0,0,0,0,0,Kimmy Hurles,M,True
8405_01,Earth,False,G/1372/P,TRAPPIST-1e,37,False,0,0,1025,0,0,Randa Bairdford,F,True
8406_01,Mars,False,D/250/S,TRAPPIST-1e,21,False,1214,179,566,,619,Beal Merte,M,False
8407_01,Earth,False,F/1613/S,TRAPPIST-1e,34,False,44,1290,51,0,9,Amandy Hessey,F,False
8409_01,Earth,True,G/1373/P,TRAPPIST-1e,19,False,0,0,0,0,0,Dwin Hoodgers,M,False
8410_01,Earth,False,F/1615/S,TRAPPIST-1e,52,False,289,302,0,112,0,Joyn Guezaley,F,False
8411_01,Earth,False,F/1726/P,TRAPPIST-1e,15,False,0,3137,0,0,0,Therry Parsoney,M,True
8414_01,Earth,False,G/1374/P,TRAPPIST-1e,24,False,0,171,591,22,0,Cline Welltonces,F,False
8416_01,Earth,False,E/553/S,TRAPPIST-1e,45,False,0,0,635,2,0,Joeula Bakericks,M,True
8418_01,Europa,True,B/330/S,55 Cancri e,13,False,0,0,0,0,0,Diram Baleful,F,True
8418_02,Europa,False,B/330/S,TRAPPIST-1e,18,False,0,0,0,206,2684,Maiah Baleful,M,False
8419_01,Earth,False,F/1618/S,TRAPPIST-1e,19,False,0,168,481,0,0,Fanna Mosepherry,F,True
8419_02,Earth,True,G/1349/S,TRAPPIST-1e,20,False,0,0,0,0,0,Doryn Mosepherry,M,True
8420_01,Earth,False,E/554/S,TRAPPIST-1e,20,False,4210,4,0,58,0,Janne Hayder,F,False
8421_01,Earth,False,F/1619/S,TRAPPIST-1e,27,False,1,30,739,0,33,Adrie Flemaney,M,True
8423_01,Earth,False,F/1620/S,TRAPPIST-1e,22,False,0,0,6,0,733,Analdy Bartez,F,False
8427_01,Earth,True,G/1376/P,PSO J318.5-22,17,False,0,0,0,0,0,Nice Sosanturney,M,False
8429_01,Earth,True,G/1351/S,55 Cancri e,23,False,0,0,0,0,0,Briney Donson,F,True
8430_01,Earth,False,F/1621/S,TRAPPIST-1e,29,False,324,0,546,0,0,Wenten Carlsonney,M,False
8431_01,Europa,True,B/277/P,55 Cancri e,24,False,0,0,0,0,0,Alcorab Myling,F,True
8431_02,Europa,,B/277/P,55 Cancri e,26,False,1,4680,25,564,13,Zinoces Myling,M,False
8432_01,Earth,True,G/1377/P,TRAPPIST-1e,36,False,0,0,0,0,0,Gileen Currisones,F,False
8433_01,Earth,False,F/1729/P,TRAPPIST-1e,25,False,341,608,2,2,16,Royce Gilesonston,M,True
8437_01,Earth,False,,PSO J318.5-22,36,False,52,0,132,334,176,Anny Tersony,F,False
8438_01,Mars,False,F/1624/S,TRAPPIST-1e,32,False,725,0,1641,0,0,Kohs Prist,M,False
8441_01,Earth,True,G/1352/S,55 Cancri e,16,False,0,0,0,0,0,Carita Loverceson,F,True
8442_01,Mars,False,E/540/P,TRAPPIST-1e,32,False,857,158,0,33,0,Dakes Fatte,M,False
8444_01,Earth,False,F/1733/P,TRAPPIST-1e,48,False,0,1570,1,0,2,Robyna Monsoney,F,False
8447_01,Earth,False,F/1734/P,TRAPPIST-1e,25,False,1,0,1,14,1491,Erine Joyneidez,M,False
8448_01,Europa,True,B/278/P,55 Cancri e,46,False,0,0,0,0,,Phernar Haftical,F,True
8449_01,Europa,False,C/317/S,55 Cancri e,32,False,0,2154,0,9655,859,Arrain Purellliss,M,False
8449_02,Europa,False,C/317/S,TRAPPIST-1e,50,False,0,3070,0,44,562,Sarino Purellliss,F,True
8451_01,Mars,False,F/1625/S,55 Cancri e,31,False,1997,0,0,0,0,Ale Start,M,False
8451_02,Mars,True,F/1625/S,TRAPPIST-1e,27,False,0,0,0,0,0,Grog Start,F,True
8452_01,Europa,False,C/279/P,55 Cancri e,52,True,0,831,1536,0,7953,Alraia Voliat,M,False
8452_02,Europa,True,C/279/P,TRAPPIST-1e,34,False,0,0,0,0,0,Jabbab Voliat,F,True
8452_03,Europa,True,C/279/P,55 Cancri e,40,False,0,0,0,0,0,Atrino Voliat,M,True
8452_04,Europa,False,C/279/P,TRAPPIST-1e,36,False,0,1055,18,1669,49,Muonon Voliat,F,True
8454_01,Earth,False,G/1354/S,TRAPPIST-1e,19,False,112,0,265,396,0,Elle Workmans,M,False
8456_01,Europa,True,C/280/P,55 Cancri e,33,False,0,0,0,0,0,Eltais Calazy,F,True
8457_01,Earth,False,F/1627/S,TRAPPIST-1e,23,False,29,0,,332,270,Erie Lopelases,M,False
8458_01,Europa,False,C/319/S,55 Cancri e,57,False,0,4301,31,665,6329,Atonea Sempreate,F,False
8458_02,Europa,True,C/319/S,55 Cancri e,24,False,0,0,0,0,0,Canon Sempreate,M,True
8458_03,Europa,True,C/319/S,55 Cancri e,19,False,0,0,0,0,0,Etamino Sempreate,F,True
8458_04,Europa,True,C/319/S,TRAPPIST-1e,54,False,0,0,0,0,0,Tachib Sempreate,M,True
8458_05,Europa,False,C/319/S,TRAPPIST-1e,28,False,1004,2423,0,0,17,Hezenif Sempreate,F,True
8458_06,Europa,False,C/319/S,TRAPPIST-1e,26,True,1,5610,0,5,119,Minopus Bealvewd,M,True
8459_01,Earth,True,G/1355/S,PSO J318.5-22,43,False,0,0,0,0,0,Dorice Morandry,F,False
8460_01,Earth,False,F/1628/S,TRAPPIST-1e,39,False,0,21,63,677,0,Kelle Ewisentley,M,False
8462_01,Earth,False,F/1629/S,TRAPPIST-1e,21,False,32,640,0,0,0,Maen Klindsey,F,True
8463_01,Earth,False,F/1630/S,55 Cancri e,24,False,0,0,608,37,0,Jeret Hoppernardy,M,False
8465_01,Mars,False,E/542/P,TRAPPIST-1e,35,False,0,0,0,0,0,Aark Ches,F,False
8465_02,Mars,True,F/1736/P,TRAPPIST-1e,61,False,0,0,0,0,0,Clek Ches,M,True
8466_01,Earth,False,F/1737/P,TRAPPIST-1e,21,False,0,5,0,687,10,Miken Leonaldez,F,False
8467_01,Earth,True,G/1379/P,55 Cancri e,14,False,0,0,0,0,0,Branda Hebernandry,M,True
8468_01,Mars,False,D/263/P,55 Cancri e,38,False,1161,0,19,0,0,Park Birt,F,False
8469_01,Earth,True,G/1356/S,55 Cancri e,23,False,0,0,0,0,0,Benja Cames,M,True
8470_01,Europa,,C/281/P,55 Cancri e,31,True,8243,280,0,3220,2285,Brafirk Aloubtled,F,False
8471_01,Europa,False,E/556/S,55 Cancri e,66,True,0,1828,1,1873,45,Bosonon Metiveal,M,False
8472_01,Earth,True,G/1380/P,TRAPPIST-1e,56,False,0,0,0,0,0,Rankie Douglasen,F,False
8474_01,Earth,,F/1632/S,55 Cancri e,21,False,39,53,94,33,518,Eriky Weaves,M,False
8475_01,Europa,False,B/331/S,55 Cancri e,49,False,0,2808,1083,110,1132,Sadares Aindlylid,F,False
8475_02,Europa,False,B/331/S,55 Cancri e,21,False,2,4887,64,4952,1734,Shellum Aindlylid,M,False
8476_01,Mars,False,D/252/S,TRAPPIST-1e,27,False,244,0,492,297,23,Slig Mille,F,True
8477_01,Earth,False,F/1633/S,TRAPPIST-1e,23,False,0,1,51,1711,219,Ellie Hickerson,M,False
8479_01,Earth,False,F/1738/P,TRAPPIST-1e,27,,0,0,0,716,0,Heremy Cardner,F,False
8480_01,Earth,False,G/1382/P,TRAPPIST-1e,49,False,188,0,143,1443,555,Aleroy Cartz,M,False
8480_02,Earth,False,G/1382/P,TRAPPIST-1e,38,False,0,847,3,34,0,Shalle Cartz,F,False
8481_01,Europa,True,B/332/S,TRAPPIST-1e,60,False,0,0,0,0,0,Mesarid Braned,M,True
8482_01,Earth,True,G/1358/S,55 Cancri e,47,False,0,0,0,0,0,Lynnie Thonyderson,F,False
8483_01,Europa,True,D/253/S,TRAPPIST-1e,29,True,0,0,0,0,0,Axinon Clutcheed,M,True
8486_01,Earth,True,G/1360/S,TRAPPIST-1e,19,False,0,0,0,0,0,France Anthompson,F,True
8487_01,Europa,,C/282/P,55 Cancri e,32,True,65,,0,88,9811,Kajamak Boderbint,M,False
8489_01,Earth,True,G/1383/P,PSO J318.5-22,22,False,,0,0,0,0,Elicey Danielps,F,True
8491_01,Mars,False,F/1635/S,55 Cancri e,35,False,319,0,6331,8,0,Murs Panie,M,True
8492_01,Earth,False,F/1740/P,TRAPPIST-1e,28,False,0,62,3,667,0,Lis Tersimpson,F,True
8493_01,Earth,True,G/1384/P,PSO J318.5-22,22,False,0,0,0,0,0,Hanna Goodson,M,False
8494_01,Mars,False,E/543/P,TRAPPIST-1e,42,False,770,0,1301,,0,Cines Bota,F,True
8495_01,Europa,False,C/283/P,55 Cancri e,37,False,18,4754,1,1254,2,Zauri Rupent,M,True
8500_01,Mars,False,F/1743/P,TRAPPIST-1e,31,False,49,322,977,0,0,Chios Purte,F,True
8502_01,Mars,False,D/254/S,TRAPPIST-1e,33,True,1264,1787,36,473,337,Cole Purte,M,False
8503_01,Europa,False,B/279/P,TRAPPIST-1e,48,False,3784,917,146,1770,880,Izaron Coweboded,F,False
8503_02,Europa,False,B/279/P,TRAPPIST-1e,31,False,0,529,0,,3884,Keidus Coweboded,M,False
8503_03,Europa,True,B/279/P,55 Cancri e,18,False,0,0,0,0,0,Tabdhib Coweboded,F,True
8504_01,Earth,False,F/1744/P,TRAPPIST-1e,44,False,0,0,2036,2,1,Catha Moranthons,M,True
8504_02,Earth,True,G/1385/P,55 Cancri e,22,False,0,0,0,0,0,Kencey Moranthons,F,True
8506_01,Earth,False,F/1746/P,TRAPPIST-1e,18,False,490,0,54,195,0,Stal Benney,M,False
8508_01,Mars,True,F/1747/P,TRAPPIST-1e,48,False,0,0,0,0,0,Proos Bake,F,True
8508_02,Mars,True,F/1747/P,TRAPPIST-1e,2,False,0,0,0,0,0,Spikes Bake,M,True
8508_03,Mars,False,F/1747/P,TRAPPIST-1e,0,False,0,0,0,0,0,Bonutz Bake,F,True
8509_01,Earth,False,G/1364/S,TRAPPIST-1e,43,False,21,0,863,0,0,Lillia Kaufmaneyes,M,False
8511_01,Earth,False,G/1365/S,PSO J318.5-22,51,False,590,28,73,0,82,Craine Moreman,F,False
8512_01,Earth,False,F/1637/S,55 Cancri e,48,False,0,717,0,0,10,Verly Flyncharlan,M,True
8514_01,Mars,,F/1748/P,TRAPPIST-1e,51,False,870,28,278,154,1288,Kie Ste,F,False
8516_01,Earth,False,F/1750/P,TRAPPIST-1e,20,False,,0,0,327,0,Denis Hopez,M,True
8521_01,Europa,False,A/102/S,TRAPPIST-1e,41,False,0,0,0,0,0,Castab Cuplial,F,False
8522_01,Earth,False,F/1751/P,TRAPPIST-1e,27,False,3,,10,4,855,Ianna Quinnerettt,M,True
8523_01,Europa,False,C/320/S,55 Cancri e,56,False,53,3033,0,140,6102,Weiaham Vendeck,F,False
8524_01,Europa,True,B/333/S,55 Cancri e,26,False,0,0,0,0,0,Algeno Conablese,M,True
8528_01,Earth,False,G/1369/S,TRAPPIST-1e,21,False,11,0,0,839,0,Hencey Chanash,F,False
8530_01,Mars,False,F/1640/S,TRAPPIST-1e,,False,2502,0,44,23,29,Sher Shpie,M,False
8535_01,Earth,False,F/1642/S,55 Cancri e,23,False,348,210,0,0,1,Hilley Petton,F,False
8536_01,Europa,False,E/559/S,55 Cancri e,28,False,0,101,0,0,12143,Mesatik Plattering,M,False
8537_01,Mars,True,F/1643/S,TRAPPIST-1e,40,False,0,0,0,0,0,Whex Nutte,F,True
8537_02,Mars,False,F/1643/S,TRAPPIST-1e,39,False,5327,0,290,0,0,Cireal Nutte,M,False
8537_03,Mars,True,F/1643/S,TRAPPIST-1e,16,,0,0,0,0,0,Tonch Nutte,F,True
8539_01,Earth,False,G/1372/S,TRAPPIST-1e,20,False,59,29,27,,0,Tance Simsey,M,False
8540_01,Earth,False,F/1645/S,TRAPPIST-1e,24,False,686,0,13,0,0,Dory Sextones,F,False
8541_01,Mars,False,D/266/P,TRAPPIST-1e,45,True,1093,950,341,0,0,Squars Rekle,M,False
8541_02,Mars,False,D/266/P,55 Cancri e,33,False,1914,5,0,0,228,Booss Rekle,F,True
8542_01,Mars,True,E/544/P,TRAPPIST-1e,19,False,0,0,0,0,0,Dow Chate,M,False
8544_01,Earth,False,F/1647/S,TRAPPIST-1e,15,False,114,161,22,419,0,Yolana Booters,F,False
8545_01,Earth,False,F/1753/P,TRAPPIST-1e,18,False,0,0,7,717,0,Regana Kirks,M,False
8548_01,Earth,False,F/1755/P,TRAPPIST-1e,21,False,129,106,280,183,18,,,False
8549_01,Mars,True,F/1648/S,TRAPPIST-1e,37,False,0,0,0,0,0,Tostex Grean,M,True
8551_01,Europa,False,D/257/S,TRAPPIST-1e,53,False,0,847,,630,2060,Sariton Disheract,F,False
8552_01,Mars,False,E/545/P,TRAPPIST-1e,19,False,0,0,0,0,0,Pot Hapie,M,False
8552_02,Mars,False,F/1756/P,TRAPPIST-1e,17,False,387,0,28,2183,0,Mins Hapie,F,False
8554_01,Earth,False,E/547/P,PSO J318.5-22,58,False,487,0,195,0,7,Britta Valezaley,M,True
8556_01,Europa,False,B/280/P,TRAPPIST-1e,18,False,0,1878,0,18572,10028,Mirfar Optionful,F,False
8556_02,Europa,False,B/280/P,55 Cancri e,25,True,0,3978,0,266,597,Sadard Optionful,M,True
8557_01,Europa,True,B/334/S,TRAPPIST-1e,39,False,0,0,0,0,0,Cheleon Swingse,F,True
8557_02,Europa,True,B/334/S,55 Cancri e,40,False,0,0,0,0,0,Golaran Swingse,M,True
8559_01,Mars,False,E/548/P,TRAPPIST-1e,27,True,3,952,208,951,0,Ecco Make,F,False
8559_02,Mars,False,F/1758/P,TRAPPIST-1e,3,False,0,0,0,0,0,Eclass Make,M,True
8559_03,Mars,True,F/1758/P,TRAPPIST-1e,18,False,0,0,0,0,0,Goos Make,F,True
8560_01,Earth,True,G/1391/P,55 Cancri e,18,False,0,0,0,0,0,Glena Hahnstonsen,M,True
8561_01,Earth,True,G/1375/S,PSO J318.5-22,29,False,0,0,,0,0,Dandra Sandry,F,False
8566_01,Earth,False,G/1392/P,TRAPPIST-1e,22,False,3,214,0,0,591,Ferry Valexandez,M,False
8569_01,Europa,False,A/88/P,TRAPPIST-1e,34,False,0,3636,0,70,27,Neutrak Lisholtery,F,True
8570_01,Earth,True,G/1377/S,PSO J318.5-22,19,False,0,0,0,0,0,Denny Russon,M,False
8571_01,Mars,False,F/1651/S,TRAPPIST-1e,26,False,5757,0,206,0,0,Yots Repie,F,False
8572_01,Europa,False,A/89/P,TRAPPIST-1e,33,False,0,739,0,140,6901,Eltaird Hoorherve,M,False
8573_01,Earth,False,F/1652/S,TRAPPIST-1e,34,,10,4,1,0,791,Marine Harry,F,True
8573_02,Earth,True,G/1378/S,TRAPPIST-1e,18,False,0,0,0,0,0,Toniel Mirezavis,M,True
8574_01,Mars,True,F/1653/S,TRAPPIST-1e,40,False,0,0,0,0,0,Hork Welte,F,True
8574_02,Mars,,D/258/S,,53,False,1042,0,2,1,11,Yakers Welte,M,False
8574_03,Mars,True,F/1653/S,TRAPPIST-1e,8,False,0,0,0,0,0,Wales Rhuba,F,True
8574_04,Mars,False,F/1653/S,TRAPPIST-1e,54,False,1763,0,11,0,0,Ceros Welte,M,False
8574_05,Mars,True,F/1653/S,55 Cancri e,29,,0,0,0,0,0,Eerch Welte,F,True
8577_01,Mars,True,F/1654/S,TRAPPIST-1e,56,False,0,0,0,0,0,Mans Kill,M,True
8580_01,Earth,False,G/1379/S,PSO J318.5-22,21,False,4,3,149,17,442,Leen Goldendrice,F,False
8581_01,Europa,True,C/323/S,TRAPPIST-1e,25,True,0,0,0,0,0,Kitauva Fawnsive,M,True
8581_02,Europa,True,C/323/S,TRAPPIST-1e,33,False,0,0,0,0,0,Mesatz Meplel,F,True
8584_01,Earth,False,F/1655/S,TRAPPIST-1e,22,False,4,0,72,21,600,Marvey Coopelandez,M,False
8585_01,Mars,False,D/259/S,TRAPPIST-1e,50,False,748,164,269,0,0,Cireal Kepie,F,False
8586_01,Mars,False,E/550/P,55 Cancri e,24,False,0,0,396,256,1482,Zelowl Terry,M,False
8587_01,,False,F/1763/P,TRAPPIST-1e,25,False,637,0,89,312,2,Ronard Fielsenders,F,False
8588_01,Mars,True,E/562/S,TRAPPIST-1e,59,False,0,0,0,0,0,Gramus Wist,M,True
8589_01,Europa,False,D/267/P,55 Cancri e,26,False,6,728,0,1273,1116,Gacrab Gealter,F,False
8592_01,Europa,False,D/268/P,TRAPPIST-1e,19,False,0,1406,0,4199,2123,Bosoneb Gulthler,M,False
8594_01,Earth,False,G/1381/S,TRAPPIST-1e,37,False,210,3,601,1,68,Heremy Clayson,F,False
8595_01,Mars,True,E/551/P,TRAPPIST-1e,22,False,0,0,0,0,0,Froos Stche,M,True
8596_01,Europa,True,C/284/P,TRAPPIST-1e,44,False,0,0,0,0,0,Aldah Healted,F,True
8596_02,Europa,True,C/284/P,55 Cancri e,25,False,0,0,0,0,0,Menchah Healted,M,True
8597_01,Earth,True,G/1382/S,TRAPPIST-1e,23,False,0,0,0,0,0,Patoya Moreman,F,True
8598_01,Earth,False,G/1394/P,55 Cancri e,6,,0,0,0,0,0,Garley Mcbriggins,M,True
8598_02,Earth,True,G/1394/P,PSO J318.5-22,39,False,0,0,0,0,0,Eriana Mcbriggins,F,True
8598_03,Earth,False,,55 Cancri e,26,False,12,71,0,103,624,Brada Mcbriggins,M,False
8599_01,Earth,False,G/1383/S,55 Cancri e,14,False,547,145,5,0,9,Lynnie Scottuez,F,False
8602_01,Earth,True,G/1396/P,TRAPPIST-1e,3,False,0,0,0,0,0,Robina Weissey,M,False
8602_02,Earth,False,G/1396/P,PSO J318.5-22,21,,10,1028,3,2519,0,Yvonna Weissey,F,False
8602_03,Earth,True,G/1396/P,,24,,0,0,0,0,0,Elson Weissey,M,False
8603_01,Earth,True,,PSO J318.5-22,18,False,0,0,0,0,0,Hilip Klinson,F,False
8604_01,Mars,False,F/1765/P,,37,False,50,0,343,2205,0,Crat Stité,M,False
8604_02,Mars,True,F/1765/P,TRAPPIST-1e,21,False,0,0,0,0,0,Halesh Stité,F,True
8605_01,Europa,False,C/324/S,TRAPPIST-1e,67,False,0,82,0,2279,293,Suhain Netshaless,M,False
8605_02,Europa,True,,TRAPPIST-1e,28,False,0,0,0,0,0,Mera Netshaless,F,True
8605_03,Europa,True,C/324/S,55 Cancri e,13,,0,0,0,0,0,Spuri Netshaless,M,True
8605_04,Europa,False,C/324/S,TRAPPIST-1e,26,False,0,226,0,436,4051,Aldibah Netshaless,F,False
8605_05,Europa,True,C/324/S,55 Cancri e,33,False,0,0,0,0,0,Pleion Netshaless,M,True
8606_01,Earth,True,G/1386/S,TRAPPIST-1e,18,False,0,0,0,0,0,Tammyl Wolffy,F,False
8606_02,Earth,False,F/1658/S,TRAPPIST-1e,24,False,13,221,0,1154,0,Gerry Wolffy,M,False
8606_03,Earth,False,E/563/S,TRAPPIST-1e,26,False,0,0,148,551,89,Gordo Wolffy,F,False
8607_01,Earth,False,G/1387/S,PSO J318.5-22,21,False,0,2202,9,71,100,Lan Gainebergan,M,True
8609_01,Earth,False,E/564/S,TRAPPIST-1e,27,False,0,0,2,994,0,Bara Cochrisons,F,False
8610_01,Earth,True,G/1398/P,PSO J318.5-22,15,False,0,0,0,0,0,Thondy Mayson,M,True
8611_01,Earth,False,F/1766/P,55 Cancri e,24,False,2,644,0,0,0,Rice Mejiaddox,F,False
8612_01,,False,G/1399/P,TRAPPIST-1e,31,False,4,9,870,0,0,Carlen Welles,M,False
8613_01,Earth,False,G/1388/S,TRAPPIST-1e,10,False,0,0,0,0,0,,,True
8614_01,Earth,False,G/1400/P,TRAPPIST-1e,23,False,4,3,1785,0,0,,,True
8615_01,Earth,False,E/565/S,55 Cancri e,50,False,0,0,117,712,0,Kris Buckentry,F,True
8615_02,Earth,True,G/1389/S,55 Cancri e,13,False,0,0,0,0,0,Jarena Buckentry,M,True
8616_01,Mars,False,F/1767/P,TRAPPIST-1e,43,False,27,0,797,830,161,Fruik Coune,F,False
8616_02,Mars,True,F/1767/P,55 Cancri e,20,False,0,0,0,0,0,Skies Coune,M,True
8617_01,Earth,False,F/1768/P,TRAPPIST-1e,21,False,11,1475,0,0,0,Jeroy Cartiz,F,True
8618_01,Europa,False,B/336/S,55 Cancri e,18,False,0,694,0,0,1370,Hallux Resendent,M,False
8618_02,Europa,True,B/336/S,TRAPPIST-1e,16,False,0,0,0,0,0,Jihonon Resendent,F,True
8619_01,Europa,False,E/566/S,TRAPPIST-1e,47,False,187,268,977,3441,236,Mardach Heermy,M,False
8620_01,Mars,False,F/1659/S,TRAPPIST-1e,35,True,1234,35,7,0,0,Cinets Crité,F,False
8623_01,Earth,False,,TRAPPIST-1e,15,False,9,731,85,0,537,Vandy Hoffergess,M,False
8624_01,Earth,False,F/1661/S,TRAPPIST-1e,46,False,135,0,0,0,928,Penne Kramorry,F,False
8624_02,Earth,True,G/1390/S,TRAPPIST-1e,6,,0,0,0,0,0,Eristy Kramorry,M,False
8626_01,Earth,False,F/1770/P,TRAPPIST-1e,26,False,1,0,1,15,854,Alber Corman,F,False
8628_01,Earth,False,F/1664/S,PSO J318.5-22,49,False,0,18,0,0,686,Enry Johnsondez,M,False
8629_01,Earth,True,G/1391/S,TRAPPIST-1e,28,False,0,0,0,0,0,Royce Hamberterry,F,True
8631_01,Mars,True,E/553/P,TRAPPIST-1e,37,False,0,0,0,0,0,Denuts Stité,M,False
8633_01,Earth,False,F/1665/S,TRAPPIST-1e,17,False,2,33,97,553,,Jenne Daughessey,F,False
8634_01,Earth,False,G/1392/S,TRAPPIST-1e,38,False,1739,0,0,83,0,Wenny Hurchez,M,False
8635_01,Earth,False,E/554/P,TRAPPIST-1e,18,False,224,0,0,0,1384,Joanry Welles,F,False
8636_01,Mars,True,F/1772/P,TRAPPIST-1e,55,False,0,0,0,0,0,Panzel Ruity,M,True
8637_01,,True,F/1773/P,TRAPPIST-1e,28,False,0,0,0,0,0,Sinkes Spien,F,True
8637_02,Mars,False,F/1773/P,TRAPPIST-1e,25,False,987,0,6221,141,0,Varz Spien,M,True
8637_03,Mars,False,E/555/P,TRAPPIST-1e,17,,330,1,967,0,0,Nakes Spien,F,False
8638_01,Earth,True,G/1402/P,TRAPPIST-1e,22,False,0,0,0,0,0,Therta Holliams,M,False
8638_02,Earth,False,G/1402/P,TRAPPIST-1e,4,False,0,0,0,0,0,Janee Holliams,F,True
8638_03,Earth,False,G/1402/P,55 Cancri e,3,False,0,0,0,0,0,Britta Holliams,M,True
8639_01,Mars,True,E/567/S,TRAPPIST-1e,21,False,0,0,0,0,0,Wifts Berle,F,False
8639_02,Mars,False,D/260/S,TRAPPIST-1e,24,False,1455,2207,163,2354,0,Cruts Berle,M,False
8640_01,Earth,False,F/1666/S,,50,False,133,0,525,0,31,Diandy Hurchrisong,F,False
8641_01,Mars,False,F/1667/S,TRAPPIST-1e,3,False,0,0,0,0,0,Cint Mille,M,True
8641_02,Mars,False,F/1667/S,TRAPPIST-1e,19,False,1146,0,3,0,0,Conth Mille,F,False
8641_03,Mars,True,F/1667/S,TRAPPIST-1e,22,False,0,0,0,0,0,Pech Mille,M,True
8642_01,Earth,False,F/1774/P,PSO J318.5-22,20,False,0,4,0,0,625,Yolace Berreranks,F,False
8643_01,Mars,False,F/1775/P,TRAPPIST-1e,18,False,2048,0,2,848,0,Dow Ramad,M,False
8644_01,Earth,False,F/1668/S,TRAPPIST-1e,27,False,20,0,11,0,848,Shawne Dunnisey,F,False
8644_02,Earth,False,F/1668/S,TRAPPIST-1e,29,False,0,0,0,0,1972,Ninaha Dunnisey,M,False
8645_01,Earth,False,F/1776/P,55 Cancri e,23,False,1,26,1908,318,0,Herita Arneras,F,True
8646_01,Europa,True,C/325/S,TRAPPIST-1e,48,False,0,0,0,0,0,Neutrak Vertfull,M,True
8646_02,Europa,False,C/325/S,TRAPPIST-1e,32,False,0,1285,0,3030,334,Enifik Vertfull,F,False
8646_03,Europa,True,C/325/S,TRAPPIST-1e,55,False,0,0,0,0,0,Atonon Vertfull,M,True
8646_04,Europa,False,C/325/S,55 Cancri e,49,False,3,1108,2,5775,1964,Chamark Vertfull,F,False
8650_01,Earth,True,G/1404/P,TRAPPIST-1e,15,False,0,0,0,0,0,Artis Weberton,M,True
8653_01,Earth,True,G/1393/S,TRAPPIST-1e,50,False,0,0,0,0,0,Racily Bairdyork,F,True
8654_01,Earth,False,F/1779/P,TRAPPIST-1e,35,False,777,0,23,0,61,Jeresa Noelan,M,False
8656_01,Europa,False,A/103/S,TRAPPIST-1e,29,False,0,4455,0,1663,4435,Antinon Imparmle,F,False
8656_02,Europa,False,A/103/S,55 Cancri e,38,True,0,1298,0,1841,1547,Almino Rotter,M,False
8656_03,Europa,True,A/103/S,55 Cancri e,29,True,0,0,0,0,0,Eltares Imparmle,F,True
8657_01,Mars,False,F/1780/P,TRAPPIST-1e,39,False,200,0,1083,65,0,Caish Harta,M,True
8658_01,Mars,False,E/568/S,TRAPPIST-1e,49,False,0,1,1364,226,0,Ney Forne,F,True
8658_02,Mars,False,F/1673/S,TRAPPIST-1e,39,False,345,0,848,0,116,Batech Forne,M,False
8659_01,Earth,False,F/1781/P,TRAPPIST-1e,19,False,125,556,23,0,0,Coley Ryanglasey,F,True
8661_01,Earth,False,F/1675/S,TRAPPIST-1e,19,False,886,0,0,1587,12,Herina Pierry,M,False
8663_01,Earth,False,G/1394/S,TRAPPIST-1e,14,False,450,4791,896,0,0,Fery Hurchrisong,F,True
8663_02,Earth,True,,55 Cancri e,40,,0,0,0,0,0,Donnie Hurchrisong,M,True
8664_01,Earth,False,G/1395/S,TRAPPIST-1e,40,False,909,0,0,0,0,Loisey Hallahaney,F,False
8667_01,Mars,False,F/1676/S,TRAPPIST-1e,20,False,733,0,455,,0,Koat Kad,M,False
8668_01,Mars,True,F/1783/P,TRAPPIST-1e,6,False,0,0,0,0,0,Mall Rapie,F,True
8668_02,Mars,False,D/269/P,TRAPPIST-1e,41,False,806,16,125,1008,0,Mulk Rapie,M,False
8668_03,Mars,False,E/556/P,TRAPPIST-1e,37,False,0,0,0,0,0,Toat Rapie,F,False
8669_01,Earth,False,F/1677/S,TRAPPIST-1e,31,False,949,0,22,0,0,Morrie Cartiz,M,False
8669_02,Earth,False,G/1397/S,TRAPPIST-1e,8,False,0,0,0,0,0,Craine Cartiz,F,False
8669_03,Earth,False,F/1677/S,TRAPPIST-1e,55,False,506,0,456,0,0,Leence Cartiz,M,False
8670_01,Earth,True,G/1398/S,PSO J318.5-22,16,False,0,0,0,0,0,Evenna Williotters,F,True
8671_01,Europa,False,A/90/P,55 Cancri e,29,False,1,764,1,265,1539,Avijava Ticagent,M,True
8672_01,Earth,False,G/1406/P,TRAPPIST-1e,40,False,21,155,0,267,0,Cary Rilley,F,False
8673_01,Europa,True,C/285/P,,27,False,0,0,0,0,0,Taurak Pentical,M,True
8674_01,Mars,False,F/1784/P,TRAPPIST-1e,21,False,4924,0,49,2,0,Gra Resty,F,False
8675_01,Europa,True,B/281/P,TRAPPIST-1e,25,,0,0,0,0,0,Benebah Droning,M,True
8680_01,Mars,False,F/1786/P,TRAPPIST-1e,44,False,,971,700,0,0,Scera Sty,F,False
8681_01,Mars,False,F/1787/P,TRAPPIST-1e,34,False,368,499,1729,0,2,Colde Derry,M,False
8681_02,Mars,False,F/1787/P,TRAPPIST-1e,1,False,0,0,0,0,0,Rionk Facle,F,True
8681_03,Mars,False,F/1787/P,TRAPPIST-1e,1,False,0,0,0,0,0,Totax Derry,M,True
8683_01,Earth,False,F/1679/S,PSO J318.5-22,42,False,51,6,87,21,404,Dandra Prinson,F,False
8684_01,Earth,False,F/1788/P,TRAPPIST-1e,18,False,1,1,0,226,488,Carly Meleon,M,False
8685_01,Earth,True,G/1400/S,55 Cancri e,21,False,0,0,0,0,0,Ren Midtt,F,True
8687_01,Earth,False,F/1680/S,TRAPPIST-1e,24,False,0,,594,95,0,Annon Cartiz,M,True
8688_01,Earth,False,F/1681/S,TRAPPIST-1e,,False,0,0,0,595,0,Eillis Moodmandez,F,False
8691_01,Earth,True,G/1409/P,PSO J318.5-22,18,False,0,0,0,0,0,Thewis Pierry,M,False
8693_01,Earth,True,G/1410/P,PSO J318.5-22,27,False,0,0,0,0,0,Juanna Buckson,F,True
8694_01,Earth,True,G/1411/P,TRAPPIST-1e,13,False,0,0,0,0,0,Wenise Lunapperts,M,True
8694_02,Earth,False,G/1411/P,TRAPPIST-1e,10,False,0,0,0,0,0,Dixiel Lunapperts,F,False
8694_03,Earth,True,G/1411/P,TRAPPIST-1e,8,False,0,0,0,0,0,Reneen Lunapperts,M,False
8695_01,Mars,False,F/1683/S,TRAPPIST-1e,40,False,76,0,1169,0,64,Apench Seen,F,True
8696_01,Europa,True,C/326/S,PSO J318.5-22,35,False,0,0,0,0,0,Bahoton Alvesssidy,M,True
8700_01,Mars,False,F/1684/S,TRAPPIST-1e,13,False,217,7,928,0,728,Mose Teake,F,False
8701_01,Mars,False,F/1789/P,55 Cancri e,19,False,203,0,172,1460,151,Hammet Rekle,M,False
8703_01,Earth,False,F/1685/S,TRAPPIST-1e,44,False,84,0,308,0,1179,Lynnie Simpsonks,F,False
8704_01,Mars,True,F/1686/S,TRAPPIST-1e,36,,0,0,0,0,0,Pie Facke,M,True
8704_02,Mars,False,D/264/S,,29,False,2239,0,146,0,0,Cappe Facke,F,False
8708_01,Earth,False,G/1413/P,PSO J318.5-22,28,False,679,0,0,0,0,Annard Jacostaffey,M,False
8709_01,Earth,False,F/1687/S,TRAPPIST-1e,36,False,0,98,456,277,70,Sallie Cartyernan,F,False
8710_01,Earth,False,F/1688/S,PSO J318.5-22,24,,312,227,50,0,0,Frandy Scheron,M,False
8712_01,Mars,True,F/1792/P,TRAPPIST-1e,14,,0,0,0,0,0,Blesh Snoff,F,True
8714_01,Mars,False,D/270/P,TRAPPIST-1e,50,False,1584,0,36,104,0,Park Mad,M,True
8716_01,Earth,False,F/1793/P,PSO J318.5-22,20,False,426,0,220,2,0,Rankie Graneyes,F,False
8717_01,Earth,False,F/1689/S,TRAPPIST-1e,38,False,139,9,0,0,582,Nelley Freevenson,M,False
8719_01,Europa,False,A/104/S,TRAPPIST-1e,33,True,0,3076,0,3,994,Naslon Invebodene,F,False
8719_02,Europa,False,A/104/S,55 Cancri e,54,False,0,1821,2370,949,46,Astrak Alcemblery,M,False
8719_03,Europa,,A/104/S,55 Cancri e,20,False,0,0,0,0,0,Edaron Invebodene,F,True
8720_01,Earth,False,F/1690/S,55 Cancri e,23,False,0,247,1063,36,0,Enrie Bartines,M,True
8721_01,Europa,True,B/337/S,55 Cancri e,65,False,0,0,0,0,0,Mariton Tronsive,F,True
8722_01,Mars,True,E/558/P,TRAPPIST-1e,51,False,0,0,0,0,0,Cherry Pine,M,False
8722_02,Mars,False,E/558/P,TRAPPIST-1e,36,False,2002,0,10,87,0,Triple Pine,F,False
8723_01,Earth,False,F/1794/P,TRAPPIST-1e,38,False,32,1163,0,52,1935,Aleen Traverdy,M,False
8727_01,Earth,False,F/1797/P,55 Cancri e,28,False,34,0,0,0,658,Hencey Bulliamoses,F,False
8728_01,Earth,,F/1798/P,TRAPPIST-1e,32,False,258,500,3,15,128,Justie Fulloydez,M,True
8728_02,Earth,False,G/1416/P,TRAPPIST-1e,55,False,694,0,1,87,0,Eilan Fulloydez,F,False
8728_03,Earth,False,F/1798/P,TRAPPIST-1e,23,False,1254,0,45,0,0,Fanna Fulloydez,M,False
8728_04,Earth,False,F/1798/P,PSO J318.5-22,38,False,647,23,1,0,0,Ginald Fulloydez,F,False
8728_05,Earth,True,G/1416/P,55 Cancri e,18,False,0,0,0,0,0,Weslie Fulloydez,M,True
8728_06,Earth,True,G/1416/P,PSO J318.5-22,32,False,0,0,0,0,0,Kendy Fulloydez,F,False
8728_07,Earth,False,,TRAPPIST-1e,44,False,266,3,2,0,748,Delley Fulloydez,M,False
8728_08,Earth,False,G/1416/P,TRAPPIST-1e,62,False,0,592,164,0,0,Franda Fulloydez,F,True
8729_01,Europa,False,E/559/P,TRAPPIST-1e,66,False,354,2639,0,1180,0,Alhaino Rewmid,M,False
8729_02,Europa,False,E/559/P,TRAPPIST-1e,20,False,,7759,18,4925,12685,Charda Rewmid,F,False
8732_01,Earth,False,F/1691/S,TRAPPIST-1e,19,False,193,251,0,165,0,Lestie Jacostaffey,M,False
8733_01,Earth,False,G/1406/S,TRAPPIST-1e,,False,22,226,0,0,633,Leen Wolfernan,F,False
8734_01,Earth,False,G/1417/P,PSO J318.5-22,25,False,,0,707,1,0,Philia Johnshines,M,True
8735_01,Earth,False,F/1799/P,TRAPPIST-1e,20,False,227,0,1,0,707,Glasey Ryanglasey,F,False
8736_01,Mars,True,F/1800/P,TRAPPIST-1e,18,False,0,0,0,0,0,Meal Pota,M,True
8736_02,Mars,False,F/1800/P,TRAPPIST-1e,20,False,,2,289,976,0,Tros Pota,F,True
8741_01,Europa,True,A/91/P,TRAPPIST-1e,14,False,0,0,0,0,0,Neutrak Alaring,M,True
8741_02,Europa,False,A/91/P,55 Cancri e,49,False,0,3853,0,245,178,Grasath Alaring,F,True
8741_03,Europa,False,A/91/P,TRAPPIST-1e,49,False,4,44,1401,1043,0,Hyaduma Stichseary,M,False
8743_01,Earth,,F/1802/P,55 Cancri e,19,False,179,16,246,280,0,Isa Villenson,F,False
8744_01,Earth,False,E/570/S,TRAPPIST-1e,53,False,1613,0,0,0,7,Jilly Holton,M,False
8749_01,Mars,False,E/562/P,TRAPPIST-1e,31,False,947,83,19,0,0,Risps Cuche,F,False
8750_01,Earth,False,F/1804/P,TRAPPIST-1e,18,False,24,753,0,0,0,Eriey Carlsonney,M,False
8751_01,Earth,False,F/1694/S,TRAPPIST-1e,24,False,0,0,124,4,471,Byront Weavesend,F,False
8752_01,Mars,False,D/272/P,TRAPPIST-1e,35,False,2758,0,1,0,0,Koops Strad,M,False
8753_01,Earth,False,F/1805/P,TRAPPIST-1e,27,False,0,0,0,545,89,Lynnee Sellentry,F,False
8753_02,Earth,False,F/1805/P,TRAPPIST-1e,38,False,22,9,40,732,0,Garyan Sellentry,M,False
8753_03,Earth,False,F/1805/P,TRAPPIST-1e,23,False,0,0,9,69,1157,Min Sellentry,F,False
8754_01,Earth,False,G/1408/S,TRAPPIST-1e,22,False,151,,613,6,0,Camiet Popelazquez,M,False
8755_01,Europa,True,D/265/S,55 Cancri e,38,False,0,0,0,0,0,Ionons Alvercal,F,True
8757_01,Earth,False,G/1409/S,TRAPPIST-1e,28,False,1,1484,210,0,5,Vine Danielps,M,True
8759_01,Mars,False,F/1695/S,TRAPPIST-1e,25,False,520,0,139,0,77,Tart Chate,F,False
8759_02,Mars,False,F/1695/S,TRAPPIST-1e,45,False,74,0,0,1130,22,Crios Chate,M,False
8760_01,Earth,False,F/1696/S,,22,False,804,0,0,0,0,Tance Alvasquez,F,False
8762_01,Earth,False,G/1410/S,TRAPPIST-1e,30,False,32,180,497,0,99,Benry Cardner,M,True
8764_01,Mars,True,F/1697/S,55 Cancri e,25,False,0,0,0,0,0,Zers Gene,F,True
8766_01,Mars,True,F/1807/P,TRAPPIST-1e,24,False,0,0,0,0,0,Fles Mine,M,True
8769_01,Mars,False,F/1700/S,TRAPPIST-1e,44,False,1,0,2080,11,0,Chon Ches,F,True
8770_01,Earth,False,F/1808/P,TRAPPIST-1e,6,False,0,0,0,0,0,Hughan Waderoachez,M,False
8770_02,Earth,True,F/1808/P,TRAPPIST-1e,0,False,0,0,0,0,0,Walley Waderoachez,F,True
8770_03,Earth,False,,PSO J318.5-22,14,False,476,14,0,328,8,Sony Morgerson,M,False
8770_04,Earth,False,F/1808/P,TRAPPIST-1e,37,False,0,0,11,1028,7,Sandie Morgerson,F,False
8770_05,Earth,False,F/1808/P,TRAPPIST-1e,15,False,0,912,82,5,0,Millia Morgerson,M,False
8770_06,Earth,False,F/1808/P,TRAPPIST-1e,0,False,0,0,0,0,0,Nadie Waderoachez,F,True
8770_07,Earth,False,F/1808/P,TRAPPIST-1e,17,False,0,810,66,0,0,Raque Waderoachez,M,True
8771_01,Earth,False,G/1421/P,TRAPPIST-1e,58,False,0,805,3,3,0,Ebonya Boyersons,F,False
8772_01,Europa,True,B/339/S,55 Cancri e,15,False,0,0,0,0,0,,,True
8772_02,Europa,False,,55 Cancri e,53,False,0,1127,0,3939,,Naosura Motled,F,False
8773_01,Mars,False,D/274/P,TRAPPIST-1e,29,False,257,0,782,8,3,Gorn Ica,M,False
8774_01,Earth,True,G/1412/S,TRAPPIST-1e,24,False,0,0,0,0,0,Jennyn Gentledges,F,True
8776_01,Earth,False,E/574/S,TRAPPIST-1e,40,False,0,0,286,6,570,Winia Headardyer,M,True
8779_01,Earth,False,G/1413/S,55 Cancri e,21,False,2,,0,634,0,Dandra Brensonsen,F,False
8780_01,Earth,False,G/1414/S,TRAPPIST-1e,30,False,0,114,0,726,67,Dory Bryangton,M,False
8781_01,Earth,False,G/1415/S,TRAPPIST-1e,20,False,0,91,2,623,93,Kencey Flowensley,F,False
8782_01,Mars,True,F/1701/S,TRAPPIST-1e,20,False,0,0,0,0,,Ale Butty,M,True
8783_01,Mars,False,D/276/P,,18,False,697,0,25,0,61,Pebix Wate,F,False
8783_02,Mars,True,D/276/P,TRAPPIST-1e,36,False,0,0,0,0,0,Graw Wate,M,True
8785_01,Earth,False,F/1810/P,TRAPPIST-1e,20,False,874,0,80,,0,Jamela Llobsoney,F,False
8785_02,Earth,False,G/1422/P,TRAPPIST-1e,4,False,0,0,0,0,0,Caseya Llobsoney,M,True
8786_01,Europa,True,B/284/P,55 Cancri e,59,False,0,0,0,0,0,Sadir Fringearty,F,True
8787_01,Earth,False,G/1416/S,TRAPPIST-1e,20,False,11,0,0,843,0,,,False
8789_01,Earth,False,G/1417/S,55 Cancri e,4,False,0,0,0,0,0,Hollie Cartez,F,False
8789_02,Earth,False,E/576/S,TRAPPIST-1e,23,False,0,565,0,35,188,Monard Cartez,M,True
8790_01,Europa,False,D/277/P,55 Cancri e,25,False,698,4978,0,146,0,Charaz Fawnsive,F,True
8791_01,Earth,False,F/1812/P,PSO J318.5-22,20,False,0,571,82,0,0,Jerrye Meleon,M,False
8794_01,Earth,False,E/563/P,TRAPPIST-1e,22,False,0,0,637,0,50,Rence Slatessen,F,True
8796_01,Earth,False,G/1418/S,TRAPPIST-1e,6,False,0,0,0,0,0,Daisya Traverdy,M,True
8796_02,Earth,False,F/1704/S,TRAPPIST-1e,14,False,588,144,1,0,168,Hillie Jorden,F,False
8796_03,Earth,True,G/1418/S,TRAPPIST-1e,0,False,,0,0,0,0,Joya Jorden,M,False
8796_04,Earth,True,G/1418/S,TRAPPIST-1e,4,False,0,0,0,0,0,Gailia Jorden,F,False
8796_05,Earth,False,F/1704/S,TRAPPIST-1e,37,False,63,0,0,0,661,Berna Jorden,M,False
8796_06,Earth,False,F/1704/S,TRAPPIST-1e,14,False,0,1427,148,0,7,Felice Traverdy,F,True
8796_07,Earth,False,F/1704/S,TRAPPIST-1e,34,False,14,748,0,41,0,Stene Bakerson,M,True
8796_08,Earth,True,G/1418/S,55 Cancri e,3,False,0,0,0,0,0,Dondy Traverdy,F,True
8797_01,Earth,False,F/1705/S,PSO J318.5-22,18,False,0,3,110,588,0,Julies Bradamss,M,False
8798_01,Earth,False,F/1706/S,TRAPPIST-1e,27,False,1771,0,242,0,37,Guyl Mcculley,F,False
8799_01,Earth,False,G/1419/S,TRAPPIST-1e,19,False,0,0,855,11,42,Rossie Boltond,M,True
8801_01,Earth,False,F/1707/S,TRAPPIST-1e,37,False,10,557,51,83,0,Justie Vincenton,F,False
8802_01,Europa,True,D/266/S,TRAPPIST-1e,29,False,0,0,0,0,0,Nunkibi Unsible,M,True
8805_01,Earth,False,F/1815/P,PSO J318.5-22,37,False,570,0,7,107,0,Elindy Rasmussony,F,False
8806_01,Mars,False,F/1708/S,TRAPPIST-1e,32,False,81,0,1363,0,0,Shood Clake,M,True
8807_01,Earth,False,G/1420/S,PSO J318.5-22,22,False,0,0,0,617,0,Marix Polliamposs,F,False
8808_01,Earth,False,F/1816/P,TRAPPIST-1e,38,False,0,2532,0,204,0,Pristy Folemonley,M,True
8809_01,Earth,False,F/1817/P,TRAPPIST-1e,24,False,0,0,0,2019,117,Blance Cooperkins,F,False
8811_01,Earth,False,E/577/S,PSO J318.5-22,63,False,0,0,80,0,2322,Karley Goods,M,False
8812_01,Mars,True,E/564/P,TRAPPIST-1e,23,False,0,0,0,0,0,Bar Part,F,False
8813_01,Earth,False,G/1421/S,PSO J318.5-22,41,False,413,0,0,7,347,,,False
8815_01,Earth,False,F/1818/P,55 Cancri e,20,False,0,0,0,335,957,Frey Tranklinay,F,False
8816_01,Europa,True,B/340/S,TRAPPIST-1e,48,False,0,0,0,0,,Murzima Diouselt,M,True
8816_02,,True,B/340/S,55 Cancri e,44,False,0,0,0,0,0,Mesatik Diouselt,F,True
8816_03,Europa,True,B/340/S,55 Cancri e,15,False,0,0,0,0,0,Merops Diouselt,M,True
8816_04,Europa,True,B/340/S,55 Cancri e,29,False,0,0,0,0,0,Astab Diouselt,F,True
8816_05,Europa,False,B/340/S,TRAPPIST-1e,64,,0,1770,0,4111,180,Terops Diouselt,M,False
8817_01,Earth,False,G/1426/P,TRAPPIST-1e,19,False,586,10,0,30,0,Yola Mirezavis,F,False
8818_01,Earth,True,G/1427/P,PSO J318.5-22,28,False,0,0,0,0,0,Andyn Ballocks,M,True
8819_01,Earth,False,G/1428/P,TRAPPIST-1e,44,False,857,0,1,8,17,Almary Sancasey,F,False
8820_01,Earth,True,G/1429/P,TRAPPIST-1e,13,False,0,0,0,0,0,Isaacy Hahnstoneal,M,True
8821_01,Earth,False,E/565/P,TRAPPIST-1e,45,False,198,454,1,0,4,Heremy Lewinez,F,True
8822_01,Europa,False,A/92/P,55 Cancri e,25,False,0,145,1359,492,205,Taram Spopting,M,False
8823_01,Mars,True,F/1710/S,TRAPPIST-1e,19,False,0,0,0,0,0,Stax Jamad,F,True
8824_01,Earth,False,F/1819/P,TRAPPIST-1e,29,False,128,0,130,132,473,Ruthy Whiters,M,False
8825_01,Earth,True,G/1422/S,55 Cancri e,21,False,0,0,0,0,0,Iree Halexandez,F,True
8826_01,Europa,False,C/290/P,55 Cancri e,13,False,1212,4485,0,4016,57,Marin Hednigic,M,False
8826_02,Europa,False,C/290/P,55 Cancri e,25,False,1369,310,3,4502,377,Nusakab Hednigic,F,False
8826_03,Europa,False,C/290/P,TRAPPIST-1e,46,False,1384,229,0,1572,1,Aston Hednigic,M,False
8827_01,Earth,False,F/1820/P,55 Cancri e,37,False,88,0,719,88,0,Rickie Mclarseney,F,True
8828_01,Earth,False,F/1711/S,55 Cancri e,19,,0,6,0,0,1179,Charly Robersondez,M,True
8830_01,Mars,False,E/578/S,TRAPPIST-1e,29,False,230,0,1404,464,0,Rankes Vloaf,F,False
8830_02,Mars,True,F/1712/S,TRAPPIST-1e,21,False,0,0,0,0,0,Pon Vloaf,M,True
8831_01,Mars,True,F/1713/S,TRAPPIST-1e,13,False,0,0,0,0,0,Yaphex Beake,F,True
8833_01,Earth,True,G/1424/S,55 Cancri e,15,False,0,0,0,0,0,Jennya Vanglis,M,True
8834_01,Earth,False,F/1715/S,TRAPPIST-1e,42,False,4,0,0,0,792,Milda Howayery,F,False
8835_01,Earth,True,G/1425/S,TRAPPIST-1e,,False,0,0,0,0,0,Shalle Bartines,M,False
8836_01,Earth,False,F/1821/P,TRAPPIST-1e,26,False,903,0,182,0,27,Harlos Mcinton,F,False
8836_02,Earth,True,G/1430/P,TRAPPIST-1e,19,False,0,0,0,0,0,Jeron Mcinton,M,False
8838_01,Earth,False,G/1431/P,TRAPPIST-1e,18,,0,181,628,0,0,Briam Chanash,F,True
8840_01,Earth,False,F/1716/S,55 Cancri e,50,False,0,433,4,0,2020,Naomin Litthews,M,False
8841_01,Mars,True,F/1822/P,TRAPPIST-1e,28,False,0,0,0,0,0,Asinch Derry,F,True
8842_01,Europa,False,D/267/S,TRAPPIST-1e,24,False,3,2910,0,112,36,Hekaron Amspring,M,True
8843_01,Europa,False,C/327/S,TRAPPIST-1e,31,False,,927,0,2760,1,Zedares Rinicapead,F,False
8844_01,Earth,False,E/579/S,55 Cancri e,19,False,0,0,717,1,0,Jacky Wynneyerson,M,True
8845_01,Earth,False,F/1823/P,TRAPPIST-1e,20,False,735,0,0,41,1,Jorgie Coolez,F,False
8845_02,Earth,False,E/566/P,TRAPPIST-1e,23,False,0,1204,40,0,375,Paulah Coolez,M,False
8848_01,,False,F/1824/P,TRAPPIST-1e,19,False,1037,0,40,0,0,Leos Lacke,F,True
8849_01,Earth,True,G/1427/S,55 Cancri e,27,False,0,0,,0,,Valex Chanash,M,True
8850_01,Mars,False,E/580/S,TRAPPIST-1e,16,False,1032,0,267,0,0,Koat Kie,F,False
8852_01,Mars,True,D/278/P,TRAPPIST-1e,76,False,0,0,0,0,0,Aark Homin,M,True
8852_02,Mars,False,D/278/P,TRAPPIST-1e,41,True,22,484,354,0,0,Toats Homin,F,False
8853_01,Earth,False,G/1433/P,PSO J318.5-22,24,False,726,3488,200,17,275,Kimena Ellahan,M,False
8854_01,Earth,True,G/1429/S,TRAPPIST-1e,12,False,0,0,0,0,0,Pristy Hammons,F,False
8856_01,Earth,True,G/1434/P,PSO J318.5-22,28,False,0,0,0,0,0,Teremy Mckinsond,M,True
8858_01,Europa,False,B/285/P,TRAPPIST-1e,36,True,0,0,0,0,0,Medib Ricled,F,False
8860_01,Mars,True,F/1825/P,TRAPPIST-1e,20,False,0,0,0,0,0,Turs Mity,M,True
8860_02,,True,F/1825/P,TRAPPIST-1e,7,False,0,0,0,0,0,Guls Vloaf,F,True
8860_03,Mars,True,F/1825/P,TRAPPIST-1e,21,False,0,0,0,0,0,Mulk Vloaf,M,True
8860_04,Mars,False,E/567/P,TRAPPIST-1e,33,,1054,0,222,22,0,Appers Vloaf,F,False
8861_01,Europa,False,C/291/P,TRAPPIST-1e,32,False,0,2583,3,500,129,Arkard Secened,M,True
8862_01,Europa,False,C/329/S,55 Cancri e,34,False,0,3126,0,112,15,Pharmus Myling,F,True
8862_02,Europa,False,C/329/S,PSO J318.5-22,38,True,0,2191,863,207,6262,Menkin Cluted,M,False
8862_03,Europa,True,C/329/S,TRAPPIST-1e,,False,0,0,0,0,0,Alchib Myling,F,True
8862_04,Europa,True,C/329/S,55 Cancri e,28,False,0,0,0,0,0,Alramix Myling,M,True
8862_05,Europa,True,C/329/S,TRAPPIST-1e,25,False,0,0,0,0,0,Prope Myling,F,True
8863_01,Earth,False,E/582/S,55 Cancri e,24,False,0,784,5,0,1,Dona Greeves,M,True
8864_01,Mars,True,F/1717/S,TRAPPIST-1e,18,False,0,0,0,0,0,Tench Pert,F,True
8865_01,Earth,False,F/1826/P,TRAPPIST-1e,24,False,121,10,341,307,47,Bettie Sancockett,M,False
8867_01,Europa,True,B/286/P,55 Cancri e,30,False,0,0,0,0,0,Sollum Ambleetive,F,True
8867_02,Europa,True,B/286/P,55 Cancri e,38,False,0,0,0,0,0,Alrairk Ambleetive,M,True
8868_01,Earth,False,G/1430/S,TRAPPIST-1e,39,False,0,798,0,56,0,Chesty Loverthyo,F,True
8869_01,Earth,True,G/1431/S,TRAPPIST-1e,31,False,0,0,0,0,0,Melica Starkers,M,True
8871_01,Earth,False,G/1432/S,TRAPPIST-1e,33,False,0,116,412,379,0,Nelly Benney,F,True
8871_02,Earth,True,G/1432/S,PSO J318.5-22,15,False,,0,,0,0,Nadie Benney,M,True
8872_01,Mars,True,F/1828/P,TRAPPIST-1e,23,False,0,0,0,0,0,Rinnab Surry,F,True
8874_01,Earth,True,G/1436/P,TRAPPIST-1e,24,,0,0,0,0,0,Cline Popelacruz,M,False
8876_01,Europa,False,B/287/P,55 Cancri e,44,False,0,71,7148,427,394,Mulkes Suarging,F,True
8878_01,Earth,False,E/568/P,TRAPPIST-1e,22,False,0,0,0,0,906,Tracek Rames,M,False
8880_01,Mars,True,F/1829/P,TRAPPIST-1e,28,False,0,0,0,0,0,Croo Cure,F,True
8881_01,Earth,False,F/1719/S,55 Cancri e,34,False,0,0,717,0,0,Timmy Garnettiz,M,True
8883_01,,False,G/1438/P,TRAPPIST-1e,8,False,0,0,0,0,0,Rence Monroellynn,F,False
8884_01,Earth,False,F/1830/P,TRAPPIST-1e,26,False,1471,0,7,5,0,Jenne Mckins,M,True
8885_01,Mars,False,D/269/S,TRAPPIST-1e,29,False,876,1,54,125,0,Squars Anake,F,False
8886_01,Earth,False,G/1433/S,55 Cancri e,58,False,0,0,620,0,0,Jerrye Mclarseney,M,False
8886_02,Earth,True,G/1433/S,TRAPPIST-1e,4,False,0,0,0,0,0,Samana Mclarseney,F,False
8886_03,Earth,False,G/1433/S,PSO J318.5-22,1,False,0,0,0,0,0,Ale Mclarseney,M,True
8889_01,,False,G/1439/P,55 Cancri e,17,False,0,0,615,0,0,Erman Russelloyd,F,False
8890_01,Earth,False,G/1434/S,PSO J318.5-22,27,False,0,0,0,1606,3675,Coreen Tersimpson,M,False
8891_01,Earth,False,F/1831/P,TRAPPIST-1e,24,False,1186,0,381,3,173,Jimmyn Pooley,F,True
8891_02,Earth,False,F/1831/P,TRAPPIST-1e,16,False,0,1332,0,0,0,Isa Pooley,M,True
8892_01,Earth,False,F/1832/P,TRAPPIST-1e,28,False,0,16,496,318,0,Shanya Ricklaney,F,False
8894_01,Mars,True,F/1721/S,TRAPPIST-1e,23,False,0,0,0,0,0,Ars Shpie,M,True
8896_01,Mars,True,F/1722/S,55 Cancri e,33,False,0,0,0,0,0,Gone Pri,F,True
8897_01,Earth,True,G/1440/P,PSO J318.5-22,24,False,0,0,0,0,0,Courta Hoppers,M,True
8899_01,Earth,False,G/1435/S,TRAPPIST-1e,6,False,0,0,0,0,0,Helle Bookson,F,True
8900_01,Earth,False,G/1441/P,TRAPPIST-1e,19,False,23,659,0,15,113,Stal Landolphrey,M,False
8901_01,Europa,True,B/341/S,TRAPPIST-1e,31,False,0,0,0,0,0,Alphah Cousel,F,True
8902_01,Earth,False,G/1436/S,TRAPPIST-1e,19,False,16,1739,9,5,8,Enry Goodson,M,True
8903_01,Earth,False,G/1437/S,TRAPPIST-1e,18,False,0,0,0,0,810,Darrie Herreras,F,False
8904_01,Earth,False,G/1442/P,TRAPPIST-1e,35,False,522,0,1,324,60,Troya Welles,M,False
8905_01,Mars,False,E/570/P,TRAPPIST-1e,32,True,0,0,0,0,0,Flakes Dutte,F,True
8906_01,Earth,False,F/1723/S,55 Cancri e,19,False,720,2,,,0,Rena Gainney,M,False
8907_01,Earth,True,G/1438/S,PSO J318.5-22,24,False,0,0,0,0,0,Karay Booters,F,True
8910_01,Earth,False,E/585/S,TRAPPIST-1e,33,False,0,3,0,782,7,Therta Crayeson,M,False
8918_01,Earth,False,G/1448/P,TRAPPIST-1e,20,False,0,1,32,755,21,Brada Hayder,F,False
8919_01,Europa,False,C/331/S,TRAPPIST-1e,27,False,0,2481,0,3657,93,Zedark Crantiale,M,False
8920_01,Europa,False,D/280/P,TRAPPIST-1e,26,False,0,70,0,41,,Tach Openduave,F,False
8922_01,Earth,True,G/1449/P,TRAPPIST-1e,28,False,0,0,0,0,0,Walley Pager,M,True
8923_01,Earth,False,G/1450/P,TRAPPIST-1e,19,False,0,0,0,0,0,Lilley Fuentryoung,F,True
8926_01,Earth,False,E/571/P,TRAPPIST-1e,24,False,0,,3,80,0,Paulah Pooles,M,True
8928_01,Europa,True,C/333/S,55 Cancri e,52,False,0,0,0,,0,Meisam Hoodjuded,F,True
8930_01,Earth,False,F/1725/S,PSO J318.5-22,23,False,0,471,120,13,6,Alvira Cleachrand,M,True
8932_01,Earth,False,F/1727/S,TRAPPIST-1e,23,False,0,0,0,912,41,Bretty Blanglison,F,False
8937_01,Europa,True,E/574/P,TRAPPIST-1e,25,False,0,0,0,0,0,Zosmark Unaasor,M,True
8938_01,,True,F/1729/S,TRAPPIST-1e,22,False,0,0,0,0,0,Quites Must,F,True
8938_02,Mars,True,F/1729/S,TRAPPIST-1e,35,False,0,0,0,0,0,Jumars Must,M,True
8939_01,Earth,True,G/1441/S,PSO J318.5-22,24,False,0,0,0,0,0,Jillie Sweett,F,True
8940_01,Earth,False,E/587/S,TRAPPIST-1e,24,False,771,0,22,0,0,,,False
8941_01,Mars,False,E/575/P,TRAPPIST-1e,26,True,1,445,170,614,68,Quits Perie,F,False
8941_02,Mars,False,F/1834/P,TRAPPIST-1e,37,False,528,0,1598,62,0,Spix Perie,M,True
8941_03,Mars,False,E/575/P,TRAPPIST-1e,14,False,1737,0,336,0,0,Tifet Perie,F,False
8942_01,Europa,False,C/297/P,TRAPPIST-1e,36,False,0,3423,0,466,349,Muontak Haftical,M,True
8944_01,Earth,True,G/1442/S,PSO J318.5-22,0,False,,0,0,0,0,Calvia Hobbinson,F,True
8944_02,Earth,,G/1442/S,PSO J318.5-22,17,False,0,0,0,0,0,Evan Hobbinson,M,True
8944_03,Earth,False,G/1442/S,TRAPPIST-1e,18,False,327,170,0,0,130,Darley Hobbinson,F,False
8945_01,Europa,False,D/270/S,TRAPPIST-1e,43,False,,1632,346,957,128,Maham Cralinal,M,False
8945_02,Europa,False,D/270/S,TRAPPIST-1e,21,,3036,32,0,2,416,Zinonon Cralinal,F,False
8947_01,Mars,True,F/1731/S,TRAPPIST-1e,34,False,0,0,0,0,0,Soyos Mish,M,True
8948_01,Europa,False,B/342/S,TRAPPIST-1e,57,,0,13,0,52,11325,Sterfik Hetforhaft,F,False
8948_02,Europa,False,B/342/S,55 Cancri e,18,False,0,4715,0,36,995,Hadirah Hetforhaft,M,True
8954_01,Earth,False,G/1452/P,PSO J318.5-22,73,False,1806,0,47,0,0,Ianne Torrez,F,False
8955_01,Earth,False,F/1837/P,TRAPPIST-1e,31,False,0,1524,0,0,0,Felice Trankliney,M,False
8956_01,Earth,False,F/1838/P,TRAPPIST-1e,25,False,0,0,0,6,1989,Mela Bonnondry,F,False
8956_02,Earth,True,G/1453/P,,20,False,0,0,0,0,0,Erina Bonnondry,M,True
8956_03,Earth,False,G/1453/P,PSO J318.5-22,24,False,0,0,40,0,575,Sallyl Bonnondry,F,False
8956_04,Earth,False,G/1453/P,TRAPPIST-1e,,False,194,1,10,629,0,Krisa Bonnondry,M,False
8956_05,Earth,True,G/1453/P,TRAPPIST-1e,21,False,0,0,0,0,0,Deandy Bonnondry,F,False
8956_06,Earth,False,F/1838/P,PSO J318.5-22,22,False,0,29,165,404,0,Valex Bonnondry,M,False
8956_07,Earth,False,F/1838/P,55 Cancri e,39,False,0,0,1291,224,0,Lolas Bonnondry,F,False
8956_08,Earth,False,F/1838/P,TRAPPIST-1e,26,False,0,0,0,0,741,Harvin Bonnondry,M,False
8959_01,Europa,True,C/298/P,TRAPPIST-1e,32,False,0,0,0,0,0,Wimps Unhearfus,F,True
8961_01,Earth,True,G/1455/P,TRAPPIST-1e,1,False,,0,0,0,0,Mariel Blancoy,M,True
8961_02,Earth,False,G/1455/P,TRAPPIST-1e,7,False,0,0,0,0,0,Chael Blancoy,F,False
8961_03,Earth,False,G/1455/P,TRAPPIST-1e,4,False,0,0,0,0,0,Chery Wilderssen,M,False
8961_04,,False,F/1839/P,TRAPPIST-1e,21,False,0,6,0,593,0,Dandy Blancoy,F,False
8961_05,Earth,True,G/1455/P,TRAPPIST-1e,12,False,0,0,0,0,0,Rena Blancoy,M,False
8964_01,Mars,False,F/1734/S,TRAPPIST-1e,28,False,1708,,65,1,0,Chones Grean,F,False
8964_02,Mars,False,F/1734/S,TRAPPIST-1e,0,False,0,0,0,0,0,Tornes Grean,M,True
8964_03,Mars,True,F/1734/S,TRAPPIST-1e,18,False,0,0,0,0,0,Hamus Grean,F,True
8966_01,Mars,False,F/1735/S,TRAPPIST-1e,52,False,1231,2,8,0,0,Dow Bush,M,False
8967_01,Earth,False,G/1445/S,TRAPPIST-1e,18,False,13,822,27,0,46,Maryn Mayson,F,False
8968_01,Europa,True,E/588/S,TRAPPIST-1e,51,False,0,0,0,0,0,Phamark Watorivedy,M,True
8969_01,Europa,False,C/299/P,55 Cancri e,21,False,0,846,4407,0,2491,Achiram Turtertive,F,True
8970_01,Europa,False,C/300/P,55 Cancri e,28,False,,3751,0,5025,11741,Batomam Clugeammy,M,False
8972_01,Mars,True,F/1736/S,TRAPPIST-1e,34,False,0,,0,0,0,Frunch Spore,F,True
8973_01,Earth,True,G/1446/S,TRAPPIST-1e,13,False,0,0,0,0,0,Daisya Flynner,M,True
8975_01,Earth,False,G/1456/P,TRAPPIST-1e,35,False,503,236,2,0,68,Penne Goffey,F,False
8975_02,Earth,False,F/1840/P,TRAPPIST-1e,27,False,1,,0,20,948,Inerry Goffey,M,False
8976_01,Earth,False,F/1737/S,TRAPPIST-1e,35,False,1,0,0,0,803,Tyrona Robbson,F,False
8977_01,Mars,False,D/272/S,55 Cancri e,51,False,324,0,563,119,0,Herk Graie,M,False
8978_01,Mars,False,F/1841/P,TRAPPIST-1e,53,False,24,0,1105,0,0,Hule Perne,F,False
8981_01,Earth,False,E/589/S,TRAPPIST-1e,29,False,311,7,665,0,0,Deanny Rames,M,False
8982_01,Earth,False,F/1739/S,TRAPPIST-1e,41,False,0,924,,0,0,Charly Buckleinson,F,False
8983_01,Earth,False,E/576/P,TRAPPIST-1e,47,False,42,509,0,0,1057,Elene Mayder,M,False
8985_01,Earth,False,F/1842/P,55 Cancri e,22,False,0,0,626,0,14,Robyny Blancoy,F,False
8986_01,Earth,False,E/590/S,TRAPPIST-1e,19,False,0,810,21,788,,Neilda Kirklander,M,False
8986_02,Earth,False,F/1740/S,PSO J318.5-22,22,False,0,17,0,620,0,Lyne Kirklander,F,False
8987_01,Europa,True,D/282/P,55 Cancri e,25,False,0,0,0,0,0,Tauva Reshory,M,True
8988_01,Earth,True,G/1448/S,TRAPPIST-1e,,False,0,0,0,0,0,Maen Fowlesterez,F,True
8988_02,Earth,True,G/1448/S,55 Cancri e,17,False,0,0,0,0,,Idacey Fowlesterez,M,True
8988_03,Earth,True,G/1448/S,55 Cancri e,0,False,0,0,0,0,0,Catha Fowlesterez,F,True
8988_04,Earth,True,G/1448/S,TRAPPIST-1e,5,False,0,0,,0,0,Joanry Malliamsey,M,False
8988_05,Earth,False,F/1741/S,TRAPPIST-1e,30,False,0,1028,0,80,0,Melara Fowlesterez,F,False
8988_06,Earth,True,G/1448/S,TRAPPIST-1e,17,False,,0,0,0,0,Caseye Fowlesterez,M,True
8988_07,Earth,False,F/1741/S,TRAPPIST-1e,53,False,0,1487,0,67,0,Heila Malliamsey,F,False
8988_08,Earth,True,G/1448/S,TRAPPIST-1e,9,False,0,0,0,0,0,Neila Fowlesterez,M,False
8989_01,Europa,False,B/291/P,TRAPPIST-1e,17,False,0,366,23492,356,3,,,True
8989_02,Europa,True,B/291/P,55 Cancri e,16,False,0,0,0,0,0,Dyonon Invebodene,M,True
8989_03,Europa,True,B/291/P,TRAPPIST-1e,29,False,0,0,0,0,0,Graston Invebodene,F,True
8989_04,Europa,False,B/291/P,55 Cancri e,29,False,80,3707,0,1465,1320,Minon Invebodene,M,False
8992_01,Mars,False,D/283/P,TRAPPIST-1e,46,False,479,4,699,0,0,Tos Brin,F,False
8993_01,Earth,,F/1844/P,PSO J318.5-22,27,False,32,8,5,588,18,Juliey Hahnstonsen,M,False
8996_01,Europa,False,D/285/P,TRAPPIST-1e,39,False,2101,41,0,525,19,Dabireo Nalanet,F,False
8997_01,Earth,True,F/1742/S,55 Cancri e,15,False,0,,0,0,0,Dont Guerson,M,True
8997_02,Earth,False,F/1742/S,TRAPPIST-1e,30,False,604,0,50,147,2,Kaye Guerson,F,False
8998_01,Earth,True,G/1449/S,TRAPPIST-1e,41,False,0,0,0,0,0,Gerry Englence,M,False
8998_02,Earth,False,E/591/S,TRAPPIST-1e,47,False,,1,0,967,5,Jonaye Englence,F,False
8999_01,Mars,False,D/274/S,55 Cancri e,32,False,2555,0,456,2,0,Roswal Raste,M,False
9001_01,Earth,False,F/1743/S,55 Cancri e,15,False,0,20,816,39,1,Kaye Chardsonnon,F,False
9003_01,Earth,False,F/1744/S,TRAPPIST-1e,23,,2,167,0,0,555,Rence Llobsoney,M,True
9004_01,Europa,True,B/292/P,55 Cancri e,20,False,0,0,0,0,0,Kabiton Plegred,F,True
9006_01,Europa,True,B/343/S,TRAPPIST-1e,33,,0,0,0,0,0,Shaiam Tinganking,M,True
9007_01,Earth,True,G/1458/P,TRAPPIST-1e,18,False,0,0,0,0,0,Guyne Bookerson,F,False
9008_01,Earth,False,F/1745/S,TRAPPIST-1e,31,False,0,173,409,102,43,Robina Herreras,M,False
9008_02,Earth,True,F/1745/S,TRAPPIST-1e,25,False,0,0,0,0,0,Regory Herreras,F,False
9009_01,Earth,True,G/1459/P,PSO J318.5-22,19,False,0,0,0,0,0,Dellia Shephendry,M,True
9010_01,Mars,True,F/1846/P,55 Cancri e,32,False,0,0,0,0,0,Grog Pelte,F,True
9011_01,Earth,False,F/1746/S,TRAPPIST-1e,45,False,2,338,307,64,0,Billex Anthompson,M,False
9012_01,Earth,False,G/1460/P,TRAPPIST-1e,43,False,224,0,623,0,62,,,False
9013_01,Earth,False,G/1461/P,TRAPPIST-1e,21,False,128,108,8,3,522,Daisya Prestonard,M,False
9013_02,Earth,False,G/1461/P,TRAPPIST-1e,48,False,38,0,23,722,1,Idarry Prestonard,F,False
9013_03,Earth,False,G/1461/P,55 Cancri e,0,False,0,0,0,0,0,Brancy Prestonard,M,True
9014_01,Europa,True,B/293/P,TRAPPIST-1e,29,False,0,0,0,0,0,Nunkib Dishearly,F,True
9015_01,Europa,False,B/344/S,55 Cancri e,41,False,3,1320,0,0,12392,Nunkino Perable,M,False
9018_01,Earth,False,G/1462/P,TRAPPIST-1e,23,False,0,554,0,299,0,Lilasa Beachez,F,False
9019_01,Earth,False,E/592/S,55 Cancri e,48,False,304,0,164,320,0,Valex Alldson,M,False
9020_01,Earth,False,F/1747/S,PSO J318.5-22,18,False,0,0,0,391,283,Billia Pottonalden,F,True
9021_01,Mars,False,E/577/P,TRAPPIST-1e,30,False,522,0,,0,27,Wales Chake,M,True
9021_02,Mars,False,D/286/P,TRAPPIST-1e,26,True,1297,0,62,0,364,Spros Chake,F,False
9023_01,Earth,False,E/593/S,TRAPPIST-1e,18,False,0,1,0,618,21,,,True
9024_01,Mars,False,F/1749/S,55 Cancri e,27,False,63,0,1970,0,0,Flys Jamai,F,True
9026_01,Earth,True,G/1463/P,TRAPPIST-1e,58,False,,0,0,0,0,Mathy Boyers,M,True
9028_01,Earth,False,G/1464/P,TRAPPIST-1e,22,False,1,676,13,217,1,Karah Starkers,F,False
9029_01,Mars,False,D/287/P,TRAPPIST-1e,17,False,3146,0,87,135,0,Ockies Berle,M,False
9030_01,Earth,False,F/1847/P,TRAPPIST-1e,28,False,1954,43,0,0,7,Hery Ericksonga,F,False
9030_02,,False,G/1465/P,TRAPPIST-1e,27,False,0,0,0,298,511,Stace Ericksonga,M,False
9031_01,Earth,,G/1455/S,TRAPPIST-1e,51,False,0,0,689,0,32,Noria Bairdyork,F,False
9032_01,Mars,True,E/578/P,TRAPPIST-1e,37,False,0,0,0,0,0,Pefox Late,M,False
9034_01,Europa,True,D/288/P,TRAPPIST-1e,14,False,0,0,0,0,0,Marfar Crakete,F,True
9034_02,Europa,True,D/288/P,TRAPPIST-1e,43,False,0,0,0,0,0,Errairk Crakete,M,True
9034_03,Europa,False,D/288/P,55 Cancri e,27,False,0,984,0,13995,312,Phecca Headmish,F,False
9034_04,Europa,False,D/288/P,TRAPPIST-1e,60,False,0,,947,668,1,,,True
9034_05,Europa,False,D/288/P,TRAPPIST-1e,33,False,0,1876,0,1432,14,Mothab Crakete,F,False
9035_01,Earth,False,G/1466/P,TRAPPIST-1e,39,False,266,4,1,0,452,Evenna Coleyanglas,M,False
9036_01,Earth,True,G/1467/P,PSO J318.5-22,21,False,0,0,0,0,0,Ninald Barris,F,True
9037_01,Mars,False,F/1751/S,55 Cancri e,21,False,1410,3,49,0,0,Galowl Stike,M,False
9038_01,Europa,True,A/106/S,55 Cancri e,28,False,0,0,0,0,0,Betenar Listive,F,True
9041_01,Earth,True,G/1470/P,PSO J318.5-22,30,False,0,0,0,,0,Milda Lambucketty,M,True
9042_01,Europa,False,B/294/P,55 Cancri e,42,False,0,5436,0,471,109,Askeid Clunic,F,True
9043_01,,True,F/1848/P,TRAPPIST-1e,25,False,0,0,0,0,0,Cobix Erle,M,True
9046_01,Europa,True,C/335/S,55 Cancri e,25,False,0,0,0,0,0,Alphah Cratrave,F,True
9046_02,Europa,False,C/335/S,TRAPPIST-1e,25,False,6899,265,0,2234,2090,Quarke Cratrave,M,False
9048_01,Earth,True,G/1471/P,TRAPPIST-1e,54,False,0,0,0,0,0,Sall Garzaley,F,False
9049_01,Europa,True,C/336/S,TRAPPIST-1e,41,False,0,0,0,0,0,Luxion Grentual,M,True
9052_01,Earth,False,G/1457/S,TRAPPIST-1e,36,False,0,17,204,559,3,Adamy Hestes,F,False
9052_02,Earth,False,F/1752/S,55 Cancri e,33,False,1006,0,1357,45,6,Stendy Hestes,M,False
9057_01,Europa,False,,55 Cancri e,36,True,132,3479,0,3786,0,Coxan Statch,F,False
9057_02,Europa,True,B/296/P,TRAPPIST-1e,55,False,0,0,0,0,0,Sitron Statch,M,True
9059_01,Earth,False,F/1753/S,TRAPPIST-1e,16,False,866,0,0,184,0,Anda Gregordy,F,False
9060_01,Earth,False,F/1853/P,TRAPPIST-1e,28,False,0,8,338,135,390,Annard Charryerry,M,False
9061_01,Mars,False,D/276/S,TRAPPIST-1e,26,False,887,6,15,148,0,Chars Flate,F,False
9064_01,Earth,False,F/1754/S,TRAPPIST-1e,42,False,815,19,2,11,17,Annez Parrett,M,False
9066_01,Earth,False,F/1756/S,PSO J318.5-22,30,False,1269,9,0,0,0,Blancy Dotsondez,F,False
9068_01,Europa,False,C/337/S,TRAPPIST-1e,31,False,1062,1605,0,2718,1674,Alurops Clinarfork,M,False
9069_01,Europa,True,B/297/P,TRAPPIST-1e,22,False,0,0,0,0,0,Azhat Brakeng,F,True
9069_02,Europa,True,B/297/P,55 Cancri e,26,False,0,0,0,0,0,Hekab Brakeng,M,True
9069_03,Europa,True,,55 Cancri e,25,False,0,0,0,0,0,Bath Brakeng,F,True
9069_04,Europa,False,B/297/P,TRAPPIST-1e,44,False,0,4313,0,568,7,Cheleon Brakeng,M,True
9069_05,Europa,False,B/297/P,55 Cancri e,29,False,0,12563,0,3,5057,Mirfark Taketiatim,F,False
9071_01,Earth,False,F/1855/P,55 Cancri e,22,False,0,0,1072,46,3,Anton Woody,M,False
9072_01,,True,F/1758/S,TRAPPIST-1e,23,False,0,0,0,0,0,Gork Creke,F,True
9072_02,Mars,False,F/1758/S,TRAPPIST-1e,30,False,160,0,719,162,0,Aleys Creke,M,False
9072_03,Mars,False,F/1758/S,TRAPPIST-1e,23,False,455,10,591,232,0,Stoate Creke,F,False
9073_01,Europa,False,A/107/S,TRAPPIST-1e,13,False,24,838,1069,1376,181,Marazha Shricatory,M,False
9073_02,Europa,True,B/347/S,55 Cancri e,53,False,0,0,,0,0,Wimpha Shricatory,F,True
9074_01,Earth,True,G/1460/S,TRAPPIST-1e,0,,0,0,,0,0,Adamie Trerady,M,True
9074_02,Earth,False,G/1460/S,PSO J318.5-22,27,False,0,468,0,59,309,Janee Trerady,F,False
9074_03,Earth,True,G/1460/S,TRAPPIST-1e,27,False,0,0,0,0,0,Gwendy Trerady,M,False
9074_04,Earth,True,G/1460/S,55 Cancri e,10,False,0,0,0,0,0,Duana Trerady,F,True
9074_05,Earth,True,G/1460/S,TRAPPIST-1e,2,False,0,0,0,0,0,Fayel Trerady,M,True
9074_06,Earth,False,G/1460/S,55 Cancri e,5,False,0,0,0,0,0,Man Trerady,F,True
9075_01,Earth,False,E/580/P,TRAPPIST-1e,24,False,0,10,758,0,20,Stal Nolds,M,False
9076_01,Earth,,G/1461/S,TRAPPIST-1e,32,False,0,0,0,0,0,Shawne Simonsents,F,False
9077_01,Earth,False,F/1856/P,55 Cancri e,22,False,23,100,1353,0,0,Kimmie Sawyerson,M,True
9077_02,Earth,True,G/1475/P,PSO J318.5-22,22,False,0,0,0,0,0,Willy Sawyerson,F,False
9078_01,Earth,False,E/594/S,PSO J318.5-22,44,False,0,2,0,0,1556,Dondy Johnshines,M,False
9079_01,Earth,False,E/595/S,TRAPPIST-1e,55,False,1,0,58,0,802,Maryne Kellyons,F,True
9080_01,Earth,False,F/1857/P,TRAPPIST-1e,22,False,34,0,0,711,0,Willah Kenzierry,M,False
9081_01,Earth,False,G/1476/P,TRAPPIST-1e,8,False,0,0,0,0,0,Hanna Clemondsey,F,False
9081_02,Earth,False,F/1858/P,55 Cancri e,15,False,0,0,0,208,754,Willah Clemondsey,M,False
9081_03,Earth,True,,TRAPPIST-1e,1,False,0,0,0,0,0,Beula Clemondsey,F,False
9081_04,Earth,False,G/1476/P,TRAPPIST-1e,9,False,0,0,0,0,0,,,True
9081_05,Earth,False,F/1858/P,TRAPPIST-1e,48,False,0,586,784,4,21,Haryn Clemondsey,F,True
9081_06,Earth,False,F/1858/P,PSO J318.5-22,16,,0,0,761,0,0,Daryla Clemondsey,M,False
9081_07,Earth,True,G/1476/P,TRAPPIST-1e,27,False,0,0,0,0,0,Aliey Clemondsey,F,True
9081_08,Earth,True,G/1476/P,PSO J318.5-22,3,False,0,0,0,0,0,Virgie Clemondsey,M,True
9084_01,,False,E/582/P,TRAPPIST-1e,25,False,1258,0,22,19,0,Jurs Mone,F,False
9085_01,Europa,False,A/95/P,55 Cancri e,70,False,0,2113,0,1972,51,,,False
9085_02,Europa,False,A/95/P,55 Cancri e,30,False,11,495,0,2049,2064,Sularon Hometerval,F,False
9085_03,Europa,True,A/95/P,TRAPPIST-1e,57,False,0,0,0,0,0,Atrix Hometerval,M,True
9089_01,Earth,False,G/1463/S,TRAPPIST-1e,42,False,866,0,16,0,0,Tonnie Newtontoss,F,False
9094_01,Earth,True,G/1465/S,PSO J318.5-22,14,False,0,0,0,0,0,Aleen Hayertez,M,False
9094_02,Earth,False,G/1465/S,TRAPPIST-1e,43,False,0,704,0,2,0,Ger Hayertez,F,True
9097_01,Mars,True,F/1863/P,TRAPPIST-1e,34,False,0,0,0,0,0,Hon Mille,M,True
9098_01,Earth,False,F/1864/P,TRAPPIST-1e,21,False,8,796,0,0,0,Sergie Barnolaney,F,True
9099_01,Earth,False,E/597/S,TRAPPIST-1e,32,False,0,475,51,440,642,Delley Boltond,M,False
9101_01,Earth,False,F/1865/P,TRAPPIST-1e,21,False,,0,496,430,0,Gera Frazie,F,False
9103_01,Earth,False,G/1479/P,TRAPPIST-1e,25,False,3402,2449,28,259,197,Sadine Mcdanield,M,False
9104_01,Europa,True,C/302/P,55 Cancri e,25,False,0,0,0,0,0,Izares Foraud,F,True
9106_01,Earth,False,F/1761/S,TRAPPIST-1e,38,False,1736,0,123,5,115,Derry Mccarveymon,M,False
9107_01,Earth,True,G/1467/S,TRAPPIST-1e,36,False,0,0,0,0,0,Eriky Callowery,F,False
9108_01,Earth,True,G/1468/S,TRAPPIST-1e,44,False,0,0,0,0,0,Julion Shawforden,M,True
9108_02,Earth,False,G/1468/S,TRAPPIST-1e,37,False,15,7,0,786,0,Alvia Shawforden,F,False
9110_01,Earth,False,F/1866/P,TRAPPIST-1e,47,False,0,0,16,3,854,Ronne Armstromez,M,False
9111_01,Mars,False,E/598/S,TRAPPIST-1e,38,False,1478,0,631,0,0,Chars Gecre,F,False
9112_01,Mars,False,D/290/P,TRAPPIST-1e,28,False,,0,0,0,0,Wealke Brin,M,False
9114_01,Europa,True,B/348/S,55 Cancri e,38,False,0,0,0,0,0,Phargak Healist,F,True
9115_01,Earth,False,F/1867/P,PSO J318.5-22,53,False,1215,0,0,0,0,Chesty Wolffy,M,False
9116_01,Earth,False,F/1868/P,TRAPPIST-1e,26,False,0,,0,1,48,Candra Franton,F,True
9118_01,Earth,False,E/585/P,55 Cancri e,13,False,0,1501,23,5,163,Glenry Malliamsey,M,True
9118_02,Earth,False,G/1482/P,TRAPPIST-1e,64,False,37,1585,234,0,18,Gwendy Malliamsey,F,True
9119_01,Earth,True,G/1483/P,TRAPPIST-1e,16,False,0,0,0,0,0,Grette Miltongson,M,False
9120_01,Earth,False,F/1763/S,TRAPPIST-1e,13,False,101,12,184,780,0,Sony Maynardner,F,False
9122_01,Earth,True,G/1469/S,55 Cancri e,55,,0,0,0,0,0,Paulas Schmondez,M,False
9124_01,Mars,False,E/599/S,TRAPPIST-1e,26,False,733,0,1296,80,0,Eggies Tert,F,False
9125_01,Mars,True,E/586/P,TRAPPIST-1e,23,False,0,0,0,0,0,Slix Corie,M,True
9125_02,Mars,True,E/586/P,TRAPPIST-1e,55,False,0,0,0,0,0,Luse Corie,F,True
9126_01,Mars,True,E/600/S,TRAPPIST-1e,50,False,0,0,0,0,0,Hones Knie,M,True
9127_01,Earth,False,G/1470/S,PSO J318.5-22,26,False,0,749,20,0,0,Yola Pittler,F,False
9128_01,Earth,False,F/1870/P,TRAPPIST-1e,36,False,794,371,0,228,1,Jacque Briggston,M,False
9128_02,Earth,True,G/1484/P,PSO J318.5-22,33,False,0,0,0,0,0,Melice Briggston,F,False
9129_01,Earth,False,G/1485/P,TRAPPIST-1e,21,False,0,1,0,808,0,Hardy Graneyes,M,False
9130_01,Mars,True,F/1765/S,,41,False,0,0,0,0,0,Blers Corte,F,True
9131_01,Europa,False,C/303/P,55 Cancri e,33,False,0,1961,0,226,1077,Dirk Wirybody,M,False
9131_02,Europa,True,C/303/P,TRAPPIST-1e,23,False,0,0,0,0,0,Grafirk Wirybody,F,True
9132_01,Mars,False,D/291/P,TRAPPIST-1e,31,False,2575,1,2,,0,Macon Ancy,M,False
9132_02,Mars,False,F/1871/P,TRAPPIST-1e,28,False,1789,16,3,10,1,Pil Ancy,F,False
9134_01,Earth,False,E/601/S,TRAPPIST-1e,13,False,590,0,32,363,0,Therly Leonadorsen,M,False
9136_01,Earth,False,G/1471/S,TRAPPIST-1e,,False,6,0,0,800,3,Sall Hestes,F,False
9137_01,Mars,False,F/1872/P,TRAPPIST-1e,35,False,3,1376,11,0,360,Sugard Curry,M,False
9139_01,Mars,False,F/1766/S,TRAPPIST-1e,25,False,410,32,14,1239,10,Poselk Paste,F,False
9140_01,Earth,True,G/1488/P,PSO J318.5-22,19,False,0,0,0,0,0,Eleaha Klindsayer,M,True
9141_01,Europa,True,B/349/S,TRAPPIST-1e,56,False,0,0,0,0,0,Alraid Valing,F,True
9142_01,Earth,False,F/1873/P,TRAPPIST-1e,18,False,83,165,1,0,2002,Thew Holson,M,False
9144_01,Earth,False,F/1768/S,TRAPPIST-1e,22,False,1,702,0,0,0,Monard Rutler,F,False
9145_01,Earth,True,G/1489/P,TRAPPIST-1e,34,False,0,0,0,0,0,Raulia Curton,M,False
9148_01,Earth,False,G/1473/S,TRAPPIST-1e,11,False,0,0,0,0,0,Elice Paulllegory,F,False
9149_01,Europa,True,B/350/S,55 Cancri e,37,False,0,0,0,,0,Canonon Dompreced,M,True
9149_02,Europa,False,B/350/S,55 Cancri e,22,False,0,36,1,3761,4521,Meron Dompreced,F,False
9150_01,Earth,False,G/1474/S,TRAPPIST-1e,45,False,1,0,638,9,161,Geney Schmondez,M,False
9151_01,Mars,True,F/1769/S,TRAPPIST-1e,19,False,0,0,0,,0,Pok Min,F,True
9152_01,Earth,True,G/1491/P,TRAPPIST-1e,39,False,0,0,0,0,0,Jaimer Mirezavis,M,True
9156_01,Europa,True,B/351/S,TRAPPIST-1e,28,False,0,0,0,0,0,Eltan Geneltic,F,True
9157_01,Earth,False,G/1476/S,TRAPPIST-1e,36,False,0,281,0,0,632,Nelly Navages,M,False
9157_02,Earth,True,G/1476/S,PSO J318.5-22,1,False,0,0,0,0,0,Ivanna Donson,F,True
9157_03,Earth,False,G/1476/S,PSO J318.5-22,10,False,0,0,0,0,0,Andrey Navages,M,True
9157_04,Earth,False,G/1476/S,55 Cancri e,12,False,0,0,0,0,0,Arla Navages,F,True
9157_05,Earth,False,G/1476/S,TRAPPIST-1e,31,False,0,522,0,54,332,Neilda Navages,M,False
9157_06,Earth,False,G/1476/S,TRAPPIST-1e,12,False,0,0,0,0,0,Pamont Navages,F,False
9157_07,Earth,True,G/1476/S,TRAPPIST-1e,3,False,0,0,0,0,0,Racey Navages,M,True
9158_01,Europa,True,B/298/P,55 Cancri e,30,True,0,0,0,0,0,Magnon Maglible,F,True
9159_01,Earth,False,F/1875/P,TRAPPIST-1e,41,False,169,0,516,0,52,Davis Mallerez,M,True
9160_01,Earth,False,F/1770/S,TRAPPIST-1e,19,False,640,0,0,38,12,Frey Booness,F,False
9161_01,Earth,True,G/1493/P,55 Cancri e,38,False,0,0,0,0,0,Olgary Lopelases,M,False
9161_02,Earth,True,G/1493/P,TRAPPIST-1e,36,False,0,0,,0,0,Luzel Lopelases,F,True
9163_01,Earth,True,G/1477/S,TRAPPIST-1e,0,False,0,0,0,0,0,Idace Edwartizman,M,True
9164_01,Mars,False,E/602/S,TRAPPIST-1e,20,False,574,1,792,11,0,Tundsh Gread,F,False
9165_01,Earth,False,F/1771/S,TRAPPIST-1e,23,False,9,2,1,0,727,Leria Cofferson,M,False
9167_01,Earth,False,F/1772/S,TRAPPIST-1e,35,False,0,0,0,684,0,Rhonya Donson,F,False
9168_01,Europa,False,C/338/S,55 Cancri e,36,False,23,14773,0,1159,7819,Hadirk Cassiding,M,False
9168_02,Europa,True,C/338/S,TRAPPIST-1e,41,False,0,0,0,0,0,Algiedi Cassiding,F,True
9169_01,Mars,False,D/295/P,TRAPPIST-1e,38,False,48,2318,5,11,0,Los Iccle,M,True
9170_01,Earth,,E/587/P,TRAPPIST-1e,33,False,1060,403,1,0,145,Jeandy Ewins,F,False
9172_01,Earth,False,G/1478/S,TRAPPIST-1e,54,False,724,25,71,0,1054,Gracey Bardinard,M,False
9173_01,Earth,False,F/1876/P,PSO J318.5-22,33,False,0,688,2,0,426,Anda Cartez,F,False
9174_01,Earth,False,G/1479/S,PSO J318.5-22,54,False,65,670,0,177,0,Teryla Lunapperts,M,True
9175_01,Europa,False,B/299/P,55 Cancri e,32,False,0,10073,0,168,337,Sulaton Dectory,F,True
9176_01,Earth,False,F/1773/S,TRAPPIST-1e,24,False,0,537,0,5,197,Willy Mcneiderson,M,True
9178_01,Earth,False,F/1877/P,TRAPPIST-1e,53,False,49,584,0,0,70,Ernard Barnoldeney,F,False
9179_01,Earth,True,G/1494/P,TRAPPIST-1e,26,False,0,0,0,0,0,Paulah Tranciams,M,True
9179_02,Earth,False,G/1494/P,TRAPPIST-1e,31,False,459,194,0,5,125,Hollie Tranciams,F,False
9179_03,Earth,True,G/1494/P,PSO J318.5-22,18,False,0,0,,0,0,Darley Tranciams,M,False
9179_04,Earth,True,G/1494/P,TRAPPIST-1e,39,False,0,0,0,0,0,Jonald Tranciams,F,True
9180_01,Mars,False,F/1774/S,TRAPPIST-1e,37,False,148,0,684,1446,88,Chal Emone,M,False
9181_01,Earth,False,F/1775/S,TRAPPIST-1e,35,False,270,4,453,7,0,Chelsa Gilesonston,F,True
9183_01,Europa,False,C/307/P,55 Cancri e,34,False,0,5,11,62,5804,,,False
9184_01,Earth,False,G/1480/S,TRAPPIST-1e,28,False,0,7,6,0,482,Ninald Holcompson,F,False
9185_01,Earth,False,E/588/P,TRAPPIST-1e,43,False,698,94,0,0,0,Elindy Mckinn,M,True
9186_01,Mars,True,F/1878/P,TRAPPIST-1e,2,False,0,0,,0,0,Mass Homin,F,True
9188_01,Earth,False,G/1481/S,TRAPPIST-1e,24,False,0,0,807,0,2,Delley Pager,M,False
9189_01,Earth,False,F/1777/S,PSO J318.5-22,18,False,87,41,483,0,0,Ralda Barnoldeney,F,False
9190_01,Earth,False,F/1778/S,TRAPPIST-1e,21,False,802,0,1,1,0,Fanne Mclarseney,M,True
9192_01,Earth,False,F/1880/P,PSO J318.5-22,24,False,,599,,0,0,Norahe Drakeekss,F,True
9193_01,Earth,,G/1483/S,PSO J318.5-22,35,False,0,0,0,0,0,Camily Howence,M,False
9194_01,,False,E/603/S,55 Cancri e,53,False,0,4017,0,13,3147,,,False
9194_02,Europa,False,E/603/S,TRAPPIST-1e,32,True,1003,909,0,0,15,Tachba Subwor,M,False
9195_01,Mars,True,F/1779/S,TRAPPIST-1e,44,False,0,0,0,0,0,Quakes Purle,F,True
9195_02,Mars,True,F/1779/S,,33,False,0,0,0,0,0,Ceros Purle,M,True
9196_01,Europa,False,C/339/S,TRAPPIST-1e,40,False,0,1674,0,269,4,Tabdhib Poustive,F,True
9196_02,Europa,False,C/339/S,TRAPPIST-1e,31,False,1,104,1338,698,126,Majorab Poustive,M,True
9196_03,Europa,False,C/339/S,TRAPPIST-1e,23,False,381,794,52,654,1317,Chellus Poustive,F,False
9197_01,Europa,,C/308/P,55 Cancri e,44,False,0,0,0,0,0,Bellus Platch,M,True
9197_02,Europa,False,C/308/P,,41,True,0,7964,0,3238,5839,Aludram Platch,F,False
9197_03,Europa,False,C/308/P,TRAPPIST-1e,31,False,0,4634,8,616,0,Pheino Platch,M,True
9197_04,Europa,False,C/308/P,55 Cancri e,30,False,1569,,0,,2252,Phecca Platch,F,False
9199_01,Europa,True,E/590/P,55 Cancri e,33,False,0,0,0,0,0,Sterion Dianket,M,True
9201_01,Earth,False,G/1484/S,PSO J318.5-22,30,False,0,816,0,0,0,Janney Hoffergess,F,True
9202_01,Europa,False,C/309/P,TRAPPIST-1e,26,False,8586,77,114,29,4,Alark Eguing,M,False
9203_01,Mars,True,F/1780/S,55 Cancri e,22,False,0,0,0,0,0,Kies Fort,F,True
9205_01,Europa,True,B/300/P,55 Cancri e,37,False,0,0,0,0,0,Thaldah Brakeng,M,True
9205_02,Europa,True,B/300/P,TRAPPIST-1e,15,False,0,0,0,0,0,,,True
9205_03,Europa,True,B/300/P,TRAPPIST-1e,52,,0,0,0,0,0,Propent Brakeng,M,True
9208_01,Earth,True,G/1485/S,TRAPPIST-1e,35,False,0,0,0,0,0,,,True
9208_02,Earth,False,F/1782/S,TRAPPIST-1e,40,False,757,40,4,2,0,Blancy Shieldson,M,False
9211_01,Earth,False,G/1486/S,TRAPPIST-1e,60,False,0,8,,360,74,Stendy Steelerettt,F,False
9213_01,Earth,False,F/1884/P,TRAPPIST-1e,24,False,0,90,0,795,0,Aliedy Hurchanney,M,True
9217_01,Earth,False,E/604/S,55 Cancri e,31,False,15,679,89,6,0,Jasony Mckinsond,F,True
9218_01,Europa,True,B/353/S,55 Cancri e,43,False,0,0,0,0,0,,,True
9219_01,Earth,False,G/1487/S,55 Cancri e,9,False,0,0,0,0,0,Daley Workmanson,F,False
9219_02,Earth,False,F/1783/S,TRAPPIST-1e,51,False,6,0,0,0,1164,Robyna Workmanson,M,True
9220_01,Earth,False,G/1496/P,TRAPPIST-1e,25,False,2,45,45,0,815,Branca Meyerthy,F,False
9220_02,Earth,True,G/1496/P,TRAPPIST-1e,20,False,0,0,0,0,0,Frey Meyerthy,M,True
9220_03,Earth,False,F/1886/P,PSO J318.5-22,22,False,623,0,,0,53,Kennie Barrilloney,F,True
9221_01,Earth,True,G/1497/P,TRAPPIST-1e,21,False,0,0,0,0,,Elicey Beachez,M,False
9222_01,Mars,True,F/1784/S,TRAPPIST-1e,50,False,0,0,0,,0,Carves Chate,F,True
9224_01,Mars,False,F/1786/S,TRAPPIST-1e,24,False,745,639,977,4,0,Bants Reke,M,False
9225_01,Earth,False,F/1787/S,TRAPPIST-1e,45,False,1,197,0,660,15,Lynnon Meyersones,F,False
9226_01,Earth,False,F/1788/S,,22,False,676,0,13,0,12,Stendy Connelson,M,False
9227_01,Earth,True,G/1498/P,TRAPPIST-1e,7,False,0,0,0,0,0,Glendy Hinglendez,F,False
9227_02,Earth,True,G/1498/P,PSO J318.5-22,11,False,0,0,0,0,0,Jorgie Hinglendez,M,True
9227_03,Earth,True,G/1498/P,PSO J318.5-22,1,False,0,0,0,0,0,Paulas Hinglendez,F,True
9227_04,Earth,True,G/1498/P,TRAPPIST-1e,0,False,0,0,0,0,0,Robyny Hinglendez,M,True
9227_05,Earth,,G/1498/P,TRAPPIST-1e,8,False,0,0,0,0,0,Hard Hinglendez,F,False
9230_01,Europa,False,C/342/S,TRAPPIST-1e,36,True,0,5600,715,2868,971,,,True
9231_01,Mars,True,F/1888/P,55 Cancri e,2,False,0,0,0,0,0,Denuts Paie,F,True
9231_02,Mars,False,F/1888/P,TRAPPIST-1e,0,False,0,0,0,0,0,Walls Paie,M,True
9231_03,Mars,False,E/592/P,TRAPPIST-1e,22,False,0,0,0,0,0,Cus Paie,F,False
9233_01,Earth,False,,TRAPPIST-1e,41,False,3,0,668,0,0,Royce Giller,M,True
9234_01,Earth,False,G/1500/P,TRAPPIST-1e,49,False,6,1,638,1107,23,Catha Bushins,F,False
9235_01,Earth,False,F/1789/S,TRAPPIST-1e,30,False,8,752,0,0,687,Joanny Burchrison,M,True
9237_01,Earth,True,G/1488/S,TRAPPIST-1e,37,False,0,0,0,0,0,Philda Floways,F,False
9239_01,Mars,False,E/593/P,TRAPPIST-1e,14,False,2,0,918,128,0,Per Minen,M,False
9241_01,Mars,False,E/595/P,TRAPPIST-1e,30,False,699,0,600,0,0,Ants Fone,F,False
9242_01,Earth,False,F/1891/P,TRAPPIST-1e,62,False,102,696,0,0,0,Dary Bakerrison,M,True
9244_01,Earth,True,G/1489/S,PSO J318.5-22,13,False,0,0,0,0,0,Chrisa Francock,F,True
9246_01,Earth,,G/1490/S,TRAPPIST-1e,32,False,0,0,0,0,0,,,True
9247_01,Earth,True,G/1491/S,TRAPPIST-1e,33,False,0,0,0,0,,Phia Cleang,F,False
9248_01,,False,F/1792/S,55 Cancri e,38,,28,1208,973,207,0,Gian Perle,M,True
9250_01,Europa,False,E/597/P,TRAPPIST-1e,29,False,0,2972,,28,188,Chain Reedectied,F,True
9251_01,Mars,True,F/1793/S,TRAPPIST-1e,25,False,0,0,0,0,0,Melios Kashe,M,True
9252_01,Europa,False,B/301/P,55 Cancri e,26,False,0,8160,205,0,438,Alchium Stranbeate,F,True
9252_02,Europa,True,B/301/P,55 Cancri e,19,False,0,0,0,0,0,Muonon Stranbeate,M,True
9253_01,Earth,True,G/1493/S,PSO J318.5-22,16,False,0,0,0,0,0,Jimmyn Thomason,F,True
9254_01,Earth,True,G/1502/P,PSO J318.5-22,61,False,0,0,0,0,0,Kenny Mallerez,M,False
9256_01,Earth,True,G/1494/S,TRAPPIST-1e,28,False,0,0,0,0,0,Darley Franton,F,True
9257_01,,False,F/1892/P,TRAPPIST-1e,13,False,39,0,1085,24,0,Ties Apple,M,False
9259_01,Earth,,F/1893/P,TRAPPIST-1e,44,False,1030,1015,0,11,,Annah Gilleyons,F,True
9261_01,Earth,True,G/1504/P,PSO J318.5-22,22,False,0,0,0,0,0,Therta Casentry,M,False
9264_01,Europa,True,E/606/S,55 Cancri e,30,False,0,0,0,0,0,Giedir Sionerorly,F,True
9267_01,Europa,True,E/607/S,TRAPPIST-1e,21,False,0,0,0,0,0,Arraid Opshaft,M,True
9267_02,Europa,True,E/607/S,TRAPPIST-1e,20,False,0,0,0,0,0,Sabi Opshaft,F,True
9268_01,Earth,True,G/1505/P,TRAPPIST-1e,31,False,0,0,0,0,0,Agnesa Baldson,M,True
9270_01,Earth,True,G/1497/S,55 Cancri e,33,False,0,0,0,0,0,Lan Mckinsond,F,True
9272_01,Earth,False,G/1507/P,TRAPPIST-1e,26,False,240,242,510,0,0,Ireene Simson,M,True
9272_02,Earth,False,F/1894/P,TRAPPIST-1e,21,False,86,3,149,208,329,Gordo Simson,F,False
9274_01,,True,G/1508/P,TRAPPIST-1e,23,False,0,0,0,0,0,Chelsa Bullisey,M,True
9275_01,Europa,False,A/97/P,TRAPPIST-1e,0,False,0,0,0,0,0,Polaton Conable,F,True
9275_02,Europa,False,A/97/P,TRAPPIST-1e,32,False,1,1146,0,50,34,Diram Conable,M,False
9275_03,Europa,,A/97/P,TRAPPIST-1e,30,False,0,3208,0,2,330,Atlasym Conable,F,True
9276_01,Europa,False,A/98/P,55 Cancri e,41,True,0,6819,0,1643,74,Gravior Noxnuther,M,False
9278_01,Earth,True,G/1499/S,PSO J318.5-22,18,False,0,0,0,0,0,Kurta Mondalley,F,False
9279_01,Earth,False,G/1500/S,TRAPPIST-1e,26,False,0,0,1872,1,0,Fayey Connon,M,True
9280_01,Europa,False,E/608/S,55 Cancri e,32,False,0,1049,0,353,3235,Celeon Hontichre,F,False
9280_02,Europa,False,E/608/S,TRAPPIST-1e,44,False,126,4688,0,0,12,Propsh Hontichre,M,True
