HomePlanet,CryoSleep,Destination,Age,VIP,RoomService,FoodCourt,ShoppingMall,Spa,VRDeck,Transported,PassengerGroups,PassengerNums,CabinDeck,CabinNumber,CabinSide,Surname,AgeGroups
1,0,1,39,0,0,0,0,0,0,False,1,1,1,0,1,1,3
2,0,1,24,0,109,9,25,549,44,True,2,1,2,0,2,2,1
1,0,1,58,1,43,3576,0,6715,49,False,3,1,3,0,2,3,5
1,0,1,33,0,0,1283,371,3329,193,False,3,2,3,0,2,3,2
2,0,1,16,0,303,70,151,565,2,True,4,1,2,1,2,4,1
2,0,2,44,0,0,483,0,291,0,True,5,1,2,0,1,5,3
2,0,1,26,0,42,1539,3,0,0,True,6,1,2,2,2,6,2
2,1,1,28,0,0,0,0,0,0,True,6,2,4,0,2,6,2
2,0,1,35,0,0,785,17,216,0,True,7,1,2,3,2,7,2
1,1,3,14,0,0,0,0,0,0,True,8,1,1,1,1,8,0
1,1,1,34,0,0,0,0,0,0,True,8,2,1,1,1,8,2
1,0,3,45,0,39,7295,589,110,124,True,8,3,1,1,1,8,3
3,0,1,32,0,73,0,1123,0,113,True,9,1,2,1,1,9,2
2,0,1,48,0,719,1,65,0,24,False,10,1,4,1,2,10,4
2,0,1,28,0,8,974,12,2,7,True,11,1,2,2,1,11,2
2,0,1,31,0,32,0,876,0,0,False,12,1,4,427,2,12,2
3,0,3,27,0,1286,122,0,0,0,False,14,1,2,3,1,13,2
2,0,3,24,0,0,1,0,0,637,False,15,1,2,4,1,14,1
3,1,1,45,0,0,0,0,0,0,True,16,1,2,5,1,15,3
2,0,1,0,0,0,0,0,0,0,True,17,1,4,0,1,16,0
2,0,3,14,0,412,0,1,0,679,False,17,2,2,6,1,16,0
2,1,1,1,0,0,0,0,0,0,False,20,1,6,0,2,17,0
2,1,3,49,0,0,0,0,0,0,False,20,2,6,0,2,17,4
2,1,3,29,0,0,0,0,0,0,False,20,3,6,0,2,18,2
2,0,1,10,0,0,0,0,0,0,True,20,4,6,0,2,19,0
2,1,2,1,0,0,0,0,0,0,False,20,5,6,0,2,17,0
2,0,1,7,0,0,0,0,0,0,False,20,6,6,0,2,18,0
3,0,1,21,0,980,2,69,0,0,False,22,1,7,0,1,905,1
1,1,1,62,0,0,0,0,0,0,True,24,1,8,2,2,21,5
2,0,1,15,0,0,225,0,998,0,False,25,1,2,6,2,22,0
1,0,3,34,0,22,6073,0,1438,328,False,26,1,8,0,1,23,2
3,0,1,43,0,1125,0,136,48,0,False,28,1,2,8,1,24,3
2,0,1,32,0,0,850,81,437,453,False,30,1,4,4,2,25,2
3,0,1,47,0,214,0,1411,0,1229,True,31,1,2,9,1,26,4
3,0,1,2,0,0,0,0,0,0,True,31,2,2,9,1,26,0
3,0,1,20,0,0,0,1750,990,0,True,31,3,2,9,1,26,1
1,1,3,28,0,0,0,0,0,0,True,34,1,7,1,2,27,2
3,0,3,23,0,784,964,0,951,0,False,35,1,7,1,1,28,1
2,0,3,15,0,0,492,48,20,401,False,36,1,2,8,2,29,0
2,0,3,20,0,554,195,0,2606,0,False,38,1,2,10,2,30,1
2,1,3,30,0,0,0,0,0,0,False,39,1,4,1,1,31,2
2,1,1,17,0,0,0,0,0,0,True,41,1,4,2,1,32,1
1,0,1,45,0,0,164,45,2511,855,False,43,1,1,3,1,33,3
2,1,1,55,0,0,0,0,0,0,False,44,1,4,3,1,34,4
2,1,3,4,0,0,0,0,0,0,True,44,2,4,3,1,34,0
2,1,2,21,0,0,0,0,0,0,True,44,3,4,3,1,34,1
3,0,1,21,0,970,0,180,0,64,False,45,1,2,10,1,35,1
3,1,1,19,0,0,0,0,0,0,True,45,2,2,10,1,35,1
2,0,3,35,0,790,0,0,0,0,False,50,1,6,1,2,36,2
2,0,1,56,0,0,112,0,1379,127,False,51,1,6,2,2,37,5
2,0,1,27,0,4,0,2,4683,0,False,52,1,4,6,2,38,1
2,0,1,25,0,0,0,1938,0,1,True,53,1,2,11,2,39,0
1,0,1,2,0,0,0,0,0,0,True,56,1,3,1,2,40,3
1,1,1,38,0,0,0,0,0,0,True,56,2,3,1,2,40,2
1,0,1,27,0,279,605,3374,286,3,True,56,3,3,1,2,40,3
2,1,2,36,0,0,0,0,0,0,False,58,1,4,7,2,41,1
2,0,1,22,0,45,1096,148,1377,1,False,61,1,2,12,2,42,5
2,0,1,62,0,0,592,0,17,25,False,62,1,2,13,2,43,0
3,1,1,15,0,0,0,0,0,0,True,64,1,2,14,2,905,2
2,1,1,33,0,0,0,0,0,0,True,64,2,6,3,2,44,5
2,0,1,62,0,1,153,197,0,460,False,66,1,4,6,1,45,0
2,1,2,0,0,0,0,0,0,0,True,67,1,4,10,2,46,1
2,0,1,18,0,1,258,446,0,0,True,67,2,4,10,2,46,1
2,0,3,21,0,1946,37,0,0,24,False,67,3,2,15,2,46,3
3,0,1,27,0,793,0,2,253,0,False,68,1,6,4,2,47,1
2,0,1,42,0,887,0,9,6,0,True,69,1,2,16,2,905,1
2,0,1,19,0,190,0,5,1,726,False,70,1,2,13,1,16,0
2,0,1,17,0,16,2165,0,0,52,False,71,1,2,14,1,48,3
2,0,1,14,0,0,1,0,0,1063,False,72,1,2,17,2,17,3
3,0,2,37,0,46,83,738,0,12,False,73,1,7,3,1,49,2
1,0,1,42,0,1,8397,0,0,506,True,74,1,8,3,2,50,2
3,0,1,27,0,147,0,1018,0,0,True,76,1,2,18,2,51,3
3,0,1,28,0,14,0,1295,0,0,True,77,1,2,15,1,52,0
1,0,1,38,0,0,5840,0,321,9654,False,78,1,8,4,2,53,3
2,1,1,13,0,0,0,0,0,0,False,81,1,4,13,2,54,0
3,0,1,42,0,7406,0,0,0,0,False,82,1,2,16,1,55,0
3,1,1,2,0,0,0,0,0,0,True,82,2,2,16,1,55,1
3,0,1,8,0,0,0,0,0,0,True,82,3,2,16,1,905,3
2,0,1,24,0,688,0,0,0,17,True,84,1,4,14,2,56,3
1,1,1,40,0,0,0,0,0,0,True,85,1,8,5,2,57,3
2,0,1,43,0,211,0,0,638,513,False,86,1,2,17,1,58,2
3,1,2,45,0,0,0,0,0,0,True,88,1,6,5,2,59,2
2,1,1,35,0,0,0,0,0,0,True,90,1,4,15,2,60,2
2,1,1,26,0,0,0,0,0,0,True,91,1,4,16,2,61,1
2,0,1,27,0,1,697,31,188,0,False,91,2,2,20,2,61,0
2,0,1,19,0,0,0,670,1,34,False,92,1,4,9,1,62,0
2,1,1,0,0,0,0,0,0,0,True,92,2,4,9,1,63,4
2,1,1,3,0,0,0,0,0,0,True,92,3,4,9,1,63,2
1,0,1,54,0,0,1208,0,3,637,False,97,1,3,2,2,64,2
2,0,1,26,0,0,856,5,32,0,False,98,1,4,11,1,65,1
2,0,1,26,0,0,2811,957,0,87,True,98,2,4,11,1,65,0
2,0,2,23,0,311,427,526,37,0,False,99,1,2,19,1,66,2
2,0,1,2,0,0,0,0,0,0,True,99,2,4,12,1,67,1
3,1,1,31,0,0,0,0,0,0,True,101,1,4,427,2,68,1
2,0,1,18,0,0,0,0,830,91,False,102,1,2,23,2,69,0
2,0,1,24,0,0,0,0,0,17,True,103,1,2,24,2,70,0
2,1,3,9,0,0,0,0,0,0,True,103,2,4,18,2,70,2
2,1,1,6,0,0,0,0,0,0,False,103,3,4,18,2,70,1
2,0,1,27,0,0,0,570,2,131,False,105,1,2,21,1,71,1
3,0,1,21,0,1743,5,17,0,0,False,107,1,7,2,2,72,2
2,1,1,23,0,0,0,0,0,0,False,108,1,4,19,2,73,0
2,0,1,31,0,562,0,326,0,0,False,108,2,4,19,2,905,2
2,0,1,0,0,0,0,0,0,0,True,108,3,4,19,2,73,3
1,0,1,32,0,0,410,6,3929,764,False,110,1,4,427,2,74,3
1,0,1,40,0,0,331,0,0,1687,False,110,2,1,5,1,75,2
1,0,1,42,0,2209,11418,0,1868,445,True,110,3,1,5,1,74,2
1,1,1,28,0,0,0,0,0,0,True,110,4,1,5,1,74,4
1,1,1,29,0,0,0,0,0,0,True,111,1,6,6,2,76,5
1,0,3,48,1,0,2537,87,17,13,True,112,1,1,1,2,77,2
2,0,1,64,0,0,0,804,0,0,True,113,1,2,23,1,78,2
2,0,1,27,0,82,157,429,238,1,False,114,1,4,20,2,79,2
3,0,1,26,0,0,0,0,0,0,True,115,1,2,24,1,80,3
1,0,1,33,0,1,2223,0,12,404,True,116,1,7,4,1,81,0
2,0,1,39,0,0,2344,0,65,6898,False,119,1,3,0,1,82,1
1,1,1,13,0,0,0,0,0,0,True,119,2,3,0,1,82,2
3,1,1,24,0,0,0,0,0,0,True,120,1,2,25,1,59,1
2,0,1,29,0,0,0,0,699,74,False,122,1,4,21,2,83,6
2,0,1,18,0,55,597,49,0,1,False,123,1,2,27,1,84,2
3,1,1,67,0,0,0,0,0,0,True,126,1,2,27,2,85,5
3,0,1,35,0,701,0,296,0,25,False,127,1,6,7,2,86,3
3,0,1,61,1,2353,334,9,316,2,False,128,1,7,3,2,87,1
3,0,1,45,0,2103,6,0,0,0,False,128,2,6,8,2,87,1
2,1,2,22,0,0,0,0,0,0,True,129,1,4,22,2,88,3
3,1,1,19,0,0,0,0,0,0,True,133,1,2,29,2,89,1
3,0,1,36,0,2738,0,0,0,0,False,133,2,7,5,2,89,4
2,0,1,19,0,0,14,730,0,0,True,134,1,4,17,1,90,0
2,0,2,47,0,97,418,126,25,55,False,136,1,4,23,2,905,2
2,1,1,13,0,0,0,0,0,0,True,138,1,4,18,1,91,2
2,0,1,34,0,0,22,0,564,207,False,138,2,6,5,1,91,1
1,1,3,35,0,0,0,0,0,0,True,139,1,8,6,2,92,2
2,1,1,24,0,0,0,0,0,0,True,140,1,4,19,1,93,2
2,0,1,26,0,440,0,0,0,462,False,140,2,2,29,1,94,1
3,0,1,31,0,0,0,97,0,0,False,141,1,2,30,1,95,5
2,0,1,20,0,0,420,210,0,0,True,144,1,2,31,2,96,4
2,0,1,56,0,0,0,0,0,0,False,146,1,4,25,2,97,3
2,1,1,50,0,0,0,0,0,0,True,147,1,4,26,2,98,3
3,0,1,42,0,1072,0,10,0,76,False,148,1,2,31,1,99,3
2,1,3,27,0,0,0,0,0,0,True,149,1,4,27,2,98,1
2,1,3,38,0,0,0,0,0,0,False,151,1,4,20,1,100,2
2,0,1,41,0,0,0,0,0,607,False,152,1,2,32,1,101,1
2,0,1,22,0,4119,0,0,0,61,False,160,1,4,22,1,102,5
1,1,1,26,0,0,0,0,0,0,True,163,1,1,8,1,103,1
1,1,1,17,0,0,0,0,0,0,True,163,2,1,8,1,103,2
2,0,1,57,0,50,1688,0,0,135,True,164,1,4,28,2,104,0
2,1,2,17,0,0,0,0,0,0,False,164,2,4,28,2,104,2
3,1,1,35,0,0,0,0,0,0,True,165,1,2,37,1,105,2
3,1,1,13,0,0,0,0,0,0,True,167,1,2,35,2,106,1
3,0,1,27,0,1365,0,48,22,137,False,167,2,2,35,2,106,1
2,1,1,31,0,0,0,0,0,0,False,169,1,4,23,1,107,2
2,0,1,24,0,0,0,0,221,567,False,170,1,6,10,2,108,5
2,1,2,19,0,0,0,0,0,0,True,171,1,4,30,2,109,1
2,1,1,32,0,0,0,0,0,0,True,172,1,4,24,1,37,3
2,0,1,58,0,0,985,0,5,0,True,173,1,6,11,2,110,3
2,0,3,21,0,287,0,16,115,175,False,174,1,2,38,1,111,1
1,0,1,38,0,0,10346,1,14970,2111,False,177,1,1,2,2,112,0
3,0,1,38,0,3414,0,161,28,119,False,178,1,7,6,2,113,0
2,0,1,19,0,1,219,673,2,11,True,179,1,4,26,1,114,1
2,0,1,0,0,0,0,0,0,0,False,179,2,4,26,1,114,1
2,0,1,3,0,0,0,0,0,0,True,179,3,4,26,1,114,3
2,0,1,20,0,0,0,3,299,92,False,181,1,4,27,1,16,1
1,1,1,24,0,0,0,0,0,0,True,182,1,8,3,1,115,5
2,0,1,37,0,17,146,426,0,232,True,183,1,2,36,2,116,4
2,0,1,25,0,62,0,0,0,956,False,186,1,4,28,1,117,0
2,1,1,56,0,0,0,0,0,0,True,188,1,4,31,2,118,0
2,0,3,49,0,84,3,401,202,98,False,189,1,6,8,1,119,0
2,1,3,11,0,0,0,0,0,0,False,190,1,4,32,2,905,3
2,1,1,1,0,0,0,0,0,0,True,192,1,4,29,1,120,0
2,0,1,8,0,0,0,0,0,0,False,192,2,4,29,1,120,1
2,0,1,39,0,0,0,10,898,0,False,192,3,4,29,1,120,0
3,1,1,2,0,0,0,0,0,0,True,193,1,2,41,1,121,3
3,0,1,23,0,0,0,8,1072,0,False,193,2,2,41,1,121,1
3,0,1,0,0,0,0,0,0,0,True,193,3,2,41,1,121,3
3,0,1,39,0,406,0,867,0,0,True,195,1,2,42,1,106,4
3,0,2,25,0,1052,0,719,0,7,False,196,1,7,5,1,122,1
1,0,1,36,0,0,972,0,795,575,False,197,1,8,5,1,123,0
2,0,2,52,0,0,0,0,0,0,True,198,1,4,30,1,124,2
2,1,1,18,0,0,0,0,0,0,False,199,1,4,33,2,125,4
2,1,1,15,0,0,0,0,0,0,True,200,1,4,31,1,126,3
1,1,1,35,0,0,0,0,0,0,True,201,1,1,3,2,127,4
1,1,1,47,0,0,0,0,0,0,True,201,2,1,3,2,127,2
1,1,3,45,0,0,0,0,0,0,True,202,1,1,9,1,128,1
1,0,3,27,0,0,2433,0,878,443,True,202,2,3,2,1,128,1
1,1,1,51,0,0,0,0,0,0,True,203,1,8,8,2,129,2
2,0,1,29,0,0,2,66,0,705,False,205,1,4,34,2,130,0
1,0,3,27,0,2,1720,12,1125,122,True,206,1,8,9,2,131,1
2,1,2,19,0,0,0,0,0,0,False,207,1,4,32,1,18,0
2,1,3,24,0,0,0,0,0,0,True,210,1,7,6,1,132,2
3,0,1,29,0,902,1,137,0,0,True,211,1,2,44,1,133,1
3,1,1,11,0,0,0,0,0,0,True,211,2,2,44,1,133,1
3,0,1,17,0,848,0,307,182,0,False,211,3,2,44,1,134,3
2,0,1,13,0,192,0,0,51,739,False,212,1,6,9,1,135,1
2,0,1,35,0,147,188,0,10,387,False,212,2,2,45,1,135,0
2,0,1,21,0,367,281,0,0,146,False,213,1,2,46,1,136,0
2,0,3,21,0,0,56,0,0,1918,False,216,1,2,40,2,137,0
2,0,1,38,0,1517,0,0,27,0,False,217,1,2,47,1,138,1
2,1,1,19,0,0,0,0,0,0,True,219,1,4,36,1,139,1
2,1,1,2,0,0,0,0,0,0,True,220,1,4,37,1,140,0
2,0,1,0,0,0,0,0,0,0,True,220,2,4,37,1,140,0
2,1,1,13,0,0,0,0,0,0,False,220,3,4,37,1,140,1
2,0,1,25,0,122,84,0,0,0,False,220,4,6,10,1,140,1
2,0,1,16,0,0,3,0,0,1099,False,220,5,2,48,1,140,2
2,0,3,1,0,0,0,0,0,0,False,220,6,4,37,1,140,1
2,1,1,15,0,0,0,0,0,0,True,220,7,4,37,1,140,3
3,0,3,21,0,2237,0,119,0,0,False,221,1,6,13,2,141,1
3,0,1,23,0,1215,80,1,2,0,False,221,2,6,13,2,142,3
3,0,1,33,0,1933,12,188,1,0,False,221,3,6,13,2,142,1
3,1,1,21,0,0,0,0,0,0,True,221,4,6,13,2,142,1
3,0,1,41,0,1230,0,301,43,1023,False,221,5,6,13,2,142,1
3,0,1,16,0,915,0,221,234,0,False,221,6,6,13,2,142,1
3,1,1,42,0,0,0,0,0,0,False,221,7,6,13,2,142,2
3,0,1,20,0,1406,0,0,11,0,False,222,1,2,41,2,143,5
3,1,1,24,0,0,0,0,0,0,True,222,2,2,41,2,144,1
3,1,1,16,0,0,0,0,0,0,True,222,3,6,14,2,143,2
2,0,1,21,0,0,2,665,0,9,False,223,1,4,35,2,145,2
3,0,1,32,1,181,0,5,1634,0,False,224,1,2,42,2,146,2
2,1,2,58,0,0,0,0,0,0,True,225,1,4,38,1,147,3
2,0,1,24,0,4,7,0,713,79,False,229,1,2,43,2,148,3
3,0,1,30,0,85,0,1,1720,0,False,231,1,2,44,2,149,3
2,1,2,27,0,0,0,0,0,0,False,232,1,4,36,2,150,2
3,0,1,32,0,56,0,256,1438,0,False,233,1,2,45,2,151,2
2,0,1,43,0,0,888,0,0,0,False,234,1,2,50,1,152,1
1,1,1,42,0,0,0,0,0,0,True,237,1,1,11,1,153,1
3,0,1,37,0,637,0,0,92,319,False,239,1,4,427,2,154,3
3,1,1,35,0,0,0,0,0,0,True,240,1,2,52,1,155,0
1,0,3,33,0,0,1249,0,4812,1116,False,241,1,6,11,1,156,4
2,0,1,18,0,313,1,691,283,0,False,242,1,2,46,2,157,2
2,1,1,21,0,0,0,0,0,0,False,243,1,4,37,2,158,1
3,1,1,43,0,0,0,0,0,0,True,244,1,4,427,2,159,2
3,1,3,14,0,0,0,0,0,0,True,244,2,2,47,2,159,4
1,0,3,46,0,0,3571,0,0,7,True,245,1,8,6,1,160,4
1,0,1,33,0,0,86,796,584,10912,False,245,2,8,6,1,160,2
3,0,1,21,0,2947,0,287,27,0,False,246,1,7,8,1,161,2
1,0,1,33,0,0,1,0,8620,1063,False,248,1,8,10,2,162,1
2,1,2,47,0,0,0,0,0,0,False,250,1,4,38,2,163,1
2,1,3,54,0,0,0,0,0,0,True,251,1,8,11,2,164,1
2,0,1,30,0,335,695,541,0,0,False,252,1,2,53,1,165,5
2,0,1,29,0,272,615,0,0,1,False,253,1,4,42,1,166,1
2,0,1,21,0,702,172,408,2,6,True,254,1,2,54,1,167,2
1,1,1,24,0,0,0,0,0,0,True,255,1,3,3,2,168,2
3,0,3,21,0,1664,0,0,0,0,False,257,1,2,49,2,169,2
3,1,1,60,0,0,0,0,0,0,True,257,2,2,49,2,169,3
2,0,1,22,0,0,0,313,299,92,False,258,1,2,50,2,170,0
1,0,1,26,0,0,4810,0,981,2054,False,260,1,6,16,2,171,4
2,0,1,26,0,66,29,0,0,803,False,261,1,2,56,1,172,5
2,1,1,28,0,0,0,0,0,0,True,263,1,4,43,1,173,4
1,1,1,39,0,0,0,0,0,0,True,265,1,7,8,2,174,2
2,0,1,13,0,118,0,0,754,1,False,267,1,2,51,2,175,3
2,0,3,47,0,0,231,592,0,0,True,269,1,2,52,2,176,1
2,0,1,63,0,0,25,128,0,1240,False,270,1,2,59,1,177,1
1,1,3,27,0,0,0,0,0,0,True,275,1,7,9,2,178,2
2,0,3,50,0,44,2390,0,53,0,True,277,1,2,61,1,179,1
2,0,1,35,0,0,0,0,888,0,False,278,1,4,427,2,180,0
2,0,1,45,0,0,97,0,14,333,False,278,2,4,45,1,180,3
2,0,1,19,0,0,0,2078,0,0,True,281,1,2,63,1,181,5
2,0,1,21,0,0,918,0,0,0,True,282,1,2,54,2,10,3
2,1,2,29,0,0,0,0,0,0,True,283,1,4,46,1,182,2
2,0,1,22,0,146,654,1,0,2,True,283,2,2,64,1,182,1
1,1,1,14,0,0,0,0,0,0,True,285,1,6,16,1,183,1
1,1,3,42,0,0,0,0,0,0,True,285,2,6,16,1,183,2
2,0,3,57,0,3,1281,29,162,13,False,286,1,2,65,1,184,1
1,1,3,39,0,0,0,0,0,0,True,287,1,4,427,2,185,3
1,0,1,28,0,0,587,32,6,1460,False,287,2,1,12,1,185,0
2,0,3,19,0,0,0,0,0,828,False,288,1,2,55,2,186,3
1,1,3,19,0,0,0,0,0,0,True,289,1,8,12,2,187,4
1,0,3,26,0,0,4458,0,1157,262,True,290,1,1,7,2,188,1
1,1,1,17,0,0,0,0,0,0,True,290,2,1,7,2,188,5
1,0,1,43,0,0,0,0,0,0,True,290,3,1,7,2,188,1
1,0,3,9,0,0,0,0,0,0,True,290,4,1,7,2,188,1
1,0,1,40,0,0,6500,88,1090,0,True,291,1,7,10,2,189,1
1,1,1,50,0,0,0,0,0,0,True,294,1,1,8,2,190,2
2,0,1,24,0,90,2,1324,17,0,True,297,1,4,47,1,191,1
1,1,3,57,0,0,0,0,0,0,True,298,1,3,3,1,192,1
2,1,1,16,0,0,0,0,0,0,False,301,1,4,427,2,193,1
2,0,1,23,0,0,0,15,0,1370,False,302,1,2,67,1,117,1
2,1,1,23,0,0,0,0,0,0,True,303,1,4,41,2,194,6
1,0,1,28,0,0,422,0,1851,5166,False,304,1,6,18,2,195,5
1,0,3,23,0,0,584,0,20,2469,False,305,1,8,7,1,196,4
2,0,1,23,0,368,175,259,1,101,False,306,1,6,19,2,197,0
2,0,1,18,0,0,0,1359,0,0,True,307,1,2,59,2,198,2
2,0,1,18,0,1194,0,157,6,0,False,309,1,2,60,2,199,2
1,0,1,67,0,0,230,0,4476,241,False,310,1,4,427,2,200,1
2,0,2,60,0,7,540,1,0,4,True,313,1,2,68,1,201,1
2,1,3,27,0,0,0,0,0,0,True,313,2,4,50,1,201,1
2,0,3,49,0,331,0,0,318,0,True,313,3,2,68,1,201,1
2,0,3,0,0,0,0,0,0,0,True,313,4,4,50,1,201,5
2,0,3,26,0,386,0,74,0,1330,False,314,1,4,51,1,202,0
2,1,2,35,0,0,0,0,0,0,True,315,1,4,42,2,203,3
1,0,1,24,0,0,2628,0,170,0,True,316,1,1,9,2,192,2
1,1,1,20,0,0,0,0,0,0,True,316,2,1,9,2,192,1
2,0,1,18,0,0,2,0,0,0,False,320,1,4,44,2,204,0
2,0,1,21,0,0,5,3,0,0,False,320,2,4,44,2,204,2
2,0,1,59,1,1018,0,209,0,0,False,321,1,2,61,2,205,2
2,1,2,13,0,0,0,0,0,0,False,322,1,4,45,2,206,1
2,1,3,43,0,0,0,0,0,0,False,324,1,4,53,1,207,2
2,1,1,29,0,0,0,0,0,0,False,326,1,4,47,2,208,2
2,0,1,19,0,17,0,784,0,2,True,327,1,4,427,2,209,3
1,0,1,2,0,0,0,0,0,0,True,330,1,8,14,2,210,0
1,0,1,32,0,247,4651,0,46,202,True,330,2,8,14,2,905,1
1,0,1,33,0,443,317,0,148,1260,False,330,3,8,14,2,210,0
2,0,1,25,0,0,0,251,0,552,False,331,1,2,72,1,211,1
3,1,3,29,0,0,0,0,0,0,True,333,1,2,73,1,212,3
3,0,1,29,0,5715,2,211,1476,0,False,334,1,2,62,2,213,0
2,0,1,44,0,695,1,16,0,0,False,336,1,2,74,1,124,2
3,1,3,2,0,0,0,0,0,0,True,337,1,2,63,2,214,2
3,0,1,19,0,417,349,634,3,1057,True,337,2,2,63,2,214,0
3,0,3,0,0,0,0,0,0,0,True,337,3,2,63,2,905,2
2,1,1,18,0,0,0,0,0,0,True,338,1,4,48,2,215,1
1,1,3,38,0,0,0,0,0,0,True,340,1,1,10,2,216,3
2,1,2,5,0,0,0,0,0,0,False,341,1,4,57,1,114,0
2,0,2,31,0,121,0,0,274,907,False,343,1,2,76,1,42,1
3,1,1,30,0,0,0,0,0,0,False,345,1,6,21,2,217,1
2,1,3,15,0,0,0,0,0,0,True,346,1,4,59,1,218,3
3,0,1,27,0,434,0,1434,0,0,False,347,1,2,64,2,219,3
3,0,1,22,0,142,2876,202,3,0,True,348,1,7,12,1,220,4
3,0,1,36,0,520,0,1865,0,0,True,348,2,4,427,2,220,2
2,1,2,14,0,0,0,0,0,0,True,350,1,4,60,1,221,2
3,0,1,23,0,2001,0,2975,0,0,False,352,1,2,78,1,222,0
2,1,1,18,0,0,0,0,0,0,True,355,1,4,427,2,223,2
1,1,3,36,0,0,0,0,0,0,True,356,1,1,15,1,224,2
2,0,1,41,0,0,1198,0,124,572,False,357,1,2,65,2,225,5
2,1,1,50,0,0,0,0,0,0,True,358,1,4,50,2,226,1
2,1,2,32,0,0,0,0,0,0,True,358,2,4,50,2,226,2
2,0,2,26,0,148,0,453,0,88,False,359,1,2,66,2,227,1
2,0,1,15,0,358,212,33,0,112,False,360,1,2,67,2,228,1
2,0,3,33,0,0,36,0,280,417,True,361,1,2,68,2,229,3
2,0,3,27,0,0,0,0,685,21,False,365,1,4,51,2,230,1
3,0,1,26,0,2832,107,4447,15,4,False,368,1,2,82,1,143,1
3,1,1,61,0,0,0,0,0,0,True,368,2,2,82,1,143,5
2,0,1,24,0,0,0,592,177,58,True,369,1,4,53,2,231,1
2,0,1,30,0,0,95,0,441,1023,False,370,1,2,83,1,232,1
3,1,1,24,0,0,0,0,0,0,True,371,1,2,84,1,233,7
2,0,1,24,0,0,5,0,2766,0,False,372,1,2,85,1,905,5
2,1,1,41,0,0,0,0,0,0,False,373,1,4,62,1,234,0
2,0,1,20,0,0,0,558,0,230,False,375,1,6,22,1,235,2
2,0,1,22,0,116,0,786,6,0,True,376,1,4,54,2,236,2
1,0,3,63,0,0,1068,0,176,8188,False,377,1,8,15,2,188,2
1,0,3,18,0,17,215,4,5132,697,False,378,1,1,11,2,237,2
1,1,3,21,0,0,0,0,0,0,True,378,2,1,11,2,237,1
1,0,1,79,0,5649,235,7,2579,2175,False,378,3,1,11,2,237,3
1,1,1,56,0,0,0,0,0,0,True,378,4,1,11,2,237,1
1,1,1,13,0,0,0,0,0,0,True,378,5,1,11,2,237,2
1,0,1,33,0,0,2491,6,1173,1059,False,378,6,1,11,2,237,2
1,1,1,32,0,0,0,0,0,0,True,378,7,1,11,2,237,0
2,0,1,31,0,198,0,591,0,164,True,379,1,4,63,1,238,0
1,1,3,26,0,0,0,0,0,0,True,380,1,4,427,2,239,1
1,1,3,18,0,0,0,0,0,0,True,381,1,1,16,1,240,4
1,1,3,38,0,0,0,0,0,0,True,381,2,1,16,1,240,0
2,0,1,23,0,348,0,0,4,368,False,382,1,4,64,1,241,1
2,0,1,28,0,82,773,0,3693,140,False,383,1,4,55,2,242,2
2,1,2,34,0,0,0,0,0,0,False,383,2,4,55,2,242,4
2,0,3,0,0,0,0,0,0,0,True,384,1,4,56,2,243,2
2,0,1,14,0,3,0,881,25,0,True,384,2,4,56,2,243,5
2,0,1,23,0,13,747,0,0,128,False,385,1,4,65,1,244,1
2,1,1,49,0,0,0,0,0,0,False,387,1,4,66,1,245,3
2,1,1,14,0,0,0,0,0,0,False,388,1,4,57,2,246,1
2,0,1,18,0,391,44,356,0,0,False,389,1,6,23,1,247,2
1,0,2,27,1,69,5728,0,0,987,True,391,1,8,9,1,248,2
2,0,1,48,0,0,111,0,1508,0,False,392,1,6,24,1,249,2
1,0,3,31,1,0,11003,552,8157,5688,False,395,1,1,17,1,250,3
1,0,3,61,0,1,608,0,3835,1,False,395,2,1,17,1,250,1
2,1,1,18,0,0,0,0,0,0,True,396,1,4,59,2,251,1
3,1,1,45,0,0,0,0,0,0,True,397,1,2,69,2,252,1
3,0,1,22,0,28,420,36,6011,3,False,398,1,7,13,2,253,3
3,0,1,30,1,1056,0,0,0,0,False,401,1,7,14,2,254,2
3,0,1,30,0,1770,0,0,13,0,False,401,2,7,14,2,254,2
2,1,3,32,1,0,0,0,0,0,True,402,1,7,15,2,255,1
3,0,1,43,1,353,896,0,0,2,True,403,1,7,13,1,256,1
2,0,3,17,0,177,0,0,310,7,False,405,1,2,89,1,257,5
2,0,1,23,0,0,21,0,0,1699,False,407,1,4,69,1,258,1
2,0,1,20,0,0,465,0,5,223,False,407,2,2,90,1,258,3
2,1,1,39,0,0,0,0,0,0,False,407,3,4,69,1,258,6
3,0,1,35,0,1134,113,52,0,0,False,408,1,6,25,1,259,1
3,0,1,31,0,0,0,1116,2,0,False,409,1,2,71,2,260,5
2,0,3,21,0,0,150,0,567,0,False,410,1,2,72,2,261,3
2,0,1,16,0,691,0,101,140,0,False,411,1,2,91,1,262,0
1,0,1,60,0,0,7255,5952,1537,0,True,412,1,8,11,1,263,2
2,0,1,18,0,0,157,0,352,60,False,413,1,2,92,1,264,2
2,1,1,42,0,0,0,0,0,0,False,415,1,4,60,2,181,2
1,1,3,68,0,0,0,0,0,0,True,417,1,1,18,1,265,1
1,0,3,22,0,0,1170,0,5467,1241,False,417,2,1,18,1,266,4
1,1,1,59,0,0,0,0,0,0,True,417,3,1,18,1,266,2
1,0,1,27,0,8,3584,0,13,57,True,423,1,1,19,1,267,3
3,0,1,37,0,1094,2,26,34,1,False,425,1,2,96,1,268,1
3,1,1,3,0,0,0,0,0,0,True,425,2,2,96,1,268,2
3,1,1,31,0,0,0,0,0,0,True,425,3,2,96,1,268,4
1,0,1,31,0,417,0,7185,562,792,True,427,1,6,26,1,269,3
1,0,1,29,0,0,4118,0,715,3139,True,428,1,8,16,2,270,1
1,0,3,20,0,2,10116,0,2,225,True,429,1,3,5,2,271,0
1,1,3,46,0,0,0,0,0,0,True,429,2,3,5,2,271,5
2,0,1,29,0,0,1026,0,16,0,True,430,1,2,75,2,272,3
3,1,1,43,0,0,0,0,0,0,True,431,1,2,97,1,273,3
3,0,1,17,0,1483,10,0,0,0,False,432,1,2,76,2,274,3
1,0,3,27,0,0,0,0,0,0,True,433,1,1,20,1,275,2
1,0,1,47,0,4,891,0,2962,3656,False,433,2,1,20,1,275,2
3,1,1,45,0,0,0,0,0,0,True,434,1,2,77,2,276,2
2,1,1,17,0,0,0,0,0,0,True,435,1,4,62,2,277,2
2,0,3,10,0,0,0,0,0,0,True,436,1,4,63,2,278,2
2,0,2,56,0,46,11,0,622,0,False,436,2,4,63,2,278,1
2,0,1,39,0,382,0,22,467,0,False,437,1,2,78,2,130,2
2,0,2,40,0,7,0,840,26,0,False,437,2,2,78,2,130,1
1,1,1,40,0,0,0,0,0,0,True,438,1,1,13,2,279,1
1,0,3,34,0,0,5637,45,1936,56,False,439,1,8,13,1,280,1
2,0,3,32,0,0,0,0,722,0,False,441,1,2,79,2,281,2
2,0,1,35,0,7,1043,0,0,0,False,442,1,2,98,1,282,0
3,0,1,32,1,2484,429,102,0,0,False,444,1,7,15,1,283,1
2,0,1,26,1,1869,0,136,0,0,False,444,2,2,99,1,283,1
2,0,1,25,0,1352,0,0,24,799,False,445,1,2,80,2,284,2
2,0,1,26,0,0,0,0,77,715,False,445,2,6,25,2,284,6
1,1,3,22,0,0,0,0,0,0,True,446,1,1,21,1,285,2
2,0,1,22,0,9,0,795,0,0,True,447,1,2,81,2,286,3
2,0,1,24,0,757,0,0,32,0,False,448,1,6,27,1,287,3
2,1,2,32,0,0,0,0,0,0,True,448,2,4,71,1,905,4
2,1,1,11,0,0,0,0,0,0,True,449,1,4,64,2,288,1
3,1,1,22,0,0,0,0,0,0,True,452,1,6,26,2,289,0
1,1,1,19,0,0,0,0,0,0,True,453,1,1,14,2,290,0
1,1,3,34,0,0,0,0,0,0,True,453,2,4,427,2,290,2
1,1,1,74,0,0,0,0,0,0,True,453,3,1,14,2,290,0
1,0,3,28,1,5,4288,0,745,5,True,454,1,1,15,2,291,1
1,1,1,42,0,0,0,0,0,0,True,454,2,1,15,2,292,2
1,1,1,43,0,0,0,0,0,0,True,454,3,1,15,2,291,1
2,0,1,55,0,210,185,188,59,73,False,456,1,2,83,2,5,0
2,0,2,19,0,0,0,747,26,0,True,457,1,4,72,1,293,4
2,1,1,6,0,0,0,0,0,0,False,457,2,4,72,1,293,2
2,0,1,7,0,0,0,0,0,0,False,457,3,4,72,1,293,0
1,1,3,28,0,0,0,0,0,0,True,458,1,7,16,2,294,1
2,0,1,15,0,2156,0,0,59,2,False,459,1,2,84,2,295,3
2,1,2,24,0,0,0,0,0,0,True,460,1,4,65,2,296,2
2,0,2,31,0,0,869,0,0,0,True,461,1,6,27,2,61,1
2,0,1,22,0,0,70,182,612,20,True,461,2,2,85,2,61,3
2,0,3,1,0,0,0,0,0,0,True,461,3,4,66,2,61,1
2,1,1,50,0,0,0,0,0,0,False,462,1,4,67,2,297,2
3,0,1,34,0,865,0,257,0,35,False,463,1,2,100,1,298,3
3,0,1,14,0,928,852,81,0,0,False,463,2,2,100,1,298,0
2,0,1,19,0,4,10,0,1178,428,False,465,1,6,28,1,299,3
2,0,1,27,0,0,654,22,146,4,True,465,2,6,28,1,299,2
2,0,1,36,0,0,0,863,1,1,False,466,1,2,101,1,180,2
2,1,1,34,0,0,0,0,0,0,False,468,1,4,427,2,300,0
3,1,3,25,0,0,0,0,0,0,True,470,1,2,86,2,47,1
2,1,1,36,0,0,0,0,0,0,True,470,2,2,86,2,47,2
1,0,1,16,0,0,45,2,5183,170,False,471,1,1,22,1,301,0
1,0,3,30,0,0,7972,0,0,4,True,471,2,1,22,1,301,2
2,0,2,37,0,0,10,544,9,299,False,472,1,2,87,2,302,2
2,1,3,15,0,0,0,0,0,0,True,474,1,4,69,2,303,1
2,0,1,36,0,0,0,38,9,943,False,475,1,6,29,1,304,3
3,0,2,27,0,0,6,145,144,0,False,476,1,2,103,1,305,2
3,1,1,27,0,0,0,0,0,0,True,476,2,2,103,1,305,0
3,1,1,12,0,0,0,0,0,0,True,476,3,2,103,1,305,2
2,0,1,22,0,0,5,0,1619,0,False,477,1,6,30,1,288,4
2,0,1,27,0,0,34,23,0,275,False,480,1,4,74,1,179,2
2,1,1,13,0,0,0,0,0,0,True,481,1,4,70,2,306,1
2,0,1,27,0,0,118,0,5,665,False,482,1,6,28,2,307,1
2,0,1,28,0,0,14,0,0,615,False,482,2,2,88,2,307,3
1,0,3,21,0,0,33,0,3348,55,False,485,1,1,17,2,308,1
1,0,1,39,0,172,1794,12,4303,246,False,487,1,8,19,2,309,0
2,1,2,28,0,0,0,0,0,0,False,488,1,4,76,1,310,3
2,1,1,14,0,0,0,0,0,0,True,490,1,4,71,2,194,3
1,1,3,27,0,0,0,0,0,0,True,498,1,4,427,2,311,1
1,1,3,46,0,0,0,0,0,0,True,498,2,1,18,2,311,4
3,1,3,27,0,0,0,0,0,0,True,499,1,2,89,2,312,1
3,0,1,21,0,0,0,0,0,0,False,499,2,6,29,2,312,5
3,0,3,21,0,513,0,1749,82,0,True,500,1,7,19,1,313,1
1,0,1,42,0,0,929,967,0,481,False,501,1,6,32,1,314,4
3,0,1,22,0,10,0,817,471,0,False,502,1,4,427,2,315,1
3,0,1,10,0,0,0,0,0,0,True,503,1,2,90,2,316,3
3,0,1,43,0,1821,0,47,29,0,False,503,2,2,90,2,316,5
3,0,1,42,0,1246,35,16,0,0,False,503,3,6,31,2,316,2
1,1,3,18,0,0,0,0,0,0,True,504,1,1,19,2,317,4
1,1,3,54,0,0,0,0,0,0,True,504,2,1,19,2,317,1
1,1,1,24,0,0,0,0,0,0,True,504,3,1,19,2,317,4
1,0,1,64,0,0,1737,11,401,752,False,504,4,1,19,2,317,4
1,1,3,18,0,0,0,0,0,0,True,504,5,1,19,2,317,2
2,1,3,53,0,0,0,0,0,0,True,504,6,1,19,2,317,4
3,1,1,23,0,0,0,0,0,0,True,506,1,2,91,2,318,1
2,0,1,39,0,0,0,0,0,0,True,507,1,4,74,2,319,3
1,0,1,59,0,0,16521,0,323,0,True,510,1,8,16,1,320,2
1,0,3,32,0,0,5755,0,59,122,True,512,1,7,18,2,321,4
1,1,1,55,0,0,0,0,0,0,True,512,2,7,18,2,321,2
2,1,2,21,0,0,0,0,0,0,True,513,1,4,78,1,322,4
1,1,1,50,0,0,0,0,0,0,True,515,1,1,20,2,323,2
1,0,3,55,0,113,2492,41,0,2376,False,516,1,3,6,2,324,0
2,0,1,27,0,1445,0,1,2,73,False,517,1,2,109,1,325,2
2,1,1,35,0,0,0,0,0,0,True,518,1,2,92,2,326,2
2,1,1,27,0,0,0,0,0,0,True,519,1,4,77,2,327,4
2,0,1,55,0,62,0,0,0,0,False,520,1,4,78,2,328,1
2,0,1,23,0,39,263,0,0,0,True,521,1,6,32,2,329,2
2,0,1,42,0,0,0,750,0,156,False,522,1,6,33,1,330,3
2,0,1,35,0,553,213,1733,0,6,True,523,1,6,33,2,331,2
2,1,1,47,0,0,0,0,0,0,True,525,1,4,427,2,332,4
3,0,3,27,0,1172,11,3,0,4,False,527,1,2,93,2,333,3
3,1,1,34,0,0,0,0,0,0,True,527,2,2,93,2,333,2
1,0,1,46,0,0,1119,0,3427,6595,False,528,1,8,17,1,334,1
2,1,2,26,0,0,0,0,0,0,False,529,1,4,81,1,148,2
2,1,3,1,0,0,0,0,0,0,False,531,1,4,82,1,335,1
2,1,3,27,0,0,0,0,0,0,True,531,2,4,82,1,335,1
3,0,1,33,0,20,0,384,557,0,False,533,1,7,21,1,336,1
1,0,1,34,0,98,715,29,5732,1902,False,534,1,1,23,1,337,1
1,0,1,49,0,3573,1308,316,641,25,False,534,2,1,23,1,337,2
2,0,1,22,0,0,5,0,320,352,False,537,1,4,83,1,228,3
2,0,1,28,0,0,1073,0,0,5,True,538,1,2,110,1,338,1
1,1,1,27,0,0,0,0,0,0,True,539,1,8,18,1,339,3
1,1,3,36,0,0,0,0,0,0,True,539,2,8,18,1,339,2
2,1,3,30,0,0,0,0,0,0,True,539,3,8,18,1,339,3
1,1,1,49,0,0,0,0,0,0,True,539,4,8,18,1,339,3
1,0,1,38,0,0,1793,479,9,4987,False,539,5,8,18,1,339,5
3,1,1,31,0,0,0,0,0,0,True,540,1,2,95,2,340,2
2,0,1,17,0,1471,0,0,45,16,False,540,2,2,95,2,340,1
2,0,1,26,0,9,0,0,0,878,False,542,1,4,84,1,341,1
2,0,1,23,0,59,0,0,681,0,False,545,1,2,111,1,342,0
2,0,3,24,0,930,691,838,0,0,False,546,1,2,96,2,167,0
2,0,1,23,0,0,15,831,16,3,False,547,1,2,97,2,343,3
2,0,1,24,0,0,86,704,0,1,True,548,1,6,36,2,344,1
3,0,2,32,0,666,0,0,252,1,True,549,1,7,19,2,345,2
3,1,1,43,0,0,0,0,0,0,True,549,2,2,98,2,345,2
2,0,1,23,0,13,12,0,762,0,True,550,1,2,99,2,346,2
2,0,1,42,0,126,0,266,445,12,False,551,1,4,80,2,347,2
1,1,3,29,0,0,0,0,0,0,True,552,1,8,21,2,348,2
1,1,1,40,0,0,0,0,0,0,True,553,1,8,19,1,349,0
1,0,1,37,0,0,6506,0,764,0,True,553,2,8,19,1,349,0
1,1,3,61,0,0,0,0,0,0,True,555,1,8,20,1,350,2
1,0,1,33,0,0,165,1,2525,0,False,555,2,8,20,1,350,1
2,0,1,19,0,0,1428,0,1,19,True,556,1,2,100,2,351,3
2,0,2,21,0,0,12,580,0,79,False,559,1,2,102,2,352,1
2,0,1,4,0,0,0,0,0,0,False,560,1,4,81,2,353,1
2,0,2,12,0,0,0,0,0,0,True,560,2,4,81,2,353,3
2,0,1,44,0,1440,293,74,32,0,True,560,3,2,103,2,152,2
2,0,1,22,0,0,0,332,442,0,False,561,1,4,82,2,354,1
3,0,3,33,0,840,642,402,21,0,False,563,1,2,114,1,355,4
1,1,3,32,0,0,0,0,0,0,True,564,1,1,24,1,356,4
1,1,1,28,0,0,0,0,0,0,True,564,2,1,24,1,356,1
1,0,1,28,0,0,410,2,1354,3695,False,564,3,1,24,1,356,1
3,0,1,31,0,697,0,612,0,0,False,565,1,2,115,1,259,1
3,1,1,13,0,0,0,0,0,0,True,566,1,6,37,2,85,5
2,1,1,14,0,0,0,0,0,0,True,567,1,4,83,2,357,4
1,0,1,33,0,1908,33,0,1,4,False,568,1,7,20,2,358,4
1,1,3,27,0,0,0,0,0,0,True,568,2,7,20,2,358,4
2,0,1,23,0,0,334,310,0,0,True,569,1,2,116,1,245,1
1,0,1,36,1,530,5085,1,146,872,True,570,1,8,22,2,359,2
1,1,3,22,0,0,0,0,0,0,True,571,1,8,21,1,360,0
1,1,1,19,0,0,0,0,0,0,False,571,2,8,21,1,360,0
1,1,1,42,0,0,0,0,0,0,True,571,3,8,21,1,360,2
1,1,1,30,0,0,0,0,0,0,True,571,4,8,21,1,361,4
1,1,3,16,0,0,0,0,0,0,True,571,5,8,21,1,360,0
1,0,1,55,0,0,1542,0,1814,1568,False,571,6,8,21,1,360,1
1,1,1,55,0,0,0,0,0,0,True,571,7,8,21,1,360,4
2,0,1,19,0,1911,0,21,854,0,False,572,1,2,105,2,362,1
2,0,1,27,0,14,809,25,54,0,False,573,1,2,117,1,363,1
1,1,1,18,0,0,0,0,0,0,True,575,1,6,34,1,185,1
2,0,1,21,0,0,0,625,110,0,False,576,1,2,107,2,364,4
2,0,1,65,0,0,0,521,105,0,False,577,1,4,86,1,69,1
2,0,1,55,0,53,790,37,0,0,True,579,1,2,108,2,365,0
2,0,1,50,0,0,233,0,0,0,False,579,2,4,85,2,365,1
2,1,1,49,0,0,0,0,0,0,True,580,1,4,87,1,242,4
2,0,1,22,0,0,0,601,183,4,False,581,1,6,38,2,366,1
3,1,1,33,0,0,0,0,0,0,True,582,1,2,118,1,367,1
3,1,1,3,0,0,0,0,0,0,True,583,1,2,109,2,368,1
3,1,1,0,0,0,0,0,0,0,True,583,2,2,109,2,368,0
3,1,1,33,0,0,0,0,0,0,True,583,3,2,109,2,368,0
3,1,1,48,0,0,0,0,0,0,True,585,1,2,120,1,316,2
3,1,1,5,0,0,0,0,0,0,True,585,2,2,120,1,316,0
3,0,1,23,0,2648,0,1092,0,0,False,585,3,7,22,1,316,1
1,1,1,53,0,0,0,0,0,0,True,586,1,7,23,1,369,1
3,0,1,18,0,5,25,616,0,1042,False,587,1,2,121,1,370,1
2,1,2,20,0,0,0,0,0,0,False,588,1,4,89,1,371,1
2,0,1,23,0,234,1,551,0,1,False,589,1,6,35,1,372,1
2,0,1,48,0,801,2,0,1,973,False,590,1,4,90,1,221,3
2,1,2,19,0,0,0,0,0,0,False,591,1,4,86,2,286,3
3,0,1,27,0,43,152,182,1,2005,False,593,1,7,24,1,373,3
2,0,3,9,0,0,0,0,0,0,False,594,1,4,87,2,374,0
2,0,1,24,0,0,4,0,670,113,False,594,2,6,39,2,374,2
3,0,1,46,0,21,0,2155,422,0,True,596,1,2,123,1,375,1
2,1,1,23,0,0,0,0,0,0,True,597,1,4,91,1,261,2
2,1,1,21,0,0,0,0,0,0,False,597,2,4,91,1,261,2
2,1,1,19,0,0,0,0,0,0,False,598,1,4,89,2,376,2
3,0,1,0,0,0,0,0,0,0,True,599,1,2,124,1,377,5
3,0,1,4,0,0,0,0,0,0,True,599,2,2,124,1,377,0
3,0,1,26,0,1252,0,46,124,6,False,599,3,2,124,1,377,0
3,1,1,9,0,0,0,0,0,0,True,599,4,2,124,1,377,1
1,0,1,24,0,0,3385,826,9,793,True,600,1,8,23,2,378,1
3,1,1,24,0,0,0,0,0,0,True,602,1,2,125,1,379,3
3,0,1,25,0,0,0,0,0,0,False,602,2,6,36,1,379,3
3,1,1,21,0,0,0,0,0,0,True,602,3,2,125,1,379,1
2,0,1,21,0,0,0,12,0,747,False,603,1,2,126,1,380,3
1,0,1,37,0,27,654,10,881,9568,False,607,1,8,22,1,381,3
1,0,3,44,0,434,3113,19,0,892,False,607,2,8,22,1,381,2
1,0,1,43,0,4,1111,118,1852,0,False,607,3,8,22,1,381,4
2,0,1,7,0,0,0,0,0,0,True,608,1,4,94,1,382,2
3,0,1,33,0,149,0,0,0,109,False,609,1,2,128,1,383,3
2,0,1,24,0,0,0,229,502,5,False,610,1,2,129,1,384,2
2,1,2,31,0,0,0,0,0,0,True,611,1,4,90,2,244,3
1,1,1,27,1,0,0,0,0,0,True,612,1,1,25,1,385,0
2,0,1,34,0,0,0,0,0,0,True,614,1,4,91,2,386,1
2,1,1,58,0,0,0,0,0,0,False,615,1,4,92,2,387,1
2,0,1,7,0,0,0,0,0,0,True,615,2,4,92,2,278,1
2,1,3,3,0,0,0,0,0,0,True,615,3,4,92,2,278,5
2,0,3,21,0,0,0,908,49,0,True,618,1,4,95,1,61,3
2,0,2,21,0,1,368,0,0,388,False,618,2,2,131,1,61,2
1,1,1,39,0,0,0,0,0,0,True,619,1,8,24,2,388,3
1,1,3,43,0,0,0,0,0,0,True,619,2,8,24,2,388,7
2,1,1,22,0,0,0,0,0,0,True,623,1,4,93,2,389,2
2,0,1,44,0,103,0,18,1197,1,True,628,1,2,133,1,390,2
2,0,1,38,0,0,0,0,1018,0,False,629,1,4,96,1,391,1
3,1,1,32,0,0,0,0,0,0,True,630,1,2,112,2,392,2
3,1,1,55,0,0,0,0,0,0,True,631,1,2,113,2,393,1
3,0,2,31,1,629,0,0,150,0,False,633,1,7,25,1,394,3
2,0,1,39,0,0,1496,0,140,383,False,634,1,2,135,1,395,0
2,0,1,35,0,0,1778,0,0,0,True,635,1,4,94,2,396,5
2,0,1,37,0,614,0,50,11,319,False,635,2,6,43,2,396,2
2,0,3,13,0,0,7,0,339,359,False,636,1,2,136,1,4,0
2,0,1,21,0,0,0,7,675,0,False,636,2,2,136,1,4,3
3,0,1,20,0,0,0,0,0,0,False,637,1,6,44,2,397,3
1,1,3,20,0,0,0,0,0,0,True,638,1,1,28,1,291,2
2,0,1,63,0,0,123,956,25,0,True,639,1,2,137,1,398,2
2,0,1,36,0,2,0,0,1958,19,False,641,1,2,114,2,399,3
1,0,3,29,0,0,3344,0,118,972,True,642,1,8,25,2,400,1
1,0,3,36,0,0,4967,82,1517,575,True,642,2,8,25,2,400,1
1,0,1,79,0,0,0,0,2210,2,False,642,3,8,25,2,400,0
1,1,3,30,0,0,0,0,0,0,True,642,4,8,25,2,400,3
1,1,3,30,0,0,0,0,0,0,True,642,5,8,25,2,400,3
3,0,1,19,0,1019,266,141,0,0,True,643,1,2,138,1,401,3
1,1,1,33,0,0,0,0,0,0,True,644,1,6,38,1,402,2
2,0,1,20,0,1724,0,0,1,0,False,645,1,4,98,1,403,0
1,1,3,38,0,0,0,0,0,0,True,646,1,8,26,2,404,3
3,1,1,7,0,0,0,0,0,0,True,647,1,2,115,2,405,2
3,1,1,58,0,0,0,0,0,0,True,647,2,2,115,2,405,4
3,0,1,33,0,105,0,1087,0,0,False,647,3,2,115,2,405,1
2,1,2,3,0,0,0,0,0,0,True,650,1,4,95,2,406,4
3,0,1,39,0,0,0,0,0,0,True,653,1,6,45,2,407,0
3,0,1,37,0,237,2,708,0,0,True,655,1,6,39,1,408,3
2,0,1,32,0,0,0,0,768,3,False,656,1,4,101,1,409,1
2,0,1,28,0,0,863,0,17,0,True,657,1,2,117,2,905,3
2,0,1,38,0,0,8,736,140,0,False,657,2,4,97,2,166,0
2,0,2,21,0,0,576,1,20,0,False,658,1,2,118,2,410,0
2,1,1,18,0,0,0,0,0,0,True,659,1,4,98,2,411,3
2,1,1,15,0,0,0,0,0,0,False,660,1,4,99,2,412,2
1,0,1,44,0,0,2506,0,1360,722,False,661,1,8,23,1,413,0
2,0,1,44,0,86,525,16,49,39,True,663,1,2,140,1,414,1
1,0,1,36,0,0,0,0,4507,5689,False,664,1,6,46,2,33,3
2,0,1,28,0,0,0,7104,0,0,True,665,1,2,141,1,415,1
3,0,1,15,0,1264,0,2,23,0,False,665,2,2,141,1,415,2
2,0,1,45,0,0,25,87,989,482,False,668,1,2,142,1,416,1
2,0,1,26,0,0,530,2,9,403,False,669,1,2,143,1,417,2
2,1,2,46,0,0,0,0,0,0,True,671,1,4,102,1,60,3
2,0,1,25,0,1,0,38,7,740,False,672,1,4,103,1,249,4
2,1,2,46,0,0,0,0,0,0,False,674,1,4,101,2,418,1
2,1,1,15,0,0,0,0,0,0,False,677,1,4,102,2,152,1
2,1,1,37,0,0,0,0,0,0,False,678,1,4,103,2,419,1
2,0,1,20,0,0,215,0,541,0,False,679,1,4,104,2,295,2
2,1,2,45,0,0,0,0,0,0,False,680,1,4,105,1,137,2
2,1,1,7,0,0,0,0,0,0,False,680,2,4,105,1,137,1
2,1,1,5,0,0,0,0,0,0,False,680,3,4,105,1,420,1
3,1,1,38,0,0,0,0,0,0,True,682,1,2,121,2,421,1
3,0,1,30,0,269,96,252,0,0,False,683,1,2,144,1,422,1
3,0,1,27,0,0,0,0,0,0,True,684,1,2,145,1,340,2
3,0,1,0,0,0,0,0,0,0,True,684,2,2,145,1,340,1
3,1,1,20,0,0,0,0,0,0,True,684,3,2,145,1,340,1
2,0,1,41,0,1,922,4,55,15,False,685,1,6,41,1,423,1
3,1,1,18,0,0,0,0,0,0,True,686,1,2,146,1,424,3
3,0,1,29,1,3887,0,0,12,0,False,686,2,7,30,1,424,3
3,0,1,19,0,3097,0,9,0,213,False,687,1,7,23,2,425,1
3,0,1,34,0,1973,0,97,41,3,False,688,1,6,48,2,426,1
1,1,1,36,0,0,0,0,0,0,True,689,1,1,25,2,427,1
3,1,1,54,0,0,0,0,0,0,True,690,1,2,122,2,428,1
3,0,1,19,0,164,0,783,0,0,False,691,1,6,49,2,429,1
3,0,1,21,0,505,0,1952,0,0,False,691,2,2,123,2,429,0
3,1,1,23,0,0,0,0,0,0,True,691,3,6,49,2,429,2
1,1,3,35,0,0,0,0,0,0,True,693,1,4,427,2,430,3
1,0,1,34,0,0,3488,0,4343,38,False,693,2,8,27,2,430,0
2,0,1,22,0,0,581,226,74,0,True,696,1,4,107,2,431,0
2,0,3,24,0,21,0,689,12,0,True,697,1,2,147,1,432,0
3,1,1,18,0,0,0,0,0,0,True,699,1,2,126,2,433,1
3,0,3,24,0,2698,0,301,8,5,False,699,2,7,24,2,434,0
1,1,1,33,0,0,0,0,0,0,True,701,1,7,25,2,435,0
2,0,1,24,0,121,237,4,387,54,False,702,1,2,127,2,148,4
2,1,1,18,0,0,0,0,0,0,True,703,1,4,108,2,436,1
2,1,1,19,0,0,0,0,0,0,True,704,1,4,107,1,437,1
2,0,3,43,0,0,0,722,0,0,True,705,1,2,149,1,438,1
2,1,1,44,0,0,0,0,0,0,True,707,1,4,109,2,431,1
1,0,3,25,0,0,4949,0,452,15,True,709,1,3,7,2,439,1
1,1,3,25,0,0,0,0,0,0,True,709,2,3,7,2,439,2
1,1,3,23,0,0,0,0,0,0,True,709,3,4,427,2,439,0
3,0,1,23,0,1695,0,0,31,349,False,710,1,6,42,1,440,1
3,0,1,20,0,457,0,170,1132,0,False,712,1,2,150,1,441,1
3,0,1,2,0,0,0,0,0,0,True,712,2,2,150,1,441,5
2,0,1,26,0,1577,2,0,30,0,False,713,1,6,50,2,442,1
2,1,2,38,0,0,0,0,0,0,True,714,1,4,109,1,382,5
2,0,1,1,0,0,0,0,0,0,False,714,2,4,109,1,382,4
2,0,1,12,0,0,0,0,0,0,True,714,3,4,109,1,382,6
2,1,2,2,0,0,0,0,0,0,False,714,4,4,109,1,382,0
2,1,2,25,0,0,0,0,0,0,False,714,5,4,109,1,382,3
2,1,3,1,0,0,0,0,0,0,True,714,6,4,109,1,382,0
2,1,3,0,0,0,0,0,0,0,True,714,7,4,109,1,382,1
1,0,3,54,0,0,0,0,0,0,True,715,1,4,427,2,23,1
2,0,1,21,0,521,0,4,261,1,False,718,1,6,43,1,443,2
3,0,1,19,0,0,0,0,0,0,False,719,1,6,44,1,444,5
2,0,2,24,0,0,23,0,184,2566,False,724,1,2,132,2,445,3
2,1,1,20,0,0,0,0,0,0,False,726,1,4,111,1,446,1
2,0,1,23,0,139,0,1,152,354,True,727,1,2,133,2,447,4
2,0,3,29,0,0,0,2,786,594,True,728,1,2,134,2,448,2
2,0,1,14,0,7,781,0,0,0,True,729,1,6,53,2,449,2
2,0,1,19,0,0,714,2,0,0,False,732,1,4,427,2,450,6
2,0,3,23,0,0,38,88,4,561,False,733,1,2,153,1,451,2
2,0,1,62,0,712,2,322,0,517,False,734,1,2,154,1,452,2
2,0,1,23,0,0,0,484,188,0,False,736,1,2,156,1,453,1
1,0,3,65,0,0,835,0,38,0,False,737,1,8,28,2,454,2
3,0,1,47,0,0,0,0,0,0,True,738,1,2,157,1,276,1
1,0,3,67,0,76,16,0,2247,1166,False,740,1,8,24,1,255,4
1,1,3,14,0,0,0,0,0,0,True,740,2,8,24,1,255,3
1,0,1,41,0,3594,3425,0,0,58,False,740,3,8,24,1,255,2
2,1,1,14,0,0,0,0,0,0,True,743,1,4,111,2,16,4
2,1,1,19,0,0,0,0,0,0,False,746,1,4,112,2,455,0
2,0,3,22,0,15,142,0,41,493,False,750,1,2,140,2,163,4
1,1,1,34,0,0,0,0,0,0,True,753,1,3,4,1,456,0
1,0,3,65,0,19,1344,4,3190,8,False,753,2,3,4,1,905,0
1,1,3,42,0,0,0,0,0,0,True,753,3,4,427,2,456,0
1,1,3,22,0,0,0,0,0,0,True,754,1,7,31,1,457,1
1,1,3,54,0,0,0,0,0,0,True,756,1,1,27,2,458,3
1,0,1,34,0,47,287,0,4302,0,False,756,2,1,27,2,459,0
1,1,1,27,0,0,0,0,0,0,True,756,3,1,27,2,458,2
3,0,3,67,0,1,0,5,1022,151,False,757,1,7,33,1,460,0
1,0,1,33,0,0,3879,0,48,67,True,761,1,8,26,1,461,2
2,1,2,30,0,0,0,0,0,0,False,762,1,4,114,2,98,1
2,0,1,22,0,0,0,0,0,0,False,764,1,4,115,2,462,2
3,0,2,35,0,1248,0,55,12,0,True,765,1,2,142,2,463,1
3,0,1,23,0,755,0,121,0,0,False,765,2,2,142,2,463,1
2,0,1,49,0,0,6,679,15,187,False,767,1,4,116,2,464,5
1,0,3,36,0,29,12180,0,93,17306,False,768,1,1,32,1,465,2
1,1,1,31,0,0,0,0,0,0,True,768,2,1,32,1,465,2
1,1,3,54,0,0,0,0,0,0,True,769,1,1,28,2,466,1
2,1,1,0,0,0,0,0,0,0,False,770,1,4,117,2,467,0
2,0,1,27,0,0,715,0,170,0,False,770,2,4,117,2,467,1
2,0,1,54,0,0,0,0,0,0,False,770,3,4,117,2,467,2
2,1,2,10,0,0,0,0,0,0,False,770,4,4,117,2,467,2
2,0,3,0,0,0,0,0,0,0,True,770,5,4,117,2,467,2
2,1,2,7,0,0,0,0,0,0,True,770,6,4,117,2,905,1
2,1,1,25,0,0,0,0,0,0,False,771,1,4,112,1,468,1
1,0,3,37,0,0,16,325,4476,1359,False,772,1,6,56,2,361,3
1,1,3,15,0,0,0,0,0,0,True,772,2,6,56,2,469,1
2,1,1,26,0,0,0,0,0,0,True,772,3,6,56,2,361,2
1,0,3,7,0,0,0,0,0,0,True,772,4,6,56,2,361,2
2,0,1,30,0,558,4,0,175,0,False,773,1,2,143,2,7,2
2,0,1,19,0,0,2,1399,0,18,True,776,1,2,161,1,470,2
1,0,1,30,0,0,3004,0,1018,0,False,777,1,3,5,1,471,3
2,0,1,21,0,562,2,0,0,11,False,779,1,2,162,1,472,0
2,0,2,21,0,14,33,0,3,467,False,781,1,4,118,2,473,3
3,1,1,59,0,0,0,0,0,0,True,782,1,2,163,1,474,2
1,1,3,28,0,0,0,0,0,0,True,784,1,8,33,2,475,0
2,0,1,32,0,713,0,2,0,1,False,785,1,2,165,1,14,2
2,1,1,19,0,0,0,0,0,0,True,786,1,4,113,1,476,0
2,1,1,7,0,0,0,0,0,0,False,787,1,4,114,1,477,3
2,0,3,16,0,797,0,0,0,0,False,788,1,2,166,1,905,0
1,0,1,31,1,0,166,4,2177,342,False,789,1,3,8,2,478,3
1,0,1,30,0,0,142,870,89,3497,False,789,2,3,8,2,479,0
1,1,1,26,0,0,0,0,0,0,True,789,3,3,8,2,479,0
2,1,2,20,0,0,0,0,0,0,True,790,1,4,119,2,480,5
2,1,2,24,0,0,0,0,0,0,False,791,1,4,115,1,481,0
2,0,2,39,0,0,0,0,7,766,False,793,1,4,117,1,482,1
3,0,3,19,0,0,0,0,0,0,True,794,1,2,144,2,233,1
3,1,3,27,0,0,0,0,0,0,True,794,2,2,144,2,233,6
2,0,1,34,0,0,0,0,874,0,False,795,1,2,145,2,483,1
1,1,3,28,0,0,0,0,0,0,True,796,1,7,28,2,484,0
2,0,1,29,0,0,0,0,0,645,False,797,1,2,146,2,485,1
3,1,2,38,0,0,0,0,0,0,True,798,1,2,147,2,486,1
1,0,3,27,0,0,3462,5,1590,4,False,799,1,3,6,1,487,0
3,1,1,1,0,0,0,0,0,0,True,802,1,2,148,2,254,3
1,0,3,36,1,0,13248,100,1953,1,True,805,1,8,29,1,488,4
2,0,1,31,0,183,0,32,0,1171,False,806,1,2,149,2,489,0
2,0,1,1,0,0,0,0,0,0,True,806,2,4,120,2,489,2
2,0,1,31,0,159,110,701,0,10,False,808,1,6,57,2,490,3
3,0,1,10,0,0,0,0,0,0,True,809,1,2,151,2,312,3
3,0,1,27,0,1227,42,1,0,0,False,809,2,2,151,2,312,1
3,0,1,42,0,836,0,51,304,0,False,809,3,2,151,2,312,2
3,0,1,0,0,0,0,0,0,0,True,809,4,2,151,2,312,3
3,0,2,41,0,1209,0,0,0,833,False,811,1,2,152,2,113,2
3,1,1,0,0,0,0,0,0,0,True,811,2,2,152,2,491,0
3,0,1,0,0,0,0,0,0,0,True,811,3,2,152,2,491,2
3,1,1,59,0,0,0,0,0,0,True,813,1,2,169,1,492,2
2,0,1,13,0,2,1,30,0,0,False,815,1,6,59,2,493,2
1,0,3,24,0,0,284,0,4614,438,False,816,1,6,60,2,494,5
2,1,1,20,0,0,0,0,0,0,False,817,1,4,119,1,495,0
1,0,1,71,1,0,0,0,0,0,True,818,1,1,29,2,496,2
2,1,2,23,0,0,0,0,0,0,True,819,1,4,121,2,497,0
2,0,3,15,0,0,59,714,0,3,True,820,1,2,154,2,498,2
2,0,1,18,0,751,0,0,0,0,False,820,2,4,122,2,498,2
2,0,1,19,0,0,561,10,0,161,True,822,1,2,156,2,499,4
2,1,3,4,0,0,0,0,0,0,True,823,1,4,123,2,500,1
2,0,3,42,0,0,0,739,0,0,True,823,2,4,427,2,500,3
3,0,1,51,0,815,0,343,55,0,False,824,1,2,158,2,501,2
2,1,1,13,0,0,0,0,0,0,True,825,1,4,120,1,502,1
2,0,1,27,0,174,653,0,0,0,True,826,1,4,427,2,503,3
2,0,1,42,0,786,0,22,59,0,False,828,1,2,159,2,60,0
2,0,1,41,0,324,2,0,7,26,True,828,2,2,159,2,60,0
2,0,2,21,0,15,0,2695,2,0,True,829,1,2,170,1,504,3
2,0,1,31,0,14,5,0,795,0,True,830,1,2,171,1,505,1
1,1,3,36,0,0,0,0,0,0,True,833,1,4,427,2,265,3
2,0,1,31,0,0,0,0,838,27,False,834,1,2,173,1,506,4
2,0,3,14,0,77,0,9,424,166,False,835,1,4,124,2,507,1
3,0,2,32,1,494,701,71,0,0,False,836,1,2,160,2,28,1
1,0,1,32,0,0,179,0,0,5152,False,839,1,1,30,2,53,1
2,0,1,27,0,663,1111,0,0,2,False,840,1,4,123,1,508,3
1,0,3,57,0,2651,2956,0,266,1300,False,845,1,1,31,2,509,2
2,1,1,13,0,0,0,0,0,0,False,846,1,4,125,2,510,2
3,1,1,30,0,0,0,0,0,0,True,848,1,2,175,1,511,3
3,1,1,14,0,0,0,0,0,0,True,848,2,2,175,1,511,4
1,0,1,27,0,0,0,0,0,0,True,849,1,1,32,2,512,3
1,1,3,32,0,0,0,0,0,0,True,849,2,1,32,2,512,0
3,1,1,54,0,0,0,0,0,0,True,850,1,6,62,2,513,2
2,0,3,23,0,217,378,19,1,12,False,851,1,2,176,1,514,4
2,1,3,38,0,0,0,0,0,0,True,853,1,3,9,2,515,4
2,1,1,32,0,0,0,0,0,0,True,859,1,4,127,2,111,2
2,0,1,24,0,34,7,320,0,427,False,860,1,6,48,1,905,1
2,1,1,36,0,0,0,0,0,0,False,863,1,4,129,2,516,2
2,0,1,11,0,0,0,0,0,0,False,863,2,4,129,2,516,1
2,1,1,6,0,0,0,0,0,0,False,863,3,4,129,2,516,2
1,1,3,36,0,0,0,0,0,0,True,865,1,1,35,2,905,3
1,1,3,22,0,0,0,0,0,0,True,865,2,1,35,2,517,2
2,0,1,27,0,2,850,18,2,0,False,867,1,2,163,2,518,1
2,1,1,37,0,0,0,0,0,0,True,868,1,4,130,2,519,1
2,0,1,55,0,280,0,444,0,0,False,869,1,2,164,2,520,3
2,0,2,27,0,112,473,0,92,0,False,870,1,4,126,1,521,2
1,0,1,20,0,2,4754,0,246,31,True,871,1,3,10,2,522,1
2,0,1,16,0,0,0,32,2529,92,False,873,1,2,180,1,523,3
2,0,1,19,0,0,162,540,0,0,False,874,1,2,165,2,524,2
2,0,1,38,0,0,0,0,0,0,False,875,1,4,131,2,905,1
2,0,1,35,0,12,687,46,2,0,False,876,1,2,166,2,29,2
1,1,3,33,0,0,0,0,0,0,True,877,1,8,30,1,525,6
3,0,2,37,1,381,0,3,447,0,False,878,1,7,31,2,526,2
2,0,1,46,0,784,0,0,0,4,False,879,1,4,427,2,527,3
1,0,1,41,0,3103,3,0,31,26,False,881,1,7,32,2,528,1
2,0,1,13,0,875,5,10,18,0,False,883,1,4,127,1,529,1
2,1,1,31,0,0,0,0,0,0,False,885,1,4,133,2,530,2
2,1,3,52,0,0,0,0,0,0,True,885,2,4,133,2,530,3
1,0,1,48,0,0,0,0,0,0,False,889,1,8,32,1,531,2
1,0,3,27,0,1,12804,0,10,52,True,889,2,8,32,1,531,2
3,0,1,16,0,172,0,338,9,0,False,890,1,2,184,1,905,1
2,1,3,32,0,0,0,0,0,0,True,893,1,4,129,1,532,2
2,1,1,25,0,0,0,0,0,0,False,898,1,4,134,2,533,2
2,0,1,26,0,0,0,716,0,1,True,899,1,2,187,1,534,0
2,1,1,44,0,0,0,0,0,0,False,899,2,4,130,1,534,3
3,0,1,32,0,47,0,2552,0,0,True,901,1,2,167,2,535,2
2,0,1,18,0,200,124,0,413,0,True,902,1,2,188,1,230,2
2,1,3,23,0,0,0,0,0,0,False,903,1,4,135,2,262,1
1,0,1,44,0,0,2792,0,148,1043,False,904,1,8,33,1,536,2
3,0,2,29,0,4,0,421,435,19,False,905,1,7,38,1,537,3
2,0,3,19,0,0,388,469,0,0,True,906,1,2,168,2,5,0
1,0,3,41,0,0,5738,7,9038,28,False,907,1,1,34,1,538,1
1,0,1,28,0,0,1736,0,145,634,False,907,2,1,34,1,538,2
2,1,1,19,0,0,0,0,0,0,True,910,1,4,137,2,539,2
3,0,1,32,1,2492,0,0,136,4,False,911,1,2,189,1,540,2
2,0,1,74,0,853,0,543,31,0,True,911,2,2,189,1,540,3
1,0,1,31,0,0,7461,0,369,450,True,912,1,1,37,2,478,1
1,0,3,38,0,0,172,0,5907,34,False,913,1,6,51,1,541,2
2,0,1,20,0,157,0,0,544,3,False,915,1,4,138,2,29,0
2,0,1,24,0,47,0,10,139,1406,False,918,1,6,66,2,542,0
2,0,2,26,0,18,84,93,886,289,False,919,1,2,190,1,325,3
2,1,2,44,0,0,0,0,0,0,False,921,1,4,139,2,543,0
1,1,3,33,0,0,0,0,0,0,True,922,1,1,35,1,544,1
1,0,3,31,0,0,1095,0,169,1226,False,922,2,1,35,1,544,1
1,0,3,27,0,0,7767,0,15,2453,True,923,1,8,38,2,545,0
1,1,1,22,0,0,0,0,0,0,True,923,2,1,38,2,545,1
2,0,1,33,0,13,0,984,0,0,False,924,1,6,67,2,299,2
3,0,1,34,0,379,0,1626,0,0,False,925,1,2,191,1,219,0
3,1,1,11,0,0,0,0,0,0,True,925,2,2,191,1,219,3
3,1,1,41,0,0,0,0,0,0,True,925,3,2,191,1,219,3
1,0,3,30,0,0,7992,0,507,25,True,926,1,1,39,2,546,4
1,0,1,30,0,0,760,234,2761,81,False,926,2,1,39,2,546,1
2,0,1,25,0,0,0,699,43,22,False,927,1,4,140,2,547,2
2,1,2,31,0,0,0,0,0,0,True,928,1,4,133,1,548,3
2,0,1,38,0,646,0,0,135,260,False,930,1,2,192,1,549,1
2,1,1,15,0,0,0,0,0,0,True,930,2,4,134,1,549,0
2,0,1,19,0,0,0,115,126,491,True,931,1,2,193,1,550,1
3,1,1,29,0,0,0,0,0,0,True,932,1,4,427,2,551,4
1,0,1,30,0,14,12045,0,2121,0,True,933,1,8,35,1,905,1
1,0,1,29,0,0,1127,0,1867,1070,False,933,2,8,35,1,552,2
2,0,1,36,0,0,11,0,18,872,False,935,1,2,194,1,553,1
2,0,1,24,0,174,0,0,630,0,False,938,1,2,172,2,302,3
2,0,1,30,0,0,0,871,0,0,True,938,2,6,68,2,302,1
2,0,1,0,0,0,0,0,0,0,True,938,3,4,143,2,302,5
2,1,1,15,0,0,0,0,0,0,True,939,1,4,135,1,554,1
2,0,1,38,0,55,741,0,0,13,True,940,1,4,136,1,555,2
2,0,1,13,0,0,7,0,1175,0,False,941,1,2,195,1,468,1
3,0,1,18,0,594,0,555,0,0,False,942,1,2,196,1,556,1
2,0,1,16,0,891,0,831,0,0,False,944,1,4,137,1,557,3
2,0,3,8,0,0,0,0,0,0,False,944,2,4,137,1,557,5
2,0,1,19,0,72,5,0,342,188,True,946,1,2,198,1,558,4
2,0,3,26,0,0,474,0,0,201,False,947,1,4,138,1,559,2
2,1,3,15,0,0,0,0,0,0,True,949,1,4,140,1,560,3
2,1,2,38,0,0,0,0,0,0,True,951,1,4,144,2,561,1
3,0,1,45,0,877,0,1383,0,0,False,952,1,2,175,2,562,1
2,0,2,48,0,0,306,3,0,359,False,953,1,2,199,1,384,2
2,1,3,17,0,0,0,0,0,0,False,955,1,4,145,2,563,1
2,0,1,28,0,0,631,0,5,0,True,956,1,6,70,2,564,1
3,1,1,41,0,0,0,0,0,0,True,957,1,2,201,1,565,6
2,0,1,19,0,3,0,0,0,788,False,960,1,6,72,2,566,1
2,0,3,14,0,0,885,8,0,0,True,961,1,4,141,1,567,1
1,1,1,21,0,0,0,0,0,0,True,964,1,1,36,1,568,2
1,1,1,48,0,0,0,0,0,0,True,964,2,1,36,1,568,3
3,0,1,19,0,631,0,834,304,0,False,965,1,2,178,2,569,0
2,0,1,29,0,1377,0,0,167,0,False,966,1,2,179,2,570,2
2,0,1,20,0,792,0,0,0,0,False,968,1,6,53,1,571,2
3,1,1,44,0,0,0,0,0,0,True,969,1,2,202,1,572,4
2,1,1,19,0,0,0,0,0,0,True,970,1,4,142,1,573,2
2,1,1,64,0,0,0,0,0,0,False,971,1,4,143,1,905,4
2,0,1,21,0,0,314,323,1026,6,False,972,1,6,54,1,574,2
2,0,3,32,0,58,317,448,3,0,True,975,1,6,56,1,287,1
2,1,1,20,0,0,0,0,0,0,False,976,1,4,146,2,499,3
2,0,1,24,0,0,32,8,0,0,False,978,1,2,203,1,575,1
1,0,1,44,0,0,0,0,0,0,True,979,1,1,40,2,292,4
2,1,2,57,0,0,0,0,0,0,True,982,1,4,145,1,63,2
2,0,1,51,0,0,0,4,0,0,False,982,2,4,145,1,63,4
2,1,3,34,0,0,0,0,0,0,True,983,1,4,149,2,576,2
2,0,1,45,0,0,1,13,0,873,False,984,1,4,150,2,577,5
2,0,1,24,0,0,0,718,0,0,False,984,2,2,182,2,905,1
2,0,1,23,0,0,0,490,0,319,False,984,3,4,150,2,578,0
2,1,1,30,0,0,0,0,0,0,True,984,4,4,150,2,578,0
2,0,3,20,0,0,11,0,136,1088,False,984,5,2,182,2,578,3
2,1,1,22,0,0,0,0,0,0,True,984,6,4,150,2,578,0
2,1,2,27,0,0,0,0,0,0,False,984,7,4,150,2,354,5
2,1,1,71,0,0,0,0,0,0,True,984,8,4,150,2,354,1
2,0,3,18,0,6,0,0,12,704,True,985,1,6,57,1,579,1
2,0,1,16,0,3,0,35,150,478,False,987,1,2,204,1,580,0
2,0,1,28,0,0,3,906,0,0,False,988,1,4,151,2,564,0
2,0,1,36,0,1,784,0,55,149,True,988,2,6,73,2,564,3
2,0,1,6,0,0,0,0,0,0,False,989,1,4,146,1,581,5
2,0,2,26,0,0,541,46,4,96,False,990,1,2,183,2,582,2
2,1,1,27,0,0,0,0,0,0,False,991,1,4,152,2,583,5
1,0,1,49,0,31,2727,0,184,135,True,992,1,7,35,2,400,1
1,0,1,29,0,387,942,0,9927,1341,False,992,2,7,35,2,400,2
1,0,3,46,0,1192,1736,17,21,0,True,992,3,7,35,2,174,1
1,0,3,35,1,8030,300,0,0,1436,False,992,4,4,427,2,174,3
1,1,3,17,0,0,0,0,0,0,True,992,5,7,35,2,400,1
1,0,3,37,0,4301,791,0,1748,91,False,992,6,7,35,2,400,1
2,0,3,24,0,252,0,0,449,0,False,993,1,2,184,2,584,3
2,1,1,47,0,0,0,0,0,0,False,994,1,4,153,2,437,1
2,0,1,26,0,621,1,98,11,135,False,994,2,2,185,2,437,0
1,1,3,46,0,0,0,0,0,0,True,995,1,8,36,1,585,1
3,0,1,27,0,253,0,880,22,2,False,997,1,2,186,2,586,0
1,0,1,56,0,0,7447,0,253,35,True,998,1,8,37,1,587,4
3,0,1,18,0,885,0,32,0,0,False,1000,1,7,39,1,95,0
2,1,1,15,0,0,0,0,0,0,False,1001,1,4,154,2,588,1
3,0,3,3,0,0,0,0,0,0,True,1002,1,2,187,2,589,1
3,0,1,42,0,1050,0,715,0,3,False,1002,2,2,187,2,589,0
3,1,1,1,0,0,0,0,0,0,True,1002,3,2,187,2,589,4
1,1,3,56,0,0,0,0,0,0,True,1004,1,3,11,2,590,2
2,0,1,20,0,0,0,4,9,773,False,1005,1,4,156,2,591,0
2,0,1,21,0,0,0,0,0,791,False,1006,1,6,74,2,592,2
2,1,1,5,0,0,0,0,0,0,True,1006,2,6,74,2,592,1
2,0,1,12,0,0,0,0,0,0,True,1006,3,4,427,2,592,0
1,1,3,39,0,0,0,0,0,0,True,1008,1,8,39,2,593,1
1,1,1,60,0,0,0,0,0,0,True,1008,2,8,39,2,593,5
2,0,1,31,0,1633,4,49,6,0,False,1011,1,4,427,2,594,2
2,1,1,58,0,0,0,0,0,0,False,1011,2,4,148,1,594,0
2,1,1,19,0,0,0,0,0,0,True,1012,1,4,149,1,38,1
2,1,1,29,0,0,0,0,0,0,False,1013,1,4,158,2,327,4
3,1,1,19,0,0,0,0,0,0,True,1014,1,2,207,1,595,0
2,0,1,44,0,0,131,267,554,0,False,1015,1,2,189,2,596,4
2,0,1,20,0,0,15,122,1125,0,False,1017,1,2,190,2,597,4
2,1,1,18,0,0,0,0,0,0,True,1018,1,4,150,1,114,3
2,0,1,36,0,1,1410,0,1,0,True,1019,1,2,191,2,598,3
3,1,1,25,0,0,0,0,0,0,True,1020,1,2,208,1,599,1
2,0,1,15,0,48,6,0,954,0,False,1022,1,4,427,2,597,5
2,0,3,18,0,187,12,0,1277,0,False,1024,1,2,209,1,600,1
2,1,1,0,0,0,0,0,0,0,True,1024,2,4,152,1,601,3
2,0,3,54,0,0,5,0,594,209,False,1024,3,4,152,1,600,2
2,0,3,0,0,0,0,0,0,0,False,1024,4,4,152,1,600,1
2,0,1,20,0,759,0,106,202,0,False,1025,1,2,210,1,602,1
2,1,1,21,0,0,0,0,0,0,False,1026,1,4,159,2,66,2
3,0,1,8,0,0,0,0,0,0,True,1027,1,2,211,1,51,5
3,0,1,46,0,1454,0,81,38,0,False,1027,2,2,211,1,51,3
3,0,1,31,0,231,0,0,279,9,False,1027,3,2,211,1,51,2
3,0,3,3,0,0,0,0,0,0,True,1027,4,2,211,1,51,1
3,1,1,30,0,0,0,0,0,0,True,1029,1,2,212,1,217,1
2,0,1,23,0,1081,0,0,0,7,False,1030,1,2,213,1,327,5
2,0,1,14,0,756,84,0,8,99,False,1031,1,2,194,2,603,2
2,1,2,25,0,0,0,0,0,0,False,1032,1,4,153,1,604,3
2,1,1,61,0,0,0,0,0,0,True,1033,1,4,154,1,605,0
2,0,1,31,0,0,0,0,675,213,False,1034,1,4,155,1,606,2
3,0,3,13,0,4,0,1973,0,39,True,1035,1,2,214,1,607,3
2,1,2,24,0,0,0,0,0,0,True,1036,1,4,161,2,608,2
2,0,1,47,0,0,306,84,499,0,False,1038,1,4,163,2,609,0
2,0,2,15,0,521,162,62,5,0,True,1040,1,4,164,2,453,2
1,1,1,46,0,0,0,0,0,0,True,1041,1,4,427,2,610,1
2,0,1,49,0,0,0,1526,960,0,False,1043,1,2,215,1,611,3
1,0,1,37,0,0,0,0,0,0,False,1045,1,8,38,1,612,1
1,0,1,44,0,0,2349,7,815,10896,False,1045,2,8,38,1,612,3
2,0,1,16,0,507,0,0,0,0,False,1046,1,2,196,2,180,4
2,1,1,58,0,0,0,0,0,0,True,1047,1,4,156,1,905,2
2,0,1,20,0,0,537,612,3,0,True,1048,1,2,216,1,613,2
3,1,3,36,0,0,0,0,0,0,True,1049,1,2,217,1,614,1
3,1,1,31,0,0,0,0,0,0,True,1049,2,2,217,1,614,1
2,0,1,21,0,2,447,81,74,0,False,1051,1,2,197,2,223,2
2,0,3,22,0,0,0,21,0,0,False,1052,1,2,198,2,615,4
2,0,2,27,0,182,0,0,0,376,False,1053,1,2,199,2,616,0
2,0,1,58,0,0,0,828,0,96,True,1054,1,2,200,2,473,0
2,1,1,38,0,0,0,0,0,0,True,1056,1,2,218,1,259,0
3,1,3,30,0,0,0,0,0,0,True,1056,2,2,218,1,259,1
1,1,3,20,0,0,0,0,0,0,True,1057,1,8,39,1,617,0
2,0,1,19,0,0,0,27,53,677,False,1058,1,2,201,2,618,1
2,0,1,57,0,0,20,157,21,689,False,1060,1,4,166,2,619,2
2,0,1,26,0,0,773,48,0,149,False,1062,1,2,219,1,620,2
2,0,1,38,0,0,3262,0,295,1374,True,1063,1,1,38,1,621,2
1,1,1,15,0,0,0,0,0,0,True,1063,2,1,38,1,621,1
3,1,1,27,0,0,0,0,0,0,True,1065,1,2,202,2,622,5
3,1,1,35,0,0,0,0,0,0,True,1066,1,2,220,1,298,2
2,1,2,38,0,0,0,0,0,0,False,1068,1,4,167,2,623,3
2,0,1,35,0,415,1328,0,14,60,False,1071,1,9,0,1,624,1
1,1,1,14,0,0,0,0,0,0,True,1075,1,1,41,2,187,1
1,1,1,27,0,0,0,0,0,0,True,1075,2,1,41,2,187,0
2,1,1,25,0,0,0,0,0,0,False,1076,1,4,161,1,380,1
2,0,1,37,0,0,113,0,283,455,False,1077,1,4,162,1,625,2
2,0,3,25,0,79,709,0,0,0,False,1078,1,6,60,1,626,3
2,0,3,41,0,638,0,133,0,0,False,1079,1,4,163,1,627,1
3,0,1,50,0,202,0,1108,0,0,False,1080,1,2,204,2,628,5
3,0,1,33,0,694,0,60,564,0,False,1082,1,2,205,2,460,0
3,1,1,27,0,0,0,0,0,0,True,1083,1,2,206,2,629,1
3,1,1,23,0,0,0,0,0,0,True,1083,2,2,206,2,629,2
3,0,1,18,0,556,0,0,852,6,True,1083,3,2,206,2,629,3
2,0,1,31,0,0,1,0,16,843,False,1084,1,2,207,2,630,1
2,0,1,54,0,0,0,0,0,0,False,1085,1,4,165,1,242,3
2,1,1,0,0,0,0,0,0,0,True,1086,1,4,166,1,631,2
2,0,1,11,0,0,0,0,0,0,False,1086,2,4,166,1,632,2
2,1,1,4,0,0,0,0,0,0,False,1086,3,4,166,1,632,0
2,0,1,19,0,0,0,0,641,0,True,1086,4,6,61,1,632,3
2,0,1,7,0,0,0,0,0,0,True,1086,5,4,166,1,632,2
2,1,2,20,0,0,0,0,0,0,False,1088,1,4,169,2,633,1
2,1,3,33,0,0,0,0,0,0,True,1089,1,7,41,1,634,4
1,0,1,26,0,0,565,1,677,794,False,1089,2,7,41,1,634,2
3,1,1,35,0,0,0,0,0,0,True,1091,1,2,223,1,635,1
3,0,1,23,0,1862,59,18,192,0,True,1093,1,7,42,1,415,2
2,0,1,60,0,437,2,0,0,365,False,1094,1,2,224,1,636,1
1,1,1,34,0,0,0,0,0,0,True,1095,1,4,427,2,637,1
2,0,1,27,0,233,0,0,0,488,False,1096,1,4,170,2,100,1
3,1,1,42,0,0,0,0,0,0,True,1097,1,6,76,2,638,2
2,0,2,22,0,0,78,642,0,0,False,1099,1,2,225,1,639,0
3,0,1,18,0,490,355,298,245,0,False,1100,1,2,226,1,640,2
3,0,1,5,0,0,0,0,0,0,True,1100,2,2,226,1,640,4
3,0,1,18,0,787,0,106,1710,0,False,1100,3,2,226,1,640,2
3,0,1,29,0,528,271,99,0,130,False,1100,4,6,62,1,641,3
3,0,2,39,0,173,0,660,1,781,False,1102,1,2,227,1,642,1
2,0,1,17,0,82,0,263,16,515,False,1105,1,2,208,2,632,4
3,0,1,58,0,55,0,756,246,100,False,1108,1,2,211,2,643,0
3,1,1,5,0,0,0,0,0,0,True,1108,2,2,211,2,905,2
1,0,1,23,0,0,24,0,55,7516,False,1110,1,8,42,2,456,4
1,0,3,26,0,8,6138,0,3,754,True,1110,2,8,42,2,456,2
1,0,3,40,0,0,4076,6124,58,100,True,1112,1,1,39,1,644,4
2,0,1,20,0,0,0,0,0,719,True,1113,1,6,78,2,645,1
3,0,1,38,1,936,0,363,0,0,False,1114,1,6,79,2,646,2
3,0,1,31,0,0,0,0,0,0,False,1114,2,6,79,2,646,3
2,1,1,34,0,0,0,0,0,0,True,1115,1,4,173,2,647,0
2,0,1,9,0,0,0,0,0,0,True,1116,1,4,174,2,648,2
2,0,1,36,0,0,3011,0,0,98,True,1116,2,4,427,2,648,2
2,1,1,26,0,0,0,0,0,0,True,1116,3,4,174,2,648,0
2,0,1,18,0,855,0,51,0,0,False,1117,1,6,63,1,411,0
2,0,2,55,0,98,46,0,743,0,True,1121,1,2,229,1,649,0
1,0,1,28,0,0,402,0,135,9010,False,1123,1,1,40,1,650,0
1,1,3,18,0,0,0,0,0,0,True,1127,1,1,43,2,651,0
2,0,1,28,0,2,0,0,787,3,False,1129,1,6,80,2,652,1
3,1,1,23,0,0,0,0,0,0,False,1130,1,6,81,2,653,3
3,0,3,20,0,0,3,3505,199,17,True,1130,2,7,38,2,653,1
2,1,1,22,0,0,0,0,0,0,False,1132,1,4,427,2,654,1
3,0,1,27,0,0,0,0,0,0,True,1133,1,6,64,1,655,2
1,1,3,13,0,0,0,0,0,0,True,1134,1,4,427,2,656,2
2,0,1,32,0,0,1755,0,0,67,True,1136,1,4,175,2,657,2
1,0,1,53,0,0,143,1632,3,756,True,1140,1,1,46,2,658,1
1,1,1,34,0,0,0,0,0,0,True,1140,2,1,46,2,658,2
1,1,3,42,0,0,0,0,0,0,True,1140,3,1,46,2,658,2
2,1,1,19,0,0,0,0,0,0,True,1141,1,4,176,2,510,2
2,0,1,54,0,0,0,0,0,908,True,1142,1,4,173,1,659,1
2,0,1,12,0,0,0,0,0,0,True,1144,1,4,177,2,660,2
2,0,1,35,0,482,0,884,0,30,False,1144,2,2,217,2,660,2
2,0,1,55,0,412,97,3,0,0,False,1144,3,4,177,2,660,4
2,0,3,26,0,620,0,187,0,1304,False,1146,1,2,232,1,661,3
1,1,1,49,0,0,0,0,0,0,True,1147,1,1,42,1,662,2
1,1,3,22,0,0,0,0,0,0,True,1148,1,8,42,1,663,1
1,0,3,27,0,0,122,2138,7368,1213,False,1148,2,8,42,1,663,2
1,0,1,30,0,0,5225,0,8,1933,False,1148,3,8,42,1,663,2
1,0,3,39,0,0,5212,2,118,61,True,1148,4,4,427,2,663,1
1,1,1,14,0,0,0,0,0,0,True,1148,5,8,42,1,663,3
1,1,1,29,0,0,0,0,0,0,True,1148,6,8,42,1,663,1
1,0,3,34,0,2386,841,76,26,1693,False,1148,7,8,42,1,663,1
2,0,3,8,0,0,0,0,0,0,True,1149,1,4,178,2,664,3
2,0,1,7,0,0,0,0,0,0,False,1149,2,4,178,2,665,2
2,1,1,3,0,0,0,0,0,0,False,1149,3,4,178,2,665,5
2,0,1,0,0,0,0,0,0,0,False,1149,4,4,178,2,666,1
2,0,3,10,0,0,0,0,0,0,False,1149,5,4,178,2,665,0
2,1,3,16,0,0,0,0,0,0,False,1150,1,4,179,2,667,1
3,0,1,41,0,29,0,1095,0,4,False,1152,1,2,218,2,440,5
2,1,1,18,0,0,0,0,0,0,True,1153,1,4,174,1,668,1
1,1,1,25,0,0,0,0,0,0,True,1154,1,1,43,1,669,1
1,1,1,32,0,0,0,0,0,0,True,1154,2,1,43,1,669,2
1,1,3,26,0,0,0,0,0,0,True,1154,3,1,43,1,669,0
2,0,1,26,0,131,799,0,0,16,False,1155,1,2,233,1,905,0
2,1,1,18,0,0,0,0,0,0,True,1155,2,4,175,1,670,0
1,0,1,27,0,0,2987,2,3072,67,False,1156,1,1,47,2,671,4
1,1,1,26,0,0,0,0,0,0,True,1156,2,1,47,2,671,0
1,0,3,28,0,0,11330,72,43,461,True,1161,1,1,48,2,672,2
1,0,3,19,0,0,1291,0,16139,687,False,1161,2,1,48,2,672,0
1,0,1,31,0,0,1847,0,103,694,True,1162,1,8,45,2,673,0
2,0,3,35,0,0,1328,5,0,7,True,1163,1,2,235,1,905,5
1,0,3,46,0,0,7201,0,32,2587,False,1165,1,1,44,1,674,4
1,0,1,37,0,636,333,0,205,67,False,1165,2,1,44,1,674,3
1,1,1,29,0,0,0,0,0,0,True,1165,3,1,44,1,675,2
1,1,1,17,0,0,0,0,0,0,True,1165,4,1,44,1,675,1
1,0,3,30,0,0,3564,926,1,1920,False,1166,1,8,43,1,676,1
3,1,1,28,0,0,0,0,0,0,True,1167,1,2,236,1,677,2
2,0,1,16,0,0,58,12,68,653,False,1168,1,6,69,1,14,2
3,0,1,40,0,2357,0,9,0,0,False,1169,1,2,221,2,678,2
2,0,1,23,0,0,0,279,0,512,False,1170,1,6,83,2,639,1
2,0,2,24,0,96,592,12,0,0,True,1173,1,4,182,2,679,4
2,1,1,36,0,0,0,0,0,0,True,1174,1,4,176,1,680,1
3,1,1,34,0,0,0,0,0,0,True,1175,1,2,223,2,681,1
1,1,1,59,0,0,0,0,0,0,True,1177,1,8,44,1,682,3
2,0,1,20,0,0,0,600,0,0,False,1178,1,2,224,2,592,1
1,1,1,15,0,0,0,0,0,0,True,1179,1,1,49,2,156,4
2,0,1,19,0,0,0,957,4,0,False,1180,1,2,225,2,683,0
3,1,3,64,0,0,0,0,0,0,True,1182,1,2,237,1,684,0
3,0,1,24,0,2997,0,3,0,7,True,1182,2,6,70,1,684,0
3,0,1,23,0,60,1356,0,0,0,True,1182,3,2,237,1,684,0
3,0,1,30,0,0,0,0,679,0,False,1185,1,6,71,1,685,5
2,0,1,0,0,0,0,0,0,0,True,1186,1,4,183,2,686,0
2,0,1,8,0,0,0,0,0,0,False,1186,2,4,183,2,686,3
2,1,1,1,0,0,0,0,0,0,False,1186,3,4,183,2,686,4
2,0,1,48,0,0,33,654,0,113,True,1186,4,2,227,2,686,2
2,0,1,12,0,0,0,0,0,0,False,1186,5,4,183,2,686,2
2,0,1,30,0,0,575,180,4,44,False,1187,1,2,228,2,687,1
2,0,1,10,0,0,0,0,0,0,False,1187,2,4,184,2,687,0
2,0,1,11,0,0,0,0,0,0,False,1187,3,4,184,2,687,1
1,0,1,58,0,204,4227,0,3026,61,False,1188,1,8,46,1,688,0
2,0,1,52,0,0,243,464,71,8,True,1190,1,6,72,1,631,1
2,0,1,36,0,0,0,0,0,1583,False,1191,1,2,229,2,60,6
2,0,1,32,0,600,670,0,187,0,False,1192,1,2,238,1,419,1
1,1,1,16,0,0,0,0,0,0,True,1193,1,1,50,2,487,1
1,1,3,25,0,0,0,0,0,0,True,1193,2,1,50,2,487,1
2,0,3,28,0,2,558,0,0,0,True,1195,1,2,239,1,36,5
1,0,3,32,1,0,122,3700,337,1388,False,1197,1,1,45,1,689,2
3,0,1,28,0,42,1116,0,0,0,True,1198,1,4,427,2,690,3
2,0,1,16,0,0,0,752,0,235,False,1199,1,6,73,1,691,3
1,0,3,50,1,0,5473,0,703,6381,False,1203,1,1,51,2,692,3
2,0,1,20,0,71,8,513,354,0,False,1206,1,2,241,1,396,2
2,0,1,23,0,0,0,6,30,200,False,1208,1,4,178,1,693,1
2,1,1,45,0,0,0,0,0,0,True,1210,1,4,179,1,694,1
2,0,1,23,0,393,510,0,0,5,False,1210,2,4,179,1,694,2
2,1,2,53,0,0,0,0,0,0,False,1211,1,4,186,2,695,1
2,1,1,8,0,0,0,0,0,0,False,1211,2,4,186,2,695,2
2,1,1,6,0,0,0,0,0,0,True,1211,3,4,186,2,387,5
2,1,1,3,0,0,0,0,0,0,False,1211,4,4,186,2,387,2
2,0,3,13,0,1,212,843,78,10,True,1211,5,2,232,2,695,3
2,1,1,60,0,0,0,0,0,0,False,1211,6,4,186,2,695,3
2,0,3,1,0,0,0,0,0,0,True,1211,7,4,186,2,387,3
2,0,1,40,0,0,1,195,560,0,False,1212,1,4,180,1,696,2
2,0,1,51,0,0,0,800,0,4,True,1213,1,2,242,1,201,2
2,1,3,31,0,0,0,0,0,0,True,1214,1,4,181,1,570,2
2,1,1,28,0,0,0,0,0,0,True,1215,1,4,187,2,697,1
2,0,1,20,0,65,905,0,0,0,True,1216,1,4,182,1,698,4
2,0,1,14,0,0,0,0,2143,7,False,1218,1,2,243,1,699,2
1,0,1,23,0,0,592,0,345,810,False,1220,1,6,76,1,700,4
2,0,1,4,0,0,0,0,0,0,False,1221,1,4,188,2,701,0
2,0,1,20,0,0,0,0,1608,1,False,1221,2,6,87,2,701,2
2,0,1,75,0,0,493,0,131,132,False,1222,1,4,183,1,702,2
1,1,3,24,0,0,0,0,0,0,True,1223,1,8,48,2,703,1
2,0,1,18,0,2,1311,60,28,1,True,1225,1,2,244,1,704,1
3,1,1,21,0,0,0,0,0,0,True,1228,1,4,427,2,705,3
3,0,1,59,0,142,0,907,0,0,True,1228,2,6,89,2,705,1
2,0,1,27,0,0,0,863,33,2,True,1229,1,2,245,1,241,4
2,0,1,38,0,354,34,0,291,229,False,1230,1,4,189,2,390,2
3,1,1,41,0,0,0,0,0,0,False,1231,1,6,77,1,122,1
1,1,1,36,0,0,0,0,0,0,True,1232,1,8,49,2,459,1
1,0,3,29,0,0,42,0,4651,661,False,1232,2,8,49,2,459,1
2,1,2,22,0,0,0,0,0,0,True,1233,1,4,184,1,539,3
2,0,2,23,0,0,0,1250,0,0,True,1234,1,2,236,2,111,2
2,0,1,32,0,27,393,1061,27,0,True,1235,1,2,237,2,706,2
2,0,3,21,0,614,43,0,1,0,False,1236,1,2,246,1,707,3
1,0,1,26,0,0,1026,3301,831,356,True,1238,1,8,50,2,634,0
1,1,1,61,0,0,0,0,0,0,True,1238,2,1,53,2,905,1
2,0,2,30,0,585,13,122,40,105,True,1239,1,6,78,1,483,1
2,0,1,40,0,889,185,0,0,28,True,1240,1,2,238,2,708,3
1,0,3,37,0,0,4677,0,115,223,True,1242,1,8,48,1,709,0
1,0,1,41,0,0,4224,0,1374,1281,False,1243,1,3,9,1,710,0
1,0,1,32,0,8168,69,11,371,0,False,1243,2,3,9,1,711,0
2,0,1,30,0,0,192,0,565,0,False,1246,1,4,185,1,712,1
2,0,2,27,0,0,0,0,0,0,True,1248,1,2,239,2,452,1
2,0,1,22,0,0,17,0,61,567,False,1250,1,2,240,2,416,0
3,0,1,54,0,704,0,431,0,47,False,1254,1,7,44,2,713,1
3,0,1,27,0,4,0,896,229,0,False,1254,2,2,241,2,713,2
3,1,1,52,0,0,0,0,0,0,True,1255,1,2,242,2,429,2
3,1,1,15,0,0,0,0,0,0,True,1255,2,2,242,2,429,3
3,0,1,27,0,1277,0,1,10,9,False,1256,1,6,92,2,426,1
1,0,3,30,0,0,3628,289,1737,4987,False,1258,1,3,10,1,248,2
2,0,1,19,0,0,0,619,0,142,False,1259,1,2,243,2,328,2
2,1,2,22,0,0,0,0,0,0,True,1260,1,4,186,1,714,2
1,0,3,43,0,1365,3106,0,50,2313,False,1261,1,8,49,1,715,1
3,0,1,25,0,1084,1,66,0,5,False,1263,1,2,244,2,556,1
2,0,1,51,0,0,1,0,51,945,False,1264,1,6,79,1,716,2
2,1,2,34,0,0,0,0,0,0,True,1267,1,4,191,2,6,1
3,0,1,21,0,2066,0,15,0,1,False,1269,1,6,80,1,717,0
2,1,2,21,0,0,0,0,0,0,False,1271,1,4,189,1,98,0
2,0,1,23,0,0,0,0,759,0,False,1273,1,2,246,2,718,0
2,0,3,38,0,0,0,591,40,173,False,1274,1,2,254,1,632,0
2,1,1,30,0,0,0,0,0,0,False,1278,1,4,190,1,719,3
1,1,3,31,0,0,0,0,0,0,True,1279,1,8,50,1,720,0
2,0,2,44,0,0,178,482,0,0,True,1280,1,2,257,1,721,3
2,1,1,14,0,0,0,0,0,0,False,1281,1,4,193,2,722,0
2,1,2,18,0,0,0,0,0,0,False,1282,1,4,191,1,73,1
2,0,1,19,0,6,0,1,714,0,False,1283,1,4,194,2,221,3
3,1,1,27,0,0,0,0,0,0,True,1284,1,2,247,2,723,2
2,0,3,36,0,286,415,16,0,0,False,1285,1,2,258,1,557,3
3,1,1,10,0,0,0,0,0,0,True,1286,1,2,248,2,724,2
3,1,1,1,0,0,0,0,0,0,True,1287,1,2,259,1,254,1
3,1,3,4,0,0,0,0,0,0,True,1287,2,2,259,1,905,5
3,0,1,21,0,733,0,1084,1,43,False,1287,3,2,259,1,254,0
2,0,1,24,0,621,0,0,0,0,False,1288,1,4,192,1,354,1
2,0,1,8,0,0,0,0,0,0,False,1289,1,4,195,2,725,2
2,0,1,18,0,789,0,2,0,19,False,1289,2,4,195,2,725,1
3,0,1,33,0,1758,59,4,0,0,False,1291,1,2,260,1,726,2
1,0,3,31,1,0,27723,3,202,3146,True,1292,1,1,55,2,727,3
1,0,1,43,0,105,368,268,842,13,True,1292,2,1,55,2,727,1
2,0,1,20,0,213,0,0,0,584,False,1293,1,2,261,1,11,3
1,1,1,28,0,0,0,0,0,0,True,1294,1,3,14,2,728,1
1,1,2,30,0,0,0,0,0,0,True,1294,2,3,14,2,469,0
1,0,1,28,1,0,0,0,0,0,False,1294,3,3,14,2,728,0
2,0,1,19,0,68,0,0,719,0,False,1295,1,4,427,2,666,3
2,0,1,22,0,0,0,675,5,0,True,1299,1,2,250,2,32,0
2,0,3,27,0,1,299,1,380,13,False,1300,1,2,251,2,251,1
3,0,3,22,0,218,50,4817,146,256,True,1302,1,7,45,2,729,3
2,1,3,2,0,0,0,0,0,0,True,1304,1,6,82,1,730,2
2,0,1,4,0,0,0,0,0,0,False,1304,2,6,82,1,500,1
2,0,1,10,0,0,0,0,0,0,False,1304,3,6,82,1,730,2
2,0,1,9,0,0,0,0,0,0,True,1304,4,6,82,1,482,4
2,1,1,37,0,0,0,0,0,0,False,1304,5,6,82,1,482,2
2,0,2,2,0,0,0,0,0,0,True,1304,6,6,82,1,482,1
1,0,1,44,0,0,3863,1,1010,514,True,1306,1,1,56,2,731,2
1,0,3,11,0,0,0,0,0,0,True,1306,2,1,56,2,731,2
2,1,1,22,0,0,0,0,0,0,False,1307,1,4,193,1,580,3
1,1,3,40,0,0,0,0,0,0,True,1308,1,4,427,2,469,1
1,0,3,30,0,278,3300,0,8145,2519,False,1308,2,6,94,2,469,2
1,0,3,37,0,0,439,0,3198,6,False,1308,3,6,94,2,469,1
1,1,3,26,0,0,0,0,0,0,True,1308,4,6,94,2,469,2
2,0,1,19,0,0,4,109,0,671,True,1309,1,2,264,1,409,1
1,0,1,57,0,0,987,1,4948,53,False,1310,1,8,52,2,732,6
3,0,1,1,0,0,0,0,0,0,True,1311,1,2,265,1,49,1
3,0,1,17,0,948,47,292,0,0,False,1311,2,2,265,1,49,2
3,0,1,26,0,1946,4,4,0,623,False,1311,3,7,43,1,49,0
2,1,3,21,0,0,0,0,0,0,True,1312,1,4,194,1,322,3
1,1,1,28,0,0,0,0,0,0,True,1316,1,6,95,2,263,1
1,0,3,36,0,0,847,0,4664,89,False,1316,2,6,95,2,263,1
3,0,1,25,0,2508,0,23,0,67,False,1317,1,2,266,1,253,2
2,1,1,40,0,0,0,0,0,0,True,1322,1,4,196,1,733,0
2,1,3,23,0,0,0,0,0,0,True,1323,1,2,267,1,734,3
2,1,3,2,0,0,0,0,0,0,False,1324,1,4,199,2,735,3
2,0,3,10,0,0,0,0,0,0,False,1324,2,4,199,2,735,0
2,1,1,43,0,0,0,0,0,0,True,1324,3,4,199,2,735,1
2,1,1,0,0,0,0,0,0,0,True,1325,1,6,97,2,736,1
2,0,1,24,0,70,160,340,0,336,False,1325,2,6,97,2,736,3
2,1,1,42,0,0,0,0,0,0,True,1325,3,6,97,2,736,1
3,0,1,30,0,1450,0,0,0,1147,False,1326,1,2,257,2,737,1
3,0,1,19,0,1507,0,260,0,0,False,1326,2,2,257,2,737,2
2,1,1,26,0,0,0,0,0,0,False,1328,1,4,198,1,738,1
3,0,1,47,0,405,0,193,458,0,False,1330,1,7,46,2,24,3
3,0,1,28,0,120,8,1128,1,7,True,1330,2,7,46,2,739,2
2,1,2,24,0,0,0,0,0,0,True,1331,1,4,200,2,740,1
2,0,1,29,0,28,0,561,203,0,False,1332,1,6,98,2,741,1
2,0,2,32,0,0,486,0,229,26,False,1333,1,2,269,1,742,0
2,1,1,44,0,0,0,0,0,0,False,1335,1,4,199,1,32,1
2,1,1,17,0,0,0,0,0,0,True,1336,1,4,201,2,905,3
2,0,3,35,0,775,14,0,610,4,False,1337,1,2,258,2,743,3
2,1,1,23,0,0,0,0,0,0,False,1340,1,4,203,2,744,1
2,0,1,34,0,0,118,5,0,761,False,1342,1,4,200,1,745,1
2,0,1,25,0,1174,0,18,721,0,False,1345,1,2,260,2,257,1
2,0,1,67,0,0,761,0,1,0,True,1347,1,2,271,1,746,3
1,0,1,22,0,0,1531,0,369,2969,False,1348,1,1,57,2,747,1
1,1,1,27,0,0,0,0,0,0,True,1348,2,1,57,2,747,2
2,1,3,27,0,0,0,0,0,0,True,1350,1,4,206,2,748,4
2,0,1,14,0,1489,2,126,460,72,False,1350,2,2,261,2,748,1
2,0,2,42,0,491,106,8,202,0,False,1350,3,4,206,2,748,0
2,1,2,19,0,0,0,0,0,0,False,1350,4,4,206,2,748,1
2,0,1,22,0,0,0,0,0,0,False,1351,1,4,202,1,905,3
3,0,1,31,0,43,782,1,660,0,False,1352,1,2,272,1,749,1
3,0,1,10,0,0,0,0,0,0,True,1353,1,2,262,2,750,3
3,0,1,39,0,1535,0,340,0,723,False,1353,2,2,262,2,750,1
3,1,1,41,0,0,0,0,0,0,True,1353,3,2,262,2,750,2
3,0,1,0,0,0,0,0,0,0,True,1353,4,2,262,2,750,3
2,1,2,22,0,0,0,0,0,0,True,1355,1,4,203,1,751,0
2,0,1,21,0,0,39,0,310,539,False,1356,1,4,207,2,752,0
3,1,1,40,0,0,0,0,0,0,True,1357,1,7,48,2,753,1
2,0,1,25,0,0,997,0,0,0,True,1360,1,6,100,2,322,3
2,0,1,23,0,0,1268,0,119,2,False,1362,1,2,265,2,905,3
1,0,3,33,0,77,2381,0,3656,150,False,1365,1,1,58,2,754,1
1,1,1,20,0,0,0,0,0,0,True,1365,2,1,58,2,754,0
2,1,3,40,0,0,0,0,0,0,True,1366,1,4,206,1,755,3
2,1,1,27,0,0,0,0,0,0,False,1368,1,4,208,1,527,2
2,0,1,21,0,965,0,23,3,0,False,1370,1,6,102,2,756,2
3,0,1,25,0,591,466,0,0,0,False,1371,1,7,44,1,757,0
2,0,1,2,0,0,0,0,0,0,False,1375,1,4,208,2,145,1
2,0,1,19,0,0,3,946,0,0,False,1375,2,2,267,2,145,1
2,1,1,41,0,0,0,0,0,0,False,1376,1,4,211,1,186,2
1,0,1,43,0,0,2801,537,42,144,True,1377,1,8,52,1,758,1
2,0,1,19,0,245,41,550,0,0,False,1378,1,4,212,1,759,4
2,0,1,22,0,926,0,0,0,78,True,1378,2,2,275,1,759,3
2,0,1,16,0,0,30,0,769,4,False,1379,1,2,268,2,760,1
1,0,3,42,0,0,21,0,2735,3604,False,1380,1,8,53,2,761,1
2,1,2,20,0,0,0,0,0,0,True,1381,1,4,209,2,503,1
2,0,1,35,0,0,1125,429,0,55,False,1382,1,6,104,2,762,2
1,1,1,53,0,0,0,0,0,0,True,1383,1,7,49,2,763,1
2,0,1,17,0,21,0,690,260,5,False,1384,1,6,105,2,764,0
2,1,1,6,0,0,0,0,0,0,False,1384,2,4,210,2,764,1
2,0,1,22,0,0,442,0,0,368,True,1384,3,2,269,2,764,5
2,0,1,41,0,338,0,377,2,86,True,1384,4,2,269,2,764,2
2,0,1,19,0,189,510,0,0,0,True,1384,5,6,105,2,764,2
2,0,1,39,0,705,3,0,0,0,False,1385,1,4,213,1,765,3
2,1,1,23,0,0,0,0,0,0,True,1386,1,4,214,1,176,3
3,0,1,31,0,1088,0,280,0,0,False,1387,1,6,85,1,766,3
2,1,3,38,0,0,0,0,0,0,True,1389,1,4,212,2,767,1
2,1,2,1,0,0,0,0,0,0,True,1390,1,4,215,1,768,1
3,1,1,13,0,0,0,0,0,0,True,1391,1,2,276,1,769,3
3,0,1,21,0,1072,79,46,16,0,False,1391,2,2,276,1,769,5
3,0,1,44,0,485,2,210,0,351,False,1391,3,2,276,1,769,2
3,0,1,36,0,42,0,212,151,1853,False,1393,1,2,270,2,770,2
3,0,1,19,0,2058,0,224,298,19,False,1393,2,2,270,2,905,0
2,0,1,7,0,0,0,0,0,0,True,1395,1,4,214,2,742,2
2,0,1,39,0,386,190,0,489,0,False,1397,1,2,271,2,278,2
2,0,1,28,0,0,508,334,0,46,True,1398,1,4,216,1,771,1
2,0,1,28,0,0,0,529,560,60,False,1399,1,2,272,2,772,0
2,1,3,14,0,0,0,0,0,0,True,1400,1,4,217,1,616,0
2,0,1,18,0,0,0,599,59,152,False,1401,1,4,218,1,773,2
2,1,2,23,0,0,0,0,0,0,True,1402,1,4,215,2,774,4
2,1,3,33,0,0,0,0,0,0,True,1402,2,4,215,2,774,6
2,0,1,18,0,1656,0,0,0,0,False,1403,1,6,86,1,34,3
1,0,1,47,0,1,734,28,78,3471,False,1404,1,1,60,2,775,0
1,0,1,42,0,0,51,0,4170,13,False,1404,2,4,427,2,775,1
3,0,1,17,0,36,0,1013,0,0,False,1406,1,6,106,2,776,4
2,0,1,21,0,737,4,27,8,0,False,1407,1,2,278,1,765,1
2,0,2,17,0,8,222,3,401,0,True,1407,2,2,278,1,765,0
2,0,2,26,0,4,770,0,0,0,False,1408,1,4,216,2,570,0
2,0,1,23,0,0,567,896,0,122,False,1410,1,2,279,1,423,1
2,0,3,15,0,0,0,0,0,832,False,1412,1,4,217,2,777,1
2,1,2,18,0,0,0,0,0,0,False,1413,1,4,218,2,295,3
2,0,1,65,0,259,0,0,0,1916,False,1414,1,2,280,1,58,2
1,0,3,33,0,13,0,2011,17,32,True,1415,1,7,45,1,778,2
2,1,1,27,0,0,0,0,0,0,False,1416,1,4,219,1,779,0
1,0,1,41,0,0,184,0,1520,3358,False,1417,1,8,54,2,780,1
3,0,1,42,0,1381,0,1243,0,0,False,1419,1,2,273,2,441,2
3,1,1,27,0,0,0,0,0,0,False,1420,1,6,108,2,781,0
3,0,1,37,0,328,6153,0,26,820,False,1421,1,2,274,2,782,5
3,0,3,17,0,891,0,243,0,5,False,1421,2,2,274,2,782,3
1,1,1,24,0,0,0,0,0,0,True,1423,1,1,61,2,494,2
1,1,1,39,0,0,0,0,0,0,True,1423,2,1,61,2,494,4
1,1,3,59,0,0,0,0,0,0,True,1423,3,1,61,2,783,3
1,1,1,32,0,0,0,0,0,0,True,1424,1,1,47,1,255,1
1,0,3,29,0,2988,2147,0,0,1779,False,1424,2,1,47,1,255,6
1,0,1,8,0,0,0,0,0,0,True,1424,3,1,47,1,255,2
1,0,3,28,0,0,4380,0,692,0,True,1424,4,1,47,1,255,2
1,1,1,35,0,0,0,0,0,0,True,1424,5,1,47,1,255,3
2,0,1,24,0,711,0,0,59,57,False,1425,1,2,282,1,120,1
2,1,1,1,0,0,0,0,0,0,True,1425,2,4,220,1,120,5
2,1,1,4,0,0,0,0,0,0,True,1425,3,4,220,1,120,3
1,1,3,28,0,0,0,0,0,0,True,1426,1,7,46,1,637,2
3,1,1,46,0,0,0,0,0,0,True,1427,1,2,275,2,80,2
3,0,1,67,0,443,0,1721,250,2,False,1427,2,2,275,2,80,1
2,0,1,44,0,0,200,128,460,0,False,1428,1,6,109,2,784,2
2,0,1,14,0,360,0,2116,1,8,False,1430,1,2,283,1,227,7
2,0,1,23,0,0,0,4,0,965,True,1431,1,4,221,1,341,5
2,1,1,51,0,0,0,0,0,0,False,1433,1,4,219,2,785,4
2,0,1,20,0,0,258,331,133,0,False,1434,1,4,222,1,786,1
2,0,1,0,0,0,0,0,0,0,True,1434,2,4,427,2,786,0
2,1,1,0,0,0,0,0,0,0,False,1434,3,4,222,1,786,2
2,0,1,23,0,0,20,26,0,659,False,1435,1,4,223,1,699,1
2,0,1,24,0,181,224,0,195,191,False,1438,1,6,89,1,787,5
3,0,1,41,0,112,186,228,760,0,False,1439,1,2,279,2,788,1
3,0,1,30,0,806,100,9,0,47,False,1439,2,7,52,2,788,2
2,0,1,27,0,0,1826,39,11,649,False,1440,1,2,280,2,225,2
2,1,2,13,0,0,0,0,0,0,True,1442,1,4,220,2,623,3
2,1,1,16,0,0,0,0,0,0,True,1443,1,4,225,1,184,4
1,0,1,30,0,50,1248,0,1,912,True,1444,1,8,55,2,789,2
2,0,2,8,0,0,0,0,0,0,True,1445,1,4,221,2,790,1
2,0,1,59,0,0,0,0,0,755,False,1447,1,4,227,1,100,3
1,1,3,43,0,0,0,0,0,0,True,1450,1,7,53,2,791,3
1,0,3,30,0,0,138,0,5467,112,False,1450,2,7,53,2,791,1
1,0,3,46,0,202,484,0,3208,2485,False,1451,1,8,56,2,792,2
1,1,1,39,0,0,0,0,0,0,True,1451,2,8,56,2,792,2
1,0,1,21,0,5,251,10,26,3384,False,1452,1,8,53,1,793,5
1,1,1,70,0,0,0,0,0,0,True,1452,2,4,427,2,793,0
1,0,3,34,0,0,1646,0,51,1462,False,1452,3,8,53,1,793,3
1,0,1,33,0,0,774,0,6255,6,False,1452,4,8,53,1,793,2
1,1,3,44,0,0,0,0,0,0,True,1452,5,8,53,1,793,1
2,0,3,16,0,0,2838,32,5,3404,False,1453,1,4,229,1,794,0
2,0,1,63,0,3,801,0,0,5,True,1453,2,4,229,1,794,0
1,0,1,37,0,0,13561,15,4060,72,False,1454,1,7,54,2,795,1
1,1,3,29,0,0,0,0,0,0,True,1455,1,1,62,2,590,2
1,0,1,29,0,0,2509,0,16,698,True,1455,2,1,62,2,796,1
1,1,3,22,0,0,0,0,0,0,True,1455,3,1,62,2,590,0
1,0,1,26,0,0,533,2119,10,504,True,1455,4,1,62,2,590,4
1,0,3,76,0,0,2732,422,16594,330,False,1455,5,1,62,2,590,5
2,0,1,61,0,0,368,3,4422,0,False,1457,1,6,110,2,797,2
2,0,1,46,0,0,0,2020,323,0,False,1458,1,4,223,2,438,5
2,0,1,19,0,0,905,387,0,0,True,1460,1,2,285,1,798,1
2,1,2,13,0,0,0,0,0,0,True,1460,2,4,230,1,798,3
2,1,1,27,0,0,0,0,0,0,False,1461,1,4,224,2,409,0
2,1,1,30,0,0,0,0,0,0,True,1462,1,4,231,1,344,7
2,0,2,23,0,200,414,73,1,1,False,1463,1,2,282,2,905,1
2,0,2,63,0,356,287,0,0,248,False,1465,1,4,233,1,701,2
2,0,1,21,0,894,1,0,61,26,False,1467,1,6,111,2,418,2
3,1,1,32,0,0,0,0,0,0,True,1474,1,2,287,1,799,3
2,0,1,33,0,0,0,0,417,2372,False,1478,1,2,289,1,905,0
2,0,2,39,0,0,19,733,0,701,False,1478,2,2,289,1,520,3
3,1,1,49,0,0,0,0,0,0,True,1479,1,2,290,1,368,2
3,0,1,27,0,555,0,744,0,0,False,1481,1,6,91,1,800,1
2,0,1,16,0,92,1,884,0,0,False,1484,1,6,93,1,261,3
3,1,1,38,0,0,0,0,0,0,True,1485,1,2,291,1,801,2
3,1,1,42,0,0,0,0,0,0,True,1488,1,6,94,1,802,3
2,0,1,19,0,73,0,0,813,2,False,1489,1,4,229,2,803,2
1,0,3,26,0,0,304,0,3998,0,False,1490,1,7,47,1,804,0
2,0,3,32,0,0,0,0,817,8,True,1491,1,4,240,1,805,1
2,0,1,56,0,0,51,0,2,706,False,1491,2,2,292,1,805,1
2,0,1,0,0,0,0,0,0,0,True,1491,3,4,240,1,905,1
2,0,1,38,0,35,0,0,0,713,False,1493,1,2,285,2,372,1
2,0,1,30,0,0,495,0,0,153,False,1498,1,2,295,1,611,1
2,0,1,21,0,5,0,0,2,1061,False,1499,1,2,287,2,806,1
2,0,1,11,0,0,0,0,0,0,False,1500,1,4,230,2,170,2
2,0,1,3,0,0,0,0,0,0,False,1500,2,4,230,2,170,4
2,0,3,17,0,0,55,913,0,55,True,1500,3,4,230,2,736,2
2,0,3,35,0,0,0,0,0,0,True,1500,4,4,230,2,170,4
2,0,3,17,0,319,184,0,0,376,False,1500,5,2,288,2,736,1
2,1,1,0,0,0,0,0,0,0,True,1500,6,4,230,2,736,2
2,1,1,46,0,0,0,0,0,0,True,1500,7,4,230,2,736,2
2,0,1,63,0,0,216,0,594,0,False,1501,1,4,243,1,807,2
3,0,1,35,0,1890,0,497,1,0,False,1503,1,7,48,1,808,2
3,0,1,61,0,1114,0,68,0,0,False,1503,2,7,48,1,808,4
2,0,1,19,0,0,24,615,9,0,True,1506,1,2,298,1,2,0
2,0,1,43,0,0,0,1217,2,0,True,1507,1,2,289,2,905,2
2,0,1,14,0,1,1,683,419,0,False,1507,2,2,289,2,809,1
2,0,1,78,0,0,0,0,441,4,False,1507,3,4,231,2,809,1
2,0,1,21,0,398,490,0,0,0,False,1507,4,2,289,2,809,1
3,0,1,32,0,1240,0,58,0,0,False,1509,1,6,95,1,51,4
3,0,1,31,0,1226,0,1,0,0,False,1510,1,2,291,2,810,1
1,0,1,40,0,1006,0,0,284,329,True,1511,1,1,63,2,811,2
1,1,1,13,0,0,0,0,0,0,True,1511,2,1,63,2,812,4
1,0,1,36,0,0,2345,0,1966,27,False,1511,3,1,63,2,811,2
1,0,3,31,0,65,2121,0,6431,1,False,1511,4,1,63,2,812,3
2,0,1,18,0,765,0,13,0,0,False,1515,1,2,293,2,813,3
2,1,1,40,0,0,0,0,0,0,True,1520,1,4,235,2,483,5
3,1,1,28,0,0,0,0,0,0,True,1521,1,2,295,2,814,3
1,1,3,41,0,0,0,0,0,0,True,1523,1,1,64,2,675,1
1,1,1,35,0,0,0,0,0,0,True,1523,2,1,64,2,675,1
2,1,1,14,0,0,0,0,0,0,True,1524,1,4,236,2,815,1
3,0,1,20,0,539,1269,38,0,0,True,1525,1,2,299,1,816,1
2,0,3,23,0,4,0,2,254,521,False,1526,1,2,300,1,817,3
1,1,3,22,0,0,0,0,0,0,True,1527,1,7,49,1,818,1
1,0,1,25,0,0,0,0,0,0,True,1527,2,7,49,1,818,1
3,0,3,18,0,3992,673,1360,2,0,True,1528,1,7,50,1,819,1
1,0,2,25,1,0,7069,0,45,282,True,1529,1,3,16,2,820,2
1,0,1,30,0,0,0,0,0,0,True,1529,2,3,16,2,820,1
2,0,1,46,0,0,0,533,277,0,False,1531,1,4,237,2,821,4
1,0,1,27,0,0,31,0,1,11378,False,1532,1,1,65,2,822,2
2,0,1,53,0,1015,0,0,0,1,False,1533,1,4,244,1,384,1
3,1,1,21,0,0,0,0,0,0,True,1536,1,2,297,2,823,1
1,0,3,32,0,54,3782,0,21,5,True,1539,1,3,17,2,585,2
1,0,1,32,0,1,470,0,1440,2114,False,1540,1,8,55,1,824,0
1,0,1,33,1,0,7139,22,0,553,True,1540,2,8,55,1,824,1
1,0,1,26,0,0,170,0,3718,0,False,1540,3,8,55,1,824,3
2,0,1,47,0,12,7,0,720,0,True,1541,1,2,298,2,825,2
3,0,1,13,0,7172,0,157,20,0,False,1542,1,2,299,2,826,5
1,1,3,34,0,0,0,0,0,0,True,1543,1,8,56,1,827,0
2,0,1,21,0,9,0,0,0,800,False,1544,1,4,245,1,41,1
3,0,1,20,0,206,0,629,67,523,True,1545,1,4,427,2,268,1
2,0,1,21,0,163,0,661,32,0,False,1547,1,2,301,2,828,2
1,1,3,51,0,0,0,0,0,0,True,1548,1,1,50,1,829,3
1,1,1,18,0,0,0,0,0,0,True,1548,2,1,50,1,830,2
1,0,1,26,0,1,230,0,42,4030,False,1550,1,8,58,2,831,2
1,0,3,53,1,5022,2376,0,0,235,False,1550,2,4,427,2,831,4
1,0,1,30,0,0,1376,43,0,1460,True,1551,1,6,96,1,827,1
2,1,1,37,0,0,0,0,0,0,False,1552,1,4,240,2,832,2
1,0,1,45,0,0,1389,0,2987,0,False,1555,1,3,18,2,593,1
2,0,1,62,0,877,15,0,0,1,False,1558,1,4,247,1,833,2
2,0,1,38,0,0,1,45,0,837,False,1560,1,4,242,2,834,1
2,0,3,24,0,1030,0,0,0,1122,False,1561,1,2,305,1,835,4
2,0,1,18,0,341,0,332,102,0,False,1562,1,2,306,1,836,3
3,1,1,23,0,0,0,0,0,0,False,1564,1,2,303,2,837,1
2,0,2,16,0,0,1519,0,0,766,False,1565,1,2,304,2,446,3
1,1,1,37,0,0,0,0,0,0,True,1567,1,1,53,1,838,0
2,0,1,22,0,1018,100,0,9,0,False,1568,1,4,427,2,839,0
2,1,2,18,0,0,0,0,0,0,True,1568,2,4,248,1,839,1
3,1,1,25,0,0,0,0,0,0,True,1569,1,2,308,1,840,1
2,0,1,26,0,758,17,11,0,0,False,1572,1,4,249,1,117,1
2,0,1,25,0,4,0,146,723,0,False,1572,2,2,309,1,841,3
3,0,1,55,0,938,0,82,0,162,False,1573,1,7,56,2,28,4
3,0,1,28,0,641,0,372,0,16,False,1576,1,6,97,1,565,4
2,0,1,23,0,0,169,0,0,0,True,1577,1,2,310,1,403,1
2,0,1,22,0,0,24,0,176,783,False,1578,1,6,98,1,842,2
2,0,3,26,0,333,1819,0,1,0,True,1579,1,2,311,1,623,1
2,0,1,13,0,0,0,8,0,714,False,1580,1,4,246,2,505,3
2,0,1,18,0,428,0,36,0,424,False,1580,2,4,246,2,505,0
3,1,1,38,0,0,0,0,0,0,True,1581,1,2,312,1,843,3
3,1,1,28,0,0,0,0,0,0,True,1581,2,4,427,2,843,3
2,0,1,57,0,433,0,0,371,0,False,1584,1,2,314,1,844,1
2,1,1,0,0,0,0,0,0,0,False,1584,2,4,251,1,844,1
2,1,1,18,0,0,0,0,0,0,True,1585,1,4,252,1,845,2
1,1,1,25,0,0,0,0,0,0,True,1588,1,6,99,1,846,0
1,0,3,35,0,0,17394,0,724,0,True,1588,2,6,99,1,846,4
1,0,1,37,0,0,1336,2,12,7,True,1590,1,7,57,2,847,0
1,0,3,33,0,0,26,1,33,2439,False,1590,2,7,57,2,847,1
1,0,1,35,0,305,3621,0,320,341,True,1592,1,8,60,2,848,2
1,0,3,47,0,16,2127,1487,0,196,True,1592,2,8,60,2,848,1
2,0,1,23,0,5,51,0,732,0,False,1593,1,6,114,2,247,4
2,0,1,27,0,0,3,0,2,923,True,1594,1,4,253,1,371,0
1,0,3,27,0,0,4342,0,0,36,True,1595,1,8,57,1,849,0
1,1,1,23,0,0,0,0,0,0,True,1596,1,1,54,1,850,3
2,1,1,31,0,0,0,0,0,0,True,1597,1,4,254,1,281,5
1,1,1,19,0,0,0,0,0,0,True,1599,1,8,58,1,637,2
1,1,3,53,0,0,0,0,0,0,True,1599,2,8,58,1,637,0
2,0,1,37,0,22,5,0,747,0,False,1601,1,4,255,1,851,1
2,0,1,18,0,0,0,0,2681,55,False,1602,1,2,307,2,852,1
2,0,1,42,0,0,594,0,0,119,False,1603,1,2,317,1,249,1
2,1,1,7,0,0,0,0,0,0,True,1603,2,4,256,1,249,3
2,0,3,7,0,0,0,0,0,0,True,1603,3,4,256,1,249,1
2,0,1,24,0,2,3,0,616,161,False,1604,1,4,257,1,853,1
1,0,1,20,0,13,817,0,1435,22,True,1606,1,6,116,2,465,1
2,0,1,24,0,1158,193,798,2,0,False,1608,1,2,319,1,854,0
2,0,1,42,0,0,865,0,0,44,True,1611,1,4,248,2,416,1
1,0,1,49,0,0,3750,0,2,341,True,1612,1,6,101,1,855,2
1,1,1,47,0,0,0,0,0,0,True,1612,2,6,101,1,855,2
2,0,3,16,0,825,9,0,0,42,False,1613,1,4,427,2,152,0
3,0,1,26,1,432,0,965,35,0,False,1614,1,2,321,1,340,2
2,0,1,24,0,0,0,6,685,0,False,1615,1,2,322,1,856,3
2,1,1,38,0,0,0,0,0,0,True,1615,2,4,259,1,857,0
2,0,1,0,0,0,0,0,0,0,True,1615,3,4,259,1,856,0
3,0,2,37,0,295,1575,19,515,0,False,1617,1,7,53,1,141,4
2,1,1,39,0,0,0,0,0,0,True,1619,1,4,249,2,858,2
2,0,3,25,0,553,0,1,239,8,True,1621,1,2,308,2,859,3
2,0,2,25,0,172,129,41,0,341,False,1621,2,2,308,2,859,1
3,1,1,35,0,0,0,0,0,0,True,1622,1,2,323,1,860,1
2,1,2,0,0,0,0,0,0,0,True,1624,1,4,250,2,736,3
2,0,3,46,0,612,0,62,0,0,True,1624,2,4,250,2,736,1
2,0,1,4,0,0,0,0,0,0,True,1624,3,4,250,2,736,5
1,1,3,19,0,0,0,0,0,0,True,1625,1,8,59,1,861,5
1,0,1,29,0,0,930,0,2113,98,False,1625,2,8,59,1,861,4
2,0,1,19,0,0,9,0,0,1,False,1626,1,2,324,1,664,3
1,1,1,47,0,0,0,0,0,0,True,1628,1,1,71,2,862,1
2,1,2,1,0,0,0,0,0,0,True,1630,1,4,252,2,863,3
2,1,1,4,0,0,0,0,0,0,False,1630,2,4,252,2,863,3
2,0,1,37,0,0,27,11,732,5,False,1630,3,2,309,2,863,1
2,0,1,61,0,1215,32,0,0,362,False,1631,1,6,118,2,864,2
1,1,1,32,0,0,0,0,0,0,True,1632,1,8,62,2,865,0
2,1,1,4,0,0,0,0,0,0,True,1633,1,4,261,1,844,1
2,1,1,16,0,0,0,0,0,0,True,1633,2,4,261,1,844,4
2,1,3,25,0,0,0,0,0,0,False,1634,1,4,253,2,866,3
2,0,1,22,0,1300,0,0,0,1134,False,1635,1,2,325,1,867,2
2,0,1,41,0,139,666,6,71,25,False,1636,1,4,254,2,67,1
2,1,1,25,0,0,0,0,0,0,True,1637,1,4,255,2,868,1
2,0,1,19,0,414,0,66,307,0,False,1638,1,6,119,2,869,2
2,0,1,21,0,305,0,1,618,2,True,1640,1,4,262,1,714,1
2,0,3,14,0,0,2,0,0,794,False,1644,1,2,327,1,455,2
2,1,3,18,0,0,0,0,0,0,False,1645,1,4,427,2,870,3
2,0,1,34,0,0,0,885,0,0,True,1646,1,4,264,1,871,4
2,0,1,33,0,954,0,10,3,2,False,1647,1,2,328,1,872,0
2,1,3,14,0,0,0,0,0,0,False,1649,1,4,265,1,858,0
2,1,3,28,0,0,0,0,0,0,True,1650,1,4,258,2,278,2
2,1,2,43,0,0,0,0,0,0,False,1651,1,4,266,1,873,2
2,0,3,3,0,0,0,0,0,0,True,1651,2,4,266,1,874,0
2,1,2,0,0,0,0,0,0,0,True,1651,3,4,266,1,873,1
1,0,1,47,0,4,1303,830,774,2,False,1653,1,3,19,2,711,2
2,0,1,28,0,3202,0,0,0,5,False,1655,1,4,427,2,854,2
2,0,1,40,0,0,807,0,0,0,True,1655,2,2,310,2,854,2
2,0,1,17,0,1,160,37,0,0,False,1656,1,2,311,2,307,2
2,0,1,21,0,0,0,218,109,5321,False,1657,1,4,267,1,875,3
3,0,1,27,0,1150,0,6,4,0,True,1658,1,2,312,2,876,1
2,0,1,41,0,0,82,3,0,718,False,1659,1,2,313,2,659,0
2,0,1,20,0,0,1,0,905,0,False,1660,1,6,122,2,166,4
1,0,1,56,0,0,0,0,0,0,False,1661,1,3,20,2,877,1
1,0,1,57,0,0,62,0,2136,178,False,1661,2,3,20,2,878,5
1,1,1,48,0,0,0,0,0,0,True,1661,3,3,20,2,877,0
1,0,1,37,0,0,2390,0,1306,0,False,1661,4,3,20,2,877,1
2,0,2,20,0,127,0,0,542,0,False,1662,1,2,314,2,879,2
2,1,2,36,0,0,0,0,0,0,True,1663,1,4,268,1,880,6
1,0,1,38,0,158,787,2820,0,86,True,1666,1,7,59,2,881,1
2,0,1,22,0,2,0,6,101,536,False,1668,1,2,316,2,882,1
3,0,1,31,0,2436,0,147,16,0,False,1669,1,2,317,2,883,2
3,1,1,0,0,0,0,0,0,0,True,1669,2,2,317,2,883,1
3,0,3,21,0,1481,0,881,0,0,False,1669,3,2,317,2,143,2
2,0,1,49,0,0,67,213,2,1442,False,1670,1,4,269,1,787,0
2,1,1,44,0,0,0,0,0,0,False,1670,2,4,269,1,787,1
1,0,3,27,0,0,859,0,6704,64,False,1671,1,1,73,2,240,1
2,0,1,29,0,7,0,0,797,0,False,1672,1,2,318,2,884,4
2,0,3,16,0,876,0,5,1,16,False,1673,1,2,330,1,885,1
2,1,2,20,0,0,0,0,0,0,False,1674,1,4,260,2,905,2
2,1,1,26,0,0,0,0,0,0,False,1676,1,4,270,1,228,3
2,0,1,19,0,5,87,0,0,0,False,1677,1,6,103,1,251,0
2,0,1,34,0,1,89,0,793,0,False,1681,1,4,261,2,886,1
3,1,1,38,0,0,0,0,0,0,True,1682,1,2,331,1,345,3
2,0,3,51,0,0,260,91,0,264,False,1685,1,4,427,2,887,3
2,0,3,7,0,0,0,0,0,0,False,1685,2,4,272,1,887,1
2,1,1,3,0,0,0,0,0,0,True,1685,3,4,272,1,887,0
3,0,1,26,1,714,450,208,0,44,False,1687,1,2,334,1,888,0
2,0,1,27,0,233,554,0,0,0,False,1688,1,6,124,2,636,0
2,1,1,7,0,0,0,0,0,0,False,1688,2,4,427,2,636,5
2,1,1,19,0,0,0,0,0,0,True,1688,3,4,262,2,636,1
2,0,1,28,0,0,26,88,5,754,False,1690,1,2,335,1,889,4
3,0,1,27,0,3482,1234,1155,0,0,False,1691,1,2,321,2,890,3
2,1,2,31,0,0,0,0,0,0,True,1694,1,4,263,2,600,2
2,0,1,26,0,324,0,201,2,256,False,1695,1,4,264,2,891,1
1,0,1,43,0,0,760,17,15331,427,False,1696,1,1,55,1,892,1
2,0,1,23,0,0,13,0,773,0,False,1697,1,4,274,1,693,1
2,1,2,14,0,0,0,0,0,0,True,1698,1,6,125,2,49,0
2,0,3,47,0,0,574,0,0,68,True,1699,1,2,336,1,893,2
1,1,1,17,0,0,0,0,0,0,True,1700,1,1,74,2,675,1
1,0,1,64,0,0,4,0,6200,622,False,1700,2,1,74,2,675,1
3,0,1,13,0,1112,0,687,0,3,False,1704,1,7,60,2,713,1
3,0,3,18,0,86,1164,516,0,0,True,1704,2,7,60,2,894,1
3,0,1,29,1,0,0,0,0,0,False,1705,1,6,126,2,895,1
2,0,2,70,0,0,3,1,2,1290,False,1708,1,2,338,1,896,2
3,0,1,23,0,31,0,1247,0,47,False,1709,1,2,326,2,897,2
3,0,1,23,0,2210,0,89,0,0,True,1709,2,7,61,2,897,4
3,0,1,35,0,1313,0,24,0,1,False,1709,3,4,427,2,897,1
3,0,1,17,0,1744,0,136,8,8,False,1709,4,6,127,2,897,1
3,1,1,26,0,0,0,0,0,0,True,1709,5,2,326,2,897,0
3,0,1,15,0,1554,0,646,20,1241,False,1709,6,7,61,2,897,0
3,0,1,19,0,285,54,1246,102,0,False,1709,7,2,326,2,897,5
2,1,2,20,0,0,0,0,0,0,True,1710,1,4,276,1,760,0
2,0,1,51,0,437,244,908,825,0,False,1711,1,2,327,2,905,1
3,0,1,17,0,139,0,959,21,0,False,1712,1,2,339,1,905,2
3,0,1,27,0,103,1,49,2421,24,False,1712,2,2,339,1,397,6
2,0,1,43,0,84,726,2,0,0,False,1713,1,4,277,1,898,4
2,0,1,5,0,0,0,0,0,0,False,1714,1,4,265,2,899,4
2,1,1,17,0,0,0,0,0,0,False,1715,1,4,266,2,900,1
2,0,1,40,0,813,0,473,236,0,True,1717,1,6,105,1,901,1
2,0,1,38,0,4,0,0,0,1679,False,1717,2,6,105,1,645,0
2,1,1,20,0,0,0,0,0,0,True,1718,1,4,427,2,902,3
2,1,1,13,0,0,0,0,0,0,False,1719,1,4,278,1,247,5
2,0,1,15,0,320,36,5,0,640,False,1721,1,2,341,1,875,1
2,0,1,15,0,852,0,0,135,0,False,1723,1,6,128,2,630,1
1,0,3,59,0,8,1563,0,73,31,True,1724,1,3,21,2,279,0
2,0,1,24,0,0,201,0,0,603,False,1725,1,2,328,2,30,4
3,1,1,27,0,0,0,0,0,0,True,1727,1,2,342,1,903,2
3,0,3,52,0,1279,0,1061,359,0,False,1727,2,7,54,1,903,4
2,0,1,38,0,553,0,0,87,243,False,1728,1,4,280,1,904,5
2,0,1,26,0,21,0,499,568,0,True,1729,1,2,343,1,245,0
2,0,3,17,0,68,0,0,0,795,True,1730,1,6,106,1,905,2
2,1,2,17,0,0,0,0,0,0,True,1731,1,4,281,1,60,2
2,0,3,20,0,1,808,0,0,0,True,1731,2,4,281,1,60,2
2,0,1,15,0,1336,108,0,0,0,False,1733,1,2,344,1,218,3
2,1,1,30,0,0,0,0,0,0,True,1734,1,4,283,1,906,1
2,1,2,22,0,0,0,0,0,0,False,1736,1,4,284,1,907,0
2,0,1,18,0,0,0,19,467,0,False,1738,1,6,129,2,908,3
2,1,3,22,0,0,0,0,0,0,True,1738,2,4,268,2,908,2
2,1,2,20,0,0,0,0,0,0,True,1739,1,4,269,2,410,2
2,0,1,22,0,762,13,10,0,0,False,1740,1,4,270,2,416,3
3,0,2,34,1,49,478,387,0,0,False,1742,1,7,55,1,68,3
1,0,1,28,0,0,1310,0,221,6064,False,1745,1,6,130,2,905,1
3,1,1,50,0,0,0,0,0,0,True,1746,1,2,331,2,205,2
2,0,3,19,0,0,0,496,13,0,True,1747,1,4,271,2,4,4
2,0,1,21,0,0,0,0,2,807,False,1748,1,4,287,1,839,6
2,0,1,0,0,0,0,0,0,0,False,1748,2,4,287,1,839,2
2,0,1,4,0,0,0,0,0,0,True,1748,3,4,287,1,839,2
2,1,2,59,0,0,0,0,0,0,False,1749,1,4,288,1,909,3
2,0,3,15,0,1006,1,0,0,308,True,1752,1,2,333,2,600,1
2,1,1,24,0,0,0,0,0,0,True,1753,1,4,272,2,238,0
2,1,1,26,0,0,0,0,0,0,False,1755,1,4,273,2,851,0
2,0,1,67,0,26,809,0,39,26,False,1757,1,2,334,2,910,0
2,0,1,55,0,587,0,0,318,3,False,1758,1,4,274,2,645,0
2,0,1,50,0,742,21,10,26,4,False,1760,1,2,336,2,911,0
2,0,3,23,0,145,490,17,49,1,False,1761,1,2,347,1,578,2
2,0,2,21,0,2400,7,0,20,0,True,1762,1,6,132,2,912,1
2,0,1,15,0,104,0,0,174,253,False,1762,2,4,275,2,912,0
1,0,1,41,0,0,3240,0,59,0,True,1763,1,6,133,2,913,1
3,1,1,59,0,0,0,0,0,0,True,1764,1,2,337,2,914,2
3,0,1,18,0,0,0,0,0,0,False,1764,2,6,134,2,914,2
2,0,3,21,0,112,0,0,0,1333,False,1766,1,2,338,2,120,2
1,1,3,14,0,0,0,0,0,0,True,1767,1,8,65,2,915,5
1,0,1,50,0,3677,782,0,6,1168,True,1767,2,8,65,2,916,1
1,0,1,32,0,2973,3368,124,57,42,True,1767,3,8,65,2,915,1
1,1,1,46,0,0,0,0,0,0,True,1767,4,8,65,2,915,1
2,0,1,27,0,0,24,0,732,0,False,1768,1,4,276,2,917,5
3,1,1,58,0,0,0,0,0,0,True,1769,1,2,339,2,918,3
1,1,3,15,0,0,0,0,0,0,True,1770,1,1,75,2,919,1
2,0,1,35,0,0,338,436,0,0,True,1771,1,4,291,1,166,1
3,0,1,30,0,1220,0,49,39,0,False,1772,1,2,348,1,920,2
3,1,1,30,0,0,0,0,0,0,True,1774,1,6,135,2,921,2
2,0,1,43,0,0,0,870,0,14,True,1775,1,4,277,2,93,6
2,0,1,21,0,0,0,809,0,0,False,1776,1,4,278,2,620,1
2,1,2,15,0,0,0,0,0,0,False,1778,1,4,279,2,922,1
2,0,3,37,0,164,603,0,0,11,True,1779,1,2,349,1,923,1
1,0,3,28,0,0,11026,0,0,12,True,1781,1,8,66,2,924,4
2,1,1,28,0,0,0,0,0,0,False,1782,1,4,427,2,238,2
2,0,1,40,0,596,0,135,73,0,False,1782,2,2,341,2,238,1
2,0,3,42,0,28,0,0,0,591,False,1783,1,4,281,2,925,2
2,1,2,21,0,0,0,0,0,0,False,1783,2,4,281,2,925,1
3,1,3,31,0,0,0,0,0,0,False,1785,1,6,107,1,926,2
2,0,1,51,0,28,94,0,34,638,False,1786,1,2,342,2,230,1
3,0,1,73,0,27,2,71,1208,0,False,1792,1,2,352,1,927,4
1,1,1,26,0,0,0,0,0,0,True,1796,1,8,67,2,928,2
1,1,3,33,0,0,0,0,0,0,True,1797,1,1,57,1,929,1
2,0,1,39,0,1,275,33,376,105,False,1798,1,6,137,2,930,4
2,0,1,19,0,5,639,0,84,180,False,1799,1,4,295,1,931,4
2,0,3,12,0,0,0,0,0,0,True,1800,1,4,283,2,932,3
2,1,3,10,0,0,0,0,0,0,False,1800,2,4,283,2,932,0
2,1,1,0,0,0,0,0,0,0,False,1800,3,4,283,2,932,0
2,0,1,0,0,0,0,0,0,0,True,1800,4,4,283,2,25,1
2,1,1,1,0,0,0,0,0,0,True,1800,5,4,283,2,932,5
2,0,1,33,0,0,0,2,787,1,False,1802,1,6,109,1,17,1
2,0,3,23,0,0,169,0,553,0,False,1803,1,2,354,1,821,4
3,1,1,5,0,0,0,0,0,0,True,1804,1,2,355,1,933,1
2,1,1,24,0,0,0,0,0,0,True,1805,1,4,284,2,347,0
3,0,1,26,0,0,0,0,0,0,False,1806,1,6,138,2,934,4
1,0,3,30,0,0,3722,4,140,4045,False,1807,1,1,58,1,935,0
2,0,1,33,0,0,763,8,2,30,False,1808,1,2,346,2,387,3
3,0,1,56,0,4694,0,2661,51,0,False,1810,1,2,356,1,936,1
2,1,2,25,0,0,0,0,0,0,True,1811,1,4,285,2,608,2
2,0,1,27,0,928,20,0,0,0,False,1811,2,2,347,2,608,1
2,0,1,25,0,9,852,73,12,57,True,1812,1,2,357,1,937,2
2,0,3,18,0,0,0,454,0,263,False,1813,1,2,358,1,938,2
1,0,1,60,1,1891,640,0,360,52,True,1816,1,8,68,2,939,2
1,0,1,41,0,0,2334,1,6,23,True,1816,2,8,68,2,940,5
2,0,2,16,0,112,0,38,77,443,False,1817,1,2,349,2,527,5
2,1,1,17,0,0,0,0,0,0,True,1818,1,4,297,1,391,2
2,0,1,26,0,0,4,361,0,19,False,1821,1,4,298,1,941,0
2,0,1,31,0,2,811,0,0,0,True,1822,1,4,299,1,258,0
2,0,1,67,0,143,68,496,182,9,True,1823,1,4,427,2,942,0
2,0,3,16,0,0,231,569,2,0,False,1826,1,2,351,2,943,0
2,0,3,24,0,0,94,1,56,427,False,1827,1,2,352,2,580,1
2,0,1,19,0,0,1333,3,624,254,True,1828,1,2,361,1,944,0
1,0,3,48,0,0,3578,80,123,0,True,1829,1,7,56,1,905,2
1,0,1,30,0,1,6398,0,2,295,True,1829,2,7,56,1,824,5
1,0,1,22,0,0,8882,21,2204,19,True,1829,3,7,56,1,824,2
1,0,1,28,1,0,4424,3,207,1572,True,1829,4,7,56,1,945,1
1,1,3,23,0,0,0,0,0,0,True,1829,5,7,56,1,946,2
1,0,1,29,0,0,699,0,0,1955,False,1829,6,7,56,1,946,0
2,1,1,22,0,0,0,0,0,0,False,1831,1,4,288,2,109,2
1,0,3,48,0,140,127,0,4102,521,False,1833,1,8,61,1,947,3
3,0,1,26,0,17,0,1582,0,0,True,1834,1,2,354,2,905,4
2,0,1,23,0,1639,1218,0,1,0,True,1836,1,2,362,1,948,3
2,0,1,55,0,1104,0,0,0,0,False,1841,1,2,365,1,949,1
1,0,1,46,0,2249,153,137,0,194,False,1843,1,6,112,1,950,1
2,0,2,38,0,0,0,0,0,1381,False,1844,1,2,355,2,951,1
2,1,1,2,0,0,0,0,0,0,True,1844,2,4,289,2,951,1
2,1,1,3,0,0,0,0,0,0,True,1844,3,4,289,2,951,4
2,0,1,20,0,0,0,0,788,16,False,1846,1,2,366,1,952,2
2,0,1,65,0,5,317,0,0,123,False,1847,1,4,290,2,867,2
2,0,1,27,0,181,0,2,0,663,False,1848,1,4,291,2,699,2
2,0,1,25,0,113,0,0,1282,0,False,1849,1,2,367,1,953,1
2,0,2,54,0,0,316,257,0,0,False,1850,1,2,356,2,954,0
2,0,3,25,0,0,0,1,735,25,False,1850,2,2,356,2,954,3
2,1,1,14,0,0,0,0,0,0,True,1853,1,4,302,1,636,4
1,0,3,53,0,0,13527,0,0,771,True,1854,1,3,22,2,955,4
2,1,1,0,0,0,0,0,0,0,True,1855,1,4,303,1,956,2
2,0,1,39,0,0,43,864,0,85,False,1855,2,6,113,1,956,1
2,0,1,22,0,8,710,0,27,0,True,1856,1,2,368,1,797,3
3,0,3,31,0,120,0,657,52,0,False,1857,1,7,63,2,572,3
3,1,1,24,0,0,0,0,0,0,True,1859,1,2,357,2,643,1
1,0,1,35,1,0,1,0,0,3156,False,1860,1,3,13,1,957,1
1,0,3,35,0,95,3441,0,391,318,False,1860,2,3,13,1,957,3
3,1,1,32,0,0,0,0,0,0,True,1861,1,2,358,2,958,3
3,0,1,61,0,953,415,974,0,133,False,1861,2,2,358,2,958,1
2,0,3,58,0,14,0,1081,0,0,True,1863,1,2,370,1,73,3
3,0,1,26,0,1752,22,0,4,0,False,1864,1,7,64,2,959,3
2,1,1,4,0,0,0,0,0,0,False,1865,1,4,292,2,661,0
2,0,1,1,0,0,0,0,0,0,False,1865,2,4,292,2,661,4
2,0,1,8,0,0,0,0,0,0,True,1865,3,4,292,2,960,1
2,0,1,7,0,0,0,0,0,0,False,1865,4,4,292,2,905,4
2,0,1,25,0,0,60,0,646,1115,False,1865,5,4,292,2,661,0
2,0,1,6,0,0,0,0,0,0,False,1865,6,4,292,2,661,1
2,0,1,29,0,0,0,0,0,865,False,1866,1,2,371,1,620,0
3,1,1,64,0,0,0,0,0,0,True,1868,1,2,372,1,894,4
1,0,1,31,0,0,1983,0,172,52,True,1871,1,8,70,2,314,3
3,1,1,25,0,0,0,0,0,0,False,1872,1,6,139,2,599,4
2,1,1,30,0,0,0,0,0,0,True,1873,1,4,293,2,961,1
2,1,1,0,0,0,0,0,0,0,False,1874,1,4,305,1,366,5
2,0,2,29,0,0,0,0,486,1479,False,1874,2,2,374,1,366,1
2,0,1,37,0,28,25,26,806,3,False,1877,1,4,306,1,962,4
2,0,1,49,0,0,0,0,724,0,False,1878,1,2,375,1,963,1
1,0,1,36,0,0,583,1789,19,1009,False,1879,1,7,58,1,171,4
2,0,3,20,0,470,128,0,0,9,False,1880,1,2,376,1,964,1
2,0,1,20,0,2215,0,0,86,0,True,1881,1,2,377,1,965,5
1,0,3,18,0,0,16263,72,0,15,True,1882,1,8,71,2,966,3
1,1,3,17,0,0,0,0,0,0,True,1882,2,4,427,2,966,1
3,1,1,48,0,0,0,0,0,0,False,1884,1,6,140,2,312,4
2,0,1,26,0,0,3,176,611,0,False,1886,1,6,141,2,125,3
2,0,1,35,0,0,88,718,46,0,False,1887,1,4,295,2,967,5
2,0,1,30,0,116,0,0,728,29,True,1888,1,2,361,2,968,0
2,0,1,22,0,0,0,22,0,702,False,1889,1,2,378,1,63,2
2,1,1,5,0,0,0,0,0,0,False,1889,2,4,307,1,63,1
2,1,3,43,0,0,0,0,0,0,False,1890,1,4,308,1,886,4
3,1,1,52,0,0,0,0,0,0,False,1891,1,6,142,2,905,0
1,0,1,50,0,5,809,0,309,731,True,1892,1,7,59,1,496,2
1,0,1,29,0,4,841,0,363,1107,True,1892,2,4,427,2,969,1
1,0,3,19,0,0,748,158,5037,44,False,1892,3,7,59,1,969,4
1,0,3,39,0,0,10153,1,78,5063,True,1897,1,8,72,2,970,1
1,0,1,38,0,0,354,0,1806,0,True,1897,2,8,72,2,970,5
2,1,3,21,0,0,0,0,0,0,False,1898,1,4,296,2,971,3
2,0,2,25,0,11,44,397,0,0,False,1899,1,4,297,2,905,3
1,1,3,42,0,0,0,0,0,0,True,1901,1,3,14,1,40,1
1,1,3,36,0,0,0,0,0,0,True,1901,2,3,14,1,40,0
2,0,1,19,0,42,0,345,1431,0,False,1902,1,4,298,2,78,3
2,1,1,42,0,0,0,0,0,0,False,1903,1,4,309,1,972,2
2,0,3,40,0,1465,39,0,0,1225,False,1905,1,2,364,2,416,3
2,1,1,14,0,0,0,0,0,0,False,1906,1,4,299,2,973,1
1,0,1,50,0,0,1810,0,126,247,False,1907,1,7,60,1,974,2
3,0,1,18,0,1218,0,34,1095,0,False,1908,1,6,115,1,975,1
2,0,1,46,0,8,652,0,5,90,False,1911,1,4,300,2,786,0
2,0,1,27,0,0,51,0,37,704,False,1915,1,6,116,1,741,0
1,1,1,15,0,0,0,0,0,0,True,1916,1,7,61,1,976,3
1,0,3,22,0,1744,79,0,12,1514,False,1916,2,7,61,1,905,5
1,1,1,0,0,0,0,0,0,0,False,1918,1,3,23,2,977,2
1,1,1,52,0,0,0,0,0,0,True,1918,2,3,23,2,977,3
1,0,1,38,0,34,2043,0,1339,0,True,1918,3,3,23,2,977,2
3,0,1,46,0,731,0,288,0,2,False,1920,1,6,117,1,978,4
2,1,3,23,0,0,0,0,0,0,False,1922,1,4,303,2,937,3
1,0,1,63,0,0,4286,18,4,872,True,1923,1,8,65,1,979,3
1,1,3,24,0,0,0,0,0,0,True,1923,2,8,65,1,979,1
2,1,1,50,0,0,0,0,0,0,False,1925,1,4,304,2,687,1
2,1,1,20,0,0,0,0,0,0,False,1926,1,4,305,2,980,2
3,0,1,55,0,2424,0,1,0,284,False,1927,1,7,66,2,565,2
2,0,2,21,0,0,0,107,166,388,True,1928,1,6,144,2,981,3
1,1,3,56,0,0,0,0,0,0,True,1931,1,8,73,2,982,0
2,0,1,45,0,10,0,0,0,0,True,1933,1,6,118,1,983,5
2,1,3,18,0,0,0,0,0,0,False,1935,1,4,307,2,984,1
2,0,1,47,0,7,877,17,0,0,False,1937,1,2,368,2,985,2
2,0,1,36,0,0,0,1508,110,117,True,1938,1,2,369,2,986,1
3,0,1,57,1,975,0,295,39,0,False,1939,1,2,385,1,987,2
3,0,1,13,0,3037,10,43,0,0,False,1939,2,7,62,1,987,0
3,0,1,27,0,120,0,1476,3,0,False,1940,1,2,386,1,988,2
2,0,1,20,0,717,0,0,0,0,False,1941,1,2,370,2,989,3
2,0,1,47,0,0,444,328,56,0,False,1942,1,4,312,1,990,2
2,0,1,15,0,0,0,787,0,0,False,1945,1,6,120,1,834,1
2,0,1,34,0,0,0,53,731,0,False,1946,1,4,313,1,991,3
2,0,1,21,0,942,0,0,0,7,False,1947,1,2,372,2,992,1
2,0,1,51,0,0,0,0,101,1357,False,1950,1,2,374,2,993,3
2,0,1,23,0,382,0,398,8,0,False,1952,1,6,121,1,905,1
2,0,1,58,0,0,0,0,0,717,False,1953,1,2,387,1,347,1
3,0,1,37,0,2765,0,1134,0,0,False,1956,1,7,68,2,905,1
3,0,2,44,0,708,0,5,0,74,True,1956,2,7,68,2,276,2
2,1,1,25,0,0,0,0,0,0,False,1957,1,4,309,2,521,1
1,1,1,15,0,0,0,0,0,0,True,1959,1,8,66,1,994,2
1,0,1,40,0,0,382,0,1,3822,False,1959,2,8,66,1,905,0
1,0,3,29,0,0,433,4899,393,260,True,1959,3,8,66,1,994,3
2,1,1,36,0,0,0,0,0,0,True,1960,1,6,122,1,874,4
2,0,2,21,0,0,0,677,4,0,True,1960,2,6,122,1,874,2
2,0,1,35,0,302,6,0,6,613,True,1961,1,4,315,1,995,2
2,0,1,24,0,3,361,94,824,160,False,1962,1,2,390,1,996,1
2,0,3,2,0,0,0,0,0,0,False,1962,2,4,316,1,996,1
2,1,1,0,0,0,0,0,0,0,True,1962,3,4,316,1,997,0
2,0,1,43,0,0,0,0,1200,17,False,1963,1,2,391,1,998,0
1,0,1,63,0,0,869,1,375,3377,False,1964,1,8,74,2,795,2
2,1,1,30,0,0,0,0,0,0,True,1967,1,4,318,1,574,2
2,1,2,38,0,0,0,0,0,0,True,1968,1,4,319,1,627,1
1,0,3,27,0,0,21066,0,2448,2293,True,1969,1,8,75,2,517,3
2,0,2,54,0,3,0,56,633,0,False,1971,1,2,375,2,999,2
1,1,3,39,0,0,0,0,0,0,True,1973,1,3,24,2,1000,4
3,0,1,41,0,3702,0,1,0,18,False,1974,1,7,63,1,1001,2
2,0,1,22,0,0,0,0,10,761,False,1975,1,4,310,2,1002,1
1,0,3,23,0,0,8037,0,1,2,True,1976,1,1,82,2,1003,1
1,0,1,34,0,15,3578,0,0,473,True,1976,2,1,82,2,1004,1
1,1,3,26,1,0,0,0,0,0,True,1976,3,1,82,2,1004,1
1,0,1,39,0,1,2972,0,3175,1,False,1976,4,1,82,2,1004,3
1,1,3,15,0,0,0,0,0,0,True,1976,5,1,82,2,1004,0
1,1,1,64,0,0,0,0,0,0,True,1976,6,1,82,2,1004,1
1,1,1,25,0,0,0,0,0,0,True,1976,7,1,82,2,1003,0
3,1,1,35,0,0,0,0,0,0,True,1977,1,2,393,1,407,1
2,1,1,19,0,0,0,0,0,0,True,1978,1,4,311,2,905,1
2,0,1,26,0,401,0,693,62,0,False,1979,1,2,376,2,238,1
2,1,1,3,0,0,0,0,0,0,True,1980,1,4,312,2,686,3
2,0,1,29,0,1434,5,0,0,0,False,1980,2,4,312,2,1005,2
2,1,1,44,0,0,0,0,0,0,True,1980,3,4,312,2,686,3
2,0,1,27,0,196,602,0,0,198,False,1981,1,6,124,1,1006,1
2,0,2,17,0,414,0,139,28,173,False,1983,1,4,320,1,170,4
1,0,3,37,0,0,3166,0,91,6,True,1984,1,4,427,2,1007,1
3,1,3,19,0,0,0,0,0,0,True,1985,1,2,394,1,1008,5
2,1,1,44,0,0,0,0,0,0,False,1988,1,4,321,1,1009,4
2,0,3,22,0,0,0,30,499,138,False,1991,1,2,378,2,1010,1
2,0,1,22,0,213,85,352,12,1,True,1991,2,6,146,2,1010,2
3,1,1,21,0,0,0,0,0,0,True,1992,1,2,379,2,1011,3
2,0,1,31,0,1062,0,802,71,0,False,1993,1,2,380,2,971,2
2,0,1,17,0,0,0,249,537,5,True,1994,1,6,125,1,1012,1
2,0,2,30,0,231,0,0,274,26,False,1995,1,4,314,2,1013,2
2,0,1,15,0,12,25,197,631,0,False,1996,1,2,381,2,807,2
2,0,1,42,0,37,1670,0,0,0,True,1997,1,4,315,2,1014,3
2,0,1,55,0,373,1,1,496,0,False,1999,1,2,383,2,325,2
1,0,3,28,0,5,2676,13,0,157,True,2000,1,8,76,2,471,1
2,0,1,33,0,673,194,548,59,40,False,2001,1,2,396,1,1015,0
2,0,1,19,0,3,6,20,60,719,False,2003,1,4,323,1,813,0
2,0,1,24,0,0,856,0,0,5,False,2006,1,2,386,2,1016,0
2,0,1,4,0,0,0,0,0,0,False,2006,2,4,317,2,1016,4
2,1,1,2,0,0,0,0,0,0,False,2006,3,4,317,2,1016,0
1,0,3,30,0,0,5734,0,5,1,True,2007,1,3,25,2,970,6
1,0,1,31,0,0,0,0,0,0,False,2009,1,1,59,1,1017,1
1,1,1,17,0,0,0,0,0,0,True,2009,2,1,59,1,1017,4
1,1,3,40,0,0,0,0,0,0,True,2009,3,1,59,1,1017,1
2,1,2,33,0,0,0,0,0,0,True,2010,1,4,324,1,1018,2
2,1,2,46,0,0,0,0,0,0,False,2011,1,4,318,2,1019,1
1,0,3,30,1,1250,865,0,3725,5416,False,2012,1,1,60,1,1020,3
2,0,1,17,0,0,0,0,0,804,False,2013,1,2,398,1,1021,0
2,0,1,19,0,1139,18,0,0,671,True,2015,1,2,387,2,198,1
1,0,3,22,0,0,5183,0,1080,2,True,2019,1,1,83,2,1022,2
1,0,3,20,0,0,162,0,148,7619,False,2019,2,1,83,2,1022,2
2,0,2,36,0,0,809,0,86,0,False,2022,1,2,390,2,1023,1
2,0,1,0,0,0,0,0,0,0,True,2024,1,4,322,2,58,3
2,0,3,17,0,44,1535,10,51,0,True,2024,2,6,150,2,58,2
2,1,1,27,0,0,0,0,0,0,True,2026,1,4,323,2,534,1
2,1,2,15,0,0,0,0,0,0,True,2026,2,4,323,2,534,1
2,0,1,20,0,0,4,429,0,287,False,2026,3,4,323,2,533,1
2,0,3,19,0,30,1,1051,0,6,True,2027,1,2,399,1,813,2
2,0,2,24,0,662,0,0,0,9,False,2028,1,2,391,2,12,4
2,0,3,43,0,0,6,730,1,0,False,2029,1,2,400,1,420,1
3,1,1,26,0,0,0,0,0,0,True,2032,1,2,402,1,1024,1
2,0,1,42,0,399,75,38,771,0,False,2034,1,2,393,2,1025,1
2,0,1,21,0,6,133,503,0,2,False,2038,1,2,404,1,618,3
1,1,1,50,0,0,0,0,0,0,True,2040,1,1,85,2,334,3
1,1,1,25,0,0,0,0,0,0,True,2040,2,1,85,2,334,5
2,1,1,64,0,0,0,0,0,0,True,2041,1,4,327,1,343,1
2,0,1,50,0,0,0,0,785,19,False,2042,1,2,394,2,1026,4
3,1,1,24,0,0,0,0,0,0,True,2043,1,2,395,2,1027,3
2,0,1,27,0,0,0,634,1,23,True,2044,1,2,396,2,866,3
2,1,3,42,0,0,0,0,0,0,True,2045,1,4,324,2,1028,1
2,1,3,30,0,0,0,0,0,0,False,2046,1,4,328,1,7,1
2,0,1,20,0,2,0,694,0,22,True,2051,1,6,126,1,905,2
3,0,1,31,0,162,1211,4,0,1,True,2052,1,6,151,2,1029,1
1,0,3,26,0,281,741,13,0,4724,False,2053,1,8,68,1,1030,3
1,0,3,39,0,0,0,0,1528,1119,False,2054,1,8,69,1,830,0
2,0,1,27,0,0,0,0,0,0,False,2055,1,4,330,1,1031,2
2,0,2,32,0,0,58,0,0,642,True,2055,2,4,330,1,1031,1
2,1,1,25,0,0,0,0,0,0,True,2055,3,4,330,1,905,1
2,0,1,6,0,0,0,0,0,0,True,2055,4,4,330,1,1031,1
2,1,1,3,0,0,0,0,0,0,True,2055,5,4,330,1,1031,2
2,1,1,11,0,0,0,0,0,0,False,2055,6,4,330,1,1032,4
2,1,1,52,0,0,0,0,0,0,False,2056,1,4,331,1,784,2
2,0,1,14,0,16,0,0,712,149,False,2056,2,2,407,1,784,3
2,0,1,68,0,0,286,0,1739,13,False,2056,3,2,407,1,784,3
2,1,2,18,0,0,0,0,0,0,True,2056,4,4,331,1,784,2
2,0,1,55,0,2,0,0,0,907,True,2059,1,4,333,1,1033,2
2,0,3,22,0,1430,0,0,0,423,False,2060,1,4,327,2,10,2
1,0,1,34,0,0,5063,0,56,327,True,2061,1,7,65,1,1034,1
3,0,1,17,0,583,0,753,0,0,False,2062,1,2,398,2,905,1
2,1,2,38,0,0,0,0,0,0,False,2063,1,4,328,2,931,2
2,0,1,13,0,12,0,0,0,1963,False,2065,1,2,410,1,809,1
2,1,1,19,0,0,0,0,0,0,True,2066,1,4,329,2,1035,1
1,1,1,30,0,0,0,0,0,0,True,2067,1,8,70,1,1036,2
1,0,1,27,1,0,0,72,668,2713,False,2067,2,8,70,1,1036,3
2,0,1,17,0,0,1,533,326,0,True,2070,1,6,127,1,735,2
1,0,3,45,0,0,3559,0,3615,163,False,2071,1,8,78,2,1037,2
1,0,3,28,0,167,2406,71,283,650,True,2071,2,8,78,2,1037,2
2,0,1,23,0,177,0,7,0,448,False,2073,1,2,401,2,1038,2
1,0,1,24,0,1289,3343,0,4996,729,False,2074,1,7,69,2,1039,4
1,0,1,23,0,9,4081,0,0,16,True,2074,2,7,69,2,1039,1
2,0,3,29,0,270,0,0,25,343,False,2075,1,2,402,2,1040,1
2,0,1,46,0,430,0,340,52,61,False,2080,1,4,334,1,1041,0
2,0,2,17,0,8,911,0,0,0,True,2081,1,2,411,1,32,1
2,0,1,20,0,0,0,4,35,769,False,2082,1,4,335,1,1042,1
2,0,1,24,0,121,20,0,68,506,False,2083,1,2,407,2,1043,1
1,0,1,40,0,19,10,1,4759,6007,False,2084,1,3,16,1,1044,1
1,1,1,27,0,0,0,0,0,0,True,2084,2,3,16,1,1044,1
1,0,1,38,0,0,590,2640,6202,99,False,2085,1,8,72,1,950,0
1,0,1,65,0,51,4451,0,20,397,True,2086,1,3,26,2,682,2
1,0,1,19,0,0,1342,0,152,556,True,2086,2,3,26,2,682,1
2,0,1,54,0,0,0,872,0,1,True,2087,1,2,408,2,1045,1
2,0,3,38,0,0,717,0,0,0,False,2088,1,2,409,2,116,1
2,0,1,40,0,51,0,1,368,509,True,2088,2,4,331,2,116,1
2,0,2,21,0,0,2,133,0,549,False,2089,1,2,412,1,1013,5
2,0,1,22,0,8,0,801,0,12,True,2090,1,2,413,1,1046,2
2,0,1,33,0,356,0,0,245,0,False,2091,1,2,414,1,1031,0
3,0,1,18,0,29,0,2315,0,1,True,2092,1,7,70,2,141,0
3,0,1,43,0,546,0,41,710,0,False,2092,2,6,153,2,1047,0
3,0,1,13,0,6726,0,1605,1266,0,False,2092,3,4,427,2,1047,1
3,0,1,26,0,1751,0,0,0,0,False,2092,4,2,410,2,905,1
3,0,1,22,0,2300,0,22,256,0,False,2092,5,7,70,2,1047,6
3,1,1,21,0,0,0,0,0,0,True,2094,1,2,415,1,1048,3
2,0,2,25,0,0,11,0,13,1344,False,2095,1,2,411,2,803,1
3,0,1,29,0,216,10,611,594,0,False,2096,1,2,412,2,1049,0
3,0,1,49,0,1624,0,68,0,0,False,2096,2,2,412,2,1050,5
1,1,3,29,0,0,0,0,0,0,True,2097,1,1,86,2,1051,0
3,0,1,45,0,10,1095,1474,0,0,True,2099,1,7,71,2,1052,0
2,0,2,45,0,0,0,734,3,5,True,2100,1,2,413,2,835,1
1,0,1,30,0,63,9314,249,2624,4538,False,2102,1,8,79,2,1053,3
2,0,1,29,0,776,0,4,0,23,False,2104,1,2,414,2,1054,3
2,0,1,26,0,0,0,0,0,0,False,2104,2,4,427,2,1054,1
2,1,3,16,0,0,0,0,0,0,False,2105,1,4,335,2,972,1
2,0,3,20,0,1,0,0,4926,1,False,2106,1,4,336,2,1055,4
2,0,1,33,0,235,2,1,650,0,False,2107,1,4,338,1,1056,1
2,1,1,18,0,0,0,0,0,0,False,2110,1,4,339,1,1057,1
3,0,1,24,0,600,593,1404,0,1,False,2111,1,2,417,1,141,3
3,0,1,29,0,860,305,18,1415,0,False,2112,1,2,418,1,1058,2
1,1,3,40,0,0,0,0,0,0,True,2114,1,1,87,2,689,0
1,1,1,27,0,0,0,0,0,0,True,2115,1,7,72,2,1059,2
2,1,1,35,0,0,0,0,0,0,False,2116,1,4,339,2,1060,1
1,0,1,31,0,0,8718,0,13036,267,False,2117,1,4,427,2,1061,1
2,1,2,26,0,0,0,0,0,0,False,2118,1,4,340,1,779,2
3,0,1,49,0,0,0,1058,0,0,True,2120,1,7,73,2,1062,1
2,1,1,23,0,0,0,0,0,0,False,2121,1,4,341,1,1063,1
2,1,2,23,0,0,0,0,0,0,False,2123,1,4,342,1,1064,3
2,1,2,14,0,0,0,0,0,0,True,2123,2,4,342,1,1064,1
2,0,3,21,0,770,0,0,40,0,False,2124,1,4,341,2,1065,2
2,0,1,18,0,0,1,0,80,826,False,2125,1,4,343,1,1012,5
2,0,1,27,0,717,0,0,0,0,False,2126,1,2,415,2,868,4
2,0,1,19,0,721,62,7,0,0,True,2127,1,2,419,1,1066,2
2,0,1,22,0,624,0,0,0,185,False,2128,1,4,344,1,175,1
2,0,1,17,0,736,0,2,20,0,False,2129,1,2,420,1,420,2
2,0,2,13,0,0,2,480,10,176,False,2130,1,2,421,1,130,4
2,0,1,26,0,0,0,0,91,900,False,2131,1,6,128,1,745,1
3,0,1,27,0,1054,0,43,85,0,False,2133,1,7,74,2,1067,1
3,1,1,16,0,0,0,0,0,0,True,2133,2,2,416,2,1067,2
3,0,1,20,0,1146,0,0,0,3,False,2134,1,2,422,1,254,1
2,0,1,20,0,75,0,0,1545,0,False,2135,1,6,129,1,871,2
2,0,1,23,0,426,0,362,0,0,False,2135,2,6,129,1,871,1
2,0,1,61,0,2,0,17,868,28,False,2136,1,4,343,2,455,4
3,1,1,27,0,0,0,0,0,0,True,2137,1,2,423,1,936,1
3,0,3,3,0,0,0,0,0,0,True,2137,2,2,423,1,1068,3
3,0,3,4,0,0,0,0,0,0,True,2137,3,2,423,1,1068,2
2,1,3,13,0,0,0,0,0,0,True,2138,1,4,344,2,396,4
3,1,1,19,0,0,0,0,0,0,True,2139,1,2,417,2,1069,2
2,0,1,18,0,0,0,698,0,0,True,2140,1,2,424,1,1070,3
2,0,3,66,0,0,0,1610,0,0,True,2141,1,6,130,1,1038,3
3,1,1,39,0,0,0,0,0,0,True,2142,1,2,418,2,1071,5
2,0,1,21,0,0,1433,0,1234,0,False,2143,1,2,419,2,584,2
2,1,1,7,0,0,0,0,0,0,False,2143,2,4,345,2,584,2
2,1,1,56,0,0,0,0,0,0,False,2144,1,4,427,2,1072,4
2,0,1,15,0,0,951,128,0,0,False,2145,1,2,425,1,45,3
3,0,1,27,0,1146,0,47,0,105,True,2147,1,6,155,2,1073,1
2,0,1,13,0,579,226,61,1,7,False,2148,1,2,420,2,403,2
1,1,1,18,0,0,0,0,0,0,True,2149,1,1,89,2,946,0
2,1,2,38,0,0,0,0,0,0,False,2150,1,4,346,1,1074,1
2,0,1,45,0,2138,0,0,659,0,False,2152,1,2,426,1,1075,2
2,1,1,21,0,0,0,0,0,0,False,2153,1,4,347,1,1076,1
2,0,1,19,0,78,0,0,550,0,False,2154,1,4,348,1,1077,0
2,0,1,49,0,651,25,0,849,2,False,2156,1,2,421,2,863,4
2,0,1,21,0,0,820,0,45,0,True,2158,1,2,423,2,891,3
2,0,1,18,0,0,402,2027,0,0,True,2159,1,2,424,2,912,3
3,1,1,43,0,0,0,0,0,0,True,2161,1,2,429,1,1078,2
3,1,2,27,0,0,0,0,0,0,True,2162,1,2,425,2,1079,3
3,0,1,0,0,0,0,0,0,0,True,2162,2,2,425,2,1079,1
2,0,1,27,0,0,0,6,745,22,False,2163,1,4,349,1,1080,4
1,1,1,21,0,0,0,0,0,0,True,2164,1,1,63,1,1081,2
2,0,2,20,0,38,220,495,0,0,False,2167,1,2,431,1,1082,0
3,1,1,35,0,0,0,0,0,0,True,2168,1,2,427,2,1083,1
3,0,1,20,0,212,0,991,0,13,False,2168,2,2,427,2,1083,5
2,0,1,24,0,388,0,7,409,0,False,2171,1,2,433,1,420,1
2,0,1,41,0,2,0,551,5577,68,False,2171,2,4,351,1,420,2
2,0,2,23,0,0,774,0,0,0,True,2172,1,4,347,2,736,2
2,1,2,27,0,0,0,0,0,0,True,2173,1,4,352,1,1084,1
2,1,3,58,0,0,0,0,0,0,True,2175,1,4,348,2,1085,3
3,1,1,53,0,0,0,0,0,0,True,2177,1,2,435,1,562,1
1,0,1,30,0,437,3585,0,4488,281,False,2179,1,8,80,2,1086,1
2,0,3,24,0,1,0,0,318,247,False,2180,1,2,428,2,733,1
1,0,1,31,0,46,1935,0,995,1254,False,2182,1,1,64,1,1087,1
3,0,2,46,0,607,0,41,334,251,False,2183,1,2,429,2,1088,2
3,0,1,20,0,938,59,31,12,0,False,2183,2,2,429,2,1088,1
2,1,1,20,0,0,0,0,0,0,False,2186,1,4,350,2,560,1
2,0,1,30,0,0,236,0,1149,0,False,2187,1,2,437,1,1089,2
2,0,3,24,0,0,421,0,207,63,False,2188,1,2,438,1,896,2
2,0,1,34,0,0,0,0,628,0,False,2189,1,4,354,1,718,3
2,0,1,20,0,1750,0,446,0,76,False,2190,1,2,430,2,532,1
3,1,1,48,0,0,0,0,0,0,True,2191,1,2,431,2,1078,2
2,0,2,25,0,0,0,619,0,70,False,2193,1,2,439,1,1090,2
2,1,1,43,0,0,0,0,0,0,False,2194,1,4,352,2,774,1
2,0,1,27,0,0,280,119,646,5,True,2195,1,2,440,1,1091,5
1,0,1,47,0,0,32,0,4027,1440,False,2196,1,1,65,1,1092,5
1,0,3,26,0,26,4587,0,102,0,True,2196,2,1,65,1,1092,3
1,1,1,37,0,0,0,0,0,0,True,2196,3,1,65,1,1092,4
1,0,3,42,0,0,1180,0,2677,283,False,2196,4,1,65,1,1092,2
2,0,3,61,0,0,654,902,0,68,True,2198,1,6,156,2,1093,3
3,0,1,29,0,1443,1108,47,0,0,False,2200,1,2,442,1,1094,2
1,0,3,32,0,0,1968,13,1051,0,True,2201,1,7,75,2,1037,4
3,0,1,51,0,1671,0,17,0,0,False,2202,1,2,443,1,978,2
3,0,1,43,0,2019,0,560,0,0,False,2203,1,7,76,2,1095,1
1,1,3,25,0,0,0,0,0,0,True,2204,1,1,90,2,1096,4
2,0,1,31,0,0,0,187,602,0,False,2205,1,6,157,2,992,2
2,0,2,13,0,0,14,857,0,72,False,2206,1,2,432,2,1085,3
2,0,1,20,0,546,0,228,0,0,False,2207,1,4,354,2,1097,3
2,0,1,29,0,1356,20,0,13,0,False,2209,1,2,433,2,905,3
2,1,1,16,0,0,0,0,0,0,False,2210,1,4,355,2,755,2
2,0,1,15,0,0,2347,0,380,0,True,2211,1,2,434,2,1098,3
2,0,1,50,0,0,5,0,2170,0,False,2212,1,2,445,1,338,1
1,0,3,41,1,0,29813,0,1257,6,True,2215,1,3,27,2,1099,2
1,0,1,43,0,2,2229,33,6,198,True,2215,2,3,27,2,905,4
1,1,1,32,0,0,0,0,0,0,True,2215,3,3,27,2,1099,0
1,0,1,36,0,0,3206,0,698,72,False,2215,4,3,27,2,1100,1
2,1,3,18,0,0,0,0,0,0,True,2219,1,4,427,2,577,0
2,0,1,47,0,0,0,880,0,2,True,2220,1,4,357,2,583,1
2,1,2,29,0,0,0,0,0,0,True,2221,1,4,355,1,107,2
2,0,1,27,0,0,86,0,252,570,False,2223,1,4,358,2,1101,2
2,0,1,14,0,0,600,0,204,0,True,2224,1,2,435,2,1102,3
2,1,2,25,0,0,0,0,0,0,False,2225,1,4,356,1,821,1
3,0,1,63,0,1172,0,1,0,0,False,2228,1,6,158,2,1103,1
2,0,1,22,0,48,329,182,26,154,False,2229,1,2,437,2,1104,4
3,0,1,32,0,2,416,26,510,0,False,2231,1,6,159,2,1105,1
2,0,3,31,0,0,14,671,1,3,False,2232,1,2,438,2,898,0
2,0,1,24,0,0,1220,0,140,0,False,2232,2,2,438,2,898,1
2,0,1,39,0,9,18,0,2,878,False,2233,1,4,359,1,701,1
3,1,3,20,0,0,0,0,0,0,True,2234,1,2,448,1,1106,3
3,1,3,20,0,0,0,0,0,0,True,2234,2,2,448,1,394,1
3,0,1,19,0,0,0,0,0,0,False,2234,3,6,134,1,814,3
3,0,3,20,0,552,8,1348,5,0,False,2234,4,6,134,1,1106,0
3,0,1,31,0,21,0,1031,0,0,False,2234,5,7,66,1,814,3
3,1,3,17,0,0,0,0,0,0,True,2234,6,2,448,1,1106,4
3,0,1,24,0,2538,0,61,0,0,False,2234,7,2,448,1,394,6
2,0,1,27,0,203,539,0,0,0,False,2235,1,2,449,1,722,3
1,0,3,28,0,0,162,741,3733,99,True,2237,1,8,83,2,292,1
1,1,1,41,0,0,0,0,0,0,True,2237,2,8,83,2,292,2
1,1,3,25,0,0,0,0,0,0,True,2238,1,3,28,2,1107,2
2,0,2,26,0,93,0,469,0,0,True,2239,1,2,439,2,1108,1
2,0,1,27,0,485,1109,921,0,1,False,2241,1,2,451,1,6,2
2,0,1,22,0,38,483,80,47,121,True,2243,1,4,362,1,1109,1
1,0,3,62,0,320,1179,756,4996,85,False,2251,1,3,29,2,1110,3
1,0,1,58,0,2,1,14,2,1153,False,2251,2,3,29,2,1110,1
2,0,1,37,0,0,1368,0,0,960,False,2252,1,4,363,1,1111,4
2,0,1,54,0,701,32,171,8,0,False,2253,1,4,359,2,718,4
2,0,1,26,0,0,10,0,702,1,False,2254,1,2,455,1,1112,5
1,1,3,44,0,0,0,0,0,0,True,2255,1,8,75,1,1113,0
1,1,1,34,0,0,0,0,0,0,True,2255,2,8,75,1,1113,1
2,1,1,47,0,0,0,0,0,0,True,2256,1,4,360,2,832,2
1,0,1,27,1,0,3341,0,80,654,True,2257,1,8,76,1,279,4
1,1,3,22,0,0,0,0,0,0,True,2257,2,1,66,1,279,4
2,1,1,46,0,0,0,0,0,0,True,2258,1,4,364,1,603,1
2,0,1,29,0,0,0,885,0,0,True,2261,1,2,441,2,450,4
2,0,3,43,0,485,4,136,48,0,False,2262,1,4,365,1,1114,2
2,0,1,42,0,0,0,32,772,0,False,2263,1,2,456,1,1115,6
2,0,1,39,0,0,0,13,0,868,True,2264,1,2,442,2,566,0
3,0,1,30,0,616,0,185,210,475,False,2266,1,2,457,1,1116,5
3,0,1,43,0,2318,0,647,81,0,True,2267,1,6,161,2,312,5
2,1,1,19,0,0,0,0,0,0,False,2268,1,4,366,1,1117,5
3,1,1,26,0,0,0,0,0,0,True,2269,1,2,458,1,1118,3
3,0,1,46,0,171,0,1257,5,0,True,2270,1,2,459,1,1119,2
2,0,1,3,0,0,0,0,0,0,True,2272,1,4,367,1,905,2
2,1,3,21,0,0,0,0,0,0,True,2272,2,4,427,2,665,2
2,0,1,1,0,0,0,0,0,0,True,2272,3,4,367,1,1042,0
2,0,1,22,0,0,0,0,10,778,False,2273,1,6,162,2,1120,2
1,1,3,27,0,0,0,0,0,0,True,2274,1,8,79,1,792,3
1,1,3,28,0,0,0,0,0,0,True,2274,2,8,79,1,676,3
3,0,2,36,0,241,0,670,0,0,False,2275,1,2,460,1,1121,1
2,0,1,19,0,26,313,470,0,0,False,2277,1,4,362,2,1009,5
1,1,3,18,0,0,0,0,0,0,True,2278,1,8,80,1,1122,1
1,0,3,47,0,0,140,0,85,3970,False,2279,1,1,91,2,1123,1
1,0,1,18,0,20,1064,0,0,11643,False,2280,1,1,92,2,1124,2
2,0,1,6,0,0,0,0,0,0,True,2281,1,6,136,1,828,2
2,0,1,20,0,0,544,1,0,378,False,2282,1,2,461,1,773,1
3,0,1,18,0,262,302,1127,4225,0,False,2284,1,2,463,1,28,1
2,0,1,37,0,0,1,0,219,0,False,2287,1,2,464,1,1125,3
2,0,1,22,0,12,746,802,58,0,False,2288,1,6,163,2,571,3
3,0,1,37,0,20,0,2559,20,0,True,2289,1,2,465,1,1126,2
2,0,3,6,0,0,0,0,0,0,False,2291,1,4,365,2,1015,2
2,0,1,36,0,3,0,435,8,277,False,2291,2,4,365,2,1015,4
2,0,3,46,0,426,37,0,0,568,False,2291,3,2,445,2,905,1
2,0,1,75,0,0,0,1224,0,1769,False,2295,1,2,466,1,558,0
2,0,1,37,0,0,8,70,360,258,False,2295,2,2,466,1,558,4
2,1,1,22,0,0,0,0,0,0,True,2296,1,4,369,1,1127,2
2,0,2,33,0,270,412,1,0,5,False,2298,1,2,467,1,1128,0
3,0,1,35,0,174,0,381,0,62,False,2299,1,2,448,2,1129,0
1,0,3,19,0,0,0,0,0,8195,False,2300,1,8,81,1,536,0
1,0,3,34,0,0,22,0,3028,3768,False,2300,2,8,81,1,536,0
2,0,1,23,0,1010,0,33,10,0,True,2301,1,2,449,2,1130,2
2,0,3,37,0,1508,0,0,1,0,False,2301,2,4,367,2,1130,0
2,0,3,24,0,1367,0,1,0,0,False,2301,3,2,449,2,1130,3
1,0,1,54,1,0,3381,0,4463,34,False,2302,1,3,18,1,430,2
3,0,3,52,0,1377,0,32,22,0,True,2303,1,2,468,1,367,2
2,1,1,60,0,0,0,0,0,0,False,2305,1,4,368,2,905,0
1,0,1,1,0,0,0,0,0,0,True,2306,1,8,82,1,1131,3
1,0,1,27,0,0,0,0,0,0,True,2306,2,8,82,1,1131,0
1,0,1,22,0,0,297,3,676,2924,False,2306,3,8,82,1,1131,1
1,0,3,27,0,0,12077,0,75,0,True,2306,4,8,82,1,1132,1
1,1,3,48,0,0,0,0,0,0,True,2306,5,8,82,1,1131,1
1,0,3,47,0,1320,428,4,24,0,False,2306,6,8,82,1,1131,0
1,1,1,25,0,0,0,0,0,0,True,2308,1,7,77,2,1133,2
1,0,3,49,0,9,2426,95,1249,168,False,2308,2,7,77,2,1133,2
1,0,1,33,0,0,2012,1,9124,4,False,2308,3,7,77,2,1133,3
1,0,1,67,0,0,4715,0,599,6,True,2308,4,7,77,2,1133,4
2,1,2,5,0,0,0,0,0,0,False,2309,1,4,371,1,1134,2
1,1,3,60,0,0,0,0,0,0,True,2310,1,7,68,1,1135,1
1,1,1,56,0,0,0,0,0,0,True,2310,2,7,68,1,1135,1
1,0,1,59,0,0,2210,0,4085,11,False,2310,3,7,68,1,1136,2
1,1,1,44,0,0,0,0,0,0,True,2310,4,7,68,1,1136,3
2,0,1,33,0,0,763,1,66,84,False,2311,1,4,372,1,1137,1
2,1,1,28,0,0,0,0,0,0,False,2312,1,4,369,2,145,1
3,0,1,29,0,1365,0,791,210,0,False,2313,1,2,469,1,1138,1
2,1,1,13,0,0,0,0,0,0,False,2314,1,4,370,2,1139,2
1,1,3,34,0,0,0,0,0,0,True,2315,1,1,67,1,285,2
2,1,2,45,0,0,0,0,0,0,True,2316,1,4,371,2,206,3
2,0,1,39,0,0,454,0,454,0,False,2317,1,4,372,2,390,5
2,0,1,18,0,128,37,626,0,5,False,2318,1,2,470,1,910,0
2,1,2,57,0,0,0,0,0,0,False,2319,1,4,373,1,101,0
2,0,3,27,0,0,760,0,21,23,False,2320,1,2,450,2,1140,0
2,1,2,25,0,0,0,0,0,0,True,2321,1,4,373,2,1141,1
2,1,2,22,0,0,0,0,0,0,False,2325,1,4,374,2,741,2
1,0,1,32,0,0,4106,388,892,2,True,2327,1,1,68,1,512,0
3,1,1,29,0,0,0,0,0,0,True,2329,1,2,472,1,1142,1
2,0,1,21,0,556,0,20,1589,0,False,2332,1,2,453,2,319,5
3,0,1,16,0,0,0,0,0,0,False,2333,1,6,137,1,268,1
1,1,3,45,0,0,0,0,0,0,True,2336,1,3,30,2,1143,1
1,0,1,44,1,1409,910,17,1452,3782,False,2336,2,3,30,2,1143,1
2,1,3,27,0,0,0,0,0,0,True,2338,1,4,376,1,419,3
2,0,1,26,0,14,0,0,857,0,False,2338,2,2,474,1,419,4
3,0,1,46,0,1290,0,57,0,0,False,2339,1,2,475,1,1144,4
2,0,2,24,0,0,0,648,0,0,False,2340,1,2,454,2,697,2
2,0,1,15,0,0,785,0,0,0,True,2341,1,2,455,2,691,3
2,1,2,53,0,0,0,0,0,0,False,2345,1,4,378,2,1145,1
2,0,3,28,0,613,22,0,0,0,False,2347,1,2,477,1,1146,1
2,1,1,11,0,0,0,0,0,0,True,2347,2,4,377,1,1146,3
2,1,1,7,0,0,0,0,0,0,False,2347,3,4,377,1,1146,0
2,1,2,0,0,0,0,0,0,0,True,2347,4,4,377,1,1146,1
2,1,3,15,0,0,0,0,0,0,True,2347,5,4,377,1,1146,2
2,0,3,31,0,1,0,2,605,0,False,2347,6,4,377,1,1146,1
2,0,1,9,0,0,0,0,0,0,False,2347,7,4,377,1,1146,3
1,0,3,44,1,0,1223,78,1418,1239,False,2348,1,7,78,2,1039,3
2,0,1,35,0,0,722,0,0,185,False,2349,1,4,379,2,667,1
2,0,1,30,0,27,5412,86,0,0,True,2353,1,4,380,2,1147,1
2,0,3,13,0,880,0,0,0,0,False,2353,2,2,457,2,1147,1
3,0,1,45,1,773,82,0,6,0,False,2356,1,7,80,2,1148,3
3,1,1,4,0,0,0,0,0,0,True,2356,2,7,80,2,1148,2
3,1,1,21,0,0,0,0,0,0,True,2356,3,7,80,2,1148,1
2,0,1,20,0,0,409,994,215,0,False,2357,1,6,139,1,1149,1
2,1,1,24,0,0,0,0,0,0,True,2360,1,4,379,1,1150,3
2,1,2,3,0,0,0,0,0,0,False,2361,1,4,380,1,1151,3
2,0,1,29,0,0,0,792,0,0,True,2361,2,2,481,1,1151,2
1,0,1,28,0,2416,8926,41,1,462,True,2363,1,8,85,2,1152,0
2,0,1,44,0,0,4,6,864,33,True,2364,1,4,381,1,1153,1
1,1,1,50,0,0,0,0,0,0,True,2365,1,7,71,1,1154,1
3,1,1,35,0,0,0,0,0,0,False,2366,1,2,482,1,1155,2
2,0,1,19,0,0,0,1,644,0,False,2367,1,2,483,1,667,6
3,0,1,22,0,579,0,267,0,108,False,2368,1,6,141,1,429,1
2,0,1,30,0,3,0,880,0,40,False,2369,1,2,484,1,566,2
1,0,1,36,0,0,4756,0,7818,96,False,2373,1,7,81,2,1156,1
3,0,1,20,0,464,0,1432,0,0,True,2374,1,6,166,2,1157,0
2,0,3,22,0,0,0,659,94,0,True,2375,1,4,383,1,901,1
2,0,3,22,0,0,30,0,0,673,False,2376,1,2,459,2,232,2
1,1,2,32,0,0,0,0,0,0,True,2377,1,8,83,1,1158,2
2,0,1,35,0,194,0,678,0,0,False,2379,1,2,487,1,110,1
2,0,3,41,0,0,33,0,1324,0,False,2382,1,2,488,1,905,1
2,1,1,57,0,0,0,0,0,0,False,2384,1,4,383,2,71,1
2,1,2,3,0,0,0,0,0,0,False,2384,2,4,383,2,71,1
2,0,3,11,0,0,0,0,0,0,True,2384,3,4,383,2,387,2
2,0,1,4,0,0,0,0,0,0,True,2384,4,4,383,2,71,2
2,1,1,17,0,0,0,0,0,0,False,2384,5,4,383,2,387,3
2,0,1,30,0,0,0,0,0,0,False,2384,6,4,383,2,71,3
2,1,1,11,0,0,0,0,0,0,True,2384,7,4,427,2,387,2
3,0,1,23,0,1773,0,78,0,3,False,2385,1,2,461,2,1159,2
2,0,1,58,0,0,400,0,690,490,True,2387,1,6,142,1,1160,2
2,0,1,22,0,0,46,0,676,0,False,2389,1,4,384,2,1161,0
2,0,1,24,0,0,0,0,59,4120,False,2390,1,4,385,1,1162,1
2,0,1,20,0,768,19,0,1,0,False,2391,1,6,143,1,1163,3
2,1,1,37,0,0,0,0,0,0,True,2392,1,4,386,1,1164,2
2,0,1,49,0,712,1,0,0,0,False,2395,1,4,387,1,462,1
2,0,1,46,0,0,557,0,287,781,False,2396,1,6,168,2,73,3
2,0,1,30,0,854,0,30,0,0,False,2396,2,4,386,2,73,0
2,0,3,36,0,0,810,0,0,0,False,2397,1,4,387,2,1165,1
2,0,1,21,0,0,780,44,0,5,False,2398,1,2,490,1,648,1
3,0,1,25,1,854,0,319,0,0,False,2399,1,6,169,2,678,2
2,1,2,42,0,0,0,0,0,0,True,2401,1,4,388,1,1140,6
2,1,1,13,0,0,0,0,0,0,False,2402,1,4,389,1,203,0
2,0,1,25,0,7,0,0,877,0,False,2403,1,4,388,2,1166,4
1,0,1,29,0,0,544,7,2650,1561,False,2404,1,8,86,2,1167,3
1,1,1,17,0,0,0,0,0,0,True,2404,2,8,86,2,1167,3
1,0,3,36,0,828,5553,130,47,1171,True,2404,3,8,86,2,1168,1
2,1,1,44,0,0,0,0,0,0,True,2404,4,8,86,2,1167,2
3,1,1,18,0,0,0,0,0,0,True,2406,1,2,465,2,1169,3
2,0,3,22,0,292,395,0,0,3,False,2409,1,2,492,1,231,2
2,1,1,22,0,0,0,0,0,0,True,2409,2,4,390,1,231,3
2,1,1,43,0,0,0,0,0,0,True,2410,1,4,391,1,1170,2
2,0,1,29,0,19,2115,17,0,0,True,2411,1,2,493,1,1171,1
2,1,1,24,0,0,0,0,0,0,True,2412,1,4,392,1,11,4
2,1,2,18,0,0,0,0,0,0,True,2413,1,4,390,2,1172,4
1,0,1,42,0,0,1829,2,3133,2447,False,2414,1,9,1,1,957,1
2,0,1,43,0,9,0,1079,0,729,False,2416,1,4,391,2,1173,3
2,0,1,32,0,11,31,0,836,9,False,2417,1,4,393,1,760,2
2,1,1,15,0,0,0,0,0,0,True,2419,1,4,394,1,70,2
3,0,1,22,0,0,0,0,0,0,True,2421,1,6,145,1,1174,1
2,1,1,20,0,0,0,0,0,0,False,2423,1,4,395,1,1175,6
2,0,1,34,0,34,223,1559,0,0,True,2424,1,4,393,2,971,2
3,1,1,70,0,0,0,0,0,0,True,2426,1,2,466,2,1176,1
3,1,1,18,0,0,0,0,0,0,True,2426,2,2,466,2,1176,2
1,1,1,26,0,0,0,0,0,0,True,2427,1,1,94,2,522,1
2,0,1,17,0,112,56,332,0,606,False,2429,1,2,497,1,54,3
2,0,1,13,0,0,2,0,566,208,False,2431,1,2,498,1,1177,0
2,0,1,19,0,0,0,79,0,0,False,2432,1,2,499,1,1178,2
1,1,1,32,0,0,0,0,0,0,True,2433,1,8,84,1,1179,1
2,0,1,33,0,4,0,28,0,2757,False,2435,1,2,467,2,1180,1
2,0,1,21,0,759,0,0,0,40,False,2436,1,2,501,1,571,0
3,1,1,23,0,0,0,0,0,0,True,2438,1,2,503,1,1181,1
2,0,1,24,0,227,537,13,0,0,True,2439,1,2,504,1,625,1
2,0,3,17,0,0,11,493,0,372,False,2441,1,2,468,2,657,3
3,1,1,34,0,0,0,0,0,0,True,2442,1,2,505,1,1182,3
2,0,1,31,0,1458,421,76,0,0,False,2443,1,7,72,1,905,1
2,0,3,43,0,6,236,3,448,54,False,2444,1,2,506,1,698,5
2,0,1,43,0,602,3,27,89,69,False,2445,1,6,170,2,423,1
2,0,1,33,0,0,0,661,0,94,True,2446,1,2,507,1,287,3
3,1,1,28,0,0,0,0,0,0,True,2449,1,2,508,1,1183,2
3,1,1,27,0,0,0,0,0,0,False,2449,2,6,146,1,1183,2
3,1,1,7,0,0,0,0,0,0,True,2449,3,2,508,1,1183,3
2,1,2,16,0,0,0,0,0,0,False,2451,1,4,395,2,448,2
2,0,3,42,0,526,2,28,161,0,False,2452,1,2,470,2,576,2
3,1,1,27,0,0,0,0,0,0,True,2453,1,6,147,1,1027,1
2,0,1,19,0,0,0,0,157,644,False,2454,1,2,510,1,871,2
3,0,1,42,0,554,0,1168,0,275,False,2455,1,2,471,2,1184,2
2,1,2,13,0,0,0,0,0,0,False,2456,1,4,399,1,410,2
2,1,1,16,0,0,0,0,0,0,True,2457,1,4,400,1,1165,1
2,0,1,21,0,31,93,578,0,0,True,2458,1,2,511,1,1185,5
2,1,2,28,0,0,0,0,0,0,True,2460,1,4,402,1,1161,3
2,1,1,69,0,0,0,0,0,0,False,2461,1,4,396,2,46,1
2,1,2,15,0,0,0,0,0,0,False,2462,1,4,397,2,257,1
2,0,1,48,0,58,0,12,0,0,False,2463,1,6,171,2,37,2
2,0,1,42,0,0,1,61,897,0,False,2466,1,2,472,2,352,3
3,0,1,42,0,999,0,49,0,11,False,2467,1,7,83,2,739,3
2,0,1,23,0,139,0,0,567,0,False,2470,1,4,398,2,1186,4
2,0,1,26,0,0,0,0,543,0,False,2470,2,4,398,2,1186,1
2,0,1,45,0,0,0,450,94,364,False,2471,1,4,403,1,560,1
2,0,1,30,0,756,4,30,0,0,False,2472,1,6,173,2,906,1
3,1,1,36,0,0,0,0,0,0,True,2474,1,2,475,2,843,6
1,0,1,27,0,0,27,0,3573,3643,False,2475,1,8,85,1,689,1
2,0,1,35,0,0,0,1,0,1264,False,2476,1,2,512,1,1187,1
1,1,1,21,0,0,0,0,0,0,True,2477,1,8,86,1,587,2
1,1,3,50,0,0,0,0,0,0,True,2477,2,8,86,1,587,1
2,1,1,52,0,0,0,0,0,0,False,2478,1,4,404,1,1188,1
2,1,2,21,0,0,0,0,0,0,False,2479,1,4,427,2,109,3
2,0,3,41,0,682,0,0,0,17,False,2480,1,2,476,2,1189,2
2,0,3,35,0,2594,195,0,0,0,False,2483,1,2,477,2,1190,0
2,0,1,26,0,552,192,30,0,1,False,2486,1,2,513,1,856,3
2,0,1,17,0,584,738,54,0,621,False,2486,2,2,513,1,856,7
3,0,1,69,0,4483,0,525,0,500,False,2488,1,7,85,2,256,3
1,1,1,27,0,0,0,0,0,0,True,2489,1,1,72,1,1191,3
2,0,2,25,0,2,2762,552,0,1391,False,2491,1,4,401,2,431,3
3,1,1,27,0,0,0,0,0,0,True,2492,1,2,480,2,1142,1
2,0,1,25,0,64,0,0,660,0,False,2496,1,2,481,2,1192,5
2,0,3,36,0,0,0,0,33,619,False,2497,1,4,427,2,1193,0
2,0,1,14,0,148,0,34,808,0,False,2498,1,6,176,2,1194,4
1,1,3,27,0,0,0,0,0,0,True,2499,1,8,89,2,349,1
2,0,1,22,0,272,44,0,1064,418,False,2500,1,4,403,2,287,2
2,0,1,24,0,873,12,1,0,3,False,2502,1,4,404,2,79,1
3,0,1,27,0,311,0,745,232,0,False,2503,1,2,516,1,1144,0
3,0,1,4,0,0,0,0,0,0,True,2503,2,2,516,1,1144,0
2,0,1,19,0,0,13,291,481,2,False,2505,1,6,149,1,1082,2
2,0,1,19,0,0,5,4,541,238,False,2505,2,6,149,1,1082,1
2,0,3,38,0,0,2506,46,11001,5,False,2506,1,3,19,1,1195,2
1,1,3,39,0,0,0,0,0,0,True,2506,2,3,19,1,1195,2
1,0,3,23,0,36,2467,0,381,803,False,2506,3,3,19,1,1195,0
1,1,3,57,0,0,0,0,0,0,True,2508,1,7,86,2,1196,2
1,1,1,18,0,0,0,0,0,0,True,2508,2,7,86,2,1196,4
2,0,1,43,0,0,9,1145,0,0,False,2509,1,2,483,2,608,0
3,0,1,28,0,34,0,1342,91,0,True,2510,1,2,517,1,1001,4
1,0,3,33,0,0,8759,0,2788,4513,False,2512,1,8,91,2,541,0
1,1,3,37,0,0,0,0,0,0,True,2512,2,8,91,2,541,1
2,0,1,28,0,0,55,0,656,0,False,2513,1,4,427,2,1197,0
1,0,3,28,1,2,2144,0,435,5872,False,2515,1,1,96,2,1198,1
1,1,3,18,0,0,0,0,0,0,True,2515,2,1,96,2,1198,1
2,0,3,29,0,75,17,0,211,506,False,2516,1,4,406,1,1199,1
1,1,1,29,0,0,0,0,0,0,True,2518,1,8,87,1,1200,3
1,1,3,28,0,0,0,0,0,0,True,2518,2,8,87,1,1200,1
2,0,1,24,0,172,775,344,0,0,True,2519,1,2,485,2,1149,2
1,0,1,59,0,0,5407,0,285,1135,False,2520,1,8,88,1,1122,2
3,1,1,43,0,0,0,0,0,0,False,2521,1,6,151,1,1201,1
3,1,1,20,0,0,0,0,0,0,True,2522,1,2,520,1,377,5
1,1,3,23,0,0,0,0,0,0,True,2523,1,1,73,1,1202,2
1,1,3,27,0,0,0,0,0,0,True,2524,1,7,74,1,1203,3
1,1,3,38,0,0,0,0,0,0,True,2526,1,1,74,1,865,1
2,1,2,38,0,0,0,0,0,0,True,2527,1,4,405,2,1045,1
3,0,1,48,0,639,412,110,0,0,True,2528,1,2,487,2,1204,1
3,0,1,25,0,1734,1,189,1,0,False,2530,1,2,488,2,428,1
2,1,2,25,0,0,0,0,0,0,True,2531,1,4,407,1,1205,1
3,0,1,24,0,737,37,1682,0,0,False,2532,1,2,489,2,460,1
3,1,1,69,0,0,0,0,0,0,True,2532,2,2,489,2,460,2
1,0,3,20,0,0,646,0,0,1425,False,2534,1,1,75,1,192,2
1,1,3,18,0,0,0,0,0,0,True,2534,2,1,75,1,192,4
2,1,1,28,0,0,0,0,0,0,False,2535,1,4,409,1,904,2
2,0,2,23,0,0,9,292,35,349,True,2537,1,6,152,1,768,2
3,0,1,24,0,345,0,451,0,582,False,2540,1,6,177,2,367,2
1,0,1,44,0,0,1482,127,1555,1257,False,2541,1,1,77,1,1206,0
3,0,1,29,0,834,0,28,117,41,False,2542,1,6,153,1,233,3
1,0,3,6,0,0,0,0,0,0,True,2544,1,1,97,2,1207,2
1,0,1,42,0,41,1912,0,1899,43,False,2544,2,1,97,2,1207,1
2,1,3,78,0,0,0,0,0,0,False,2545,1,4,410,1,287,1
2,0,1,36,0,548,179,24,0,77,False,2546,1,2,491,2,1208,2
1,0,3,37,0,0,100,0,1402,1462,False,2547,1,4,427,2,1209,1
1,0,3,41,0,0,12809,2,2835,1514,True,2547,2,3,20,1,1209,2
2,0,1,18,0,852,48,0,7,0,False,2548,1,4,407,2,235,2
3,0,1,62,0,1663,0,23,2,12,False,2549,1,2,522,1,1210,0
3,0,1,0,0,0,0,0,0,0,True,2549,2,2,522,1,1210,0
3,0,1,55,0,1281,0,7,1,0,False,2549,3,2,522,1,1210,2
2,1,1,16,0,0,0,0,0,0,True,2550,1,4,411,1,1211,0
2,0,1,32,0,238,156,3,2,324,False,2551,1,2,523,1,734,1
2,0,1,19,0,0,1124,4,0,0,True,2552,1,2,492,2,235,1
2,0,3,7,0,0,0,0,0,0,True,2552,2,4,408,2,235,1
2,0,3,4,0,0,0,0,0,0,True,2552,3,4,408,2,235,2
1,1,1,30,0,0,0,0,0,0,True,2553,1,7,87,2,1212,3
1,1,3,24,0,0,0,0,0,0,True,2555,1,1,78,1,1213,1
1,1,1,34,0,0,0,0,0,0,True,2555,2,1,78,1,1213,1
1,1,1,30,0,0,0,0,0,0,True,2557,1,8,92,2,1214,2
3,0,1,3,0,0,0,0,0,0,True,2558,1,2,525,1,492,0
3,0,1,32,0,0,0,0,0,0,True,2558,2,2,525,1,492,1
3,0,1,55,0,403,0,922,0,0,True,2558,3,2,525,1,492,3
3,1,1,0,0,0,0,0,0,0,True,2558,4,2,525,1,492,3
1,0,1,51,0,0,1949,0,2549,39,False,2559,1,4,427,2,1215,5
2,1,2,0,0,0,0,0,0,0,True,2560,1,4,412,1,972,1
2,0,1,21,0,882,0,0,0,0,False,2560,2,4,412,1,972,2
2,0,1,2,0,0,0,0,0,0,False,2560,3,4,412,1,972,0
2,0,1,19,0,194,44,0,549,1,False,2561,1,6,178,2,1216,1
3,1,1,24,0,0,0,0,0,0,True,2562,1,2,526,1,1217,2
3,0,1,20,0,2502,0,96,0,0,False,2562,2,2,526,1,1217,1
1,0,1,42,0,2,3024,0,89,10,True,2564,1,6,179,2,692,1
3,1,1,17,0,0,0,0,0,0,True,2565,1,2,527,1,1218,2
3,0,1,32,0,598,0,138,0,624,False,2565,2,6,155,1,1218,0
2,0,1,28,0,145,8,557,0,74,True,2571,1,4,414,1,362,0
1,1,3,21,0,0,0,0,0,0,True,2572,1,8,93,2,587,1
1,1,3,56,1,0,0,0,0,0,True,2572,2,8,93,2,587,1
1,1,3,28,0,0,0,0,0,0,True,2573,1,8,90,1,1219,3
2,0,1,42,0,10,303,12,0,478,False,2574,1,2,496,2,499,1
2,0,1,18,0,1153,0,0,1409,195,False,2578,1,2,498,2,1220,4
2,0,1,24,0,19,676,0,26,0,False,2580,1,4,412,2,698,1
2,0,1,20,0,496,20,16,0,254,False,2581,1,6,156,1,980,4
2,0,1,22,0,26,0,0,0,733,False,2581,2,2,531,1,980,2
2,0,1,22,0,98,0,46,641,0,False,2582,1,4,415,1,852,3
2,0,2,21,0,0,0,0,0,0,False,2584,1,4,417,1,1221,1
2,0,1,28,0,4,166,743,0,0,True,2588,1,4,419,1,166,1
1,1,1,26,0,0,0,0,0,0,True,2589,1,8,91,1,1222,2
1,1,3,50,0,0,0,0,0,0,True,2589,2,8,91,1,1222,1
1,0,1,26,0,0,8150,0,3508,99,False,2589,3,8,91,1,905,1
1,0,1,30,1,0,632,0,673,2272,False,2589,4,8,91,1,1222,1
1,1,1,29,0,0,0,0,0,0,True,2589,5,8,91,1,1222,2
2,0,1,8,0,0,0,0,0,0,False,2590,1,4,420,1,139,4
2,0,1,45,0,406,148,285,0,0,False,2590,2,4,420,1,139,3
2,1,2,35,0,0,0,0,0,0,True,2590,3,4,420,1,139,0
2,0,2,18,0,9,419,0,201,7,False,2591,1,2,499,2,1223,2
2,0,1,23,0,0,121,0,568,128,False,2591,2,4,413,2,1223,2
3,0,1,29,1,803,0,0,58,0,False,2592,1,7,75,1,1224,2
3,0,1,18,0,1102,9,2628,0,0,False,2592,2,7,75,1,1224,1
2,0,1,28,0,804,2,13,0,62,False,2593,1,4,421,1,880,1
1,1,1,34,0,0,0,0,0,0,True,2594,1,1,98,2,1225,1
3,0,3,0,0,0,0,0,0,0,True,2595,1,2,533,1,313,3
3,0,1,4,0,0,0,0,0,0,True,2595,2,2,533,1,313,3
3,0,1,28,0,938,61,0,53,4,False,2595,3,7,76,1,1226,1
3,0,1,8,0,0,0,0,0,0,True,2595,4,2,533,1,1226,2
3,0,1,20,0,59,0,1646,1657,0,False,2596,1,7,77,1,1047,1
3,1,1,20,0,0,0,0,0,0,True,2596,2,2,534,1,926,1
3,1,1,25,0,0,0,0,0,0,True,2597,1,2,500,2,1227,0
2,0,3,31,0,995,7,1213,0,687,False,2597,2,2,500,2,1227,2
3,0,1,37,0,27,0,1131,0,1318,False,2598,1,2,535,1,1228,1
2,1,1,21,0,0,0,0,0,0,False,2599,1,4,427,2,625,1
3,1,1,24,0,0,0,0,0,0,True,2601,1,2,536,1,1227,0
3,1,1,34,0,0,0,0,0,0,False,2602,1,6,158,1,826,6
3,0,3,0,0,0,0,0,0,0,True,2602,2,6,158,1,1229,2
3,1,1,25,0,0,0,0,0,0,False,2602,3,6,158,1,826,1
3,1,3,43,0,0,0,0,0,0,True,2605,1,7,88,2,1230,1
2,0,1,27,0,900,0,0,0,1,False,2606,1,2,537,1,1231,2
2,0,1,45,0,10,16,801,73,0,False,2606,2,2,537,1,1231,1
1,1,1,63,0,0,0,0,0,0,True,2607,1,1,99,2,1232,1
1,1,1,17,0,0,0,0,0,0,True,2607,2,1,99,2,1232,1
1,0,3,35,0,0,1471,2,445,533,True,2607,3,1,99,2,1232,2
1,0,1,12,0,0,0,0,0,0,True,2607,4,1,99,2,471,2
2,1,2,27,0,0,0,0,0,0,True,2609,1,4,416,2,896,4
2,0,1,17,0,0,604,0,0,218,False,2616,1,2,541,1,615,1
2,0,2,32,0,59,0,469,0,0,False,2617,1,4,424,1,306,2
2,1,1,23,0,0,0,0,0,0,True,2618,1,6,159,1,1233,3
2,0,3,17,0,2000,0,0,0,0,False,2619,1,2,504,2,218,3
2,0,3,34,0,492,0,13,55,0,False,2622,1,2,505,2,909,2
2,0,1,15,0,0,0,875,3,0,False,2624,1,2,542,1,282,4
2,1,1,14,0,0,0,0,0,0,True,2625,1,4,426,1,1234,1
2,0,1,22,0,0,1,271,0,1348,False,2625,2,6,160,1,1234,2
2,0,1,19,0,232,0,479,0,5,False,2626,1,2,543,1,1235,2
2,0,2,40,0,0,228,5,454,1,False,2627,1,2,544,1,1236,1
1,1,3,25,0,0,0,0,0,0,True,2628,1,3,21,1,1237,5
1,0,3,51,0,0,6,0,2085,67,False,2628,2,3,21,1,1237,3
2,0,1,22,0,91,6,0,17,693,False,2629,1,4,427,1,1238,4
3,1,3,50,0,0,0,0,0,0,True,2631,1,2,545,1,1068,1
2,0,3,26,0,0,0,0,0,0,False,2633,1,4,428,1,227,2
3,1,1,39,0,0,0,0,0,0,True,2634,1,2,508,2,1239,4
3,0,1,18,0,1867,0,29,72,0,True,2635,1,7,78,1,1240,1
2,0,1,22,0,0,0,137,671,0,False,2636,1,4,419,2,1241,1
2,0,1,26,0,0,29,0,759,0,False,2638,1,6,181,2,443,1
2,0,1,19,0,0,0,0,0,1051,False,2640,1,2,510,2,242,1
2,1,2,16,0,0,0,0,0,0,False,2641,1,4,420,2,173,3
2,0,1,24,0,0,0,17,0,793,False,2642,1,4,430,1,227,2
2,0,2,34,0,122,0,6,739,0,False,2643,1,2,511,2,1242,5
1,0,1,55,0,0,815,1558,3,1334,True,2645,1,8,95,2,1243,2
1,0,1,42,0,3,2174,0,10860,2564,False,2645,2,8,95,2,1244,1
1,1,1,14,0,0,0,0,0,0,True,2645,3,8,95,2,1244,0
1,0,3,28,0,0,3053,0,839,2153,True,2645,4,8,95,2,1244,0
1,1,3,26,0,0,0,0,0,0,True,2645,5,8,95,2,1244,2
1,0,3,33,0,0,286,1795,712,7041,False,2646,1,1,80,1,1245,0
2,0,1,24,0,0,0,0,636,68,False,2647,1,2,547,1,560,3
2,0,1,23,0,490,313,0,6,0,False,2648,1,4,421,2,246,1
3,0,1,16,0,46,0,1994,0,677,False,2649,1,7,79,1,890,5
2,1,1,36,0,0,0,0,0,0,False,2650,1,4,431,1,1216,1
1,1,3,44,0,0,0,0,0,0,True,2651,1,1,100,2,1246,6
2,0,1,22,0,0,0,670,0,32,True,2652,1,2,513,2,1247,1
2,1,1,30,0,0,0,0,0,0,False,2655,1,4,422,2,869,0
2,0,1,20,0,0,27,1,686,1,False,2657,1,2,514,2,497,0
2,0,1,21,0,366,1136,795,132,0,False,2658,1,2,549,1,1248,1
3,0,1,14,0,0,0,0,0,0,True,2659,1,6,182,2,1249,1
2,0,1,27,0,0,0,0,2,1215,False,2660,1,2,550,1,1250,1
2,0,1,19,0,1,4,0,750,3,False,2661,1,2,515,2,992,4
2,1,1,21,0,0,0,0,0,0,True,2661,2,4,423,2,992,1
3,0,3,27,0,1722,4,937,0,0,False,2662,1,2,551,1,1073,4
2,0,3,13,0,0,0,0,4,811,True,2663,1,2,552,1,1251,3
3,1,2,71,0,0,0,0,0,0,True,2664,1,6,183,2,810,0
3,1,1,28,0,0,0,0,0,0,False,2666,1,6,184,2,933,2
3,0,3,18,0,1874,0,260,0,0,False,2666,2,6,184,2,933,0
2,0,3,23,0,29,34,1,2838,0,False,2668,1,2,516,2,618,4
2,0,3,34,0,0,382,0,87,236,False,2668,2,4,424,2,618,1
2,0,1,20,0,4,790,0,15,0,False,2670,1,4,432,1,29,1
2,0,3,17,0,0,33,0,56,708,False,2671,1,2,554,1,813,1
2,0,2,21,0,970,0,213,8,86,False,2672,1,2,555,1,1252,0
1,0,1,33,0,0,1554,3813,0,1435,True,2675,1,8,97,2,112,0
1,0,3,34,0,3551,1284,1865,90,0,True,2676,1,1,81,1,1158,2
1,0,1,51,0,0,302,0,1367,669,False,2677,1,7,90,2,1253,3
2,0,1,21,0,0,680,0,10,0,True,2678,1,2,517,2,297,2
2,1,1,27,0,0,0,0,0,0,False,2679,1,4,426,2,1175,2
2,0,1,31,0,880,0,0,8,0,False,2682,1,4,434,1,1254,3
1,0,1,36,0,2,1297,0,4,0,True,2683,1,3,32,2,337,1
1,0,1,39,0,0,7116,0,13208,1515,False,2684,1,1,83,1,385,3
2,0,1,26,0,886,0,0,0,21,False,2685,1,4,435,1,114,0
2,0,1,51,0,0,1347,0,43,0,True,2687,1,2,556,1,325,2
2,0,1,24,0,13,193,0,0,591,False,2688,1,2,557,1,1111,4
2,0,3,27,0,339,104,116,160,0,True,2690,1,6,185,2,951,4
2,0,1,31,0,0,243,1,559,0,False,2691,1,2,558,1,575,2
2,0,1,24,0,0,0,21,0,695,False,2692,1,4,427,2,1255,1
1,0,1,57,0,0,1514,0,72,1393,False,2693,1,3,22,1,1256,3
1,0,3,36,1,11,79,0,210,1895,False,2693,2,3,22,1,1257,0
1,0,1,55,0,0,846,0,263,2024,False,2693,3,3,22,1,1257,5
1,1,3,27,0,0,0,0,0,0,False,2693,4,3,22,1,1257,3
3,0,1,18,0,947,0,4,4,0,False,2695,1,6,186,2,336,0
3,0,1,27,0,1893,487,4,0,0,False,2697,1,7,91,2,254,3
1,0,1,50,0,0,2684,0,153,1751,False,2698,1,8,94,1,658,1
2,0,1,24,0,45,138,1,0,530,False,2700,1,2,520,2,1258,1
2,1,2,20,0,0,0,0,0,0,True,2701,1,4,428,2,794,2
2,1,1,24,0,0,0,0,0,0,True,2702,1,4,437,1,925,1
2,0,1,18,0,0,617,0,0,10,False,2703,1,4,429,2,1259,0
2,0,1,44,0,1178,1,348,0,0,False,2704,1,2,521,2,138,0
1,1,3,27,0,0,0,0,0,0,True,2706,1,1,102,2,1260,3
1,0,1,58,0,1113,1650,0,194,510,True,2707,1,1,103,2,1261,0
1,1,2,29,0,0,0,0,0,0,True,2707,2,1,103,2,1261,2
2,0,2,23,0,3,548,37,0,12,True,2708,1,2,522,2,166,3
3,1,1,3,0,0,0,0,0,0,True,2709,1,2,523,2,1262,2
3,0,1,0,0,0,0,0,0,0,True,2709,2,2,523,2,1262,3
3,0,1,33,0,361,0,381,1622,0,False,2709,3,2,523,2,1262,0
3,0,1,12,0,0,0,0,0,0,True,2709,4,2,523,2,259,0
1,1,1,44,0,0,0,0,0,0,True,2712,1,1,105,2,1263,1
2,1,1,20,0,0,0,0,0,0,True,2713,1,4,438,1,71,5
2,0,3,59,0,269,1776,0,0,12,False,2714,1,2,561,1,1264,1
2,0,1,18,0,130,0,13,191,554,False,2717,1,4,431,2,745,1
1,1,1,72,0,0,0,0,0,0,True,2718,1,1,106,2,76,2
2,0,2,23,0,171,2373,1,30,985,False,2720,1,4,439,1,917,1
2,0,1,11,0,0,0,0,0,0,False,2720,2,4,439,1,917,0
2,1,1,1,0,0,0,0,0,0,True,2720,3,4,439,1,917,2
2,0,2,25,0,21,746,55,0,4,False,2721,1,2,563,1,1265,4
3,1,3,25,0,0,0,0,0,0,True,2722,1,7,93,2,1266,1
1,1,1,24,0,0,0,0,0,0,True,2723,1,8,99,2,818,3
1,0,1,54,0,0,5876,0,0,914,True,2723,2,8,99,2,818,1
3,1,3,17,0,0,0,0,0,0,True,2724,1,2,564,1,1267,2
3,0,1,48,0,1200,0,38,48,0,False,2724,2,2,564,1,1267,4
2,0,1,40,0,0,0,362,272,0,False,2725,1,2,565,1,1268,5
2,1,1,2,0,0,0,0,0,0,False,2726,1,4,440,1,1269,4
2,0,1,32,0,0,9,11,784,63,False,2727,1,2,525,2,503,1
2,1,1,15,0,0,0,0,0,0,True,2729,1,4,432,2,839,2
2,1,1,52,0,0,0,0,0,0,True,2730,1,4,433,2,1251,2
2,0,1,16,0,0,1115,0,1674,132,False,2730,2,2,527,2,1251,1
2,1,1,16,0,0,0,0,0,0,True,2730,3,4,433,2,1251,3
2,1,3,16,0,0,0,0,0,0,True,2732,1,4,435,2,1098,2
2,0,3,6,0,0,0,0,0,0,False,2732,2,4,435,2,1098,4
3,0,1,10,0,0,0,0,0,0,True,2734,1,2,567,1,256,3
3,0,1,27,1,1709,4,24,0,0,False,2736,1,7,81,1,1270,3
1,0,3,45,0,0,726,0,281,1257,True,2737,1,8,100,2,1198,4
1,0,1,26,0,2381,1772,0,0,2618,False,2737,2,8,100,2,1271,2
3,0,1,29,0,1049,0,0,0,0,False,2738,1,6,187,2,1272,3
2,1,2,38,0,0,0,0,0,0,True,2739,1,4,442,1,1273,1
2,0,1,19,0,1,143,0,254,107,True,2740,1,6,163,1,66,1
3,0,1,43,0,471,0,133,2,692,False,2741,1,6,164,1,1274,3
2,0,1,15,0,746,0,2,0,11,False,2743,1,2,528,2,1018,3
3,0,1,31,0,1511,0,310,0,0,False,2745,1,2,568,1,1275,1
3,0,1,52,0,758,0,356,5,0,False,2746,1,2,569,1,599,1
3,0,1,49,0,0,0,0,0,0,True,2747,1,2,570,1,1067,2
2,0,3,29,0,143,548,0,0,0,True,2748,1,2,529,2,1276,1
2,0,1,18,0,600,0,0,179,11,True,2750,1,2,571,1,1076,1
3,1,1,41,0,0,0,0,0,0,True,2751,1,2,530,2,1277,2
2,0,1,9,0,0,0,0,0,0,False,2752,1,4,444,1,869,2
2,1,2,27,0,0,0,0,0,0,False,2752,2,4,444,1,869,1
2,0,1,58,0,0,82,0,758,0,True,2752,3,6,165,1,869,0
2,0,2,39,0,0,0,0,0,907,False,2753,1,6,188,2,592,3
2,0,1,13,0,911,1,0,74,0,False,2754,1,6,166,1,60,1
1,1,3,36,0,0,0,0,0,0,True,2755,1,1,85,1,1278,3
3,0,3,23,0,253,0,0,888,0,False,2756,1,2,572,1,1279,3
2,1,2,24,0,0,0,0,0,0,True,2758,1,4,446,1,84,0
2,0,1,33,0,0,0,170,14,810,False,2759,1,6,167,1,325,1
2,0,1,18,0,0,0,0,0,0,False,2760,1,4,438,2,738,1
2,1,1,2,0,0,0,0,0,0,False,2760,2,4,438,2,905,0
2,1,1,0,0,0,0,0,0,0,True,2760,3,4,438,2,738,0
2,0,1,36,0,625,0,260,0,0,False,2762,1,4,439,2,603,1
2,0,3,15,0,254,0,10,180,0,False,2762,2,4,439,2,603,3
2,0,1,31,0,91,756,0,0,12,True,2763,1,6,168,1,1280,3
2,0,1,42,0,0,0,213,166,1209,True,2764,1,6,189,2,902,5
3,0,1,27,0,1502,1,0,0,0,False,2765,1,2,532,2,1281,0
2,0,1,36,0,123,3,0,7,0,True,2768,1,2,533,2,1282,0
2,0,1,0,0,0,0,0,0,0,False,2768,2,4,442,2,1282,0
2,1,1,3,0,0,0,0,0,0,False,2768,3,4,442,2,1282,1
2,0,2,22,0,0,837,192,0,0,False,2769,1,2,573,1,971,0
2,0,1,56,0,0,1721,0,96,0,False,2770,1,4,443,2,390,1
2,0,1,23,0,0,0,0,757,0,False,2772,1,4,444,2,493,2
3,0,1,25,0,314,2,648,92,0,False,2773,1,7,94,2,1027,4
2,0,1,29,0,3,0,3,0,697,False,2774,1,2,575,1,1283,2
2,0,1,17,0,0,1195,31,0,0,False,2774,2,2,575,1,1284,4
2,0,1,13,0,412,4,0,0,551,False,2774,3,2,575,1,1283,1
3,0,1,35,0,2301,0,414,0,0,True,2778,1,7,82,1,1285,1
3,1,3,53,0,0,0,0,0,0,True,2778,2,2,576,1,1285,2
2,0,1,24,0,14,702,0,0,0,False,2780,1,2,578,1,218,3
2,1,1,38,0,0,0,0,0,0,False,2781,1,4,447,1,798,2
1,1,3,21,0,0,0,0,0,0,True,2783,1,7,83,1,1286,1
1,0,3,29,0,2,8,0,2864,155,False,2783,2,7,83,1,1286,1
2,0,1,46,0,0,0,1661,52,8,True,2784,1,4,448,1,1287,4
1,1,1,58,0,0,0,0,0,0,True,2785,1,8,102,2,1000,3
2,0,2,53,0,0,1,0,195,493,True,2786,1,6,190,2,901,4
2,0,3,21,0,13,0,1098,64,1,False,2787,1,2,535,2,42,2
2,1,2,27,0,0,0,0,0,0,False,2788,1,4,449,1,490,0
2,1,1,31,0,0,0,0,0,0,False,2789,1,4,450,1,504,1
1,1,3,23,0,0,0,0,0,0,True,2790,1,1,86,1,1288,1
1,0,3,41,0,0,320,4333,1313,51,False,2790,2,1,86,1,1288,0
1,0,1,29,0,3,933,0,674,731,False,2790,3,1,86,1,1288,3
1,0,3,54,0,0,37,0,4689,0,False,2790,4,1,86,1,1288,2
1,0,3,43,0,0,9923,660,10,266,True,2790,5,1,86,1,1288,3
2,1,2,36,0,0,0,0,0,0,True,2792,1,4,446,2,571,1
2,0,1,48,0,784,87,0,0,1,True,2793,1,6,169,1,1289,3
1,0,1,34,0,10,5659,15,3,0,True,2795,1,8,103,2,1290,1
1,0,1,42,0,0,802,0,2622,671,False,2795,2,8,103,2,1290,1
2,0,3,17,0,0,0,0,863,0,False,2796,1,2,536,2,905,2
2,0,1,22,0,0,0,0,0,1345,False,2797,1,2,580,1,221,2
1,0,1,37,0,6,437,0,54,3030,False,2798,1,3,23,1,1291,2
1,1,3,38,0,0,0,0,0,0,True,2798,2,3,23,1,1291,4
2,0,1,21,0,3,0,0,881,0,False,2799,1,4,447,2,1292,3
2,1,2,23,0,0,0,0,0,0,True,2799,2,4,447,2,1292,3
1,0,1,27,0,1,767,0,13104,3657,False,2801,1,1,87,1,1293,4
2,0,1,23,0,18,2595,0,0,122,True,2802,1,2,581,1,600,5
2,0,1,19,0,0,0,366,268,0,False,2805,1,2,582,1,774,5
3,0,1,28,0,948,0,64,170,0,False,2806,1,7,95,2,375,1
2,0,1,33,0,0,0,154,22,820,False,2807,1,6,171,1,235,2
2,1,2,24,0,0,0,0,0,0,False,2807,2,4,452,1,235,5
2,1,1,0,0,0,0,0,0,0,True,2807,3,4,452,1,1294,3
2,1,1,41,0,0,0,0,0,0,True,2809,1,4,453,1,962,4
2,1,1,19,0,0,0,0,0,0,False,2810,1,4,454,1,272,3
2,0,1,44,0,0,0,0,0,871,False,2811,1,2,537,2,986,3
3,0,3,43,0,803,0,384,120,0,True,2812,1,2,538,2,1295,3
2,1,1,14,0,0,0,0,0,0,True,2813,1,4,449,2,1296,2
2,1,2,18,0,0,0,0,0,0,True,2814,1,4,455,1,563,0
2,0,1,25,0,237,0,910,0,12,False,2817,1,2,584,1,1297,0
3,0,1,0,0,0,0,0,0,0,True,2818,1,2,585,1,802,2
3,1,3,4,0,0,0,0,0,0,True,2818,2,2,585,1,802,3
3,0,1,24,0,165,0,981,2,0,True,2818,3,2,585,1,802,3
2,0,1,38,0,77,169,0,0,470,False,2819,1,2,586,1,209,6
2,1,1,44,0,0,0,0,0,0,True,2820,1,4,457,1,856,3
2,1,3,57,0,0,0,0,0,0,True,2821,1,4,458,1,1298,3
2,1,3,3,0,0,0,0,0,0,True,2822,1,4,450,2,602,1
2,0,1,5,0,0,0,0,0,0,False,2822,2,4,450,2,602,0
2,1,3,3,0,0,0,0,0,0,True,2822,3,4,450,2,602,0
2,1,1,18,0,0,0,0,0,0,True,2822,4,4,450,2,602,0
2,1,1,8,0,0,0,0,0,0,False,2822,5,4,450,2,602,2
3,1,1,21,0,0,0,0,0,0,True,2823,1,2,587,1,422,0
1,1,3,35,0,0,0,0,0,0,True,2824,1,8,104,2,1299,2
3,0,1,47,0,0,0,0,0,0,True,2825,1,2,539,2,1300,1
1,0,3,28,0,1581,213,0,18,3051,False,2826,1,8,96,1,1301,3
1,0,1,49,0,20,6807,174,3538,2473,False,2826,2,8,96,1,1301,2
1,0,1,23,0,0,824,0,495,1479,True,2831,1,7,86,1,1302,2
1,0,1,19,0,0,1,0,2085,55,False,2831,2,7,86,1,1303,1
2,0,1,34,0,0,250,23,0,514,False,2832,1,6,173,1,905,1
1,0,1,40,1,0,11,0,2205,1295,True,2834,1,8,105,2,758,2
1,0,3,26,1,0,186,0,548,5058,False,2835,1,3,24,1,1304,1
2,0,2,23,0,0,0,0,3,1919,False,2837,1,2,588,1,1305,2
3,0,1,22,0,0,0,0,0,0,False,2838,1,6,174,1,408,1
1,0,1,51,0,1,3935,0,146,0,True,2839,1,8,107,2,610,0
2,0,3,44,0,672,0,0,0,20,False,2840,1,2,540,2,147,0
3,0,1,50,0,357,0,657,0,0,False,2843,1,6,175,1,1306,0
2,1,1,28,0,0,0,0,0,0,True,2846,1,4,452,2,1238,2
2,1,1,13,0,0,0,0,0,0,True,2847,1,4,464,1,911,2
2,0,1,21,0,33,126,0,461,0,False,2852,1,4,465,1,809,4
2,0,1,20,0,56,757,111,0,0,True,2853,1,2,544,2,686,3
2,0,3,14,0,0,0,14,692,809,False,2854,1,2,591,1,414,0
1,0,3,38,0,0,896,0,0,4168,False,2856,1,8,108,2,1307,0
2,0,2,29,0,631,0,0,40,0,False,2857,1,2,545,2,1211,1
1,1,1,36,0,0,0,0,0,0,True,2858,1,8,109,2,64,3
1,1,1,16,0,0,0,0,0,0,True,2858,2,8,109,2,64,1
1,1,1,40,0,0,0,0,0,0,True,2858,3,8,109,2,64,3
1,1,3,27,0,0,0,0,0,0,True,2859,1,8,98,1,188,3
2,0,2,18,0,154,22,77,1053,0,True,2860,1,2,546,2,596,4
2,0,1,17,0,5,756,0,0,0,True,2861,1,2,547,2,1308,4
3,1,1,32,0,0,0,0,0,0,True,2862,1,6,193,2,1309,3
2,0,1,27,0,0,2,49,0,801,False,2863,1,4,466,1,844,4
3,0,1,34,0,2904,23,7,0,81,False,2865,1,7,88,1,1310,3
3,0,1,53,0,520,0,442,0,0,True,2865,2,7,88,1,1310,1
1,1,1,36,1,0,0,0,0,0,True,2866,1,8,110,2,1311,2
3,0,1,41,0,71,0,1617,31,0,False,2867,1,7,89,1,1312,1
3,0,1,51,0,819,4,92,38,0,False,2867,2,6,176,1,1312,6
2,1,2,61,0,0,0,0,0,0,True,2869,1,4,467,1,310,1
2,0,1,59,0,0,0,1,920,1,True,2870,1,4,454,2,277,1
1,1,1,17,0,0,0,0,0,0,True,2871,1,1,88,1,1152,2
1,1,1,27,0,0,0,0,0,0,True,2871,2,1,88,1,1152,1
2,0,2,57,0,0,1431,0,30,337,True,2872,1,4,455,2,1313,4
3,0,3,39,0,2127,0,23,0,0,False,2873,1,6,194,2,1314,0
1,1,3,55,0,0,0,0,0,0,True,2875,1,1,107,2,479,2
2,0,1,42,0,173,656,0,0,23,False,2876,1,4,456,2,1315,0
2,0,1,36,0,418,40,7,338,0,False,2877,1,2,592,1,54,3
3,0,1,42,0,44,0,3648,0,9,True,2878,1,2,593,1,1316,4
2,1,2,32,0,0,0,0,0,0,False,2880,1,4,468,1,398,1
2,0,3,6,0,0,0,0,0,0,False,2881,1,4,457,2,1145,1
2,1,1,15,0,0,0,0,0,0,False,2882,1,4,458,2,418,1
2,0,1,28,0,0,93,1282,0,0,True,2883,1,2,595,1,1120,1
3,0,1,37,0,912,0,0,0,0,False,2884,1,7,90,1,368,2
2,0,1,44,0,0,0,744,62,3,False,2887,1,4,459,2,1317,2
3,0,1,71,1,901,0,1698,0,0,False,2888,1,2,597,1,1318,2
1,0,1,44,0,0,351,0,3,3447,False,2890,1,1,89,1,1319,4
1,1,1,36,0,0,0,0,0,0,True,2890,2,1,89,1,1319,5
2,0,1,18,0,4,904,0,0,1,False,2891,1,4,460,2,1320,1
2,0,2,3,0,0,0,0,0,0,True,2892,1,4,469,1,1223,2
2,1,3,12,0,0,0,0,0,0,False,2892,2,4,469,1,984,0
2,1,3,0,0,0,0,0,0,0,True,2892,3,4,469,1,984,1
2,0,1,29,0,0,1311,0,0,0,False,2892,4,2,598,1,1223,3
2,0,1,9,0,0,0,0,0,0,False,2892,5,4,469,1,1223,3
2,0,3,27,0,688,307,779,0,19,False,2893,1,4,470,1,1321,3
2,0,2,24,0,0,0,443,244,1,False,2894,1,2,599,1,1322,0
2,0,1,38,0,1,0,288,0,556,True,2897,1,4,461,2,1323,1
3,0,1,28,0,523,0,0,970,0,False,2899,1,2,600,1,1324,2
3,1,1,26,0,0,0,0,0,0,True,2900,1,4,427,2,1325,2
2,0,1,16,0,0,20,0,300,681,False,2901,1,2,601,1,1326,0
2,0,2,24,0,0,2,25,0,707,True,2901,2,2,601,1,1326,3
2,0,1,33,0,123,760,0,0,0,False,2902,1,4,471,1,173,0
2,0,3,24,0,489,0,0,0,0,False,2905,1,4,462,2,899,2
2,0,1,29,0,1,0,133,104,574,False,2906,1,4,463,2,390,1
2,0,1,25,0,0,9,2005,0,5,True,2907,1,2,552,2,343,4
2,0,1,0,0,0,0,0,0,0,False,2908,1,4,464,2,1327,1
2,0,1,13,0,649,2,0,124,143,False,2908,2,2,553,2,1327,1
2,1,3,7,0,0,0,0,0,0,False,2909,1,4,473,1,1102,2
2,0,2,32,0,0,0,736,0,0,False,2910,1,2,602,1,1268,3
3,1,1,34,0,0,0,0,0,0,False,2912,1,6,178,1,1328,2
3,0,1,49,0,21,25,1509,0,1042,False,2913,1,2,603,1,860,4
3,0,1,43,0,13,2119,315,0,261,True,2919,1,7,96,2,373,1
3,0,1,0,0,0,0,0,0,0,True,2919,2,2,555,2,373,3
3,1,1,6,0,0,0,0,0,0,True,2919,3,2,555,2,373,2
2,0,1,23,0,0,179,569,0,0,True,2920,1,2,606,1,954,3
3,0,1,43,0,336,11,796,15,0,True,2925,1,2,609,1,897,0
3,1,3,23,0,0,0,0,0,0,True,2925,2,2,609,1,897,2
3,0,1,43,0,828,25,545,107,0,False,2926,1,4,427,2,1329,6
3,1,3,41,0,0,0,0,0,0,True,2927,1,2,611,1,1330,1
1,0,3,54,1,0,2062,2,19,1618,False,2928,1,1,92,1,1331,4
1,1,1,51,0,0,0,0,0,0,True,2928,2,1,92,1,1332,4
1,1,1,44,0,0,0,0,0,0,True,2928,3,1,92,1,1331,6
2,1,2,48,0,0,0,0,0,0,True,2929,1,4,467,2,453,0
2,0,1,45,0,0,9,0,857,16,False,2930,1,4,474,1,93,3
2,0,2,20,0,0,689,0,0,0,False,2934,1,2,557,2,419,2
1,0,1,33,0,0,28,0,6841,543,False,2935,1,9,2,1,905,2
2,0,1,21,0,15,30,11,2,388,False,2936,1,4,468,2,1327,4
1,1,1,68,0,0,0,0,0,0,True,2938,1,8,100,1,1333,3
2,0,2,23,0,5,308,363,7,0,True,2940,1,2,615,1,1216,2
2,0,1,16,0,24,0,13,717,0,False,2941,1,4,477,1,1321,3
2,0,1,35,0,198,44,97,30,510,False,2942,1,2,558,2,1046,3
2,1,1,22,0,0,0,0,0,0,False,2943,1,4,478,1,1151,1
2,0,1,51,0,214,3,16,569,0,False,2944,1,2,559,2,295,2
2,0,2,2,0,0,0,0,0,0,False,2944,2,4,469,2,295,1
2,1,3,29,0,0,0,0,0,0,False,2944,3,4,469,2,295,2
2,0,1,0,0,0,0,0,0,0,True,2944,4,4,469,2,295,3
2,1,3,39,0,0,0,0,0,0,True,2945,1,4,479,1,32,1
1,0,1,55,0,0,1971,77,577,1050,True,2948,1,8,112,2,1334,1
2,1,1,22,0,0,0,0,0,0,False,2949,1,4,482,1,1335,1
2,0,1,20,0,310,0,374,0,5,False,2950,1,2,617,1,645,0
2,0,3,25,0,0,641,0,2,0,True,2953,1,6,179,1,884,2
2,0,3,18,0,235,0,101,0,316,True,2954,1,2,619,1,109,1
2,0,2,28,0,3,141,0,0,1689,False,2956,1,4,470,2,1023,0
2,0,1,26,0,1822,0,4,107,1204,False,2958,1,2,561,2,1336,0
2,0,2,28,0,1,0,933,614,0,False,2959,1,2,620,1,905,0
2,0,1,54,0,0,0,0,0,0,False,2960,1,2,562,2,386,2
2,0,1,56,0,0,54,0,724,0,False,2961,1,2,621,1,1337,1
3,0,1,25,0,1228,0,132,0,0,False,2962,1,6,180,1,318,3
1,0,1,26,0,2050,8525,0,270,636,False,2964,1,3,35,2,1135,5
2,0,1,14,0,0,0,709,258,3,False,2965,1,2,622,1,357,2
2,0,1,21,0,2,417,323,0,84,True,2966,1,6,181,1,1338,2
2,1,1,43,0,0,0,0,0,0,True,2968,1,4,485,1,805,2
2,0,1,37,0,221,0,32,38,516,False,2969,1,4,486,1,1339,2
2,0,1,27,0,740,82,6,0,1,False,2970,1,4,427,2,922,6
1,0,1,38,0,0,3135,0,26,3,True,2971,1,9,3,1,1340,1
2,0,1,14,0,0,1,1441,0,190,True,2972,1,6,182,1,61,1
2,0,2,20,0,0,0,585,0,10,False,2975,1,2,564,2,923,1
1,0,1,33,0,0,0,0,0,0,False,2979,1,1,93,1,1341,1
1,1,3,33,0,0,0,0,0,0,True,2982,1,1,111,2,1342,1
2,0,1,13,0,0,0,31,0,810,True,2983,1,6,183,1,1343,4
1,0,1,37,0,0,210,0,4114,0,False,2984,1,7,97,2,715,0
3,0,1,15,0,5711,0,2516,0,1370,False,2986,1,6,197,2,1344,3
1,0,3,33,0,396,1280,7,308,4941,False,2988,1,3,36,2,1345,0
2,1,2,24,0,0,0,0,0,0,True,2990,1,4,472,2,1326,3
2,0,2,49,0,0,0,0,160,528,False,2992,1,2,570,2,1013,4
2,0,1,24,0,1252,6,0,123,706,False,2993,1,2,571,2,109,1
2,0,1,24,0,173,0,14,0,603,False,2994,1,6,198,2,706,3
1,1,3,26,0,0,0,0,0,0,True,2995,1,1,94,1,190,2
1,1,3,40,0,0,0,0,0,0,True,2995,2,1,94,1,190,1
2,0,3,31,0,0,611,2,4,22,False,2996,1,2,626,1,905,0
1,0,1,47,0,0,5252,0,124,300,True,2998,1,8,113,2,240,1
2,0,1,19,0,736,0,0,0,1,False,3000,1,2,627,1,1346,1
1,0,3,38,1,0,1577,0,425,4359,False,3001,1,8,101,1,1347,3
1,0,3,33,0,0,1001,2280,0,29,True,3001,2,8,101,1,1347,2
1,1,1,45,0,0,0,0,0,0,True,3003,1,8,114,2,1348,1
2,1,1,1,0,0,0,0,0,0,True,3004,1,4,473,2,1349,5
2,0,1,32,0,0,53,0,744,0,False,3004,2,2,572,2,1349,3
3,1,1,70,0,0,0,0,0,0,True,3005,1,2,573,2,1350,1
2,0,2,19,0,23,0,0,0,732,False,3006,1,4,474,2,97,2
3,1,2,55,0,0,0,0,0,0,True,3009,1,6,185,1,975,3
1,0,1,48,0,0,8403,0,7627,83,False,3010,1,1,96,1,1351,1
2,0,1,66,0,1187,1,0,6,0,False,3012,1,4,475,2,347,3
2,0,1,13,0,0,256,0,207,409,False,3013,1,2,629,1,288,4
1,0,3,40,0,82,1390,0,347,6237,False,3014,1,8,115,2,1168,5
2,0,1,35,0,0,1438,0,112,74,True,3015,1,6,199,2,1352,0
2,0,1,32,0,0,49,2,639,0,False,3018,1,2,630,1,1353,1
3,0,1,51,0,1644,0,234,157,64,False,3019,1,6,187,1,1354,5
1,0,1,37,0,0,216,0,5391,3372,False,3020,1,1,112,2,1355,6
2,0,1,31,0,517,1,301,60,4,False,3021,1,4,476,2,1346,2
2,0,1,37,0,608,0,6,0,1637,False,3021,2,2,574,2,1346,2
1,0,1,38,0,0,3331,270,2,3510,False,3022,1,8,102,1,1356,2
1,0,3,19,0,0,329,0,3154,312,False,3022,2,8,102,1,1356,0
3,1,1,33,0,0,0,0,0,0,True,3023,1,2,631,1,1357,2
2,0,1,19,0,0,0,1752,187,0,True,3024,1,2,632,1,893,1
2,0,1,31,0,2,788,0,128,9,True,3025,1,4,477,2,905,1
2,0,1,43,0,45,8,0,607,44,False,3025,2,4,477,2,872,6
2,1,1,22,0,0,0,0,0,0,False,3026,1,4,492,1,91,1
2,1,1,24,0,0,0,0,0,0,False,3027,1,4,493,1,446,2
1,0,3,21,0,0,878,82,360,1784,False,3029,1,8,103,1,1358,0
1,0,1,14,0,0,0,0,0,0,True,3029,2,8,103,1,1358,4
1,0,3,30,0,728,2551,0,48,1804,True,3030,1,1,97,1,1039,0
1,1,1,22,0,0,0,0,0,0,True,3030,2,1,97,1,1039,2
2,0,1,11,0,0,0,0,0,0,False,3032,1,4,478,2,1359,4
2,1,1,4,0,0,0,0,0,0,False,3032,2,4,478,2,1359,0
2,0,1,0,0,0,0,0,0,0,False,3032,3,4,478,2,1359,1
2,0,1,30,0,479,12,25,643,283,False,3032,4,2,575,2,1359,1
2,0,2,21,0,0,27,1181,0,513,False,3033,1,4,479,2,242,1
1,0,1,40,0,0,0,0,0,0,False,3034,1,4,427,2,1360,0
2,0,2,57,0,506,0,1,178,0,False,3036,1,2,634,1,973,1
3,0,1,35,0,1228,0,0,0,0,False,3038,1,2,576,2,1361,5
1,0,1,32,0,0,0,0,0,0,False,3039,1,3,37,2,1362,4
3,0,1,32,0,2616,0,2,5,0,False,3040,1,2,577,2,705,1
2,0,1,30,0,0,0,301,0,437,False,3042,1,2,578,2,93,2
2,0,1,69,0,577,139,0,0,0,False,3044,1,2,636,1,1363,2
2,1,1,21,0,0,0,0,0,0,False,3045,1,4,480,2,755,6
3,1,2,17,0,0,0,0,0,0,True,3047,1,6,190,1,1364,1
3,0,1,16,0,995,0,6,48,0,False,3047,2,6,190,1,1364,2
3,1,1,25,0,0,0,0,0,0,False,3048,1,6,200,2,921,0
1,0,1,25,0,1586,2342,947,1,276,True,3050,1,6,191,1,76,1
1,0,3,52,0,0,2,0,10976,810,False,3053,1,4,427,2,301,0
2,0,1,13,0,578,77,0,306,5,False,3054,1,2,579,2,1054,4
2,0,1,37,0,1086,0,0,41,0,False,3055,1,2,637,1,1365,4
3,0,1,13,0,760,2,2,0,0,False,3060,1,2,581,2,1366,2
3,0,1,45,0,3309,0,10,0,0,False,3060,2,7,98,2,1366,3
3,0,1,55,0,0,0,0,0,0,False,3060,3,6,201,2,1366,0
2,0,1,22,0,664,0,0,65,0,False,3061,1,2,638,1,1075,3
2,0,1,39,0,0,0,0,1745,72,False,3061,2,4,498,1,1367,4
3,0,1,35,0,741,0,31,0,36,False,3062,1,7,99,2,595,1
2,1,2,19,0,0,0,0,0,0,True,3063,1,4,499,1,762,0
2,1,1,7,0,0,0,0,0,0,True,3063,2,4,499,1,762,2
2,0,1,19,0,1,0,0,450,254,False,3063,3,6,192,1,762,2
2,1,1,21,0,0,0,0,0,0,True,3064,1,4,482,2,1346,5
1,0,3,37,0,0,2065,1650,356,1,True,3065,1,7,94,1,1368,2
2,0,1,35,0,1609,0,0,0,0,False,3066,1,6,193,1,147,2
2,1,1,22,0,0,0,0,0,0,True,3067,1,4,483,2,854,2
2,0,1,62,0,379,453,0,7,0,False,3068,1,4,500,1,930,3
2,1,1,41,0,0,0,0,0,0,True,3070,1,4,501,1,1369,2
1,1,1,16,0,0,0,0,0,0,True,3071,1,1,113,2,1370,1
1,0,1,26,0,0,0,8,21,6023,False,3071,2,1,113,2,1370,4
3,1,1,36,0,0,0,0,0,0,True,3073,1,2,640,1,781,1
2,1,2,27,0,0,0,0,0,0,True,3076,1,4,502,1,1112,1
2,0,3,22,0,35,0,36,581,0,False,3079,1,2,642,1,119,1
2,0,1,40,0,0,0,0,822,2,False,3080,1,2,584,2,533,0
1,0,3,50,0,0,1547,0,1784,1,True,3081,1,8,118,2,528,1
1,1,1,57,0,0,0,0,0,0,True,3081,2,8,118,2,528,1
2,0,2,15,0,1,30,1793,0,0,True,3082,1,4,503,1,1371,5
1,0,3,23,0,0,587,0,1497,1014,False,3083,1,7,100,2,185,0
3,1,3,60,0,0,0,0,0,0,True,3084,1,7,101,2,1372,4
2,0,1,73,0,0,0,0,153,556,False,3085,1,4,504,1,835,0
2,0,1,35,0,0,0,0,0,0,True,3087,1,4,505,1,1373,0
1,0,1,28,0,0,0,0,0,0,False,3088,1,3,25,1,1374,3
1,0,1,27,1,0,6013,0,820,31,True,3090,1,1,115,2,92,3
1,0,1,14,0,0,946,0,7860,384,False,3091,1,4,427,2,1375,1
1,1,1,26,0,0,0,0,0,0,True,3091,2,7,102,2,1375,2
2,0,1,22,0,0,0,102,43,700,False,3092,1,4,506,1,884,1
3,0,3,22,0,2229,0,1349,121,0,True,3093,1,6,194,1,1306,2
3,0,2,71,0,924,1284,10,9,0,False,3095,1,2,585,2,434,1
3,0,3,25,0,5,1,633,0,188,True,3096,1,7,103,2,1376,3
3,1,1,27,0,0,0,0,0,0,True,3099,1,6,203,2,1377,3
2,0,1,1,0,0,0,0,0,0,False,3100,1,4,485,2,1378,7
2,0,1,52,0,809,0,0,0,0,True,3100,2,2,586,2,1378,2
2,1,1,0,0,0,0,0,0,0,True,3100,3,4,485,2,1378,1
1,1,3,30,0,0,0,0,0,0,True,3102,1,1,101,1,1379,1
1,0,1,52,1,0,7452,0,1158,7979,False,3103,1,1,102,1,1380,1
2,0,1,12,0,0,0,0,0,0,True,3104,1,4,507,1,88,0
2,1,1,22,0,0,0,0,0,0,True,3104,2,4,507,1,88,2
2,0,1,24,0,520,0,0,195,0,True,3110,1,4,509,1,331,3
3,0,1,22,0,1173,0,0,9,0,False,3111,1,7,95,1,1129,2
2,1,2,15,0,0,0,0,0,0,False,3112,1,4,488,2,1199,3
3,1,1,21,0,0,0,0,0,0,True,3113,1,7,96,1,655,1
3,1,3,56,0,0,0,0,0,0,True,3113,2,7,96,1,655,6
3,0,1,50,0,1598,0,155,26,0,False,3114,1,7,97,1,159,1
2,0,1,20,0,127,0,656,0,21,False,3116,1,2,645,1,328,2
2,0,1,32,0,0,0,47,857,23,False,3117,1,2,646,1,905,0
2,1,1,28,0,0,0,0,0,0,False,3118,1,4,510,1,1381,5
2,0,1,74,0,571,0,0,277,0,False,3119,1,4,490,2,451,2
3,1,1,25,0,0,0,0,0,0,True,3120,1,6,204,2,434,0
3,0,1,31,0,691,3,68,286,0,False,3120,2,6,204,2,434,0
2,1,2,6,0,0,0,0,0,0,True,3121,1,4,491,2,1382,0
2,1,1,17,0,0,0,0,0,0,True,3123,1,4,511,1,594,3
3,1,1,12,0,0,0,0,0,0,True,3124,1,2,648,1,565,1
3,0,1,47,0,1130,8,299,0,0,True,3124,2,2,648,1,565,3
3,1,1,46,0,0,0,0,0,0,True,3124,3,2,648,1,565,1
1,0,3,31,0,139,4018,13,232,1140,True,3126,1,1,116,2,862,1
1,0,1,36,0,0,0,0,0,0,True,3126,2,1,116,2,862,2
2,0,3,15,0,62,57,2646,1104,312,False,3128,1,4,512,1,409,4
3,0,1,38,0,886,0,618,0,0,False,3130,1,2,588,2,595,4
2,1,3,48,0,0,0,0,0,0,True,3131,1,4,492,2,1082,4
2,1,1,21,0,0,0,0,0,0,True,3131,2,4,492,2,1383,4
2,1,1,4,0,0,0,0,0,0,True,3131,3,4,492,2,1383,0
3,1,1,31,0,0,0,0,0,0,True,3132,1,2,649,1,312,1
2,0,2,31,0,0,140,394,0,0,False,3133,1,4,513,1,1384,1
1,0,2,62,1,0,4513,0,85,1437,True,3134,1,8,119,2,1385,3
2,1,1,29,0,0,0,0,0,0,True,3136,1,4,514,1,234,1
2,0,1,30,0,0,4,1604,678,1681,False,3138,1,4,427,2,518,3
3,0,1,26,0,912,0,43,0,0,False,3140,1,6,206,2,642,0
3,0,1,43,0,33,1117,59,0,16,False,3142,1,2,591,2,421,1
3,0,1,32,0,1087,0,71,0,0,False,3142,2,2,591,2,421,1
3,1,3,24,0,0,0,0,0,0,True,3143,1,2,592,2,1357,0
3,1,1,49,0,0,0,0,0,0,True,3145,1,2,652,1,1386,0
2,0,1,21,0,17,427,31,257,0,True,3147,1,2,594,2,264,1
2,0,1,18,0,0,730,79,0,0,True,3149,1,4,494,2,391,1
2,1,1,18,0,0,0,0,0,0,True,3149,2,4,494,2,391,5
2,1,1,14,0,0,0,0,0,0,False,3152,1,4,496,2,43,3
3,0,1,21,0,1507,0,3,2,1196,False,3158,1,7,100,1,1387,5
3,1,3,25,0,0,0,0,0,0,True,3159,1,2,654,1,799,0
1,0,3,56,0,0,323,971,58,4240,False,3161,1,6,208,2,1388,3
2,0,1,0,0,0,0,0,0,0,True,3162,1,4,500,2,1389,2
2,0,1,55,0,0,0,5,0,2409,False,3162,2,2,596,2,1390,1
2,1,1,14,0,0,0,0,0,0,False,3162,3,4,500,2,1390,2
3,0,1,13,0,1007,0,142,295,0,False,3163,1,2,656,1,1391,1
3,0,3,43,0,4,0,1834,1,66,False,3163,2,2,656,1,1391,2
2,1,1,39,0,0,0,0,0,0,False,3164,1,4,516,1,1190,1
3,1,1,27,0,0,0,0,0,0,True,3166,1,2,657,1,1392,3
2,0,1,24,0,0,7,548,4,0,True,3168,1,2,658,1,306,5
2,0,1,26,0,207,350,74,0,3,True,3169,1,2,598,2,1313,3
2,1,3,22,0,0,0,0,0,0,True,3171,1,4,502,2,790,2
2,0,1,26,0,0,0,1352,5,0,False,3172,1,2,659,1,148,0
3,0,1,19,0,155,0,1632,3,0,True,3174,1,7,101,1,1329,2
3,1,1,38,0,0,0,0,0,0,True,3174,2,2,660,1,1329,1
1,1,3,38,0,0,0,0,0,0,True,3175,1,1,104,1,240,1
1,0,1,77,0,0,9032,0,128,1464,True,3176,1,6,196,1,321,0
2,0,3,28,0,2840,0,0,0,0,False,3179,1,2,599,2,412,1
2,0,1,22,0,0,1,379,0,336,False,3180,1,2,663,1,567,2
2,0,1,20,0,4,353,193,241,0,False,3181,1,6,197,1,1018,2
2,0,1,18,0,0,0,699,0,0,True,3182,1,2,600,2,1393,1
1,0,3,10,0,0,0,0,0,0,True,3184,1,1,117,2,1394,0
1,1,3,34,0,0,0,0,0,0,True,3184,2,1,117,2,1394,1
2,0,1,43,0,0,788,0,0,1191,False,3185,1,2,601,2,191,1
3,1,3,31,0,0,0,0,0,0,False,3188,1,6,209,2,1395,4
3,1,3,40,0,0,0,0,0,0,True,3189,1,7,102,1,843,1
3,0,1,25,0,1299,0,0,0,0,False,3189,2,7,102,1,843,2
3,1,1,68,0,0,0,0,0,0,True,3191,1,2,603,2,678,1
2,0,1,20,0,0,0,147,0,0,False,3192,1,2,665,1,1315,4
3,0,1,27,1,309,0,849,0,0,True,3193,1,2,666,1,213,0
2,0,1,1,0,0,0,0,0,0,False,3195,1,4,505,2,1065,1
2,0,2,60,0,0,31,6,223,356,False,3195,2,4,505,2,1065,1
2,0,3,28,0,0,0,675,31,0,True,3195,3,4,505,2,1065,2
2,0,2,11,0,0,0,0,0,0,False,3195,4,4,505,2,1065,1
2,0,3,0,0,0,0,0,0,0,False,3195,5,4,427,2,1065,2
2,1,1,9,0,0,0,0,0,0,False,3195,6,4,505,2,1065,2
3,0,1,38,0,1046,0,1553,0,0,False,3196,1,2,667,1,1396,4
2,0,3,18,0,0,0,0,588,0,False,3197,1,2,668,1,997,0
2,0,1,40,0,4,11,669,0,773,False,3200,1,2,669,1,949,3
2,0,1,21,0,330,11,0,0,398,False,3201,1,2,670,1,1397,0
2,1,1,24,0,0,0,0,0,0,False,3203,1,4,506,2,896,1
1,0,1,26,0,0,1653,7,227,1457,False,3204,1,3,27,1,1398,2
1,0,1,47,0,3865,3810,0,12,196,False,3204,2,3,27,1,1398,1
1,0,1,46,0,0,131,0,8873,469,False,3204,3,3,27,1,1398,5
2,1,3,55,0,0,0,0,0,0,True,3205,1,4,507,2,1399,2
2,0,1,50,0,293,0,21,573,0,False,3206,1,4,520,1,390,2
3,1,1,10,0,0,0,0,0,0,True,3209,1,2,672,1,1400,0
1,0,3,17,0,454,19,0,0,3219,False,3210,1,6,211,2,1401,1
1,0,3,20,0,11,596,0,3583,266,False,3210,2,6,211,2,709,2
1,0,1,37,0,76,2804,0,1287,1229,False,3210,3,6,211,2,1401,2
2,0,1,24,0,11,0,9,2645,2,False,3211,1,2,673,1,1402,2
2,0,3,43,0,511,233,0,0,144,False,3211,2,4,521,1,1402,2
2,0,1,0,0,0,0,0,0,0,False,3211,3,4,521,1,1402,3
2,0,1,24,0,180,264,0,1225,0,False,3212,1,6,212,2,204,5
3,0,1,22,0,715,0,726,325,0,False,3213,1,7,103,1,1403,3
2,1,1,14,0,0,0,0,0,0,True,3215,1,4,508,2,223,3
2,1,1,3,0,0,0,0,0,0,True,3216,1,4,509,2,431,1
2,1,3,22,0,0,0,0,0,0,True,3216,2,4,509,2,431,1
2,0,1,23,0,0,1573,0,36,0,True,3216,3,6,213,2,431,3
3,0,1,56,0,324,574,116,0,0,False,3217,1,6,198,1,642,1
2,0,1,36,0,5,623,88,5,1,True,3218,1,2,606,2,625,2
2,0,3,58,0,52,0,5,517,0,False,3218,2,2,606,2,625,0
2,0,1,1,0,0,0,0,0,0,False,3218,3,4,510,2,625,1
3,1,1,39,0,0,0,0,0,0,False,3219,1,6,214,2,407,1
2,0,1,33,0,0,0,75,709,0,False,3220,1,4,522,1,1404,1
2,0,2,19,0,0,0,616,0,0,False,3221,1,4,511,2,1323,4
2,0,1,27,0,16,0,799,0,37,False,3223,1,4,523,1,1074,4
2,0,1,33,0,0,950,0,102,0,True,3224,1,2,607,2,1128,0
1,1,3,17,0,0,0,0,0,0,True,3225,1,8,120,2,1405,1
1,0,1,28,0,0,3281,0,68,341,True,3225,2,8,120,2,1405,2
2,0,1,21,0,63,15,407,397,0,False,3227,1,4,513,2,303,1
1,0,1,45,0,3,2344,1100,498,0,True,3229,1,1,118,2,1406,2
3,1,1,62,0,0,0,0,0,0,True,3230,1,2,674,1,1407,1
3,1,1,43,0,0,0,0,0,0,True,3232,1,2,609,2,1408,3
2,0,1,27,0,158,0,1271,0,71,False,3235,1,2,610,2,138,5
2,1,3,1,0,0,0,0,0,0,True,3236,1,4,524,1,825,2
2,0,1,31,0,593,540,238,0,77,False,3236,2,2,676,1,825,1
2,0,1,18,0,0,30,0,756,5,False,3236,3,6,200,1,825,3
3,0,1,21,0,1097,0,80,589,0,False,3237,1,7,104,1,1409,4
3,0,1,7,0,0,0,0,0,0,True,3237,2,2,677,1,1409,0
3,0,1,22,0,2646,0,599,117,0,False,3237,3,7,104,1,1409,0
3,1,1,26,0,0,0,0,0,0,False,3238,1,6,215,2,1410,0
2,1,1,30,0,0,0,0,0,0,True,3239,1,4,515,2,172,1
2,0,1,17,0,0,382,402,0,7,False,3240,1,6,216,2,54,3
2,1,1,27,0,0,0,0,0,0,False,3241,1,4,525,1,1367,2
2,0,3,10,0,0,0,0,0,0,False,3243,1,4,516,2,923,2
2,0,1,25,0,764,16,0,8,0,False,3247,1,6,202,1,529,0
2,0,1,21,0,0,0,0,0,0,False,3248,1,4,526,1,1411,1
2,0,3,53,0,8,0,236,0,2049,False,3252,1,2,613,2,1412,2
2,0,1,21,0,0,0,687,46,20,False,3253,1,4,528,1,794,2
1,0,1,28,0,0,3315,0,594,85,True,3254,1,8,121,2,1413,2
2,1,2,20,0,0,0,0,0,0,True,3255,1,4,517,2,1414,4
1,1,3,54,0,0,0,0,0,0,True,3256,1,6,217,2,92,1
2,1,1,9,0,0,0,0,0,0,False,3258,1,4,529,1,455,0
2,0,1,20,0,508,0,1,1372,0,False,3259,1,4,530,1,722,2
2,0,1,19,0,0,165,0,699,0,False,3260,1,2,615,2,1032,3
2,0,1,32,0,0,632,0,0,0,False,3262,1,2,681,1,480,2
3,0,1,22,0,0,0,0,0,0,False,3268,1,6,219,2,1272,0
1,0,3,35,0,74,5082,0,893,1937,True,3269,1,8,122,2,593,3
2,0,1,26,0,0,56,322,6,243,True,3270,1,4,531,1,483,3
2,1,1,51,0,0,0,0,0,0,False,3271,1,4,532,1,1415,5
2,0,3,8,0,0,0,0,0,0,True,3271,2,4,532,1,1415,3
2,0,1,40,0,0,0,895,0,0,True,3272,1,4,518,2,1337,3
2,1,3,2,0,0,0,0,0,0,True,3272,2,4,518,2,1337,4
2,1,2,19,0,0,0,0,0,0,False,3273,1,4,519,2,1371,2
2,1,1,32,0,0,0,0,0,0,True,3274,1,4,533,1,1416,0
2,0,3,16,0,1612,4,0,184,0,False,3274,2,4,533,1,1416,2
2,0,1,64,0,0,0,16,733,159,False,3274,3,4,533,1,1416,3
2,0,3,35,0,256,0,341,35,0,True,3275,1,2,617,2,1043,2
1,0,1,33,0,20,653,0,121,483,False,3276,1,3,29,1,1398,2
1,0,3,9,0,0,0,0,0,0,True,3279,1,8,123,2,1417,4
1,1,1,21,0,0,0,0,0,0,True,3279,2,8,123,2,1417,3
1,1,1,28,0,0,0,0,0,0,True,3279,3,8,123,2,1417,3
1,1,1,28,0,0,0,0,0,0,True,3279,4,8,123,2,1417,4
2,1,2,31,0,0,0,0,0,0,True,3280,1,4,534,1,1418,3
2,0,3,32,0,1150,201,0,0,8,False,3280,2,2,684,1,1418,1
1,1,3,43,0,0,0,0,0,0,True,3282,1,1,120,2,1419,5
1,1,1,60,0,0,0,0,0,0,True,3282,2,1,120,2,1419,1
1,0,1,43,0,0,1440,0,85,150,True,3282,3,1,120,2,1419,2
2,0,1,43,0,0,16,34,753,1,False,3283,1,2,619,2,905,2
2,0,1,19,0,64,0,453,174,6,False,3283,2,2,619,2,1420,2
2,0,1,21,0,0,0,0,646,138,False,3283,3,4,521,2,498,2
2,0,1,38,0,0,0,0,846,0,False,3283,4,4,521,2,503,1
2,1,2,17,0,0,0,0,0,0,True,3284,1,4,535,1,1421,4
2,1,2,29,0,0,0,0,0,0,True,3284,2,4,535,1,1421,2
2,0,2,2,0,0,0,0,0,0,True,3287,1,4,522,2,1422,6
2,0,1,22,0,718,2,50,0,0,True,3287,2,4,427,2,1422,1
2,0,3,18,0,0,0,14,625,0,False,3287,3,2,621,2,1422,4
2,1,1,16,0,0,0,0,0,0,True,3289,1,4,536,1,1149,0
1,1,1,52,0,0,0,0,0,0,True,3292,1,1,121,2,1086,1
1,0,3,52,0,13,6074,0,10385,299,False,3292,2,4,427,2,1086,5
1,1,3,14,0,0,0,0,0,0,True,3292,3,1,121,2,1232,1
1,0,1,25,1,0,0,0,0,0,True,3292,4,1,121,2,1423,3
1,1,1,34,0,0,0,0,0,0,True,3292,5,1,121,2,1086,1
3,0,1,20,0,915,12,25,205,311,True,3293,1,2,623,2,876,2
2,1,2,28,0,0,0,0,0,0,True,3294,1,4,537,1,608,4
2,1,1,27,0,0,0,0,0,0,False,3294,2,4,537,1,608,1
2,0,3,20,0,2598,927,0,866,2,False,3295,1,4,538,1,1424,0
2,0,3,44,0,632,0,101,5,0,True,3296,1,2,624,2,880,1
2,0,1,64,0,313,782,8,0,0,False,3297,1,2,686,1,1422,2
2,0,1,27,0,0,0,775,127,0,True,3298,1,2,687,1,88,1
2,0,1,24,0,0,0,0,0,0,False,3299,1,4,524,2,887,0
3,1,1,38,0,0,0,0,0,0,True,3300,1,2,688,1,1119,0
3,0,1,47,0,378,0,117,1147,132,False,3300,2,2,688,1,1119,3
2,1,3,8,0,0,0,0,0,0,True,3301,1,4,525,2,1425,1
2,0,1,1,0,0,0,0,0,0,True,3301,2,4,525,2,1425,1
2,0,3,0,0,0,0,0,0,0,True,3301,3,4,525,2,1425,3
2,0,1,20,0,0,0,0,0,0,True,3301,4,4,525,2,1425,0
1,1,1,41,0,0,0,0,0,0,True,3304,1,7,105,1,1426,2
3,1,1,35,0,0,0,0,0,0,False,3305,1,7,106,1,1126,1
3,0,3,31,0,1065,13,150,36,0,False,3305,2,7,106,1,1126,2
2,0,2,14,0,0,43,504,125,0,False,3308,1,2,690,1,1427,4
2,0,1,25,0,0,0,762,0,50,False,3309,1,4,539,1,790,5
1,1,1,26,0,0,0,0,0,0,True,3310,1,7,107,1,1428,2
1,0,1,26,0,0,1638,0,476,226,False,3311,1,6,221,2,1429,1
1,0,1,30,0,0,1076,0,3725,9,False,3312,1,6,203,1,675,1
1,1,3,49,0,0,0,0,0,0,True,3313,1,1,122,2,1430,1
2,0,1,19,0,260,0,238,139,8,False,3314,1,2,626,2,329,3
2,0,1,15,0,10,0,99,0,2031,False,3315,1,2,627,2,905,2
2,0,1,27,0,0,0,0,0,1765,False,3317,1,4,540,1,1431,1
1,0,1,39,0,0,957,0,22,401,True,3318,1,1,123,2,1432,3
1,1,3,32,0,0,0,0,0,0,True,3318,2,1,123,2,1432,1
1,0,1,11,0,0,0,0,0,0,True,3318,3,1,123,2,1432,3
1,1,1,44,0,0,0,0,0,0,True,3318,4,1,123,2,1432,1
1,1,1,36,0,0,0,0,0,0,True,3318,5,1,123,2,1432,0
2,0,1,56,0,0,335,532,15,26,False,3319,1,4,541,1,395,5
2,1,1,42,0,0,0,0,0,0,True,3322,1,4,542,1,1072,0
1,1,3,40,0,0,0,0,0,0,True,3323,1,8,110,1,461,1
1,1,3,53,0,0,0,0,0,0,True,3323,2,8,110,1,461,0
3,1,1,31,0,0,0,0,0,0,True,3324,1,2,630,2,1433,1
3,1,1,14,0,0,0,0,0,0,True,3324,2,2,630,2,1433,1
2,1,2,31,0,0,0,0,0,0,True,3325,1,4,543,1,446,1
2,0,1,42,0,0,0,1519,0,4,False,3326,1,6,222,2,1434,1
2,0,1,32,0,0,0,0,0,772,False,3327,1,4,528,2,485,3
2,0,1,34,0,578,0,0,0,323,False,3328,1,2,691,1,61,1
2,1,1,55,0,0,0,0,0,0,True,3329,1,4,544,1,1435,3
3,0,1,42,0,1633,0,29,4,102,False,3330,1,2,692,1,678,0
2,0,1,40,0,666,4,83,0,50,True,3331,1,2,631,2,905,0
3,0,3,48,0,824,2,830,298,0,False,3332,1,7,107,2,814,4
3,1,1,37,0,0,0,0,0,0,True,3332,2,7,107,2,1436,4
3,1,3,17,0,0,0,0,0,0,True,3332,3,7,107,2,1436,0
3,1,1,60,0,0,0,0,0,0,True,3336,1,2,693,1,1121,1
1,1,3,19,0,0,0,0,0,0,True,3337,1,1,125,2,1044,1
1,0,1,30,0,0,180,90,7740,142,False,3337,2,1,125,2,1437,4
1,0,1,32,0,0,0,7,3653,226,False,3337,3,1,125,2,1044,1
2,1,2,28,0,0,0,0,0,0,True,3338,1,4,546,1,698,1
2,1,1,26,0,0,0,0,0,0,False,3339,1,4,530,2,443,2
2,1,1,24,0,0,0,0,0,0,True,3342,1,4,531,2,83,3
2,1,3,47,0,0,0,0,0,0,False,3343,1,4,532,2,338,2
2,0,1,32,0,180,25,584,0,0,False,3348,1,6,225,2,347,6
1,1,1,73,1,0,0,0,0,0,True,3349,1,8,111,1,189,4
2,0,1,17,0,3,2126,0,0,0,True,3350,1,2,633,2,152,5
2,1,2,47,0,0,0,0,0,0,False,3352,1,4,547,1,937,3
1,0,1,27,0,0,216,191,12062,59,False,3353,1,8,125,2,849,1
1,1,3,13,0,0,0,0,0,0,True,3353,2,8,125,2,849,2
1,0,1,22,0,0,5,0,12,6111,False,3353,3,8,125,2,849,1
1,0,1,61,0,0,4082,0,265,201,True,3353,4,8,125,2,1438,3
1,0,3,19,0,0,4494,0,11,3460,True,3353,5,8,125,2,849,2
1,0,1,45,0,0,1897,0,880,605,True,3353,6,8,125,2,849,2
2,1,2,18,0,0,0,0,0,0,False,3357,1,4,535,2,387,4
2,0,1,32,0,0,810,0,0,2,False,3359,1,4,536,2,520,2
1,0,1,52,1,0,1429,0,1371,488,True,3360,1,3,30,1,924,6
3,1,1,25,0,0,0,0,0,0,True,3361,1,2,635,2,918,1
3,1,1,9,0,0,0,0,0,0,True,3361,2,2,635,2,918,6
3,1,1,18,0,0,0,0,0,0,True,3361,3,2,635,2,1069,1
2,0,2,26,0,717,0,84,0,0,False,3361,4,7,108,2,918,2
2,0,1,20,0,1,52,533,0,1022,False,3363,1,6,205,1,46,0
2,0,1,6,0,0,0,0,0,0,True,3363,2,4,550,1,1439,0
2,0,2,5,0,0,0,0,0,0,False,3363,3,4,550,1,46,1
1,0,3,40,0,0,372,7,5,1467,False,3364,1,3,31,1,465,2
2,1,2,20,0,0,0,0,0,0,True,3365,1,4,537,2,130,1
3,0,1,18,0,2532,0,46,0,0,False,3370,1,7,109,2,1440,2
2,0,1,42,0,0,3,0,898,1,False,3371,1,2,694,1,1441,3
2,1,2,14,0,0,0,0,0,0,True,3372,1,4,551,1,886,1
3,1,1,33,0,0,0,0,0,0,True,3377,1,2,638,2,837,0
2,0,3,23,0,664,17,0,0,0,False,3380,1,2,696,1,1187,3
2,1,1,35,0,0,0,0,0,0,False,3381,1,4,539,2,1442,3
2,0,2,53,0,2,18,705,0,1,False,3382,1,2,697,1,1443,2
2,1,1,56,0,0,0,0,0,0,True,3382,2,4,553,1,1443,1
2,0,3,35,0,1,0,37,719,0,False,3383,1,2,698,1,327,3
2,0,1,18,0,1,56,0,602,205,False,3384,1,2,699,1,304,0
2,0,1,25,0,106,46,0,0,843,False,3384,2,6,207,1,1444,1
2,1,3,20,0,0,0,0,0,0,True,3384,3,4,554,1,1444,3
3,1,1,44,0,0,0,0,0,0,True,3386,1,2,641,2,26,3
2,1,1,26,0,0,0,0,0,0,False,3387,1,4,540,2,938,2
3,0,1,23,0,24,1,1264,0,0,True,3389,1,2,642,2,1445,1
3,1,1,39,0,0,0,0,0,0,True,3390,1,2,643,2,220,1
1,1,1,25,0,0,0,0,0,0,True,3391,1,1,105,1,456,1
1,0,3,42,0,0,1209,0,1026,636,False,3391,2,1,105,1,456,1
2,0,1,20,0,0,39,830,17,0,True,3392,1,4,541,2,615,0
2,1,1,4,0,0,0,0,0,0,True,3392,2,4,541,2,615,1
2,1,1,64,0,0,0,0,0,0,True,3392,3,4,541,2,615,3
2,0,1,0,0,0,0,0,0,0,True,3392,4,4,541,2,615,3
2,0,2,19,0,0,463,269,0,4,True,3394,1,2,700,1,1446,2
2,0,3,6,0,0,0,0,0,0,False,3395,1,4,542,2,203,2
1,1,1,23,0,0,0,0,0,0,True,3396,1,1,106,1,1379,0
2,0,1,22,0,0,269,0,100,28,False,3397,1,4,543,2,893,2
2,0,1,18,0,0,0,1435,0,0,True,3401,1,4,545,2,872,1
3,0,1,21,0,2,0,898,148,0,False,3402,1,6,231,2,1073,4
2,0,2,37,0,308,35,415,10,0,True,3403,1,4,556,1,395,5
2,1,3,24,0,0,0,0,0,0,True,3404,1,4,557,1,835,3
2,1,1,38,0,0,0,0,0,0,False,3405,1,4,546,2,904,1
2,0,1,11,0,0,0,0,0,0,True,3405,2,4,546,2,904,1
2,0,3,6,0,0,0,0,0,0,False,3405,3,4,546,2,904,2
1,0,1,49,0,0,104,809,3668,7,False,3406,1,8,112,1,1447,3
1,0,1,55,0,0,5971,158,4125,1984,False,3406,2,8,112,1,1447,5
2,1,1,15,0,0,0,0,0,0,True,3408,1,4,547,2,374,1
2,0,1,19,0,90,0,0,74,595,False,3409,1,2,701,1,30,2
2,1,1,16,0,0,0,0,0,0,True,3410,1,4,558,1,288,2
1,0,1,48,0,0,12,0,7967,15,False,3412,1,1,107,1,458,4
1,1,3,25,0,0,0,0,0,0,True,3412,2,1,107,1,458,0
1,0,1,23,0,2,6748,0,23,0,True,3412,3,1,107,1,458,0
2,1,2,27,0,0,0,0,0,0,False,3413,1,4,559,1,523,0
2,0,1,39,0,505,178,181,0,0,False,3415,1,2,702,1,150,1
2,0,1,28,0,0,1376,4,0,0,True,3417,1,2,703,1,872,4
3,1,1,72,0,0,0,0,0,0,True,3418,1,2,646,2,312,4
3,0,1,47,0,2267,0,117,0,0,False,3419,1,7,108,1,1448,2
2,1,1,65,0,0,0,0,0,0,False,3420,1,4,548,2,1045,1
2,0,2,40,0,15,0,0,670,0,False,3421,1,2,704,1,1162,5
1,0,3,18,0,0,0,0,0,0,True,3422,1,6,209,1,1449,4
1,1,1,27,0,0,0,0,0,0,True,3422,2,6,209,1,1449,1
2,1,1,21,0,0,0,0,0,0,True,3423,1,4,561,1,560,2
2,0,1,37,0,190,0,2,799,0,False,3424,1,6,233,2,500,1
1,0,1,31,0,0,1216,0,897,478,False,3425,1,6,234,2,1450,4
2,0,1,33,0,22,37,415,0,333,False,3426,1,4,549,2,813,2
1,1,3,53,0,0,0,0,0,0,True,3428,1,8,113,1,1451,4
1,0,1,27,0,0,18481,0,2,3875,True,3428,2,8,113,1,1451,2
2,0,1,74,0,0,193,581,0,0,True,3430,1,4,551,2,1452,3
3,1,1,27,0,0,0,0,0,0,True,3431,1,2,705,1,55,2
2,0,2,23,0,381,0,137,104,8,False,3432,1,2,706,1,584,1
1,0,3,74,0,0,1026,0,6616,119,False,3433,1,8,114,1,1453,0
2,1,1,23,0,0,0,0,0,0,True,3434,1,4,562,1,563,2
2,0,2,26,0,6,0,400,2,373,False,3437,1,4,553,2,841,4
2,1,1,0,0,0,0,0,0,0,True,3437,2,4,553,2,841,2
2,1,1,0,0,0,0,0,0,0,True,3438,1,4,564,1,633,2
2,0,3,24,0,95,35,1442,0,0,False,3438,2,2,707,1,633,0
1,1,1,28,0,0,0,0,0,0,True,3439,1,1,130,2,1454,2
1,0,1,17,0,0,0,0,0,0,True,3439,2,1,130,2,1454,3
2,1,3,26,0,0,0,0,0,0,True,3439,3,1,130,2,1454,1
1,0,1,39,0,0,2,0,909,3291,False,3439,4,1,130,2,1454,0
2,0,1,17,0,0,83,0,0,943,False,3440,1,4,565,1,1455,3
2,0,3,15,0,350,0,91,198,0,False,3441,1,2,647,2,206,0
2,0,1,37,0,503,0,26,0,116,False,3442,1,2,708,1,329,2
2,0,1,38,0,792,0,0,1,29,True,3443,1,2,648,2,293,2
1,0,3,33,0,0,27071,0,15,0,True,3444,1,1,131,2,1253,4
1,1,1,16,0,0,0,0,0,0,True,3444,2,1,131,2,1253,1
1,0,1,41,1,0,649,0,945,0,True,3444,3,1,131,2,1253,2
1,0,1,7,0,0,0,0,0,0,True,3444,4,1,131,2,1253,1
2,0,1,20,0,1,760,0,21,0,False,3445,1,4,554,2,923,3
2,1,2,44,0,0,0,0,0,0,True,3446,1,4,555,2,1456,4
2,0,1,42,0,1196,0,0,68,1,False,3447,1,2,649,2,104,2
2,0,1,29,0,0,4,0,0,904,False,3449,1,4,556,2,852,1
1,0,3,22,0,0,4209,26,2462,466,True,3450,1,1,132,2,1457,0
1,0,1,21,0,0,2834,0,414,558,True,3450,2,1,132,2,1457,0
2,1,1,21,0,0,0,0,0,0,False,3453,1,4,567,1,1458,2
2,1,1,21,0,0,0,0,0,0,False,3454,1,4,568,1,942,0
3,1,1,13,0,0,0,0,0,0,True,3455,1,2,709,1,737,1
2,1,2,16,0,0,0,0,0,0,True,3456,1,4,558,2,558,6
3,1,3,36,0,0,0,0,0,0,True,3458,1,2,710,1,819,1
2,1,1,36,0,0,0,0,0,0,True,3459,1,4,560,2,104,3
2,0,2,26,0,86,377,0,0,77,False,3461,1,4,569,1,73,1
1,1,1,28,0,0,0,0,0,0,True,3462,1,8,115,1,669,1
2,0,1,14,0,0,0,533,266,93,False,3464,1,4,561,2,1459,0
2,1,1,29,0,0,0,0,0,0,False,3464,2,4,561,2,1459,2
3,0,1,19,0,506,0,395,159,229,False,3465,1,2,711,1,1460,3
2,0,1,51,0,90,0,0,881,0,False,3467,1,2,712,1,114,1
2,1,1,64,0,0,0,0,0,0,True,3468,1,4,562,2,1038,1
1,1,1,41,0,0,0,0,0,0,True,3469,1,1,109,1,285,3
2,1,1,27,0,0,0,0,0,0,False,3470,1,4,563,2,165,1
2,1,3,16,0,0,0,0,0,0,True,3470,2,4,563,2,165,2
2,0,1,20,0,0,880,5,25,490,False,3473,1,2,654,2,1098,2
1,1,1,31,0,0,0,0,0,0,True,3474,1,1,110,1,1461,2
1,0,1,38,0,0,952,0,0,1790,False,3474,2,1,110,1,1461,0
1,1,3,59,0,0,0,0,0,0,True,3474,3,1,110,1,1461,2
1,1,1,18,0,0,0,0,0,0,True,3474,4,1,110,1,1461,3
1,1,1,33,0,0,0,0,0,0,True,3475,1,8,126,2,1462,1
1,0,1,33,0,0,590,0,3,6569,False,3475,2,8,126,2,1462,5
1,0,3,49,0,0,8766,15,149,178,True,3475,3,8,126,2,1462,3
2,0,3,4,0,0,0,0,0,0,True,3476,1,4,571,1,1041,1
2,0,3,0,0,0,0,0,0,0,True,3476,2,4,571,1,1463,4
2,0,3,0,0,0,0,0,0,0,True,3476,3,4,571,1,905,4
2,0,1,24,0,1,467,4,0,341,False,3476,4,4,571,1,1463,0
1,0,1,52,0,0,0,0,0,0,False,3478,1,1,111,1,1464,1
2,0,2,50,0,121,558,0,10,0,False,3480,1,2,655,2,696,4
2,0,2,31,0,0,627,1,0,13,False,3483,1,2,717,1,899,1
2,1,1,25,0,0,0,0,0,0,False,3484,1,4,573,1,864,2
2,0,2,62,0,3,0,2908,0,0,True,3484,2,2,718,1,864,2
1,0,1,49,0,0,1855,0,166,1655,False,3485,1,6,237,2,1465,1
1,1,1,24,0,0,0,0,0,0,True,3485,2,6,237,2,1466,3
1,0,1,33,0,0,3157,0,131,0,True,3485,3,6,237,2,1465,1
2,0,1,20,0,0,559,21,0,5,True,3486,1,2,656,2,1467,2
1,0,3,46,0,0,0,0,1529,3069,False,3487,1,3,39,2,974,3
1,0,1,26,0,0,0,0,0,0,False,3488,1,7,110,1,1468,3
1,0,1,52,0,6,2333,11,1149,1,False,3488,2,7,110,1,1468,1
3,0,1,28,0,274,0,693,944,0,False,3489,1,2,719,1,1469,1
3,1,1,39,0,0,0,0,0,0,True,3489,2,2,719,1,1469,4
1,0,1,29,0,4,3439,0,0,0,True,3490,1,7,111,1,1036,0
1,0,3,19,0,0,1347,0,1756,37,True,3490,2,7,111,1,1036,1
2,0,1,15,0,0,0,0,6,607,False,3491,1,2,720,1,331,2
2,0,1,33,0,44,630,18,96,0,False,3492,1,6,238,2,756,1
1,0,1,47,0,0,10679,0,273,80,True,3495,1,8,127,2,1470,1
1,0,1,34,0,0,6229,0,2279,587,True,3495,2,8,127,2,1470,0
1,1,3,26,0,0,0,0,0,0,True,3495,3,8,127,2,1470,1
1,1,1,15,0,0,0,0,0,0,True,3495,4,8,127,2,1470,0
3,1,1,27,0,0,0,0,0,0,True,3496,1,2,722,1,988,1
3,0,1,27,0,542,0,1231,0,1,False,3496,2,2,722,1,905,1
3,0,1,38,1,66,0,991,0,0,False,3497,1,7,113,1,1471,1
2,0,1,21,0,196,5,674,12,20,False,3499,1,4,574,1,438,2
2,0,1,1,0,0,0,0,0,0,True,3499,2,4,574,1,1472,1
2,0,1,38,0,0,1025,23,0,0,True,3499,3,2,723,1,1472,1
2,0,1,0,0,0,0,0,0,0,False,3499,4,4,574,1,438,4
3,0,1,32,0,1272,0,1103,9,0,False,3501,1,4,427,2,1473,4
2,1,1,27,0,0,0,0,0,0,True,3504,1,4,575,1,1474,1
1,1,3,48,0,0,0,0,0,0,True,3506,1,1,113,1,1475,2
3,0,3,22,0,124,0,1763,0,1014,False,3511,1,2,661,2,978,3
2,0,3,28,0,1,0,857,0,0,False,3512,1,2,662,2,630,1
2,0,1,19,0,122,170,52,0,465,False,3514,1,4,576,1,832,1
3,1,1,37,0,0,0,0,0,0,False,3515,1,2,725,1,1476,1
3,1,1,46,0,0,0,0,0,0,True,3515,2,2,725,1,1476,5
2,1,1,26,0,0,0,0,0,0,True,3518,1,4,566,2,1477,3
2,0,1,16,0,0,0,722,0,1,True,3519,1,4,577,1,338,0
2,1,1,0,0,0,0,0,0,0,True,3519,2,4,577,1,338,1
2,1,1,0,0,0,0,0,0,0,True,3519,3,4,577,1,338,1
2,0,1,26,0,0,597,0,0,212,False,3520,1,4,578,1,437,1
2,1,2,13,0,0,0,0,0,0,True,3520,2,4,427,2,437,0
1,1,3,23,0,0,0,0,0,0,True,3521,1,4,427,2,673,2
1,1,1,70,0,0,0,0,0,0,True,3521,2,1,135,2,673,4
2,1,1,21,0,0,0,0,0,0,True,3523,1,2,664,2,253,2
3,1,1,40,0,0,0,0,0,0,True,3525,1,2,727,1,1144,1
3,0,1,18,1,733,0,688,1,0,False,3527,1,2,729,1,1306,1
2,0,1,23,0,1,0,778,8,0,True,3528,1,2,666,2,553,5
2,1,1,15,0,0,0,0,0,0,True,3530,1,4,568,2,1149,2
3,0,3,28,0,809,0,31,733,0,False,3531,1,2,731,1,959,2
3,1,1,45,0,0,0,0,0,0,True,3531,2,2,731,1,959,2
3,0,1,18,0,1749,50,280,2,0,False,3533,1,6,211,1,1478,2
2,0,1,23,0,0,30,0,106,566,False,3534,1,2,732,1,1431,1
3,0,1,36,0,1304,0,7,18,0,False,3535,1,4,427,2,535,3
3,1,1,25,0,0,0,0,0,0,True,3535,2,2,668,2,535,1
1,1,3,28,0,0,0,0,0,0,True,3536,1,3,40,2,1479,1
2,0,3,29,0,0,10,0,0,715,False,3537,1,2,733,1,1070,1
2,0,1,31,0,1,110,274,27,376,False,3539,1,6,239,2,208,0
2,1,2,14,0,0,0,0,0,0,True,3540,1,4,579,1,432,1
3,1,1,31,0,0,0,0,0,0,True,3542,1,2,669,2,1480,3
1,0,1,39,0,0,2804,0,130,139,True,3543,1,8,116,1,388,2
1,1,3,17,0,0,0,0,0,0,True,3543,2,8,116,1,388,4
1,1,1,56,0,0,0,0,0,0,True,3543,3,8,116,1,388,3
2,0,1,36,0,0,10,0,0,0,False,3546,1,2,672,2,588,2
3,0,3,21,0,1099,0,1820,0,0,False,3547,1,7,112,2,921,3
2,0,1,48,0,0,1794,0,0,5,True,3548,1,4,580,1,1056,3
2,1,1,53,0,0,0,0,0,0,False,3550,1,4,570,2,371,1
2,1,2,5,0,0,0,0,0,0,False,3550,2,4,570,2,371,2
2,1,1,21,0,0,0,0,0,0,False,3550,3,4,570,2,78,5
1,0,3,50,0,4,217,0,2581,436,False,3552,1,1,136,2,976,1
1,1,1,18,0,0,0,0,0,0,True,3552,2,1,136,2,976,2
3,0,1,28,0,3,0,0,327,2054,False,3553,1,4,427,2,1481,3
2,0,1,28,0,766,0,1,258,26,True,3555,1,2,735,1,145,2
2,1,1,18,0,0,0,0,0,0,True,3556,1,4,572,2,1349,3
3,0,1,37,0,78,0,0,2948,0,False,3558,1,7,115,1,1482,3
3,1,1,19,0,0,0,0,0,0,True,3558,2,2,737,1,1482,1
3,0,1,27,0,249,0,65,812,55,False,3559,1,7,116,1,1483,4
3,0,2,37,0,3,0,800,76,0,True,3560,1,7,117,1,1484,0
3,1,1,43,0,0,0,0,0,0,True,3561,1,2,738,1,1485,4
3,0,1,17,0,1617,0,1777,0,0,True,3561,2,7,118,1,1047,3
3,0,3,21,0,2581,354,1158,139,548,False,3562,1,6,212,1,1471,3
3,0,3,55,0,14,0,0,3778,1,False,3562,2,7,119,1,1471,1
2,1,1,14,0,0,0,0,0,0,True,3563,1,4,581,1,798,3
2,1,1,24,0,0,0,0,0,0,False,3564,1,4,582,1,1486,3
2,1,2,26,0,0,0,0,0,0,True,3565,1,4,583,1,992,1
2,0,3,19,0,0,336,508,1,0,True,3566,1,4,573,2,564,3
2,0,1,20,0,0,0,2687,35,340,False,3567,1,2,739,1,755,3
2,0,1,14,0,30,59,0,572,0,False,3568,1,2,740,1,330,2
3,1,1,19,0,0,0,0,0,0,True,3569,1,2,741,1,1377,2
2,0,2,15,0,85,373,160,5,0,True,3570,1,4,574,2,1487,0
2,0,1,25,0,19,0,0,1679,0,False,3572,1,4,584,1,1268,0
2,0,2,24,0,0,33,0,84,1062,False,3573,1,2,673,2,925,1
2,0,1,22,0,0,4,0,0,1267,True,3576,1,2,742,1,1315,0
3,0,1,26,0,1178,7,0,7,0,False,3577,1,2,743,1,769,1
3,1,3,23,0,0,0,0,0,0,True,3578,1,4,427,2,840,1
2,0,2,20,0,0,0,1,0,2260,False,3579,1,2,675,2,786,3
2,0,1,53,0,323,120,14,450,0,True,3582,1,4,585,1,1305,2
2,0,1,55,0,42,4,1215,0,3,True,3584,1,2,676,2,603,2
2,0,1,22,0,0,0,0,739,29,False,3586,1,4,586,1,1441,2
3,0,1,35,0,576,0,459,22,0,False,3588,1,7,120,1,425,3
3,0,1,40,0,787,0,88,0,0,False,3588,2,7,120,1,425,4
2,0,1,22,0,0,0,0,0,1609,False,3591,1,6,214,1,1488,2
3,0,2,22,0,193,1,640,15,30,True,3592,1,7,121,1,1094,1
3,0,1,21,0,354,113,0,487,0,False,3592,2,6,215,1,1489,1
2,1,2,64,0,0,0,0,0,0,True,3594,1,4,588,1,1042,3
1,1,1,40,0,0,0,0,0,0,True,3595,1,1,139,2,1490,2
3,0,1,8,0,0,0,0,0,0,True,3596,1,2,745,1,729,1
2,0,1,25,0,0,813,89,12,0,False,3597,1,4,589,1,1336,1
2,0,3,19,0,616,0,46,0,14,False,3598,1,4,427,2,1491,1
2,1,1,24,0,0,0,0,0,0,True,3600,1,4,580,2,1492,1
3,0,1,11,0,0,0,0,0,0,True,3602,1,2,678,2,1493,1
2,1,3,31,0,0,0,0,0,0,True,3605,1,4,592,1,533,0
2,1,1,46,0,0,0,0,0,0,False,3606,1,4,593,1,762,0
3,1,1,31,0,0,0,0,0,0,True,3607,1,2,747,1,51,1
1,1,3,17,0,0,0,0,0,0,True,3608,1,7,122,1,275,2
1,1,1,16,0,0,0,0,0,0,True,3608,2,7,122,1,275,2
1,0,1,57,0,0,0,0,0,0,True,3608,3,7,122,1,275,2
1,0,3,28,0,5,2052,0,3340,0,False,3609,1,8,118,1,1494,2
1,0,1,27,0,0,325,0,8,1622,False,3609,2,8,118,1,1494,2
1,0,3,28,0,0,0,0,0,0,True,3609,3,8,118,1,1494,1
1,1,3,26,0,0,0,0,0,0,True,3609,4,8,118,1,1494,2
2,1,1,17,0,0,0,0,0,0,True,3610,1,4,582,2,1456,5
2,0,1,36,0,5,0,896,0,1,True,3610,2,2,680,2,1456,1
2,0,1,24,0,1,790,0,0,0,True,3612,1,6,241,2,1495,2
2,0,1,18,0,0,733,0,0,0,True,3613,1,2,748,1,943,2
2,0,1,20,0,2,0,7,2,547,False,3614,1,2,749,1,477,1
2,0,3,10,0,0,0,0,0,0,False,3615,1,4,583,2,1496,1
2,0,1,27,0,2,753,5,0,0,True,3615,2,2,682,2,1496,1
2,1,3,23,0,0,0,0,0,0,True,3616,1,4,584,2,746,1
1,0,1,36,0,43,2,0,14,16337,False,3619,1,1,114,1,1245,1
1,1,3,27,0,0,0,0,0,0,True,3620,1,1,115,1,1497,1
1,1,3,54,0,0,0,0,0,0,True,3622,1,8,119,1,1498,1
1,0,3,38,0,0,3456,0,1486,1157,False,3622,2,8,119,1,1498,2
2,0,1,29,0,0,0,0,0,0,False,3624,1,4,594,1,1499,0
2,0,1,37,0,0,559,366,0,62,True,3625,1,6,216,1,1013,0
2,1,1,36,0,0,0,0,0,0,True,3626,1,4,586,2,1427,3
2,0,3,18,0,42,103,0,498,0,False,3628,1,2,752,1,406,2
3,1,1,28,0,0,0,0,0,0,True,3629,1,2,753,1,28,0
2,0,2,61,0,0,1,276,410,54,False,3630,1,2,754,1,1415,5
2,0,1,19,0,0,0,0,484,344,False,3631,1,2,755,1,1500,3
2,0,1,29,0,25,692,0,0,1,True,3634,1,6,242,2,245,1
3,0,1,37,0,1280,0,1,111,408,False,3636,1,7,123,1,105,3
1,0,1,29,0,125,5151,9,1,1,True,3639,1,1,140,2,1017,2
2,0,3,38,0,0,695,0,49,876,False,3640,1,6,244,2,954,0
2,1,1,41,0,0,0,0,0,0,False,3640,2,4,589,2,954,0
2,1,2,23,0,0,0,0,0,0,True,3641,1,4,595,1,506,0
2,0,1,48,0,0,0,1,0,0,False,3641,2,4,595,1,396,1
2,0,1,0,0,0,0,0,0,0,True,3641,3,4,427,2,396,1
2,0,1,46,0,105,335,0,72,388,False,3642,1,2,757,1,1501,2
3,1,1,36,0,0,0,0,0,0,True,3644,1,2,686,2,1445,3
3,1,1,42,0,0,0,0,0,0,True,3645,1,7,124,1,1502,1
3,1,1,27,0,0,0,0,0,0,True,3645,2,7,124,1,1502,2
3,1,1,16,0,0,0,0,0,0,True,3645,3,7,124,1,1502,1
3,1,1,43,0,0,0,0,0,0,True,3645,4,7,124,1,1502,3
3,1,1,40,0,0,0,0,0,0,True,3645,5,7,124,1,1502,0
1,1,3,22,0,0,0,0,0,0,True,3647,1,8,132,2,1503,2
2,0,2,39,0,0,0,0,1144,0,False,3648,1,2,687,2,1504,2
2,1,1,37,0,0,0,0,0,0,True,3650,1,4,596,1,806,2
2,1,1,28,0,0,0,0,0,0,False,3652,1,4,591,2,559,2
2,0,1,29,0,97,0,444,366,0,False,3653,1,4,592,2,870,0
2,0,3,14,0,1,0,827,0,3,False,3654,1,2,689,2,1223,3
2,0,1,15,0,0,398,0,467,0,False,3654,2,2,689,2,1223,2
2,0,1,17,0,0,432,0,3003,0,False,3655,1,2,690,2,1382,5
2,1,1,4,0,0,0,0,0,0,True,3658,1,4,593,2,762,4
2,0,1,24,0,3,2053,335,0,4,True,3658,2,6,245,2,762,1
2,0,1,27,0,42,0,671,71,0,False,3660,1,4,594,2,1505,1
1,0,3,22,0,0,171,2233,1,800,True,3662,1,1,142,2,1506,2
1,1,3,38,0,0,0,0,0,0,True,3662,2,1,142,2,1506,0
3,1,1,30,0,0,0,0,0,0,True,3664,1,2,691,2,1507,1
2,1,3,29,0,0,0,0,0,0,True,3665,1,4,595,2,989,1
1,1,3,26,0,0,0,0,0,0,True,3667,1,3,42,2,1508,2
1,1,3,41,0,0,0,0,0,0,True,3668,1,8,120,1,847,1
2,0,1,50,0,43,661,1,85,0,False,3671,1,6,246,2,1250,3
2,0,3,34,0,232,457,1,218,0,True,3674,1,4,600,2,432,2
2,0,2,24,0,105,0,37,518,0,False,3677,1,2,694,2,203,4
2,0,1,24,0,0,0,788,0,3,True,3678,1,6,247,2,204,1
1,0,1,45,0,0,0,0,0,0,False,3679,1,1,116,1,1509,3
1,0,3,35,0,0,388,0,1792,2891,False,3680,1,8,121,1,568,2
1,1,3,23,0,0,0,0,0,0,True,3680,2,8,121,1,905,1
1,1,3,23,0,0,0,0,0,0,True,3681,1,1,144,2,1510,4
1,0,1,21,0,4,0,137,1640,455,False,3681,2,1,144,2,1510,1
3,1,1,19,0,0,0,0,0,0,True,3682,1,2,761,1,1511,4
2,0,1,24,0,25,284,0,330,64,False,3686,1,2,696,2,1512,4
3,0,3,2,0,0,0,0,0,0,True,3688,1,2,697,2,1513,3
3,0,1,0,0,0,0,0,0,0,True,3688,2,2,697,2,1513,1
3,1,1,20,0,0,0,0,0,0,True,3688,3,2,697,2,1513,0
2,0,1,35,0,0,30,357,435,0,True,3690,1,2,762,1,1363,1
3,0,1,34,0,1404,0,4,359,0,False,3691,1,2,763,1,1514,3
2,0,1,26,0,808,60,0,16,3,False,3692,1,4,598,1,108,1
2,1,1,26,0,0,0,0,0,0,True,3693,1,4,603,2,1515,1
1,1,3,32,0,0,0,0,0,0,True,3699,1,8,123,1,1516,2
1,0,3,25,0,0,17432,0,241,2102,True,3699,2,8,123,1,1516,1
1,1,3,30,0,0,0,0,0,0,True,3699,3,8,123,1,1516,3
1,0,1,57,0,0,3859,13,195,3874,False,3699,4,8,123,1,1516,1
2,0,1,23,0,58,396,15,0,180,False,3700,1,2,767,1,1495,3
3,1,1,32,0,0,0,0,0,0,False,3702,1,6,220,1,1129,1
2,1,1,27,0,0,0,0,0,0,True,3703,1,2,768,1,440,4
3,0,1,20,0,1377,267,36,0,0,False,3703,2,2,768,1,440,1
2,0,1,21,0,120,235,0,0,0,False,3704,1,2,699,2,972,2
2,0,1,19,0,238,1,28,207,119,False,3705,1,2,769,1,702,0
3,0,1,16,0,424,0,246,370,0,False,3706,1,2,770,1,1517,1
3,0,1,18,0,131,0,980,1,0,True,3706,2,2,770,1,1517,1
2,0,1,18,0,622,53,8,47,39,False,3707,1,4,604,2,1518,3
2,0,1,22,0,0,0,889,0,0,True,3707,2,4,604,2,1518,1
2,1,3,27,0,0,0,0,0,0,True,3708,1,4,600,1,365,2
2,0,3,35,0,432,0,377,0,0,False,3710,1,4,601,1,1519,1
2,0,1,8,0,0,0,0,0,0,False,3710,2,4,601,1,1519,2
2,1,3,5,0,0,0,0,0,0,False,3710,3,4,601,1,1519,3
3,1,1,40,0,0,0,0,0,0,True,3711,1,2,700,2,1364,4
3,0,1,31,0,3471,0,232,0,0,False,3711,2,2,700,2,1364,2
3,1,1,9,0,0,0,0,0,0,True,3711,3,2,700,2,1364,2
1,1,1,56,0,0,0,0,0,0,True,3713,1,8,133,2,404,4
1,1,3,39,0,0,0,0,0,0,True,3713,2,8,133,2,404,1
1,1,1,18,0,0,0,0,0,0,True,3713,3,8,133,2,404,3
3,0,1,45,0,48,1652,761,138,0,False,3714,1,2,702,2,1520,4
3,0,2,33,0,33,397,354,0,0,False,3714,2,7,116,2,1520,7
2,1,2,2,0,0,0,0,0,0,False,3715,1,4,602,1,38,1
2,1,1,1,0,0,0,0,0,0,False,3715,2,4,602,1,38,3
2,0,1,2,0,0,0,0,0,0,True,3715,3,4,602,1,38,3
2,1,1,16,0,0,0,0,0,0,False,3715,4,4,602,1,38,4
2,0,1,18,0,18,2,1769,1,2,True,3716,1,4,603,1,832,0
3,0,1,28,1,1193,0,2509,0,0,False,3719,1,4,427,2,1521,1
3,1,1,45,0,0,0,0,0,0,True,3719,2,2,704,2,1521,0
2,1,1,24,0,0,0,0,0,0,True,3724,1,4,609,2,833,0
2,1,1,35,0,0,0,0,0,0,True,3726,1,4,604,1,1188,1
2,1,2,16,0,0,0,0,0,0,True,3728,1,4,612,2,261,2
2,1,2,40,0,0,0,0,0,0,True,3729,1,4,605,1,905,2
1,1,3,5,0,0,0,0,0,0,True,3732,1,3,43,2,947,6
1,0,1,29,0,0,8444,0,2989,8735,False,3732,2,3,43,2,905,2
1,1,1,31,0,0,0,0,0,0,True,3732,3,3,43,2,947,2
1,0,3,27,0,3340,588,0,173,71,False,3732,4,3,43,2,947,1
1,0,1,34,1,0,4,0,685,1779,False,3733,1,7,118,2,1522,3
2,1,2,15,0,0,0,0,0,0,True,3734,1,4,606,1,450,1
1,0,1,43,0,2,3846,0,3,346,True,3735,1,7,119,2,466,4
1,0,3,30,0,0,787,116,1924,2,False,3735,2,7,119,2,466,4
1,0,1,61,0,328,5193,0,20,533,True,3736,1,1,145,2,1020,2
2,0,1,48,0,0,0,632,250,0,False,3737,1,4,614,2,1523,1
2,1,3,17,0,0,0,0,0,0,True,3737,2,4,614,2,1523,5
2,0,1,19,0,0,312,2,76,418,False,3739,1,4,615,2,560,1
1,1,1,29,0,0,0,0,0,0,True,3741,1,1,117,1,1524,1
2,1,3,2,0,0,0,0,0,0,False,3742,1,4,607,1,198,1
2,1,1,24,0,0,0,0,0,0,True,3742,2,4,607,1,198,2
2,0,1,19,0,0,827,5,55,0,False,3743,1,4,616,2,296,1
3,0,2,34,1,0,490,869,0,0,True,3744,1,6,249,2,1525,3
2,0,1,19,0,0,2,14,755,0,False,3745,1,4,608,1,201,2
1,0,1,39,0,0,2576,0,234,237,False,3747,1,1,118,1,1526,4
1,1,1,26,0,0,0,0,0,0,True,3747,2,1,118,1,1527,1
1,0,1,53,0,0,3377,0,193,5563,False,3747,3,1,118,1,1527,2
1,1,3,18,0,0,0,0,0,0,True,3747,4,1,118,1,1528,6
3,1,1,27,0,0,0,0,0,0,True,3748,1,2,774,1,816,3
1,1,3,45,0,0,0,0,0,0,True,3749,1,1,119,1,1243,5
1,1,1,32,0,0,0,0,0,0,True,3749,2,1,119,1,1243,1
2,0,1,18,0,64,0,3,3440,5,False,3750,1,2,775,1,764,1
2,0,1,48,0,396,0,0,0,297,False,3750,2,4,610,1,764,1
2,0,1,24,0,0,274,594,35,658,True,3751,1,4,427,2,1529,2
1,0,1,52,0,0,5,0,108,1788,False,3752,1,7,120,2,1124,3
2,0,3,55,0,0,519,131,63,3,False,3753,1,2,776,1,905,0
2,1,1,43,0,0,0,0,0,0,True,3754,1,4,611,1,879,3
2,1,1,24,0,0,0,0,0,0,False,3755,1,4,427,2,803,1
2,1,2,8,0,0,0,0,0,0,False,3755,2,4,612,1,905,2
3,1,1,18,0,0,0,0,0,0,True,3756,1,2,707,2,1530,1
2,1,1,38,0,0,0,0,0,0,True,3757,1,4,617,2,98,1
2,0,1,18,0,381,4,0,0,368,False,3758,1,4,618,2,1065,1
2,1,2,23,0,0,0,0,0,0,True,3758,2,4,618,2,1065,3
2,1,1,26,0,0,0,0,0,0,True,3759,1,4,619,2,1163,0
2,1,2,21,0,0,0,0,0,0,True,3760,1,4,613,1,864,2
2,0,3,45,0,824,2196,385,19,1113,True,3761,1,6,222,1,1531,1
3,1,1,24,0,0,0,0,0,0,True,3765,1,2,709,2,1532,5
1,0,3,44,0,0,280,112,0,9244,False,3767,1,1,146,2,1533,1
2,0,1,20,0,0,0,717,0,0,True,3768,1,2,710,2,1534,2
3,0,1,47,0,1037,0,258,4,0,False,3769,1,6,251,2,1535,1
2,1,1,16,0,0,0,0,0,0,True,3770,1,4,615,1,1178,2
1,0,1,28,0,80,828,0,4494,4269,False,3771,1,1,120,1,1536,3
2,0,3,8,0,0,0,0,0,0,True,3772,1,4,616,1,1537,1
2,0,1,20,0,0,0,422,0,0,True,3772,2,2,777,1,1537,2
2,0,2,22,0,2,257,348,2,0,True,3773,1,2,711,2,1538,0
2,0,1,42,0,55,0,1503,0,0,True,3773,2,2,711,2,1538,4
2,0,2,23,0,0,552,44,0,661,True,3773,3,2,711,2,1538,0
2,0,1,30,0,513,0,0,0,317,False,3774,1,2,778,1,1111,1
2,1,1,18,0,0,0,0,0,0,False,3774,2,4,617,1,1111,3
2,0,1,35,0,227,117,394,9,56,False,3774,3,2,778,1,1111,5
3,1,1,42,0,0,0,0,0,0,True,3775,1,2,712,2,1433,5
3,1,1,46,0,0,0,0,0,0,True,3775,2,2,712,2,1011,0
1,0,1,29,0,2,407,4509,1433,9,True,3776,1,8,134,2,1539,0
1,1,3,35,0,0,0,0,0,0,True,3777,1,1,147,2,1154,0
2,0,1,48,0,0,21,0,0,786,True,3778,1,2,713,2,1540,1
2,0,1,24,0,1,677,13,10,0,True,3779,1,2,714,2,722,3
1,0,1,38,0,821,960,0,27,321,False,3781,1,3,44,2,1453,0
2,0,3,51,0,183,0,1,0,1103,False,3783,1,2,780,1,620,1
2,0,1,77,0,0,0,131,3981,108,False,3784,1,4,618,1,1540,4
2,1,1,22,0,0,0,0,0,0,False,3785,1,4,619,1,1120,2
3,0,1,38,1,0,0,1355,0,0,False,3786,1,6,252,2,1541,2
3,0,1,42,0,913,4,1,1465,0,False,3786,2,7,121,2,1541,1
3,1,1,55,0,0,0,0,0,0,True,3787,1,2,716,2,614,1
3,0,1,7,0,0,0,0,0,0,True,3787,2,2,716,2,614,2
3,0,1,27,0,132,75,849,0,0,True,3787,3,7,122,2,614,1
3,0,1,25,0,519,0,284,0,0,False,3788,1,7,127,1,161,3
2,1,1,15,0,0,0,0,0,0,True,3789,1,4,620,2,1542,0
2,1,1,13,0,0,0,0,0,0,True,3790,1,4,620,1,493,3
2,1,3,23,0,0,0,0,0,0,True,3793,1,4,622,2,32,0
1,1,3,27,0,0,0,0,0,0,True,3795,1,8,136,2,1543,1
1,0,3,33,0,90,26830,0,27,703,True,3796,1,1,121,1,662,1
1,0,1,26,0,0,0,0,0,0,False,3797,1,1,122,1,496,3
1,1,1,67,0,0,0,0,0,0,True,3798,1,6,253,2,994,2
2,0,3,27,0,0,0,0,36,437,False,3801,1,4,622,1,1313,0
3,0,1,33,0,25,0,1376,604,0,False,3803,1,2,782,1,1544,1
2,0,1,18,0,0,17,0,0,784,False,3804,1,2,783,1,1353,1
2,0,1,36,0,357,0,114,0,0,False,3805,1,2,784,1,506,0
2,1,1,18,0,0,0,0,0,0,True,3807,1,4,623,2,648,1
2,0,1,51,0,406,0,53,0,350,False,3810,1,4,624,2,365,0
3,1,1,54,0,0,0,0,0,0,True,3811,1,2,786,1,595,0
3,0,1,33,0,3361,0,13,15,0,False,3811,2,7,128,1,595,0
2,0,1,18,0,14,651,11,17,0,False,3812,1,2,717,2,1026,0
1,1,1,57,0,0,0,0,0,0,True,3814,1,7,129,1,1545,5
2,0,1,23,0,0,0,0,724,80,False,3815,1,2,787,1,1127,0
2,0,1,24,0,58,0,4,789,54,False,3816,1,6,225,1,386,5
3,0,1,20,0,984,1,921,0,0,False,3817,1,6,226,1,1410,3
2,0,1,32,0,0,600,80,0,18,False,3818,1,4,427,2,1546,1
3,1,1,21,0,0,0,0,0,0,True,3820,1,2,790,1,1547,3
2,0,2,27,0,0,2,0,0,867,False,3821,1,4,427,2,1185,1
2,0,2,41,0,0,122,0,104,486,False,3822,1,2,718,2,1289,1
3,0,1,27,0,1192,0,0,0,0,True,3823,1,2,719,2,1548,0
2,0,2,49,0,0,51,101,50,0,True,3824,1,4,625,2,467,1
2,0,1,18,0,0,0,0,1565,224,False,3826,1,4,626,2,136,2
2,0,3,34,0,71,0,242,393,0,False,3830,1,4,627,2,396,2
3,0,1,73,0,799,0,190,68,0,False,3831,1,7,123,2,513,0
2,0,1,40,0,1387,614,1564,5,0,False,3832,1,4,627,1,1065,4
2,0,2,63,0,1,897,0,0,8,False,3835,1,6,255,2,1549,2
3,0,1,21,0,1060,0,91,0,0,True,3836,1,2,723,2,905,1
2,0,1,21,0,28,580,0,0,236,True,3838,1,6,227,1,1160,2
3,0,1,23,0,418,4,627,0,0,False,3839,1,6,228,1,1328,2
3,0,1,31,0,1049,31,227,2,0,False,3841,1,2,793,1,1550,1
2,0,3,41,0,312,89,44,0,252,False,3842,1,2,794,1,543,0
2,1,1,15,0,0,0,0,0,0,True,3846,1,4,630,1,281,0
1,0,1,36,0,90,2050,0,15,1244,False,3847,1,8,126,1,1551,1
2,0,1,24,0,4,314,0,0,428,False,3848,1,2,795,1,230,1
2,0,1,27,0,0,253,0,79,421,False,3849,1,4,631,1,60,3
1,0,3,24,0,38,257,0,54,4184,False,3850,1,8,137,2,612,3
1,1,3,19,0,0,0,0,0,0,True,3850,2,8,137,2,612,2
1,0,1,25,0,0,6130,0,36,1,True,3850,3,8,137,2,612,3
1,1,3,39,0,0,0,0,0,0,True,3850,4,8,137,2,612,2
1,1,1,15,0,0,0,0,0,0,True,3850,5,8,137,2,612,3
1,0,1,31,0,0,1565,0,97,1678,True,3850,6,8,137,2,612,1
1,1,3,25,0,0,0,0,0,0,True,3850,7,8,137,2,488,2
1,0,1,57,0,205,4415,0,1589,305,False,3851,1,8,127,1,1552,2
3,1,1,27,0,0,0,0,0,0,True,3852,1,2,796,1,750,1
2,0,2,18,0,16,6,735,0,0,True,3853,1,2,725,2,1553,1
2,1,1,33,0,0,0,0,0,0,True,3854,1,4,632,1,1554,1
2,0,1,23,0,339,754,7,0,0,True,3856,1,2,726,2,695,5
1,1,3,34,0,0,0,0,0,0,True,3857,1,6,230,1,1555,0
3,1,3,38,0,0,0,0,0,0,True,3862,1,2,729,2,1556,0
3,0,1,21,0,2627,0,597,0,0,True,3862,2,6,256,2,1557,3
3,1,1,31,0,0,0,0,0,0,False,3862,3,6,256,2,905,5
3,0,1,13,0,974,0,1883,0,505,False,3862,4,7,124,2,653,4
3,0,1,54,0,149,981,215,0,0,True,3862,5,2,729,2,1556,1
3,0,1,13,0,1008,667,8,0,0,False,3862,6,2,729,2,653,2
3,0,1,18,0,12,0,1105,658,16,False,3862,7,7,124,2,1557,2
1,1,1,27,0,0,0,0,0,0,True,3864,1,7,125,2,1558,3
2,0,1,43,0,0,0,7,0,963,False,3866,1,2,797,1,1163,1
2,0,1,56,0,3,0,768,0,0,True,3867,1,2,798,1,215,0
2,0,1,63,0,1540,0,0,0,1,False,3868,1,2,731,2,508,2
2,0,1,9,0,0,0,0,0,0,True,3868,2,4,630,2,508,4
2,0,1,9,0,0,0,0,0,0,False,3868,3,4,630,2,508,3
2,0,1,0,0,0,0,0,0,0,True,3868,4,4,630,2,508,3
2,0,3,16,0,0,0,623,40,209,True,3868,5,2,731,2,508,3
2,1,1,42,0,0,0,0,0,0,True,3868,6,4,630,2,508,1
2,1,1,9,0,0,0,0,0,0,False,3868,7,4,630,2,508,2
1,1,3,22,0,0,0,0,0,0,True,3870,1,1,148,2,1559,0
1,1,3,47,0,0,0,0,0,0,True,3871,1,1,149,2,1560,4
3,1,1,30,0,0,0,0,0,0,True,3872,1,2,799,1,1364,3
2,0,1,29,0,2478,0,31,4,11,False,3873,1,2,800,1,1025,0
2,0,1,27,0,86,218,0,0,479,False,3874,1,4,631,2,1561,4
2,0,1,22,0,158,1556,1189,845,96,True,3874,2,6,258,2,1561,1
2,0,1,19,0,0,0,3,785,0,False,3875,1,6,232,1,604,1
3,0,3,31,0,796,0,70,595,0,False,3879,1,2,801,1,1562,4
1,1,3,17,0,0,0,0,0,0,True,3883,1,1,150,2,1563,2
1,0,1,38,0,0,3060,0,4,2325,False,3883,2,1,150,2,1563,0
1,1,3,13,0,0,0,0,0,0,True,3883,3,1,150,2,1563,1
2,1,2,36,0,0,0,0,0,0,True,3886,1,4,633,1,1382,1
2,0,1,0,0,0,0,0,0,0,True,3888,1,4,633,2,905,1
2,1,1,21,0,0,0,0,0,0,True,3890,1,4,634,2,1564,3
2,0,2,18,0,0,525,0,0,84,True,3894,1,2,735,2,54,2
3,1,1,36,0,0,0,0,0,0,False,3895,1,6,233,1,392,1
3,0,1,27,0,847,0,4,0,1,False,3895,2,6,233,1,392,0
3,0,1,5,0,0,0,0,0,0,True,3895,3,6,233,1,392,2
2,0,3,18,0,0,4387,0,2241,0,True,3896,1,8,140,2,1368,1
2,1,1,25,0,0,0,0,0,0,False,3897,1,4,635,1,519,1
2,1,1,14,0,0,0,0,0,0,True,3898,1,4,636,2,543,2
1,1,1,23,0,0,0,0,0,0,True,3899,1,6,234,1,621,4
2,0,3,2,0,0,0,0,0,0,False,3903,1,4,636,1,1565,4
2,1,1,1,0,0,0,0,0,0,False,3903,2,4,636,1,1109,3
2,1,3,7,0,0,0,0,0,0,True,3903,3,4,636,1,905,1
2,0,2,6,0,0,0,0,0,0,False,3903,4,4,636,1,558,2
2,0,1,56,0,967,0,0,3,0,False,3903,5,2,804,1,1565,3
2,1,3,4,0,0,0,0,0,0,True,3903,6,4,636,1,1565,4
2,0,1,65,0,0,0,0,0,909,False,3904,1,4,637,2,986,2
2,1,1,36,0,0,0,0,0,0,True,3907,1,4,639,2,1566,0
1,1,1,25,0,0,0,0,0,0,True,3909,1,8,141,2,947,3
2,0,1,41,0,6,1,11,1046,0,False,3911,1,2,736,2,1141,2
2,0,1,20,0,9,0,1462,94,54,True,3911,2,6,260,2,698,0
2,1,2,18,0,0,0,0,0,0,True,3911,3,4,640,2,905,0
2,0,1,15,0,309,28,496,20,49,True,3912,1,2,737,2,1567,0
2,0,1,23,0,0,93,1,0,542,False,3913,1,2,738,2,756,1
2,0,2,29,0,0,2,553,44,0,False,3913,2,2,738,2,756,1
2,1,1,33,0,0,0,0,0,0,True,3915,1,4,641,2,764,2
1,0,1,14,0,2,881,0,578,214,False,3916,1,7,128,2,1568,1
1,1,3,55,0,0,0,0,0,0,True,3916,2,7,128,2,1568,2
1,0,1,30,0,0,690,0,49,2264,False,3917,1,1,124,1,1569,1
2,0,1,21,0,0,0,0,65,480,False,3919,1,2,806,1,573,0
2,0,1,26,0,35,42,711,0,0,True,3921,1,6,262,2,163,5
2,1,2,33,0,0,0,0,0,0,True,3922,1,4,641,1,1500,0
2,0,1,18,0,95,0,0,13,622,False,3923,1,2,808,1,863,0
2,1,1,9,0,0,0,0,0,0,True,3923,2,4,642,1,863,0
2,1,3,0,0,0,0,0,0,0,True,3923,3,4,642,1,863,2
2,0,3,19,0,0,47,0,263,384,True,3924,1,6,263,2,1570,0
2,0,1,18,0,716,0,0,0,0,False,3926,1,2,810,1,1363,0
1,0,3,38,0,55,1258,0,650,10786,False,3927,1,8,142,2,1571,4
1,0,3,42,0,0,1249,0,1313,1148,True,3927,2,8,142,2,1571,1
1,0,1,28,0,3,1300,0,1250,1148,False,3928,1,6,264,2,1203,0
1,1,3,37,0,0,0,0,0,0,True,3928,2,6,264,2,1203,1
2,0,3,29,0,0,0,0,1819,1,False,3930,1,2,740,2,328,0
2,0,3,42,0,0,218,0,481,2,False,3931,1,2,811,1,1515,0
3,0,1,18,0,659,0,2316,0,23,True,3932,1,6,265,2,1572,3
3,0,3,34,0,2,0,805,29,0,True,3932,2,7,129,2,1572,1
2,1,3,34,0,0,0,0,0,0,True,3933,1,4,642,2,1091,3
2,1,2,18,0,0,0,0,0,0,False,3935,1,4,643,2,438,0
2,0,1,24,0,3537,0,0,0,0,False,3936,1,4,644,2,787,0
2,0,1,24,0,45,588,5,7,0,True,3937,1,2,742,2,1443,0
3,1,1,56,0,0,0,0,0,0,True,3938,1,2,743,2,905,5
3,1,1,2,0,0,0,0,0,0,True,3938,2,2,743,2,814,3
3,1,1,12,0,0,0,0,0,0,True,3938,3,2,743,2,814,4
2,0,1,37,0,772,0,840,1,5,False,3939,1,6,237,1,1573,2
3,0,1,60,1,2739,0,0,0,0,False,3940,1,7,132,1,769,4
2,1,1,55,0,0,0,0,0,0,False,3941,1,4,643,1,93,3
2,1,2,20,0,0,0,0,0,0,False,3942,1,4,645,2,403,0
3,0,1,28,0,629,0,659,607,0,False,3944,1,2,745,2,336,3
2,1,1,28,0,0,0,0,0,0,False,3945,1,4,644,1,111,2
3,0,1,37,0,14,0,91,1203,0,False,3946,1,2,812,1,326,2
2,0,1,18,0,325,0,477,50,5,False,3948,1,2,814,1,1537,1
2,0,1,14,0,781,0,1,4,1,False,3949,1,6,238,1,1574,2
1,0,1,29,0,3478,11153,15,203,15,True,3950,1,8,143,2,1575,2
2,0,1,51,0,0,0,0,544,12,False,3952,1,2,746,2,1501,1
2,1,1,45,0,0,0,0,0,0,False,3954,1,4,647,2,774,1
2,1,1,45,0,0,0,0,0,0,True,3955,1,4,648,2,734,5
3,0,1,41,0,1144,12,14,22,0,False,3958,1,2,747,2,860,3
2,0,1,21,0,0,80,255,0,5190,False,3959,1,4,646,1,246,2
2,0,1,28,0,653,0,0,0,20,False,3959,2,2,817,1,246,3
2,1,3,0,0,0,0,0,0,0,True,3959,3,4,646,1,246,2
2,0,1,46,0,0,0,0,0,880,False,3960,1,2,748,2,1553,3
3,1,1,41,0,0,0,0,0,0,True,3961,1,2,749,2,1354,2
2,0,3,13,0,0,0,0,0,0,True,3962,1,4,647,1,215,0
2,0,2,55,0,0,1203,0,0,446,False,3962,2,6,239,1,215,0
2,0,2,20,0,0,0,0,0,0,True,3963,1,4,648,1,347,0
2,1,1,21,0,0,0,0,0,0,True,3964,1,4,650,2,218,1
2,0,1,49,0,324,275,0,0,0,False,3966,1,2,818,1,1236,0
2,0,1,27,0,0,0,1020,0,0,True,3966,2,4,649,1,1236,2
2,0,1,0,0,0,0,0,0,0,True,3966,3,4,649,1,1236,0
3,0,1,22,0,886,55,0,0,0,False,3967,1,2,819,1,643,4
2,1,1,17,0,0,0,0,0,0,False,3968,1,4,650,1,835,3
3,0,1,23,0,355,0,764,0,0,True,3970,1,2,751,2,1576,1
2,0,1,44,0,39,821,0,7,41,False,3971,1,4,651,1,16,1
1,1,1,29,0,0,0,0,0,0,True,3973,1,6,240,1,1577,0
2,0,1,19,0,0,0,5,756,0,True,3974,1,2,752,2,1578,1
2,1,1,3,0,0,0,0,0,0,True,3974,2,4,652,2,1578,1
1,0,1,29,0,0,7164,0,58,1,True,3976,1,4,427,2,1579,2
2,0,1,19,0,46,0,675,0,0,True,3977,1,6,241,1,730,0
2,1,1,22,0,0,0,0,0,0,True,3980,1,4,653,1,842,2
2,0,2,33,0,400,270,33,0,0,False,3981,1,4,427,2,78,2
2,1,2,27,0,0,0,0,0,0,True,3984,1,4,654,2,140,0
2,0,1,50,0,667,0,0,11,170,False,3985,1,4,654,1,1416,0
3,0,1,54,0,1217,0,1,4,0,False,3986,1,2,755,2,1239,4
3,0,1,43,0,1448,0,150,0,0,False,3986,2,2,755,2,1239,0
2,0,1,17,0,103,2183,0,16,0,True,3987,1,2,822,1,524,2
3,0,1,26,0,1632,0,80,7,0,False,3988,1,7,134,1,1580,1
2,0,1,44,0,1258,3,0,1,0,False,3991,1,2,823,1,1041,3
2,0,2,51,0,0,0,10,1098,0,False,3992,1,2,756,2,968,1
1,1,1,29,0,0,0,0,0,0,True,3994,1,1,152,2,1581,1
2,0,1,4,0,0,0,0,0,0,False,3995,1,4,655,1,1216,3
2,0,2,40,0,0,0,310,1,421,False,3995,2,2,825,1,1216,4
2,0,3,27,0,0,0,2,0,808,False,3995,3,4,655,1,1216,2
2,0,1,8,0,0,0,0,0,0,False,3995,4,4,655,1,1216,0
2,0,1,3,0,0,0,0,0,0,False,3995,5,4,655,1,1216,0
2,0,3,11,0,0,0,0,0,0,True,3995,6,4,655,1,1216,3
2,0,2,24,0,16,0,1136,0,40,True,3996,1,2,826,1,493,4
2,0,3,25,0,0,83,0,439,0,False,3997,1,4,657,2,399,1
1,0,3,28,0,89,4826,0,2,1598,True,3998,1,8,129,1,112,1
2,0,1,25,0,0,1017,0,0,0,False,3999,1,4,656,1,1582,1
2,1,1,27,0,0,0,0,0,0,True,4000,1,4,658,2,1574,2
2,0,1,25,0,20,0,424,0,359,False,4000,2,2,757,2,1574,1
2,1,1,0,0,0,0,0,0,0,True,4000,3,4,658,2,1574,1
2,0,1,58,0,0,0,970,0,0,True,4001,1,2,758,2,767,5
2,1,1,3,0,0,0,0,0,0,True,4001,2,4,659,2,767,3
2,1,2,4,0,0,0,0,0,0,True,4001,3,4,659,2,767,1
2,1,3,2,0,0,0,0,0,0,False,4001,4,4,659,2,767,1
2,0,1,34,0,0,847,14,0,0,True,4001,5,2,758,2,767,4
2,0,3,5,0,0,0,0,0,0,True,4001,6,4,659,2,534,1
2,0,1,3,0,0,0,0,0,0,False,4001,7,4,659,2,767,4
3,1,1,46,0,0,0,0,0,0,False,4002,1,6,242,1,1277,1
2,0,1,22,0,1417,0,0,0,0,True,4003,1,2,827,1,905,1
2,0,1,8,0,0,0,0,0,0,True,4005,1,4,657,1,991,2
2,0,1,17,0,3,83,927,0,1,True,4005,2,4,657,1,991,3
2,0,1,4,0,0,0,0,0,0,False,4005,3,4,657,1,991,4
2,1,1,12,0,0,0,0,0,0,False,4005,4,4,427,2,236,2
2,1,2,40,0,0,0,0,0,0,True,4005,5,4,657,1,139,1
2,0,2,16,0,4,0,2278,2,0,True,4005,6,2,829,1,139,0
2,1,1,41,0,0,0,0,0,0,True,4005,7,4,657,1,991,4
2,1,1,8,0,0,0,0,0,0,False,4005,8,4,657,1,905,0
2,1,3,14,0,0,0,0,0,0,True,4006,1,4,660,2,395,2
2,1,1,2,0,0,0,0,0,0,True,4006,2,4,660,2,395,3
2,0,2,59,0,400,0,126,0,158,True,4006,3,2,759,2,395,4
2,0,1,45,0,1796,0,4,0,5,False,4006,4,4,660,2,395,2
2,0,3,52,0,0,704,0,0,0,True,4006,5,2,759,2,395,3
3,1,1,33,0,0,0,0,0,0,True,4008,1,2,760,2,1583,3
2,0,3,51,0,8,0,206,1247,14,True,4009,1,4,427,2,1151,1
2,1,1,38,0,0,0,0,0,0,False,4010,1,4,658,1,499,4
3,0,1,14,0,460,0,0,315,172,False,4013,1,6,243,1,122,4
1,0,1,42,0,0,456,1,1193,3039,False,4014,1,1,125,1,1584,1
1,0,3,28,0,0,3238,0,750,2368,False,4014,2,1,125,1,905,1
2,0,3,34,0,309,542,0,0,55,False,4016,1,6,268,2,70,2
3,0,1,21,0,0,0,0,0,0,False,4017,1,6,269,2,1585,1
3,1,1,30,0,0,0,0,0,0,True,4017,2,2,761,2,1585,3
3,1,1,27,0,0,0,0,0,0,True,4017,3,2,761,2,1585,2
3,1,1,26,0,0,0,0,0,0,False,4017,4,6,269,2,1585,1
3,0,1,23,0,931,0,134,0,421,False,4017,5,2,761,2,375,1
2,0,1,20,0,0,1,0,20,42,False,4018,1,2,762,2,1586,1
2,0,3,59,0,258,377,5,0,0,True,4019,1,6,245,1,423,1
1,0,3,37,0,6498,1470,0,416,4174,False,4020,1,1,126,1,905,4
3,0,1,32,0,1843,0,662,0,0,False,4021,1,2,832,1,1324,0
2,0,2,37,0,4,0,223,512,1,False,4022,1,2,833,1,98,0
2,0,1,27,0,1,355,757,0,0,False,4023,1,6,246,1,416,1
1,1,3,42,0,0,0,0,0,0,True,4026,1,1,154,2,1587,1
2,1,2,29,0,0,0,0,0,0,True,4027,1,4,659,1,1427,2
2,0,1,2,0,0,0,0,0,0,True,4030,1,4,661,2,257,1
2,1,1,10,0,0,0,0,0,0,False,4030,2,4,427,2,631,3
2,0,1,0,0,0,0,0,0,0,False,4030,3,4,661,2,631,5
2,1,1,21,0,0,0,0,0,0,False,4030,4,4,661,2,631,3
2,0,1,8,0,0,0,0,0,0,False,4030,5,4,661,2,631,1
1,1,3,27,0,0,0,0,0,0,True,4031,1,8,131,1,1588,0
1,1,1,27,0,0,0,0,0,0,True,4031,2,8,131,1,1588,3
2,0,2,13,0,0,0,0,0,0,True,4032,1,4,661,1,455,2
1,0,3,49,0,2025,7167,0,2456,47,True,4033,1,8,144,2,1589,3
3,1,1,38,0,0,0,0,0,0,False,4034,1,6,247,1,1049,0
2,1,3,21,0,0,0,0,0,0,True,4035,1,4,662,1,1296,4
2,0,1,22,0,7,61,110,708,0,False,4036,1,4,662,2,1590,3
2,1,2,14,0,0,0,0,0,0,True,4037,1,4,663,2,1591,2
2,1,2,24,0,0,0,0,0,0,False,4038,1,4,664,2,1317,4
2,0,1,24,0,714,0,4,49,11,False,4039,1,2,764,2,1592,0
2,1,1,34,0,0,0,0,0,0,False,4040,1,4,663,1,1415,2
1,0,1,1,0,0,0,0,0,0,True,4042,1,3,46,2,916,1
1,1,3,27,0,0,0,0,0,0,True,4042,2,3,46,2,916,0
1,1,3,26,0,0,0,0,0,0,True,4042,3,3,46,2,916,2
2,0,1,27,0,0,0,0,32,1577,False,4043,1,6,248,1,900,0
3,0,1,32,0,536,0,736,118,0,False,4044,1,2,765,2,1593,2
3,0,1,2,0,0,0,0,0,0,True,4044,2,2,765,2,905,1
3,1,1,10,0,0,0,0,0,0,True,4044,3,2,765,2,1593,3
3,0,1,49,0,1417,0,531,1348,192,False,4045,1,7,135,1,151,3
2,1,2,14,0,0,0,0,0,0,True,4046,1,4,664,1,4,5
2,1,1,29,0,0,0,0,0,0,True,4047,1,4,666,2,1038,3
1,1,3,25,0,0,0,0,0,0,False,4049,1,3,47,2,1594,2
1,0,3,36,0,0,1302,0,2067,10173,False,4050,1,3,35,1,123,4
2,1,1,22,0,0,0,0,0,0,True,4053,1,4,668,2,1495,3
2,0,1,21,0,3,34,600,0,8,False,4055,1,2,836,1,900,2
2,0,1,36,0,437,442,0,2,1,False,4058,1,4,669,2,505,1
2,0,1,54,0,880,2,531,2,0,False,4060,1,2,838,1,968,1
3,0,1,30,0,1851,0,378,0,155,False,4061,1,7,130,2,1550,5
3,1,1,0,0,0,0,0,0,0,True,4061,2,2,766,2,1550,3
3,1,1,1,0,0,0,0,0,0,True,4061,3,2,766,2,905,1
2,1,1,42,0,0,0,0,0,0,True,4063,1,4,670,2,18,5
2,0,1,47,0,939,1477,0,0,0,True,4064,1,2,767,2,418,0
2,0,1,25,0,1339,1,360,0,0,False,4065,1,4,665,1,1595,1
1,0,3,18,0,0,30,0,67,2790,False,4066,1,1,155,2,187,2
1,1,1,22,0,0,0,0,0,0,True,4066,2,1,155,2,187,4
1,0,1,27,0,0,1381,0,148,2181,False,4068,1,7,131,2,237,3
2,0,3,24,0,0,0,2433,0,53,True,4069,1,2,768,2,963,3
1,1,1,27,0,0,0,0,0,0,True,4071,1,1,127,1,1596,1
1,1,3,22,0,0,0,0,0,0,True,4071,2,1,127,1,1596,1
2,1,1,60,0,0,0,0,0,0,True,4072,1,4,671,2,1242,3
1,0,1,38,0,1901,1276,0,7561,12,False,4075,1,8,145,2,321,4
2,0,1,23,0,1616,0,1,0,2,False,4076,1,6,250,1,834,0
2,1,1,21,0,0,0,0,0,0,False,4078,1,4,667,1,909,1
3,0,3,55,0,1680,0,1,0,6,False,4079,1,2,771,2,15,2
2,0,3,20,0,719,0,10,0,0,False,4080,1,2,839,1,787,3
2,0,3,50,0,451,132,195,31,0,False,4081,1,4,668,1,1597,1
3,0,1,22,0,0,0,0,0,0,False,4082,1,6,252,1,782,2
1,0,1,21,0,0,6190,1828,7,35,True,4083,1,8,146,2,1215,1
1,0,1,26,0,0,1549,0,0,766,True,4084,1,7,132,2,1598,0
1,0,1,36,0,0,2177,0,1097,144,True,4089,1,3,48,2,1599,0
3,0,1,46,0,227,0,1546,3,2,True,4090,1,7,133,2,1600,1
2,0,1,26,0,0,586,1,0,58,True,4091,1,2,772,2,45,3
2,0,1,24,0,0,20,0,14,659,False,4093,1,2,841,1,473,2
2,0,3,14,0,834,1080,3,183,208,False,4095,1,4,671,1,118,3
3,0,1,46,0,949,0,128,3,41,True,4096,1,2,842,1,1493,2
2,0,1,15,0,0,840,123,0,20,False,4097,1,6,253,1,343,3
2,1,1,30,0,0,0,0,0,0,False,4098,1,4,672,1,1101,3
2,1,1,27,0,0,0,0,0,0,True,4099,1,4,673,1,177,3
3,0,1,38,0,1100,43,163,3,0,False,4101,1,2,773,2,1601,1
1,1,1,48,0,0,0,0,0,0,True,4102,1,1,128,1,1602,1
2,1,1,31,0,0,0,0,0,0,False,4103,1,4,674,1,1013,1
2,0,1,41,0,1025,0,0,0,0,False,4104,1,4,675,1,615,1
2,0,1,43,0,0,831,78,0,0,True,4106,1,4,675,2,352,1
2,0,1,23,0,0,0,489,5,276,False,4107,1,4,676,2,1603,1
1,1,3,48,0,0,0,0,0,0,True,4108,1,1,158,2,1333,2
1,0,1,47,0,27,2651,538,18,0,True,4108,2,1,158,2,1333,0
2,0,1,19,0,169,399,0,97,0,True,4109,1,2,843,1,1604,6
2,0,1,25,0,0,38,0,847,112,False,4110,1,6,255,1,1605,2
2,1,1,28,0,0,0,0,0,0,True,4112,1,4,678,2,1606,1
1,1,3,16,0,0,0,0,0,0,True,4113,1,1,129,1,1607,4
1,0,1,45,0,0,2524,0,166,1,True,4113,2,1,129,1,1607,3
3,1,1,31,0,0,0,0,0,0,True,4114,1,6,270,2,1361,1
2,1,2,19,0,0,0,0,0,0,False,4115,1,4,679,2,242,0
2,0,1,21,0,40,0,736,0,0,True,4116,1,2,774,2,416,0
2,1,2,27,0,0,0,0,0,0,False,4120,1,4,680,2,698,3
2,1,2,22,0,0,0,0,0,0,True,4125,1,4,677,1,1046,1
1,0,1,23,0,0,0,0,0,0,True,4127,1,1,130,1,458,1
3,0,1,54,1,111,0,1144,8,23,False,4128,1,2,846,1,1608,4
3,0,1,0,0,0,0,0,0,0,True,4128,2,2,846,1,1608,3
3,1,1,4,0,0,0,0,0,0,True,4128,3,2,846,1,1608,4
2,0,1,23,0,15,1,777,3,3,False,4129,1,2,847,1,687,2
3,1,1,19,0,0,0,0,0,0,True,4130,1,4,427,2,1267,2
1,1,1,34,0,0,0,0,0,0,True,4131,1,8,147,2,1594,2
2,1,3,18,0,0,0,0,0,0,False,4132,1,4,678,1,1104,1
2,1,1,40,0,0,0,0,0,0,True,4134,1,4,427,2,739,1
3,0,1,58,0,850,0,22,1493,0,False,4135,1,2,777,2,1267,2
2,0,3,39,0,664,0,0,40,0,False,4137,1,2,778,2,553,5
2,0,2,23,0,40,15,30,0,637,False,4140,1,2,851,1,446,1
2,0,1,11,0,0,0,0,0,0,False,4141,1,4,679,1,1072,2
1,1,1,43,0,0,0,0,0,0,True,4142,1,8,148,2,1609,2
3,1,1,29,0,0,0,0,0,0,False,4143,1,6,258,1,1048,0
2,0,1,36,0,19,476,0,5,290,False,4144,1,6,259,1,215,3
2,0,2,13,0,16,0,87,544,0,False,4145,1,2,852,1,364,2
1,0,1,54,0,0,0,0,3200,0,True,4147,1,8,149,2,1610,2
1,1,1,45,0,0,0,0,0,0,True,4147,2,8,149,2,1610,0
2,0,3,33,0,0,0,589,2,255,True,4149,1,4,682,1,1611,2
2,0,1,46,0,0,1029,0,0,0,True,4150,1,2,780,2,116,2
2,1,3,15,0,0,0,0,0,0,True,4151,1,4,683,1,1519,1
2,0,1,35,0,89,0,0,545,0,False,4152,1,2,853,1,873,1
3,1,1,23,0,0,0,0,0,0,True,4154,1,2,781,2,737,1
2,1,3,15,0,0,0,0,0,0,False,4156,1,4,684,1,1046,0
2,0,1,27,0,0,0,580,211,0,False,4158,1,6,273,2,785,1
2,0,1,15,0,0,2,15,5,842,False,4159,1,2,782,2,857,1
3,0,1,27,1,661,0,991,46,0,True,4160,1,2,783,2,905,4
2,1,3,16,0,0,0,0,0,0,True,4163,1,4,683,2,1612,2
2,0,1,37,0,246,0,703,5,0,True,4165,1,4,685,1,664,1
1,1,3,45,0,0,0,0,0,0,True,4166,1,1,132,1,1613,3
1,0,3,58,1,0,279,3627,122,30,True,4166,2,1,132,1,1613,6
2,0,2,27,0,0,440,0,0,334,False,4167,1,4,427,2,1614,2
2,0,1,38,0,0,18,30,0,832,False,4168,1,2,855,1,1614,2
2,0,1,28,0,0,241,6,0,542,False,4168,2,6,260,1,1614,3
1,1,1,47,0,0,0,0,0,0,True,4169,1,7,140,1,3,1
1,0,1,41,0,0,1562,0,2,16,True,4169,2,7,140,1,3,0
1,1,1,28,0,0,0,0,0,0,True,4170,1,1,133,1,237,2
2,1,1,23,0,0,0,0,0,0,False,4171,1,4,686,1,467,5
3,1,1,24,0,0,0,0,0,0,True,4172,1,2,856,1,1372,3
3,0,1,58,0,12,0,186,2436,4,False,4172,2,2,856,1,1372,1
2,1,1,36,0,0,0,0,0,0,True,4172,3,2,856,1,1372,2
3,0,3,24,0,1363,0,50,0,0,False,4172,4,2,856,1,1008,0
3,0,1,56,0,128,0,959,0,42,False,4172,5,2,856,1,1372,2
3,1,1,15,0,0,0,0,0,0,True,4172,6,2,856,1,1372,2
3,0,1,19,0,154,170,2074,0,0,True,4172,7,7,141,1,1372,1
2,0,1,27,0,0,0,0,658,133,False,4173,1,6,261,1,948,5
2,0,1,47,0,59,1,327,557,0,False,4174,1,2,857,1,282,3
2,0,3,37,0,0,89,15,20,592,False,4175,1,2,858,1,649,2
3,1,1,39,0,0,0,0,0,0,True,4176,1,2,859,1,1119,1
3,1,1,20,0,0,0,0,0,0,True,4176,2,2,859,1,1615,2
3,0,1,20,0,760,0,742,352,0,True,4176,3,2,859,1,1615,1
3,0,1,38,0,490,663,358,855,0,False,4176,4,2,859,1,1119,3
3,0,1,46,0,247,0,418,480,36,False,4176,5,7,142,1,1119,1
3,1,1,13,0,0,0,0,0,0,True,4176,6,2,859,1,1119,2
3,0,3,24,0,612,326,46,87,0,True,4176,7,2,859,1,1119,3
1,1,1,32,0,0,0,0,0,0,True,4177,1,1,161,2,1616,1
1,1,3,27,0,0,0,0,0,0,True,4177,2,1,161,2,862,3
1,0,3,44,0,36,588,0,1675,3597,False,4177,3,1,161,2,862,5
2,0,1,19,0,0,0,4,6,773,False,4178,1,4,687,1,1617,3
1,0,1,30,1,0,1172,183,91,0,True,4179,1,3,50,2,905,3
1,1,1,23,0,0,0,0,0,0,True,4179,2,3,50,2,1136,2
1,0,1,4,0,0,0,0,0,0,True,4181,1,8,133,1,1618,5
1,0,1,0,0,0,0,0,0,0,True,4181,2,8,133,1,1618,1
1,1,1,17,0,0,0,0,0,0,True,4181,3,4,427,2,1618,2
1,1,1,44,0,0,0,0,0,0,True,4181,4,8,133,1,1618,1
1,0,3,31,0,2,8747,0,4840,14485,False,4181,5,8,133,1,1618,1
1,0,3,41,1,0,9463,0,1022,1562,True,4181,6,8,133,1,1618,0
1,0,3,33,0,0,2020,0,1817,182,False,4182,1,3,51,2,1619,2
1,0,1,43,0,0,124,0,3975,186,False,4182,2,3,51,2,905,2
1,0,3,43,1,0,3172,0,26,4376,False,4182,3,3,51,2,1619,1
2,0,1,36,0,1367,108,0,0,77,False,4183,1,2,784,2,1054,4
2,0,3,19,0,558,0,353,0,8,False,4184,1,2,860,1,140,1
2,0,1,24,0,0,1725,0,0,0,True,4185,1,4,688,1,1060,1
2,1,3,17,0,0,0,0,0,0,True,4186,1,4,685,2,363,2
2,0,1,23,0,1277,84,0,240,598,True,4188,1,2,861,1,1363,1
2,0,3,17,0,558,0,3,0,1226,False,4189,1,4,686,2,1141,2
3,0,1,18,0,950,1,236,754,0,False,4191,1,7,135,2,1620,3
3,1,3,34,0,0,0,0,0,0,True,4194,1,2,862,1,1049,2
2,1,1,13,0,0,0,0,0,0,True,4196,1,4,688,2,230,4
2,0,1,66,0,610,2549,0,17,0,True,4197,1,2,786,2,1621,2
2,0,1,27,0,0,867,0,128,363,True,4197,2,2,786,2,1621,1
2,0,1,19,0,1620,0,4,0,82,False,4197,3,4,689,2,1621,2
2,0,1,55,0,0,198,703,1,0,True,4199,1,2,787,2,1171,2
3,0,1,40,0,0,0,1,293,667,False,4203,1,7,143,1,1224,3
2,1,2,23,0,0,0,0,0,0,True,4204,1,4,691,1,547,1
2,0,1,7,0,0,0,0,0,0,False,4204,2,4,691,1,547,2
2,1,1,12,0,0,0,0,0,0,True,4204,3,4,691,1,547,0
2,0,1,37,0,0,886,0,58,441,False,4205,1,2,789,2,418,0
2,0,1,22,0,0,13,524,7,0,False,4206,1,2,865,1,1268,3
2,1,1,25,0,0,0,0,0,0,True,4207,1,1,163,2,1622,5
1,1,3,46,0,0,0,0,0,0,True,4207,2,1,163,2,1622,0
3,0,3,37,0,326,0,455,2,0,False,4208,1,7,144,1,1126,1
1,1,3,50,0,0,0,0,0,0,True,4210,1,8,151,2,1623,1
1,1,3,28,0,0,0,0,0,0,True,4210,2,8,151,2,1623,3
1,1,1,26,0,0,0,0,0,0,True,4211,1,8,134,1,1624,0
2,1,1,28,0,0,0,0,0,0,True,4212,1,4,690,2,399,1
2,0,2,23,0,4,157,142,0,196,False,4213,1,4,691,2,704,2
1,0,1,23,0,3,343,0,4280,0,False,4214,1,6,262,1,1625,1
3,0,1,34,1,992,0,14,0,0,False,4215,1,7,145,1,106,1
1,1,1,65,0,0,0,0,0,0,True,4216,1,1,134,1,1626,1
2,1,1,20,0,0,0,0,0,0,True,4216,2,1,134,1,1626,1
3,1,1,29,0,0,0,0,0,0,True,4218,1,2,867,1,1627,4
3,0,1,30,0,176,0,2310,0,0,True,4218,2,2,867,1,1627,1
3,1,1,3,0,0,0,0,0,0,True,4219,1,2,868,1,1628,0
3,0,1,40,0,1268,0,0,0,0,False,4219,2,2,868,1,1628,1
3,0,1,32,0,1331,416,0,665,64,False,4219,3,2,868,1,1628,1
2,0,1,31,0,553,224,9,1,0,False,4220,1,6,263,1,1629,0
2,0,1,13,0,27,81,1080,0,0,True,4221,1,2,869,1,740,1
2,0,1,29,0,37,0,167,608,0,False,4222,1,4,692,1,964,1
2,0,1,28,0,0,53,0,732,6,False,4222,2,6,264,1,964,2
3,0,3,19,0,1184,88,0,0,334,True,4223,1,2,790,2,1295,1
3,0,3,24,0,469,0,0,196,0,True,4223,2,6,275,2,1295,2
3,1,1,22,0,0,0,0,0,0,False,4225,1,6,266,1,212,4
2,0,3,13,0,406,0,1670,0,427,False,4229,1,2,872,1,905,2
2,0,1,21,0,0,0,23,820,22,False,4230,1,2,873,1,1371,2
2,0,3,24,0,0,0,1435,10,0,True,4231,1,2,791,2,706,0
1,0,1,47,0,0,4983,0,173,43,True,4232,1,1,164,2,1630,3
1,0,1,27,0,0,144,76,184,3932,False,4233,1,1,135,1,337,3
2,0,1,18,0,0,0,774,0,13,True,4237,1,6,277,2,332,4
1,1,3,36,0,0,0,0,0,0,True,4238,1,1,165,2,1631,4
2,0,1,68,0,0,1,223,580,0,False,4239,1,2,875,1,875,3
1,0,1,31,0,0,0,0,0,0,True,4240,1,8,152,2,1388,3
3,1,1,28,0,0,0,0,0,0,True,4242,1,2,877,1,1632,4
3,0,1,36,0,3002,21,150,0,0,False,4243,1,7,136,2,1204,1
2,0,1,17,0,0,628,0,66,449,True,4244,1,2,794,2,557,0
2,1,1,13,0,0,0,0,0,0,True,4245,1,4,695,2,618,1
2,0,1,30,0,0,10,0,3840,329,False,4246,1,4,693,1,451,2
1,0,1,58,0,0,2946,0,101,387,True,4249,1,1,166,2,1633,1
1,1,1,43,0,0,0,0,0,0,True,4249,2,1,166,2,1633,4
1,0,3,20,0,354,1546,323,284,315,True,4249,3,1,166,2,1633,4
2,0,1,29,0,715,0,0,698,106,False,4251,1,2,879,1,67,4
2,0,1,15,0,156,1,1132,192,33,True,4252,1,2,795,2,985,1
2,0,1,30,0,488,0,242,0,79,False,4253,1,4,696,1,679,3
1,0,3,33,0,5493,9401,23,3013,303,False,4254,1,1,136,1,1634,1
1,1,1,25,0,0,0,0,0,0,True,4254,2,1,136,1,1634,3
1,0,1,62,0,0,22,0,3314,22,False,4254,3,1,136,1,1634,2
2,1,2,41,0,0,0,0,0,0,True,4255,1,4,697,1,329,1
2,0,1,27,0,6,0,0,768,1141,False,4256,1,2,880,1,137,2
2,1,1,18,0,0,0,0,0,0,False,4256,2,4,698,1,137,1
2,1,1,27,0,0,0,0,0,0,True,4256,3,4,698,1,137,1
2,0,1,19,0,571,0,0,97,813,True,4256,4,2,880,1,137,2
2,0,1,37,0,0,0,115,671,0,False,4256,5,4,698,1,398,3
2,1,1,24,0,0,0,0,0,0,False,4256,6,4,698,1,137,4
2,0,1,29,0,13,0,664,74,101,False,4256,7,4,698,1,137,1
2,0,3,44,0,0,0,608,0,91,False,4256,8,2,880,1,137,2
2,0,1,19,0,0,265,882,2,293,False,4257,1,2,881,1,1488,3
1,0,1,39,0,0,266,0,1254,197,False,4258,1,3,37,1,1635,1
1,0,1,63,0,0,490,1,2882,18,False,4258,2,3,37,1,1635,0
1,0,1,39,0,9,1525,0,0,146,False,4258,3,3,37,1,1635,0
3,1,1,41,0,0,0,0,0,0,True,4259,1,2,796,2,1155,3
2,1,1,27,0,0,0,0,0,0,True,4260,1,4,696,2,1636,2
3,0,3,56,0,412,492,9,117,33,True,4261,1,7,137,2,1637,1
1,1,1,22,0,0,0,0,0,0,True,4262,1,8,135,1,1638,1
1,0,3,26,0,1,1269,4790,270,5116,False,4262,2,8,135,1,1638,2
2,0,1,24,0,0,0,0,0,1300,False,4264,1,2,797,2,1023,3
2,1,2,18,0,0,0,0,0,0,True,4266,1,4,697,2,7,1
2,1,1,13,0,0,0,0,0,0,True,4267,1,4,700,1,601,1
2,0,1,32,0,0,0,1020,0,0,True,4267,2,2,883,1,601,2
1,0,3,30,0,24,2558,98,0,5361,False,4270,1,4,427,2,1639,4
1,1,1,25,0,0,0,0,0,0,True,4271,1,3,38,1,123,3
2,0,1,55,0,0,252,1,0,553,True,4272,1,2,799,2,1640,3
2,0,2,19,0,0,2,0,669,0,False,4273,1,2,884,1,1641,3
2,0,1,24,0,0,717,222,8,1,True,4274,1,4,698,2,1389,1
1,0,1,32,0,401,3724,5,422,62,True,4278,1,8,154,2,1331,5
3,0,1,24,0,0,0,0,0,0,False,4280,1,6,267,1,1642,4
3,1,1,32,0,0,0,0,0,0,True,4289,1,2,890,1,1643,4
2,1,1,36,0,0,0,0,0,0,False,4291,1,4,701,2,835,2
1,0,3,28,0,0,31,0,1283,871,True,4292,1,3,52,2,115,2
2,0,1,52,0,0,559,0,0,0,True,4293,1,2,801,2,1554,0
2,0,1,29,0,646,91,13,0,0,True,4294,1,4,702,2,986,3
3,0,3,23,0,49,0,2716,0,0,True,4295,1,7,147,1,1644,2
3,1,1,32,0,0,0,0,0,0,True,4295,2,4,427,2,1644,4
2,1,1,35,0,0,0,0,0,0,False,4296,1,4,703,2,1467,0
1,0,3,41,0,14,6777,81,604,2936,False,4297,1,1,138,1,1645,0
2,1,2,16,0,0,0,0,0,0,True,4300,1,4,704,2,972,1
1,1,3,33,0,0,0,0,0,0,True,4301,1,6,269,1,1646,1
2,1,3,6,0,0,0,0,0,0,True,4302,1,4,706,1,299,1
2,0,3,15,0,36,841,0,0,0,True,4303,1,2,803,2,96,2
2,0,1,38,0,0,668,84,267,0,False,4303,2,4,705,2,772,1
2,0,1,56,0,0,779,12,3,35,False,4305,1,2,893,1,980,2
2,1,2,4,0,0,0,0,0,0,True,4305,2,4,707,1,980,0
2,1,2,21,0,0,0,0,0,0,True,4305,3,4,707,1,65,0
3,0,3,22,0,1371,0,235,0,0,True,4306,1,2,805,2,677,1
2,0,1,37,0,0,0,785,3,0,False,4309,1,6,270,1,1134,1
2,0,1,6,0,0,0,0,0,0,True,4309,2,4,709,1,1134,2
2,0,1,22,0,563,521,364,0,0,False,4311,1,2,807,2,951,4
1,0,1,26,0,0,137,0,0,7629,False,4312,1,1,139,1,656,3
2,0,1,22,0,0,3,486,0,228,True,4315,1,6,272,1,406,3
2,0,1,20,0,0,0,0,0,0,True,4315,2,4,710,1,406,2
2,0,2,27,0,0,22,0,1156,0,False,4316,1,2,894,1,748,4
3,0,1,24,0,439,0,2140,0,0,True,4317,1,7,139,2,1647,6
3,1,1,25,0,0,0,0,0,0,True,4318,1,2,808,2,1436,4
2,0,1,48,0,2,0,83,589,233,False,4319,1,4,711,1,1648,1
2,0,1,24,0,786,0,0,7,0,False,4320,1,6,273,1,204,3
3,0,3,3,0,0,0,0,0,0,True,4324,1,2,810,2,1649,2
3,1,1,24,0,0,0,0,0,0,True,4324,2,2,810,2,1649,3
3,0,1,25,0,412,0,567,775,0,False,4324,3,2,810,2,1649,4
3,1,3,1,0,0,0,0,0,0,True,4324,4,2,810,2,1650,0
2,0,1,20,0,0,187,712,0,0,True,4327,1,2,811,2,1251,2
2,0,1,22,0,39,0,63,3,654,False,4329,1,2,812,2,1651,1
3,0,3,28,0,427,0,754,0,0,True,4330,1,7,140,2,375,2
2,1,3,17,0,0,0,0,0,0,True,4332,1,4,707,2,859,3
1,0,3,28,0,0,3345,0,2143,27,False,4333,1,1,141,1,1652,2
1,1,1,47,0,0,0,0,0,0,True,4334,1,3,53,2,1653,2
3,1,1,34,0,0,0,0,0,0,False,4335,1,6,281,2,407,1
1,0,1,29,1,267,1418,257,843,0,True,4336,1,8,155,2,945,1
1,1,1,14,0,0,0,0,0,0,True,4336,2,8,155,2,945,3
1,0,1,36,0,0,563,0,1301,830,True,4336,3,4,427,2,945,4
1,0,3,40,0,2320,0,4874,3131,498,True,4336,4,8,155,2,945,1
3,0,1,49,0,22,0,1129,0,77,True,4337,1,2,813,2,1318,1
1,0,1,51,0,0,0,0,0,0,True,4338,1,8,156,2,1654,1
1,0,1,41,0,0,545,0,2740,293,True,4338,2,8,156,2,1333,3
1,0,3,44,0,0,14201,0,22,584,True,4338,3,8,156,2,1654,1
3,0,1,47,0,2044,0,95,0,120,False,4339,1,2,814,2,1410,2
2,0,1,22,0,0,0,945,0,4,True,4340,1,2,815,2,608,3
2,1,2,13,0,0,0,0,0,0,True,4343,1,4,708,2,905,4
2,0,1,18,0,0,35,661,0,63,True,4344,1,2,816,2,406,3
2,0,1,28,0,0,1125,3,562,7,False,4345,1,4,717,1,175,2
2,0,3,22,0,429,2,232,0,59,True,4346,1,6,274,1,221,3
2,0,1,50,0,444,0,408,0,0,False,4347,1,4,718,1,1611,3
1,1,1,47,1,0,0,0,0,0,True,4348,1,1,142,1,1655,5
3,0,1,55,0,802,0,155,4,337,False,4349,1,6,275,1,1601,3
2,1,1,21,0,0,0,0,0,0,True,4350,1,4,709,2,1656,2
2,0,2,39,0,0,0,1,0,2330,False,4350,2,4,709,2,498,4
2,0,1,21,0,641,0,409,0,0,False,4351,1,2,895,1,65,3
1,0,1,37,0,33,3484,17,4,1384,True,4352,1,8,157,2,1653,3
1,0,1,31,0,22,10025,2,124,1,True,4352,2,8,157,2,1653,2
2,0,1,23,0,115,1,0,0,249,False,4354,1,6,276,1,43,5
1,1,3,28,0,0,0,0,0,0,True,4356,1,1,167,2,1290,1
3,0,1,23,0,118,0,949,206,2071,False,4357,1,7,148,1,1272,2
2,0,2,20,0,0,272,108,0,230,True,4358,1,2,818,2,455,2
1,0,1,28,0,3,2127,0,696,10,False,4359,1,8,137,1,905,2
1,0,3,40,0,0,17687,0,425,155,True,4359,2,8,137,1,1657,2
1,0,3,54,0,0,1832,0,0,1768,False,4359,3,8,137,1,1657,1
3,1,1,18,0,0,0,0,0,0,True,4360,1,2,896,1,155,1
2,0,3,27,0,0,14,0,734,331,True,4361,1,2,819,2,56,1
1,0,1,43,0,0,1947,0,0,1651,True,4362,1,1,168,2,1233,1
2,1,2,25,0,0,0,0,0,0,True,4364,1,4,720,1,1231,1
2,0,1,13,0,552,247,0,4,0,False,4365,1,2,898,1,58,2
2,0,2,15,0,0,0,873,0,5,True,4366,1,2,899,1,1418,2
2,1,3,37,0,0,0,0,0,0,True,4367,1,4,710,2,733,1
3,1,3,32,0,0,0,0,0,0,True,4368,1,2,900,1,1436,0
2,0,1,19,0,857,0,0,0,0,False,4369,1,2,820,2,1651,3
2,0,1,21,0,3,1,0,1494,110,False,4370,1,4,427,2,992,2
1,0,1,27,0,0,2717,0,0,986,True,4371,1,8,158,2,1658,2
1,0,3,39,0,106,243,126,7,4967,False,4371,2,8,158,2,1658,1
2,1,1,22,0,0,0,0,0,0,True,4371,3,8,158,2,1658,2
1,0,1,25,0,0,4384,4285,812,360,True,4371,4,8,158,2,1658,3
1,0,3,34,0,0,7221,0,288,2275,True,4371,5,8,158,2,1571,2
3,1,1,54,0,0,0,0,0,0,True,4372,1,2,821,2,1541,1
3,0,1,42,0,954,0,1,0,0,False,4372,2,6,283,2,1407,2
2,0,2,36,0,735,0,2,0,0,False,4373,1,2,822,2,1659,0
2,0,2,43,0,0,168,3,0,452,True,4376,1,6,284,2,1660,2
2,0,2,23,0,65,94,0,0,445,True,4382,1,2,901,1,335,0
1,0,1,57,0,0,0,0,0,0,True,4383,1,1,169,2,624,1
1,0,1,54,0,0,0,0,0,0,True,4386,1,1,170,2,905,0
1,0,1,51,0,0,16455,885,0,363,True,4386,2,1,170,2,1661,4
3,0,2,32,0,192,0,441,18,0,False,4387,1,2,902,1,599,2
1,0,1,33,0,0,0,0,0,0,True,4388,1,1,171,2,905,2
3,1,1,8,0,0,0,0,0,0,True,4390,1,2,903,1,556,2
3,1,1,44,0,0,0,0,0,0,True,4390,2,2,903,1,556,2
3,0,1,27,0,875,0,61,289,0,False,4390,3,2,903,1,556,0
2,0,1,48,0,383,0,0,393,10,True,4391,1,2,904,1,1662,0
2,0,3,13,0,38,0,0,733,0,False,4392,1,4,714,2,468,0
2,1,1,5,0,0,0,0,0,0,False,4393,1,4,722,1,124,2
2,0,1,18,0,754,0,34,0,0,False,4393,2,6,278,1,124,0
2,0,1,23,0,0,0,206,681,31,False,4395,1,2,905,1,930,1
2,0,1,23,0,0,153,11,646,0,False,4396,1,4,715,2,1442,5
2,1,2,35,0,0,0,0,0,0,True,4397,1,4,427,2,1193,2
2,0,1,25,0,141,3,640,0,100,False,4399,1,4,724,1,1663,2
3,0,1,32,0,689,0,610,0,0,False,4400,1,6,285,2,1174,2
3,0,3,0,0,0,0,0,0,0,True,4400,2,2,830,2,1174,3
3,1,1,5,0,0,0,0,0,0,True,4400,3,2,830,2,1174,2
2,0,3,16,0,0,0,0,0,0,True,4401,1,4,716,2,1664,3
2,1,2,18,0,0,0,0,0,0,True,4401,2,4,716,2,1664,4
2,1,2,29,0,0,0,0,0,0,False,4402,1,4,725,1,1060,2
2,0,1,55,0,134,935,0,6,394,False,4403,1,2,831,2,554,2
2,0,1,41,0,7,0,297,108,361,False,4403,2,4,717,2,554,1
2,0,1,38,0,0,2,404,121,0,False,4404,1,4,726,1,714,2
1,1,1,27,0,0,0,0,0,0,True,4405,1,8,159,2,1665,0
2,1,1,55,0,0,0,0,0,0,True,4407,1,4,719,2,1659,0
3,1,1,75,0,0,0,0,0,0,True,4408,1,2,906,1,274,0
1,0,1,50,0,0,817,388,78,693,True,4409,1,8,160,2,1666,0
2,0,1,23,0,27,0,32,725,0,False,4410,1,4,720,2,620,2
2,0,2,37,0,715,0,54,0,0,True,4411,1,4,721,2,899,0
2,0,1,33,0,0,0,232,0,622,False,4413,1,4,722,2,578,3
3,0,1,45,0,941,281,36,12,39,False,4415,1,2,833,2,326,0
1,1,3,47,0,0,0,0,0,0,True,4416,1,1,143,1,1334,1
1,1,1,13,0,0,0,0,0,0,True,4422,1,1,172,2,356,1
1,0,1,29,0,0,6338,0,1366,89,True,4422,2,1,172,2,356,2
3,0,1,19,0,30,0,42,3565,7,False,4424,1,6,287,2,1667,4
3,1,1,30,0,0,0,0,0,0,True,4426,1,2,835,2,1668,3
1,0,3,39,0,3,83,0,805,2983,False,4427,1,7,141,2,1669,1
1,0,1,31,0,0,46,0,209,2908,False,4427,2,7,141,2,1669,4
1,0,3,29,0,0,11417,12,795,402,True,4428,1,8,162,2,1670,1
3,0,1,16,0,546,90,23,513,0,False,4429,1,6,288,2,1095,1
2,0,2,18,0,0,2,1513,0,0,True,4430,1,2,836,2,251,4
2,0,3,38,0,8,0,1414,10,3,False,4431,1,4,727,1,1671,3
2,1,1,50,0,0,0,0,0,0,False,4432,1,4,728,1,972,0
2,1,2,21,0,0,0,0,0,0,False,4433,1,4,729,1,215,5
2,1,2,22,0,0,0,0,0,0,True,4436,1,4,730,1,1672,1
2,1,1,20,0,0,0,0,0,0,True,4437,1,4,725,2,1282,4
3,0,1,36,0,721,0,471,0,0,False,4438,1,2,910,1,256,2
2,0,1,23,0,0,282,0,0,71,True,4440,1,2,911,1,549,1
1,1,3,31,1,0,0,0,0,0,True,4441,1,1,144,1,1543,0
1,1,1,39,0,0,0,0,0,0,True,4441,2,1,144,1,905,0
1,0,3,50,0,0,4558,0,1,267,True,4441,3,1,144,1,1543,3
2,0,1,40,0,0,901,0,0,89,False,4444,1,6,291,2,42,3
2,0,1,28,0,8,0,77,560,0,False,4445,1,2,912,1,1673,4
1,0,1,38,0,2,114,771,3094,448,False,4446,1,1,175,2,270,1
1,0,1,37,0,0,3603,33,7113,1,False,4446,2,1,175,2,270,1
1,1,3,59,0,0,0,0,0,0,True,4446,3,1,175,2,270,3
1,0,3,41,0,35,6103,0,180,160,True,4446,4,1,175,2,270,1
1,0,1,33,0,0,4017,0,0,2260,True,4446,5,1,175,2,270,4
2,1,1,54,0,0,0,0,0,0,True,4447,1,4,427,2,835,2
2,0,1,40,0,0,0,2414,0,0,True,4448,1,2,913,1,257,3
3,0,1,43,0,130,0,870,31,26,True,4449,1,7,142,2,421,2
1,1,3,26,0,0,0,0,0,0,True,4450,1,8,140,1,663,1
1,0,3,65,0,0,7194,0,6,0,True,4450,2,8,140,1,663,1
1,1,3,22,0,0,0,0,0,0,True,4450,3,8,140,1,663,1
1,0,1,28,0,0,3627,0,31,3263,False,4450,4,8,140,1,663,3
2,1,1,35,0,0,0,0,0,0,True,4451,1,2,914,1,1674,0
2,1,1,30,0,0,0,0,0,0,True,4452,1,4,727,2,573,0
1,0,1,28,0,0,2560,0,134,307,False,4453,1,7,149,1,1675,1
2,0,1,23,0,0,10,159,0,125,True,4456,1,2,916,1,242,1
2,0,1,24,0,698,0,51,2,4,True,4457,1,2,917,1,1676,1
2,1,2,16,0,0,0,0,0,0,True,4459,1,4,733,1,1677,2
3,1,1,18,0,0,0,0,0,0,True,4461,1,2,838,2,1678,1
2,0,1,20,0,399,77,311,0,16,False,4462,1,2,918,1,1679,1
1,1,1,29,0,0,0,0,0,0,True,4463,1,1,145,1,1044,3
1,1,1,29,0,0,0,0,0,0,True,4463,2,1,145,1,1044,2
2,0,1,21,0,0,0,0,0,0,False,4464,1,4,728,2,704,3
1,1,1,2,0,0,0,0,0,0,False,4465,1,3,54,2,1680,4
1,0,1,43,0,31,76,0,1353,1713,False,4465,2,3,54,2,1680,1
1,0,1,28,0,0,1883,0,1,4560,False,4465,3,3,54,2,1680,1
1,0,3,31,1,0,2461,0,51,2141,False,4466,1,3,40,1,1449,4
2,0,1,23,0,36,18,670,0,32,True,4467,1,2,919,1,1681,1
1,1,1,26,0,0,0,0,0,0,True,4469,1,1,146,1,1646,3
1,0,3,43,0,0,39,327,4643,85,False,4469,2,1,146,1,1589,2
2,0,1,28,0,1549,0,5,0,0,False,4470,1,2,839,2,10,1
2,0,2,24,0,0,266,1455,59,0,False,4472,1,4,734,1,564,2
2,0,1,27,0,110,0,638,0,0,False,4472,2,2,920,1,564,1
3,0,3,13,0,2244,31,507,0,142,False,4473,1,2,841,2,905,3
3,0,1,27,0,994,0,26,1,0,False,4473,2,6,292,2,1544,2
2,1,1,2,0,0,0,0,0,0,True,4474,1,4,730,2,867,3
2,1,1,24,0,0,0,0,0,0,True,4474,2,4,730,2,1682,5
2,1,1,2,0,0,0,0,0,0,True,4474,3,4,730,2,867,1
1,0,1,50,1,13,239,0,161,2355,False,4475,1,3,55,2,1683,1
1,1,3,27,0,0,0,0,0,0,True,4475,2,3,55,2,1683,1
2,0,1,26,0,1170,0,0,187,100,False,4476,1,2,921,1,1684,1
2,0,3,31,0,23,0,0,0,17,False,4477,1,4,731,2,380,1
3,0,1,28,0,3559,0,0,13,2,False,4479,1,7,150,1,1078,3
2,0,3,4,0,0,0,0,0,0,False,4482,1,4,732,2,1019,1
2,0,1,9,0,0,0,0,0,0,True,4482,2,4,732,2,1178,2
2,0,1,0,0,0,0,0,0,0,True,4482,3,4,732,2,1019,2
2,1,1,35,0,0,0,0,0,0,False,4482,4,4,732,2,1019,3
2,1,1,3,0,0,0,0,0,0,True,4482,5,4,732,2,1019,2
3,0,1,25,0,1956,0,161,239,28,False,4483,1,7,151,1,750,2
3,0,1,63,0,3087,0,60,2,0,False,4483,2,7,151,1,750,2
3,1,1,34,0,0,0,0,0,0,True,4485,1,2,922,1,1685,0
3,0,1,35,0,1219,0,1742,740,0,False,4485,2,2,922,1,1685,1
2,1,1,26,0,0,0,0,0,0,True,4486,1,4,733,2,319,2
2,0,1,39,0,0,3,0,802,49,False,4487,1,4,735,1,1456,0
1,0,3,34,0,0,337,1339,92,264,False,4490,1,7,143,2,1686,2
1,0,1,36,0,0,1013,1,16,2825,False,4491,1,1,148,1,1687,5
2,1,1,46,0,0,0,0,0,0,True,4492,1,4,736,1,1173,2
2,0,1,26,0,42,65,895,407,0,True,4493,1,2,845,2,1381,2
3,1,1,28,0,0,0,0,0,0,True,4494,1,2,846,2,638,1
2,0,3,20,0,0,3080,7,0,67,True,4496,1,2,924,1,1688,2
2,1,1,35,0,0,0,0,0,0,False,4497,1,4,737,1,972,2
2,0,3,11,0,0,0,0,0,0,False,4498,1,4,734,2,357,3
2,1,2,14,0,0,0,0,0,0,False,4498,2,4,734,2,1170,2
2,1,2,4,0,0,0,0,0,0,True,4498,3,4,734,2,1170,3
2,0,1,11,0,0,0,0,0,0,False,4498,4,4,734,2,357,3
2,1,1,31,0,0,0,0,0,0,True,4498,5,4,734,2,1170,3
2,0,1,15,0,0,893,0,0,0,True,4498,6,4,734,2,357,1
2,0,1,39,0,0,2,0,69,836,False,4498,7,4,734,2,307,1
2,0,1,7,0,0,0,0,0,0,False,4498,8,4,734,2,357,1
2,0,1,24,0,83,0,129,504,0,False,4500,1,2,847,2,179,2
2,1,1,22,0,0,0,0,0,0,True,4501,1,4,735,2,991,3
3,1,1,26,0,0,0,0,0,0,False,4502,1,6,281,1,1227,2
1,0,3,53,0,0,864,49,39,2376,True,4505,1,8,165,2,1398,1
1,0,1,40,0,2,76,0,201,0,False,4505,2,8,165,2,1398,0
3,0,1,19,0,160,0,889,0,0,False,4506,1,6,294,2,1550,3
3,0,3,54,0,433,0,867,19,1,False,4508,1,2,926,1,1502,3
3,0,1,21,0,572,584,128,14,0,False,4508,2,6,283,1,1502,4
3,0,1,25,0,1340,0,8,0,0,False,4508,3,2,926,1,1502,4
3,0,1,48,0,137,0,877,0,0,True,4509,1,6,295,2,1689,2
3,0,2,41,0,0,0,1127,8,0,True,4509,2,7,144,2,1689,1
3,0,1,13,0,27,0,3246,0,0,True,4509,3,7,144,2,1689,2
1,0,1,57,0,0,0,0,0,0,True,4510,1,1,177,2,1690,5
1,1,1,25,0,0,0,0,0,0,True,4511,1,1,178,2,1691,2
1,1,3,48,0,0,0,0,0,0,True,4511,2,1,178,2,1691,1
3,0,1,34,0,849,51,375,0,24,False,4512,1,6,296,2,336,4
2,1,1,16,0,0,0,0,0,0,True,4514,1,4,736,2,606,1
2,0,1,0,0,0,0,0,0,0,False,4515,1,4,739,1,177,1
2,0,3,15,0,6,1740,2184,0,0,True,4515,2,4,739,1,177,2
2,0,3,37,0,426,0,2,194,308,False,4516,1,2,848,2,346,2
2,0,1,37,0,452,0,234,19,1290,False,4517,1,2,849,2,1474,3
2,0,1,49,0,820,1,690,292,13,False,4518,1,4,740,1,591,2
2,0,1,18,0,1,1,0,0,746,False,4521,1,2,929,1,647,1
2,0,1,25,0,101,32,0,137,633,True,4522,1,2,850,2,1692,5
2,0,2,27,0,0,116,2048,2,0,True,4524,1,2,930,1,570,6
2,0,3,43,0,26,132,3,117,555,False,4529,1,4,738,2,130,2
2,0,1,20,0,9,0,157,525,0,False,4530,1,2,933,1,931,4
1,1,1,54,0,0,0,0,0,0,True,4531,1,8,142,1,1693,3
2,1,1,30,0,0,0,0,0,0,True,4532,1,4,739,2,1488,3
1,1,1,37,0,0,0,0,0,0,True,4533,1,1,149,1,1694,0
2,0,3,30,0,60,41,553,1,0,True,4534,1,2,851,2,241,1
2,0,1,20,0,631,93,0,0,0,False,4535,1,2,934,1,1695,1
2,0,1,20,0,25,0,796,44,44,False,4535,2,4,742,1,1695,5
2,0,1,24,0,0,591,0,0,1560,False,4537,1,2,852,2,1696,2
2,0,1,44,0,0,121,0,748,0,False,4538,1,2,935,1,983,3
2,0,3,0,0,0,0,0,0,0,True,4539,1,4,740,2,386,3
2,1,1,15,0,0,0,0,0,0,True,4539,2,4,740,2,386,3
1,1,1,19,0,0,0,0,0,0,True,4542,1,1,150,1,1697,0
1,1,3,20,0,0,0,0,0,0,True,4542,2,1,150,1,1698,4
3,0,2,20,1,14,0,59,1777,0,False,4543,1,2,936,1,415,1
2,1,1,34,0,0,0,0,0,0,True,4544,1,4,743,1,633,3
2,0,2,17,0,0,0,0,0,0,True,4546,1,4,744,1,1066,3
2,0,1,20,0,0,25,0,0,803,True,4547,1,6,297,2,136,3
2,0,1,42,0,0,1,0,17,1601,False,4549,1,6,298,2,825,2
2,0,1,28,0,0,180,516,0,0,True,4550,1,2,853,2,817,2
3,0,1,43,0,375,103,1990,36,0,True,4552,1,2,937,1,1699,4
1,0,2,55,1,0,102,0,278,5353,False,4553,1,8,143,1,1596,1
2,0,1,21,0,29,27,47,694,11,False,4555,1,4,743,2,576,2
2,0,1,17,0,0,656,295,0,35,False,4557,1,6,286,1,258,4
1,0,3,54,0,0,559,0,15238,2799,False,4558,1,8,167,2,1380,1
2,0,1,25,0,0,205,0,0,549,True,4559,1,2,854,2,1606,0
2,0,1,27,0,0,57,851,0,0,True,4560,1,4,744,2,1343,1
1,0,3,45,0,0,496,0,1940,4195,False,4561,1,8,168,2,266,2
1,1,1,31,0,0,0,0,0,0,True,4562,1,1,180,2,528,3
1,1,3,19,0,0,0,0,0,0,True,4563,1,8,169,2,1196,1
2,0,1,30,0,0,43,0,0,6,False,4564,1,4,745,1,173,2
2,0,1,24,0,191,497,0,0,16,False,4565,1,4,746,1,1127,0
2,0,1,27,0,0,20,38,359,516,False,4567,1,2,939,1,354,0
3,0,1,42,0,4102,0,36,0,1825,False,4568,1,2,940,1,397,0
1,1,3,29,0,0,0,0,0,0,True,4569,1,1,151,1,1700,2
1,0,3,37,0,0,2235,7,4098,89,False,4569,2,1,151,1,1700,0
1,1,1,64,0,0,0,0,0,0,True,4570,1,8,170,2,905,0
2,1,1,24,0,0,0,0,0,0,True,4571,1,4,745,2,1701,2
2,0,3,23,0,42,0,0,765,2,False,4572,1,4,746,2,1702,4
2,0,1,22,0,686,45,16,7,4,True,4573,1,2,856,2,951,4
3,0,1,23,0,176,493,169,0,1023,False,4574,1,2,857,2,159,0
2,0,1,21,0,3,65,253,475,0,False,4575,1,2,941,1,1161,0
2,0,1,37,0,661,876,0,3,13,False,4576,1,2,942,1,1282,0
3,0,1,17,0,250,0,2179,0,0,True,4577,1,2,858,2,1703,0
3,1,1,35,0,0,0,0,0,0,True,4580,1,2,860,2,1704,2
1,0,1,33,0,0,4592,0,209,954,True,4581,1,1,181,2,1705,0
1,0,3,37,0,0,2337,0,204,76,True,4581,2,1,181,2,1705,3
1,0,3,32,0,0,154,0,5492,1924,False,4585,1,1,182,2,682,1
3,0,3,31,0,22,0,0,1,524,False,4586,1,2,943,1,122,3
1,0,1,27,0,0,4020,0,1635,4899,False,4587,1,3,42,1,977,5
1,1,3,34,0,0,0,0,0,0,True,4591,1,6,287,1,1706,2
3,0,1,9,0,0,0,0,0,0,True,4592,1,2,862,2,1707,3
3,1,1,25,0,0,0,0,0,0,True,4592,2,2,862,2,1707,1
3,1,1,29,0,0,0,0,0,0,True,4592,3,2,862,2,1707,3
3,1,1,1,0,0,0,0,0,0,True,4592,4,2,862,2,1707,2
2,0,1,30,0,1,797,0,10,0,True,4593,1,4,750,2,659,3
1,0,1,64,0,77,2424,0,3001,127,False,4594,1,8,144,1,689,5
1,0,1,31,0,0,6670,217,625,20336,False,4594,2,8,144,1,689,1
1,0,1,27,0,267,2802,0,54,77,True,4594,3,8,144,1,689,0
1,0,1,27,0,0,4516,0,6167,5308,False,4594,4,8,144,1,200,1
1,1,1,25,0,0,0,0,0,0,True,4595,1,8,145,1,1708,3
2,1,1,28,0,0,0,0,0,0,True,4596,1,4,751,2,973,4
2,1,1,32,0,0,0,0,0,0,True,4597,1,4,748,1,343,3
2,0,3,36,0,0,0,0,725,2,False,4602,1,2,945,1,94,2
1,0,3,26,0,0,3593,47,19,229,True,4603,1,8,171,2,1552,2
1,0,1,36,0,1,5234,343,277,12682,False,4603,2,8,171,2,1552,2
2,0,1,37,0,374,1327,10,81,0,False,4604,1,4,753,2,873,0
2,0,1,45,0,0,0,0,774,0,False,4605,1,4,750,1,972,2
1,0,1,22,0,165,36,0,3044,556,False,4606,1,8,172,2,1709,5
1,0,3,24,0,25,3291,0,6075,179,False,4606,2,8,172,2,1709,2
2,0,2,23,0,0,138,4,412,220,False,4607,1,4,751,1,828,0
2,0,3,31,0,2,20,1,1026,2,True,4608,1,2,864,2,1710,1
1,0,1,37,0,1,477,0,0,7087,False,4609,1,8,173,2,1711,1
2,0,1,28,0,5,0,0,1014,0,False,4610,1,4,752,1,701,3
2,1,1,23,0,0,0,0,0,0,True,4611,1,4,754,2,937,5
2,0,3,14,0,0,166,603,1,0,True,4612,1,4,755,2,140,2
1,1,1,40,0,0,0,0,0,0,True,4613,1,1,152,1,454,2
3,0,1,42,0,36,0,2554,0,9,True,4615,1,2,865,2,1119,3
2,0,1,53,0,19,81,85,768,489,False,4617,1,2,866,2,462,2
2,1,1,46,0,0,0,0,0,0,False,4620,1,4,757,2,1712,3
3,0,1,28,0,0,79,2003,0,0,True,4621,1,6,289,1,1483,1
2,1,3,25,0,0,0,0,0,0,True,4622,1,4,753,1,574,5
1,0,2,34,1,0,0,21,7,16,True,4623,1,8,146,1,160,5
3,0,1,58,0,1246,0,66,36,0,False,4624,1,2,868,2,486,1
1,0,1,31,0,0,2520,1,1,0,True,4625,1,1,183,2,1479,1
1,1,3,24,0,0,0,0,0,0,True,4625,2,1,183,2,1479,1
1,0,1,52,0,0,3275,111,51,18,True,4625,3,4,427,2,1479,2
1,1,3,25,0,0,0,0,0,0,True,4625,4,1,183,2,1479,1
1,1,1,17,0,0,0,0,0,0,True,4625,5,1,183,2,1479,1
2,0,1,27,0,0,453,137,1331,1660,False,4625,6,1,183,2,1479,1
1,1,3,29,0,0,0,0,0,0,True,4625,7,1,183,2,1479,1
1,0,1,45,0,0,7484,465,14,610,True,4628,1,8,175,2,1233,2
2,0,2,28,0,0,18,0,0,674,True,4630,1,2,870,2,859,2
1,1,3,25,0,0,0,0,0,0,True,4631,1,8,147,1,1545,2
1,1,1,57,0,0,0,0,0,0,True,4632,1,8,176,2,1713,1
1,1,1,68,0,0,0,0,0,0,True,4632,2,8,176,2,1713,2
1,0,3,26,0,0,431,28,10941,26,False,4632,3,8,176,2,1713,3
1,0,1,52,0,2,364,0,2144,1804,False,4632,4,8,176,2,1714,1
1,0,1,36,0,0,551,0,5270,22,False,4632,5,8,176,2,1713,4
2,0,2,41,0,454,297,0,2,0,False,4633,1,4,754,1,615,4
2,0,1,14,0,514,0,392,0,0,False,4634,1,6,299,2,735,0
2,1,2,16,0,0,0,0,0,0,True,4635,1,4,755,1,1025,2
3,0,1,24,0,672,0,501,0,0,False,4637,1,4,427,2,1715,3
1,0,1,62,1,0,1633,0,1742,0,True,4638,1,1,153,1,546,1
2,0,3,26,0,595,84,0,0,131,True,4640,1,4,760,2,1716,2
2,0,1,45,0,65,63,3,713,27,False,4641,1,2,871,2,554,2
1,0,1,41,0,0,412,0,4030,0,False,4642,1,8,178,2,1717,1
2,0,1,36,0,0,724,0,0,0,True,4643,1,2,947,1,1718,2
2,0,3,13,0,8,1385,1445,250,8,True,4644,1,2,872,2,725,0
1,0,1,48,0,0,9633,0,1,2,True,4645,1,1,184,2,127,0
1,1,1,27,0,0,0,0,0,0,True,4645,2,1,184,2,127,3
2,0,2,22,0,141,16,0,177,336,True,4646,1,2,873,2,1305,2
2,0,1,39,0,290,0,84,266,0,True,4648,1,2,874,2,1298,2
2,0,1,45,0,1399,226,0,0,0,False,4649,1,6,290,1,1074,4
2,0,1,42,0,84,323,0,1251,120,False,4650,1,4,762,2,163,2
1,0,1,33,0,0,7039,0,902,405,True,4651,1,8,179,2,1719,2
2,0,1,27,0,0,89,874,34,0,True,4652,1,4,427,2,251,5
2,0,1,47,0,0,370,0,380,38,False,4653,1,6,302,2,998,3
1,1,1,20,0,0,0,0,0,0,True,4654,1,6,291,1,1203,2
1,1,3,32,0,0,0,0,0,0,True,4655,1,1,154,1,1720,2
2,1,1,54,0,0,0,0,0,0,True,4655,2,1,154,1,1720,3
2,0,1,23,0,0,1125,0,0,993,False,4656,1,2,875,2,1684,4
2,0,1,9,0,0,0,0,0,0,False,4656,2,4,763,2,1684,1
2,0,1,17,0,372,0,477,0,0,False,4657,1,4,756,1,1677,3
1,0,1,26,0,0,823,0,1821,1508,False,4658,1,7,147,2,1607,1
1,0,1,38,0,0,93,0,0,7303,False,4658,2,7,147,2,1607,2
2,0,1,24,0,703,0,0,0,0,False,4659,1,2,876,2,1582,2
2,0,1,30,0,77,2325,5,117,1,True,4661,1,2,948,1,419,1
2,1,3,2,0,0,0,0,0,0,False,4661,2,4,757,1,419,1
2,1,1,4,0,0,0,0,0,0,True,4661,3,4,757,1,1721,1
2,1,1,9,0,0,0,0,0,0,False,4661,4,4,757,1,419,1
2,0,1,30,0,0,0,3,3434,0,False,4661,5,2,948,1,1722,1
2,1,1,5,0,0,0,0,0,0,False,4661,6,4,757,1,419,4
2,0,1,2,0,0,0,0,0,0,False,4661,7,4,757,1,419,0
1,0,1,32,0,45,985,0,0,6803,False,4662,1,8,148,1,1723,0
1,1,1,53,0,0,0,0,0,0,True,4662,2,8,148,1,1723,2
1,0,1,46,0,0,3856,0,1,312,True,4662,3,4,427,2,621,0
2,1,1,2,0,0,0,0,0,0,True,4663,1,4,765,2,786,1
2,1,1,1,0,0,0,0,0,0,True,4663,2,4,765,2,786,2
2,1,1,11,0,0,0,0,0,0,True,4663,3,4,765,2,261,2
2,0,3,3,0,0,0,0,0,0,True,4663,4,4,765,2,786,1
2,1,1,33,0,0,0,0,0,0,True,4663,5,4,765,2,786,1
2,1,3,3,0,0,0,0,0,0,True,4663,6,4,765,2,786,1
2,0,1,38,0,182,776,3,33,0,False,4664,1,6,303,2,508,4
2,1,2,21,0,0,0,0,0,0,False,4665,1,4,758,1,1724,2
2,1,1,41,0,0,0,0,0,0,True,4667,1,4,427,2,342,2
1,1,3,64,0,0,0,0,0,0,True,4668,1,8,180,2,1253,4
1,1,3,27,1,0,0,0,0,0,True,4668,2,8,180,2,1253,3
2,1,3,41,0,0,0,0,0,0,False,4672,1,4,759,1,942,1
2,0,1,19,0,35,2,481,121,0,False,4673,1,2,950,1,854,2
2,0,1,42,0,0,0,1677,65,62,True,4676,1,4,760,1,1725,4
1,0,3,30,0,0,4066,0,544,1272,False,4677,1,8,150,1,309,1
2,0,1,38,0,183,203,0,110,374,False,4678,1,2,951,1,225,1
1,0,1,63,0,0,4579,1,1006,2084,True,4679,1,8,181,2,112,4
3,0,1,17,0,0,0,38,0,2,False,4680,1,7,155,1,1726,3
3,1,1,2,0,0,0,0,0,0,True,4680,2,2,952,1,1726,1
3,0,1,19,0,0,0,0,0,0,True,4680,3,2,952,1,905,3
3,0,1,37,0,1144,4,34,0,0,False,4680,4,7,155,1,1726,1
3,0,1,50,0,225,0,796,107,0,True,4684,1,2,878,2,1685,5
2,0,1,38,0,0,172,615,0,0,True,4686,1,4,768,2,1727,4
1,0,1,28,1,0,3119,0,1404,366,True,4689,1,8,182,2,1728,0
1,1,1,35,0,0,0,0,0,0,True,4690,1,1,156,1,651,3
1,0,1,27,0,14327,1487,0,1,0,False,4690,2,4,427,2,651,1
2,0,1,15,0,0,7,0,749,0,False,4691,1,4,769,2,414,2
1,0,1,29,1,0,920,0,2052,3687,False,4693,1,1,186,2,1729,0
1,1,3,65,0,0,0,0,0,0,True,4693,2,1,186,2,1729,0
2,0,3,27,0,0,630,0,71,0,True,4694,1,2,881,2,1730,0
3,0,1,0,0,0,0,0,0,0,True,4695,1,2,882,2,1325,4
3,0,1,21,0,3148,0,1,0,0,False,4695,2,2,882,2,1325,1
3,1,1,19,0,0,0,0,0,0,True,4695,3,2,882,2,1325,0
3,1,1,39,0,0,0,0,0,0,True,4696,1,2,883,2,1731,0
2,0,3,60,0,0,0,0,0,0,False,4699,1,2,955,1,661,3
1,0,3,30,0,818,44,2,2956,2311,False,4704,1,7,156,1,1732,2
2,1,1,30,0,0,0,0,0,0,False,4706,1,4,762,1,1733,1
2,1,1,40,0,0,0,0,0,0,True,4706,2,4,762,1,1733,4
3,0,1,26,0,0,25,13,11,998,False,4708,1,6,304,2,905,1
2,0,3,38,0,2614,0,103,0,0,False,4709,1,2,957,1,1734,1
3,0,1,22,0,130,15,2454,0,0,True,4710,1,2,958,1,1735,2
3,0,1,27,0,179,0,1805,131,0,False,4710,2,6,293,1,1735,5
3,0,1,65,0,1420,0,84,0,0,False,4711,1,2,959,1,55,1
2,1,2,61,0,0,0,0,0,0,True,4712,1,4,764,1,54,0
2,0,1,20,0,0,0,111,39,1094,False,4713,1,2,885,2,354,1
2,1,1,24,0,0,0,0,0,0,False,4714,1,4,765,1,1722,1
2,1,1,16,0,0,0,0,0,0,False,4717,1,4,766,1,83,0
3,1,1,35,0,0,0,0,0,0,True,4719,1,6,305,2,607,1
2,0,1,21,0,0,681,51,131,1,True,4720,1,2,887,2,1492,2
2,1,1,23,0,0,0,0,0,0,True,4721,1,4,771,2,60,0
2,0,3,17,0,0,262,0,0,502,True,4723,1,2,888,2,247,3
2,0,2,24,0,154,7,241,213,453,False,4723,2,2,888,2,247,1
2,0,3,27,0,866,0,0,0,23,False,4725,1,4,767,1,608,1
1,0,1,26,0,0,1910,0,1777,0,True,4726,1,8,187,2,454,3
1,0,3,26,0,0,3452,0,4,1960,True,4726,2,8,187,2,1351,2
1,0,1,20,0,0,3,0,1271,2630,True,4726,3,8,187,2,905,2
1,1,1,28,0,0,0,0,0,0,True,4726,4,8,187,2,1351,1
1,0,1,37,0,8,21,0,56,2167,True,4726,5,8,187,2,454,4
3,0,1,23,0,706,0,0,0,583,False,4728,1,2,889,2,933,3
3,1,1,49,0,0,0,0,0,0,True,4728,2,2,889,2,933,5
1,0,1,50,0,0,1338,0,40,6178,False,4730,1,1,158,1,878,1
1,1,1,4,0,0,0,0,0,0,True,4732,1,8,151,1,1736,1
1,1,1,32,0,0,0,0,0,0,True,4732,2,8,151,1,1736,1
1,0,1,44,0,0,0,0,0,0,True,4732,3,8,151,1,1736,3
2,0,1,20,0,962,0,4581,105,0,True,4733,1,6,294,1,668,3
3,0,1,30,0,531,807,35,200,0,False,4738,1,2,893,2,276,0
3,0,1,29,0,574,0,4940,1831,2,False,4738,2,2,893,2,276,1
2,0,1,22,0,37,3,0,305,581,True,4739,1,4,773,2,1308,2
3,1,1,35,0,0,0,0,0,0,True,4741,1,2,961,1,1204,1
3,0,3,0,0,0,0,0,0,0,True,4741,2,2,961,1,1204,4
3,0,1,6,0,0,0,0,0,0,True,4741,3,2,961,1,1204,3
1,0,1,38,0,0,4504,0,13,302,True,4743,1,6,306,2,1179,2
1,0,1,34,0,0,48,2067,3,6,True,4744,1,8,152,1,1100,3
1,1,3,34,0,0,0,0,0,0,True,4744,2,8,152,1,1100,1
2,0,1,27,0,282,8,337,0,0,False,4746,1,4,775,2,1057,1
3,0,1,53,0,204,142,380,38,1,False,4748,1,7,149,2,1737,3
1,0,1,28,0,0,395,118,14,1647,False,4750,1,3,57,2,1738,1
1,0,1,31,0,0,1382,0,1795,588,False,4750,2,3,57,2,1738,1
3,0,2,56,0,233,0,1356,0,171,False,4752,1,2,964,1,274,1
3,0,1,36,0,850,0,454,0,0,False,4753,1,2,895,2,1585,0
2,0,3,30,0,25,245,198,2,321,False,4754,1,6,307,2,1442,0
3,1,1,32,0,0,0,0,0,0,True,4755,1,2,965,1,905,2
1,1,3,44,0,0,0,0,0,0,True,4756,1,8,188,2,1654,2
1,1,3,54,0,0,0,0,0,0,True,4756,2,8,188,2,1654,1
2,0,1,24,0,185,0,476,1810,53,False,4757,1,2,896,2,900,1
2,0,1,44,0,248,0,0,0,623,False,4758,1,2,966,1,825,1
2,0,1,25,0,0,3,23,693,0,False,4759,1,2,897,2,1578,3
3,1,1,35,0,0,0,0,0,0,True,4762,1,2,968,1,1739,1
3,0,1,29,0,298,0,888,5,0,True,4763,1,2,969,1,1344,1
2,0,1,22,0,0,669,121,0,56,True,4764,1,6,308,2,172,2
2,1,1,22,0,0,0,0,0,0,True,4769,1,4,776,2,419,3
2,0,3,22,0,0,509,2,8,74,True,4770,1,2,900,2,442,1
2,1,2,18,0,0,0,0,0,0,True,4770,2,2,900,2,442,1
2,0,3,22,0,256,0,0,0,373,False,4772,1,2,971,1,117,1
2,0,1,52,0,935,779,0,0,0,True,4773,1,4,777,2,787,1
3,1,1,0,0,0,0,0,0,0,True,4774,1,2,972,1,1058,2
3,1,1,1,0,0,0,0,0,0,True,4774,2,2,972,1,1740,5
3,0,1,34,0,2130,0,1,1,0,False,4774,3,2,972,1,1058,0
3,1,1,6,0,0,0,0,0,0,True,4774,4,2,972,1,1058,1
2,0,1,22,0,123,1,660,0,0,True,4775,1,4,778,2,725,1
2,1,1,31,0,0,0,0,0,0,True,4777,1,4,779,2,1741,1
1,0,1,31,0,588,1261,0,228,6,False,4778,1,3,58,2,1742,4
3,0,1,20,0,845,0,46,123,0,False,4780,1,6,309,2,1027,2
3,1,1,25,0,0,0,0,0,0,True,4780,2,6,309,2,1027,0
1,1,3,23,0,0,0,0,0,0,True,4782,1,4,427,2,1743,3
1,0,1,53,0,50,11552,0,2998,4334,False,4782,2,8,189,2,1743,1
1,0,3,32,0,0,225,0,3873,240,False,4782,3,8,189,2,1743,2
1,1,3,27,0,0,0,0,0,0,True,4782,4,8,189,2,820,3
1,0,3,48,0,0,342,929,10887,0,False,4782,5,8,189,2,1743,2
1,0,1,37,0,223,9495,0,1318,1866,True,4783,1,3,43,1,1311,2
3,1,1,21,0,0,0,0,0,0,True,4784,1,2,903,2,1744,4
1,1,3,29,0,0,0,0,0,0,True,4785,1,1,159,1,905,2
1,1,1,46,1,0,0,0,0,0,True,4786,1,1,160,1,1626,4
2,0,1,19,0,2,0,0,9,754,False,4787,1,4,780,2,707,1
2,0,1,22,0,0,0,0,778,0,False,4788,1,2,904,2,338,3
1,0,1,54,1,0,2853,0,0,1666,False,4790,1,1,189,2,1379,5
2,0,1,43,0,63,1339,9,253,42,True,4791,1,4,781,2,704,3
2,1,1,18,0,0,0,0,0,0,True,4792,1,4,782,2,1070,1
1,0,3,36,0,13,1480,1,1439,1955,False,4793,1,6,310,2,924,2
1,0,1,20,0,0,1131,3783,161,0,True,4793,2,6,310,2,924,0
2,0,1,63,0,0,104,0,599,0,False,4794,1,2,974,1,147,1
2,0,1,50,0,138,706,0,18,40,True,4795,1,2,905,2,510,4
3,0,1,13,0,21,0,1564,0,1,True,4796,1,4,427,2,1745,1
3,1,1,43,0,0,0,0,0,0,True,4796,2,6,311,2,1745,3
2,1,2,16,0,0,0,0,0,0,True,4797,1,4,783,2,989,5
3,1,1,31,0,0,0,0,0,0,True,4798,1,2,975,1,677,1
3,1,1,0,0,0,0,0,0,0,True,4798,2,2,975,1,677,0
3,1,1,10,0,0,0,0,0,0,True,4798,3,2,975,1,677,1
2,1,1,10,0,0,0,0,0,0,False,4801,1,4,773,1,1746,1
2,0,1,55,0,1028,18,0,0,0,False,4803,1,2,977,1,765,2
2,0,1,18,0,211,594,2,493,62,True,4804,1,2,906,2,794,1
2,0,1,7,0,0,0,0,0,0,True,4804,2,4,785,2,794,0
2,1,1,1,0,0,0,0,0,0,True,4804,3,4,785,2,519,1
2,0,1,44,0,22,1,0,864,0,False,4807,1,4,776,1,1339,1
3,0,1,27,0,665,631,1,0,0,False,4808,1,6,299,1,1747,0
2,0,2,20,0,30,4,0,321,451,False,4810,1,4,427,2,774,0
1,0,3,49,0,0,7762,2,0,98,True,4813,1,8,190,2,1748,4
2,1,3,22,0,0,0,0,0,0,True,4814,1,4,788,2,561,4
2,0,3,21,0,564,9,0,0,30,True,4815,1,2,907,2,944,1
3,0,1,26,0,17,0,746,394,0,False,4817,1,2,979,1,572,0
3,0,1,65,0,588,196,272,0,0,True,4818,1,7,150,2,1749,0
3,1,1,20,0,0,0,0,0,0,True,4819,1,2,980,1,1750,1
3,1,3,0,0,0,0,0,0,0,True,4822,1,2,981,1,934,1
3,1,1,16,0,0,0,0,0,0,True,4822,2,2,981,1,934,0
2,1,1,22,0,0,0,0,0,0,True,4822,3,2,981,1,934,2
3,0,1,0,0,0,0,0,0,0,True,4822,4,2,981,1,905,2
2,0,1,21,0,526,0,0,258,0,False,4823,1,4,777,1,870,1
2,1,2,30,0,0,0,0,0,0,True,4827,1,4,789,2,1614,1
2,0,3,14,0,363,44,0,0,512,True,4828,1,4,778,1,905,1
3,0,1,45,0,944,292,2,0,0,False,4829,1,2,982,1,586,2
2,0,1,22,0,0,0,0,19,785,False,4830,1,2,983,1,1042,0
3,1,1,21,0,0,0,0,0,0,True,4831,1,2,984,1,1751,3
2,0,1,37,0,542,440,1,0,0,False,4832,1,6,301,1,101,1
3,1,1,29,0,0,0,0,0,0,True,4836,1,4,427,2,1752,5
3,0,1,29,1,20,0,1902,0,3,True,4836,2,2,911,2,1752,5
2,0,1,21,0,0,198,559,19,44,True,4837,1,2,912,2,410,2
2,0,1,52,0,1,13,3,0,700,False,4838,1,2,913,2,1185,1
2,1,1,36,0,0,0,0,0,0,True,4840,1,2,915,2,905,3
1,1,3,59,0,0,0,0,0,0,True,4841,1,1,192,2,1753,3
1,0,1,21,0,12,1855,0,1381,358,False,4841,2,1,192,2,1753,3
1,0,1,25,0,21,2148,0,1966,12708,False,4841,3,1,192,2,1753,1
3,0,1,23,0,2260,0,152,106,60,False,4842,1,7,152,2,1754,1
1,1,3,36,0,0,0,0,0,0,True,4845,1,6,302,1,812,2
2,0,1,38,0,161,3,0,624,0,False,4846,1,6,314,2,1755,2
2,1,1,0,0,0,0,0,0,0,True,4846,2,4,791,2,1755,5
2,0,1,19,0,0,0,699,18,86,True,4847,1,2,917,2,1425,5
2,0,1,30,0,148,0,0,619,34,True,4848,1,2,986,1,1756,1
2,0,1,23,0,14,0,437,103,333,True,4850,1,4,792,2,138,2
2,0,1,55,0,330,114,0,2,0,True,4850,2,4,792,2,138,2
2,0,2,44,0,0,463,1,172,0,True,4851,1,2,918,2,734,3
1,0,1,30,0,4531,212,10,157,12,False,4853,1,8,153,1,1757,0
2,0,1,39,0,12,8,0,4,753,True,4856,1,2,920,2,246,5
2,0,3,19,0,423,0,0,0,0,False,4857,1,4,782,1,1283,3
2,0,1,24,0,0,871,17,0,0,False,4862,1,4,783,1,718,1
1,0,1,37,0,1721,667,0,28,1362,False,4863,1,9,2,2,1758,0
2,0,3,24,0,0,0,0,734,21,False,4864,1,4,784,1,905,0
2,0,1,17,0,0,0,1875,142,2,True,4866,1,2,922,2,1546,4
2,0,1,17,0,0,775,0,13,0,True,4868,1,6,304,1,1603,2
2,0,3,14,0,8,0,0,0,176,False,4870,1,4,785,1,116,1
2,0,2,13,0,0,611,0,0,0,False,4871,1,2,990,1,319,1
1,0,3,35,0,0,1135,0,0,3880,True,4873,1,8,191,2,188,2
3,0,1,32,0,654,0,655,0,0,True,4874,1,2,925,2,1001,0
3,1,1,18,0,0,0,0,0,0,True,4874,2,2,925,2,1001,0
2,0,1,21,0,529,8,89,21,0,True,4875,1,2,926,2,125,1
3,0,1,25,0,750,0,109,368,0,False,4876,1,2,927,2,1759,2
3,0,1,36,0,108,0,941,861,0,False,4878,1,2,929,2,375,1
2,0,1,20,0,362,0,31,12,483,False,4879,1,4,786,1,1760,1
2,0,3,22,0,126,3,0,1305,0,False,4880,1,4,787,1,1573,1
3,1,1,27,0,0,0,0,0,0,True,4881,1,6,315,2,1530,3
1,0,1,27,0,9,2031,0,20,1837,False,4882,1,1,193,2,1761,2
2,1,1,38,0,0,0,0,0,0,True,4883,1,4,788,1,500,7
3,1,1,23,0,0,0,0,0,0,False,4884,1,6,316,2,1048,1
3,0,1,21,0,74,0,713,0,502,True,4885,1,2,930,2,1731,3
2,0,1,18,0,0,0,1770,1284,8,False,4886,1,2,931,2,1762,2
2,0,1,20,0,0,254,868,405,0,True,4887,1,2,991,1,1763,4
1,1,1,28,0,0,0,0,0,0,True,4888,1,8,192,2,1764,3
2,0,2,57,0,274,8,0,19,466,False,4889,1,4,794,2,1765,2
2,0,3,10,0,0,0,0,0,0,True,4890,1,4,795,2,686,2
2,0,1,23,0,0,0,874,0,0,True,4890,2,2,932,2,686,1
1,1,1,22,0,0,0,0,0,0,True,4891,1,1,194,2,1528,2
1,1,3,24,0,0,0,0,0,0,True,4891,2,1,194,2,1401,4
2,0,1,52,0,44,0,0,42,1731,False,4892,1,4,796,2,126,0
2,1,3,31,0,0,0,0,0,0,True,4893,1,4,797,2,1766,3
2,1,3,15,0,0,0,0,0,0,True,4895,1,4,789,1,225,1
2,0,1,40,0,176,932,0,0,0,False,4896,1,2,992,1,184,2
2,0,1,18,0,0,0,31,2121,0,False,4897,1,2,993,1,343,1
2,0,1,28,0,647,1,32,71,140,True,4898,1,2,933,2,11,4
2,1,1,40,0,0,0,0,0,0,True,4899,1,4,799,2,603,2
2,0,2,32,0,8,690,3,5,0,True,4899,2,4,799,2,603,1
2,0,2,35,0,0,0,2,672,10,False,4900,1,2,994,1,389,1
2,0,1,52,0,0,837,1,2,8,False,4901,1,4,790,1,1402,2
2,0,1,34,0,695,25,276,0,0,False,4901,2,6,305,1,1402,0
2,1,1,46,0,0,0,0,0,0,False,4902,1,4,791,1,1254,2
2,0,3,23,0,62,0,0,1,2203,False,4903,1,2,995,1,419,1
2,0,1,44,0,2,0,0,788,0,False,4904,1,6,317,2,277,2
2,0,3,59,0,460,139,0,1,0,False,4909,1,2,997,1,1093,0
1,0,1,42,0,0,1330,0,2711,691,False,4910,1,6,306,1,1626,0
2,0,1,18,0,0,0,0,702,0,False,4911,1,2,998,1,14,1
3,0,1,29,0,3284,84,0,0,2,False,4912,1,7,160,1,1312,3
3,1,1,15,0,0,0,0,0,0,True,4912,2,2,999,1,1312,3
3,0,1,19,0,1301,0,31,1,0,True,4913,1,2,1000,1,677,2
2,1,2,49,0,0,0,0,0,0,False,4915,1,4,793,1,362,3
3,1,1,19,0,0,0,0,0,0,True,4916,1,2,1001,1,1767,4
1,0,3,36,1,1,10029,1,1679,27,True,4917,1,1,195,2,974,2
2,1,3,59,0,0,0,0,0,0,True,4918,1,4,794,1,997,3
2,1,3,24,0,0,0,0,0,0,True,4920,1,4,802,2,973,0
3,1,1,4,0,0,0,0,0,0,True,4923,1,2,935,2,1768,2
3,1,1,20,0,0,0,0,0,0,True,4923,2,2,935,2,1768,1
3,0,1,24,0,261,0,780,0,0,True,4923,3,2,935,2,1768,1
3,0,3,31,0,725,0,747,0,0,False,4924,1,2,1002,1,1769,0
3,0,1,23,0,197,76,5635,7,0,True,4925,1,2,936,2,629,1
3,0,1,3,0,0,0,0,0,0,True,4927,1,2,937,2,1217,2
3,1,1,22,0,0,0,0,0,0,True,4927,2,2,937,2,1217,2
3,0,1,20,0,0,0,0,0,0,True,4927,3,2,937,2,1217,3
3,0,1,0,0,0,0,0,0,0,True,4927,4,2,937,2,1217,1
3,1,3,13,0,0,0,0,0,0,True,4929,1,2,1004,1,1749,1
1,1,1,47,0,0,0,0,0,0,True,4930,1,1,161,1,1429,2
1,0,1,51,0,0,3571,106,0,0,True,4930,2,1,161,1,1429,3
3,0,1,22,0,223,0,630,14,0,True,4932,1,7,161,1,1285,2
3,1,3,3,0,0,0,0,0,0,True,4932,2,2,1005,1,1285,4
3,0,1,4,0,0,0,0,0,0,True,4933,1,2,938,2,816,1
2,0,1,16,0,2083,0,10,0,0,False,4933,2,2,938,2,59,1
3,0,1,24,0,623,0,501,304,776,False,4933,3,2,938,2,1484,0
3,1,1,1,0,0,0,0,0,0,True,4933,4,2,938,2,816,0
2,0,1,31,0,210,20,0,1027,199,False,4934,1,2,1006,1,406,2
2,0,1,34,0,1242,444,0,22,0,False,4937,1,4,803,2,1770,3
2,0,3,20,0,0,0,847,0,0,True,4938,1,4,804,2,627,1
2,0,1,19,0,0,2077,0,0,0,True,4939,1,2,1007,1,1771,3
2,1,1,19,0,0,0,0,0,0,True,4940,1,4,805,2,310,0
3,0,1,35,0,988,0,830,2,0,False,4941,1,2,1008,1,1433,2
2,1,1,3,0,0,0,0,0,0,True,4942,1,4,806,2,1570,2
2,1,1,36,0,0,0,0,0,0,True,4942,2,4,806,2,1570,1
3,1,1,20,0,0,0,0,0,0,True,4943,1,2,1009,1,1281,4
1,0,3,27,0,269,2171,2,2,0,True,4944,1,3,60,2,458,4
1,0,3,58,0,0,3448,0,737,2193,False,4944,2,3,60,2,458,1
1,0,1,56,0,153,1750,0,334,1539,False,4944,3,3,60,2,458,1
2,1,2,27,0,0,0,0,0,0,True,4945,1,4,798,1,1772,2
2,1,1,25,0,0,0,0,0,0,False,4946,1,4,799,1,1773,2
2,1,2,39,0,0,0,0,0,0,False,4950,1,4,800,1,30,3
3,0,1,43,0,11,0,1297,38,0,True,4951,1,2,1010,1,1600,1
3,1,1,42,0,0,0,0,0,0,True,4952,1,2,939,2,1774,5
2,0,1,24,0,3,1018,687,50,0,True,4954,1,4,808,2,661,1
2,1,1,19,0,0,0,0,0,0,True,4956,1,4,809,2,1185,0
2,0,1,32,0,0,235,0,474,0,False,4958,1,4,810,2,354,0
3,0,1,32,0,1016,0,307,5,0,True,4961,1,2,942,2,1775,2
2,1,1,61,0,0,0,0,0,0,True,4963,1,4,811,2,1221,2
3,0,1,64,0,2147,0,191,59,0,False,4964,1,7,154,2,9,0
2,0,1,21,0,457,79,1134,0,0,False,4965,1,6,308,1,668,1
2,0,2,26,0,0,9,0,0,1376,False,4970,1,2,943,2,598,1
1,0,3,35,0,87,1719,2750,0,79,True,4972,1,1,162,1,1776,2
2,0,1,43,0,957,0,1,0,39,False,4973,1,6,309,1,518,2
2,1,3,3,0,0,0,0,0,0,True,4973,2,4,803,1,518,1
1,0,1,56,0,0,10,0,9319,1225,False,4974,1,3,44,1,1777,3
1,1,3,45,0,0,0,0,0,0,True,4974,2,4,427,2,1777,1
2,1,2,25,0,0,0,0,0,0,True,4975,1,4,813,2,437,3
2,0,1,12,0,0,0,0,0,0,True,4975,2,4,813,2,437,1
2,1,2,2,0,0,0,0,0,0,True,4975,3,4,813,2,437,0
2,0,1,46,0,0,4,834,0,32,True,4977,1,2,945,2,245,0
2,0,1,32,0,2756,125,9,0,103,False,4977,2,2,945,2,245,0
2,0,1,20,0,0,358,287,0,0,False,4978,1,2,1015,1,147,0
2,1,2,24,0,0,0,0,0,0,False,4979,1,4,804,1,1082,2
2,0,1,28,0,0,0,0,882,0,False,4980,1,4,805,1,1778,0
2,0,1,12,0,0,0,0,0,0,False,4980,2,4,805,1,1778,1
2,0,1,11,0,0,0,0,0,0,False,4980,3,4,805,1,905,4
2,0,1,16,0,0,769,0,0,7,True,4981,1,2,946,2,1315,5
2,0,2,29,0,0,0,0,0,0,True,4981,2,4,814,2,226,0
2,0,1,24,0,530,0,0,0,179,False,4981,3,4,814,2,1315,1
2,0,1,22,0,61,0,214,445,0,True,4983,1,2,1016,1,1779,4
2,0,1,21,0,36,162,0,588,0,True,4987,1,4,816,2,1780,5
2,0,1,38,0,0,1,0,786,0,False,4989,1,6,310,1,37,2
1,1,1,35,0,0,0,0,0,0,False,4990,1,1,164,1,1588,1
2,0,1,79,0,610,0,0,200,5,False,4991,1,4,806,1,698,2
2,0,2,22,0,479,34,0,29,4,False,4992,1,2,1018,1,342,1
2,0,3,42,0,642,282,0,0,0,True,4995,1,4,807,1,1695,4
3,1,1,34,0,0,0,0,0,0,True,4996,1,2,949,2,1781,1
1,1,1,52,0,0,0,0,0,0,True,4997,1,8,156,1,1358,2
2,1,1,43,0,0,0,0,0,0,True,4998,1,4,818,2,1111,2
2,0,1,30,0,1120,0,0,0,794,False,4999,1,2,950,2,1782,5
2,1,1,35,0,0,0,0,0,0,True,5000,1,4,808,1,961,1
2,1,1,18,0,0,0,0,0,0,False,5003,1,4,809,1,1783,0
1,1,1,27,0,0,0,0,0,0,True,5004,1,1,165,1,224,3
2,0,1,46,0,819,31,0,49,2,False,5005,1,2,1019,1,1784,2
1,1,1,15,0,0,0,0,0,0,True,5006,1,1,166,1,1531,1
1,1,3,44,0,0,0,0,0,0,True,5006,2,1,166,1,1531,0
1,0,1,20,0,0,219,0,5,3283,False,5006,3,1,166,1,1531,1
3,0,1,35,0,1337,49,57,0,0,False,5007,1,2,951,2,401,1
3,1,1,19,0,0,0,0,0,0,True,5008,1,2,952,2,1270,3
3,1,1,47,0,0,0,0,0,0,True,5009,1,2,1020,1,905,2
3,0,1,26,1,1033,172,26,0,518,False,5010,1,2,1021,1,1785,5
2,1,3,24,0,0,0,0,0,0,True,5012,1,4,811,1,1057,2
2,0,1,23,0,0,0,2102,0,0,True,5013,1,2,953,2,242,1
2,0,1,26,0,1331,0,973,484,0,False,5014,1,7,162,1,1361,5
3,1,1,5,0,0,0,0,0,0,True,5014,2,2,1022,1,1361,1
1,0,3,35,0,54,493,12,6691,253,False,5015,1,8,194,2,1786,2
3,0,1,18,0,1092,31,309,0,0,False,5016,1,2,1023,1,424,3
3,1,1,32,0,0,0,0,0,0,True,5017,1,2,954,2,890,3
2,1,1,13,0,0,0,0,0,0,True,5018,1,4,812,1,12,3
2,0,1,15,0,0,0,19,352,326,False,5019,1,2,955,2,1760,1
2,0,2,18,0,648,19,0,0,4,True,5020,1,2,956,2,1178,1
1,0,1,41,0,4,4619,0,251,213,True,5021,1,1,167,1,1787,2
2,0,3,36,0,0,0,0,474,12,False,5023,1,4,813,1,1383,1
2,0,1,33,0,1042,50,0,9,0,False,5025,1,2,1024,1,1187,2
2,0,3,41,0,4,737,0,51,0,False,5027,1,6,321,2,1773,2
1,0,3,47,0,1904,18,0,89,4411,False,5028,1,3,61,2,471,1
1,1,1,32,0,0,0,0,0,0,True,5032,1,6,322,2,1788,0
2,0,1,36,0,0,52,8,0,4160,False,5034,1,4,824,2,148,3
2,1,1,13,0,0,0,0,0,0,True,5035,1,4,825,2,1223,1
2,1,2,34,0,0,0,0,0,0,False,5036,1,4,814,1,1287,0
2,0,1,24,0,5,1,7,0,895,False,5036,2,4,814,1,1287,1
3,0,1,16,0,1285,0,14,1386,0,False,5039,1,2,958,2,988,1
3,1,1,12,0,0,0,0,0,0,True,5039,2,2,958,2,988,0
3,0,1,24,0,1157,0,0,131,0,True,5039,3,2,958,2,988,1
3,0,1,35,0,1307,0,0,2,0,False,5039,4,2,958,2,988,1
1,0,1,26,0,0,21,10424,1373,7218,False,5040,1,8,195,2,720,2
1,0,3,39,0,10,199,0,6216,101,False,5040,2,8,195,2,720,0
2,0,1,18,0,8,1,4,419,304,True,5042,1,2,1026,1,1160,1
2,0,1,23,0,0,381,142,0,261,False,5044,1,4,826,2,1010,0
2,1,2,29,0,0,0,0,0,0,True,5044,2,4,826,2,905,3
2,0,1,38,0,0,0,0,0,0,True,5048,1,4,427,2,238,2
2,0,1,31,0,433,111,238,86,0,False,5050,1,2,1028,1,1359,1
3,0,1,49,0,1176,0,20,103,0,False,5051,1,6,324,2,814,2
3,1,1,17,0,0,0,0,0,0,True,5052,1,2,961,2,1789,3
3,0,3,23,0,228,1451,912,3,0,True,5052,2,2,961,2,905,1
2,1,3,15,0,0,0,0,0,0,True,5057,1,4,816,1,836,3
3,1,1,11,0,0,0,0,0,0,True,5058,1,2,963,2,769,3
3,0,2,30,1,600,31,1,659,191,False,5058,2,2,963,2,769,1
3,1,1,42,0,0,0,0,0,0,True,5058,3,2,963,2,769,3
2,0,3,21,0,639,0,0,0,0,False,5059,1,2,1030,1,997,2
1,1,3,41,0,0,0,0,0,0,True,5060,1,8,157,1,1498,3
1,1,1,14,0,0,0,0,0,0,True,5060,2,8,157,1,1498,5
1,0,3,27,0,0,867,0,20,1371,False,5060,3,8,157,1,1498,2
1,0,3,29,1,530,418,0,0,9129,False,5060,4,8,157,1,1498,4
1,1,1,25,0,0,0,0,0,0,True,5061,1,8,196,2,1579,1
1,0,1,54,0,0,8246,0,56,118,True,5061,2,8,196,2,1579,1
2,0,1,46,0,971,0,20,0,5,False,5062,1,6,325,2,1790,1
2,0,1,18,0,0,794,16,0,0,True,5063,1,4,830,2,302,3
1,0,3,22,0,1961,82,0,3025,2406,False,5064,1,3,62,2,970,2
1,1,3,29,0,0,0,0,0,0,True,5065,1,6,326,2,1691,1
1,0,3,26,0,606,1080,0,2011,0,False,5065,2,6,326,2,905,1
2,0,3,36,0,0,1808,0,344,0,True,5067,1,2,964,2,1359,2
2,0,1,19,0,0,0,0,0,0,True,5068,1,6,314,1,176,4
2,0,2,56,0,1309,0,69,1,0,False,5069,1,2,965,2,741,1
2,0,1,20,0,542,175,0,5,0,True,5070,1,2,966,2,1791,4
2,0,1,10,0,0,0,0,0,0,False,5072,1,4,817,1,412,0
2,1,2,14,0,0,0,0,0,0,False,5072,2,4,817,1,412,1
3,1,3,27,0,0,0,0,0,0,True,5073,1,2,1033,1,641,0
3,0,1,35,0,4608,0,926,382,0,False,5074,1,2,967,2,1792,2
2,0,1,13,0,0,0,60,1,5147,False,5076,1,4,818,1,97,1
2,0,1,21,0,1,0,143,558,1,False,5080,1,2,969,2,376,1
2,1,1,22,0,0,0,0,0,0,False,5083,1,4,820,1,12,2
1,1,1,29,0,0,0,0,0,0,False,5084,1,6,315,1,1793,0
1,0,1,32,0,8151,2052,1919,7352,754,False,5084,2,6,315,1,1793,0
2,0,1,20,0,0,15,455,95,0,True,5085,1,2,970,2,403,0
3,0,1,44,0,2575,3,20,0,0,False,5087,1,2,1036,1,1541,2
2,0,3,22,0,0,0,0,1600,168,True,5088,1,2,972,2,1424,2
1,0,1,39,0,3926,2030,0,1483,611,False,5089,1,1,170,1,1794,1
1,0,1,19,0,0,3750,0,0,41,True,5089,2,1,170,1,1794,1
2,0,1,0,0,0,0,0,0,0,False,5090,1,4,821,1,905,3
2,1,1,0,0,0,0,0,0,0,False,5090,2,4,821,1,1111,0
2,0,2,12,0,0,0,0,0,0,True,5090,3,4,821,1,1111,1
2,1,1,7,0,0,0,0,0,0,False,5090,4,4,821,1,1111,3
2,0,2,32,0,793,0,0,0,0,False,5090,5,6,316,1,1111,2
2,0,1,11,0,0,0,0,0,0,True,5090,6,4,821,1,1111,1
2,0,3,18,0,1471,59,95,1109,330,False,5091,1,2,973,2,905,0
1,0,3,49,1,9,179,0,3,7865,False,5093,1,8,158,1,1795,4
3,1,1,61,0,0,0,0,0,0,True,5095,1,2,1038,1,1325,1
2,1,3,7,0,0,0,0,0,0,True,5097,1,4,823,1,1063,0
2,0,1,25,0,0,181,671,0,0,True,5097,2,4,823,1,1063,0
2,0,3,51,0,6,0,706,0,0,True,5097,3,2,1039,1,1063,2
1,1,1,56,0,0,0,0,0,0,True,5103,1,6,317,1,1796,5
2,0,1,31,0,25,712,0,16,0,True,5104,1,4,833,2,455,4
2,1,2,16,0,0,0,0,0,0,True,5105,1,4,427,2,246,1
2,1,1,29,0,0,0,0,0,0,True,5106,1,4,834,2,1797,2
2,1,2,17,0,0,0,0,0,0,True,5108,1,4,825,1,14,2
2,0,2,47,0,83,1,0,654,3,True,5109,1,4,835,2,1041,3
1,0,1,25,0,0,3,0,763,3541,False,5111,1,1,171,1,1798,2
1,0,1,28,0,29,394,0,712,4360,False,5111,2,1,171,1,1798,2
1,0,1,32,0,0,419,0,1984,521,False,5111,3,1,171,1,1798,1
1,1,3,56,0,0,0,0,0,0,True,5112,1,8,198,2,1113,1
1,1,3,25,0,0,0,0,0,0,True,5112,2,8,198,2,1799,0
1,1,1,13,0,0,0,0,0,0,True,5112,3,8,198,2,644,2
1,1,1,41,0,0,0,0,0,0,True,5115,1,8,199,2,1800,1
1,1,3,28,0,0,0,0,0,0,True,5115,2,8,199,2,1800,2
3,1,1,25,0,0,0,0,0,0,True,5116,1,2,980,2,1270,2
3,1,1,11,0,0,0,0,0,0,True,5116,2,2,980,2,1270,1
3,0,1,20,0,0,0,0,0,0,False,5120,1,6,320,1,988,1
2,0,1,24,0,0,464,321,0,90,True,5122,1,2,981,2,985,4
2,0,1,41,0,256,109,0,340,0,False,5124,1,2,1044,1,43,0
2,0,3,29,0,0,0,22,738,0,False,5125,1,2,982,2,553,1
1,1,3,59,0,0,0,0,0,0,True,5126,1,8,200,2,1304,2
2,0,1,31,0,0,679,0,0,213,True,5127,1,4,837,2,399,1
2,0,1,16,0,43,0,0,1893,119,False,5127,2,2,983,2,399,0
3,0,1,65,0,56,0,1081,21,0,False,5128,1,2,1045,1,1801,1
3,0,1,21,0,0,1,2832,0,0,True,5128,2,2,1045,1,1801,1
2,1,1,27,0,0,0,0,0,0,True,5129,1,4,827,1,247,1
2,1,1,37,0,0,0,0,0,0,True,5130,1,4,838,2,1446,2
2,0,1,42,0,5049,477,0,0,0,False,5132,1,4,828,1,1802,4
2,0,3,36,0,0,0,846,0,0,True,5133,1,4,829,1,1065,0
2,1,2,24,0,0,0,0,0,0,False,5133,2,4,829,1,1065,1
2,1,2,27,0,0,0,0,0,0,True,5133,3,4,829,1,1065,2
2,0,3,19,0,107,0,505,48,0,False,5133,4,2,1046,1,1065,4
2,0,1,26,0,0,910,13,10,15,False,5133,5,2,1046,1,659,1
2,1,3,19,0,0,0,0,0,0,True,5133,6,4,829,1,152,2
2,0,1,26,0,1528,1,0,0,0,False,5133,7,2,1046,1,905,3
2,0,1,35,0,0,116,51,0,701,False,5133,8,2,1046,1,152,5
2,0,3,24,0,0,0,0,704,0,False,5136,1,2,984,2,448,3
2,0,1,9,0,0,0,0,0,0,True,5137,1,4,839,2,1434,2
1,0,3,40,0,0,3815,0,322,0,True,5138,1,3,47,1,1347,1
2,1,2,23,0,0,0,0,0,0,True,5140,1,4,840,2,623,1
3,0,1,4,0,0,0,0,0,0,True,5142,1,2,1050,1,1745,2
3,0,1,20,0,859,3,0,939,0,False,5142,2,2,1050,1,1745,2
3,1,1,21,0,0,0,0,0,0,True,5142,3,2,1050,1,1745,1
3,0,1,4,0,0,0,0,0,0,True,5142,4,2,1050,1,1210,2
2,1,1,19,0,0,0,0,0,0,True,5144,1,4,830,1,905,1
2,1,1,18,0,0,0,0,0,0,True,5145,1,4,841,2,1197,2
2,0,3,26,0,7,751,0,38,0,True,5146,1,2,986,2,938,0
2,0,1,13,0,0,63,54,20,916,False,5148,1,2,1051,1,1755,1
2,1,1,16,0,0,0,0,0,0,True,5148,2,4,831,1,32,2
3,1,1,14,0,0,0,0,0,0,True,5151,1,2,1052,1,1803,3
1,0,1,40,0,0,553,10,2787,52,False,5152,1,1,199,2,1096,6
3,0,1,34,1,38,0,606,0,404,False,5154,1,6,321,1,1433,1
1,1,3,21,0,0,0,0,0,0,True,5156,1,1,200,2,1804,0
1,0,1,29,0,0,4198,227,1,1415,True,5156,2,1,200,2,1804,1
2,0,1,40,0,814,12,2,0,79,True,5157,1,4,844,2,1591,3
2,0,1,16,0,0,1,0,0,61,False,5158,1,2,1054,1,230,0
2,0,1,37,0,732,0,0,156,0,False,5160,1,4,832,1,1805,1
3,1,3,41,0,0,0,0,0,0,True,5161,1,7,156,2,1392,3
3,1,3,16,0,0,0,0,0,0,True,5162,1,2,988,2,9,0
3,0,3,39,0,98,0,125,0,1082,False,5162,2,2,988,2,9,1
2,1,1,30,0,0,0,0,0,0,True,5163,1,6,322,1,917,2
2,0,1,40,0,151,0,713,0,0,True,5163,2,6,322,1,63,1
2,0,1,63,0,0,281,94,0,270,True,5165,1,2,989,2,1791,2
3,0,1,32,0,382,0,477,22,2,True,5166,1,7,163,1,535,1
2,0,1,47,0,1,17,0,1069,0,False,5167,1,2,990,2,1190,2
2,0,3,23,0,0,306,392,9,13,False,5170,1,2,1056,1,741,3
2,0,1,23,0,0,7,0,190,501,False,5171,1,2,991,2,1160,1
3,1,1,19,0,0,0,0,0,0,True,5173,1,2,1057,1,1792,3
1,1,3,44,0,0,0,0,0,0,True,5174,1,8,159,1,1429,2
1,0,1,29,0,6,5,0,6235,434,False,5174,2,8,159,1,1429,1
2,0,1,21,0,582,0,0,148,53,False,5175,1,4,834,1,1710,2
2,0,1,23,0,576,207,0,0,9,False,5176,1,6,323,1,908,2
1,0,1,26,1,0,0,0,0,0,True,5177,1,1,201,2,1806,2
1,1,3,47,0,0,0,0,0,0,True,5179,1,8,160,1,1096,0
2,1,2,20,0,0,0,0,0,0,True,5180,1,4,835,1,1807,3
1,0,1,48,0,0,0,0,0,0,True,5181,1,1,175,1,1808,3
2,1,1,4,0,0,0,0,0,0,True,5182,1,4,836,1,608,2
2,0,1,25,0,322,0,81,3,298,True,5182,2,4,836,1,608,2
2,0,1,0,0,0,0,0,0,0,True,5184,1,4,837,1,1139,1
3,0,1,29,0,523,0,21,4,811,False,5185,1,6,330,2,1809,2
2,0,1,21,0,41,651,2,29,0,False,5186,1,2,1058,1,1353,0
2,0,1,20,0,949,0,0,5,0,False,5187,1,6,324,1,1678,1
2,0,1,34,0,0,160,0,611,44,False,5188,1,4,838,1,1054,4
2,1,1,9,0,0,0,0,0,0,True,5188,2,4,838,1,670,1
2,1,1,12,0,0,0,0,0,0,False,5188,3,4,838,1,1054,2
2,0,1,13,0,0,0,0,0,1513,False,5190,1,2,994,2,1292,0
3,1,1,27,0,0,0,0,0,0,True,5192,1,2,995,2,1376,0
1,0,1,34,0,0,914,0,2433,647,True,5193,1,8,202,2,1810,0
1,1,1,18,0,0,0,0,0,0,True,5194,1,1,176,1,1799,0
1,1,3,16,0,0,0,0,0,0,True,5194,2,1,176,1,1799,0
2,1,1,43,0,0,0,0,0,0,True,5196,1,4,839,1,1811,1
2,1,1,0,0,0,0,0,0,0,False,5196,2,4,839,1,1811,2
2,0,1,20,0,0,4,761,22,1,True,5197,1,6,325,1,998,1
3,0,1,45,0,878,0,430,0,0,False,5198,1,2,1059,1,1119,0
1,0,1,35,0,0,725,3415,0,1,False,5199,1,7,158,2,1812,2
2,0,1,21,0,1961,96,0,54,40,False,5201,1,2,1060,1,1784,2
2,1,1,14,0,0,0,0,0,0,True,5202,1,4,840,1,1813,1
2,0,2,46,0,0,153,0,0,397,False,5204,1,2,1061,1,14,1
2,0,1,22,0,261,0,0,107,1132,False,5205,1,2,997,2,1153,1
2,0,1,2,0,0,0,0,0,0,True,5205,2,4,845,2,1153,1
2,0,1,3,0,0,0,0,0,0,True,5205,3,4,845,2,1153,2
2,1,3,28,0,0,0,0,0,0,True,5206,1,4,841,1,524,2
2,0,2,60,0,0,0,789,283,3,False,5206,2,2,1062,1,524,1
2,0,2,48,0,0,2,72,554,143,False,5206,3,4,841,1,524,3
2,0,3,18,0,51,339,1,0,436,True,5207,1,6,331,2,218,1
2,0,1,31,0,1364,0,0,0,21,False,5207,2,2,998,2,218,2
1,1,3,26,0,0,0,0,0,0,True,5208,1,8,163,1,1814,3
1,0,3,41,0,717,641,2,1559,4828,False,5208,2,8,163,1,1814,1
2,0,1,26,0,168,0,382,166,0,True,5209,1,2,999,2,1561,1
2,0,1,29,0,0,43,693,0,0,True,5210,1,2,1063,1,905,4
2,0,1,24,0,666,938,1,0,0,False,5211,1,6,332,2,968,0
2,0,1,25,0,10,0,908,5,0,True,5213,1,2,1064,1,1352,2
2,0,3,0,0,0,0,0,0,0,False,5214,1,4,842,1,1322,3
2,1,1,30,0,0,0,0,0,0,False,5216,1,4,843,1,417,3
1,1,3,18,0,0,0,0,0,0,True,5217,1,1,177,1,1815,1
1,1,3,32,0,0,0,0,0,0,True,5217,2,1,177,1,1375,1
2,0,1,28,0,0,0,0,525,1889,False,5218,1,2,1000,2,396,3
3,0,1,21,0,2206,0,353,0,19,False,5220,1,7,165,1,1750,3
2,0,1,25,0,0,528,8,153,0,False,5221,1,2,1065,1,1553,0
3,0,3,47,0,275,0,0,24,0,True,5223,1,2,1002,2,259,1
3,1,2,27,0,0,0,0,0,0,True,5223,2,2,1002,2,259,1
3,1,1,8,0,0,0,0,0,0,True,5223,3,2,1002,2,1119,2
2,0,1,24,0,0,0,56,564,880,False,5224,1,2,1003,2,1082,2
3,1,1,30,0,0,0,0,0,0,True,5225,1,6,334,2,1785,4
2,1,2,24,0,0,0,0,0,0,True,5226,1,4,848,2,1416,0
2,1,1,13,0,0,0,0,0,0,True,5227,1,4,849,2,1540,3
2,0,1,16,0,0,0,19,971,0,False,5229,1,6,335,2,1487,4
3,0,1,23,0,263,0,1548,44,0,True,5230,1,2,1004,2,253,2
3,0,1,16,0,271,0,2251,117,0,True,5234,1,2,1067,1,35,2
2,0,1,29,0,30,0,605,267,6,False,5235,1,4,844,1,1491,1
2,0,1,46,0,1,0,898,0,96,True,5236,1,6,326,1,1238,2
2,1,2,13,0,0,0,0,0,0,False,5238,1,4,845,1,693,2
2,1,1,22,0,0,0,0,0,0,True,5239,1,4,852,2,1170,3
2,1,1,29,0,0,0,0,0,0,True,5240,1,4,853,2,1412,1
2,1,1,46,0,0,0,0,0,0,True,5242,1,4,854,2,962,2
2,0,1,24,0,1231,0,0,1,3,True,5243,1,2,1005,2,467,3
2,1,1,33,0,0,0,0,0,0,True,5243,2,4,855,2,1412,5
3,0,1,38,0,218,0,586,770,0,False,5244,1,2,1006,2,253,2
2,1,1,57,0,0,0,0,0,0,True,5246,1,4,847,1,1070,0
2,0,1,27,0,0,13,643,47,0,True,5246,2,2,1070,1,1070,2
2,0,1,38,0,6,2324,0,0,0,True,5247,1,4,848,1,61,4
2,0,1,28,0,607,0,0,227,0,True,5248,1,4,856,2,832,1
3,0,1,25,0,922,0,1,91,0,False,5249,1,6,327,1,1668,3
3,1,1,22,0,0,0,0,0,0,True,5250,1,2,1007,2,642,2
3,0,1,33,0,705,0,1905,13,0,True,5251,1,2,1071,1,1489,0
2,0,1,35,0,202,1309,60,0,0,True,5252,1,2,1008,2,1816,2
2,0,1,24,0,290,64,413,35,0,True,5253,1,2,1009,2,1259,2
1,1,1,31,0,0,0,0,0,0,True,5254,1,1,202,2,1817,3
1,1,1,16,0,0,0,0,0,0,True,5254,2,1,202,2,1818,3
1,1,1,28,0,0,0,0,0,0,True,5254,3,4,427,2,1817,1
1,0,3,8,0,0,0,0,0,0,True,5254,4,1,202,2,1817,2
3,1,1,20,0,0,0,0,0,0,True,5255,1,2,1010,2,1819,2
3,0,1,26,0,41,0,444,572,0,False,5256,1,7,159,2,1121,2
1,0,3,43,0,0,1001,0,2393,0,False,5257,1,1,178,1,644,4
1,0,1,70,0,241,1065,0,2290,2,True,5258,1,8,204,2,290,0
2,1,3,17,0,0,0,0,0,0,True,5260,1,4,849,1,570,2
2,1,1,14,0,0,0,0,0,0,True,5262,1,4,850,1,382,2
2,1,1,21,0,0,0,0,0,0,True,5264,1,4,858,2,54,1
2,0,3,37,0,0,0,163,0,486,True,5264,2,2,1012,2,54,1
2,0,1,15,0,0,400,0,0,702,False,5265,1,2,1073,1,1820,4
1,0,3,20,0,0,290,0,1866,217,False,5266,1,3,64,2,1506,2
1,0,3,36,1,13,196,3,0,12323,False,5266,2,8,205,2,1506,0
2,0,1,14,0,0,56,0,0,2,True,5268,1,2,1013,2,949,2
2,0,1,21,0,38,1,591,1,31,True,5269,1,6,336,2,1821,3
2,0,1,28,0,89,3,571,258,0,False,5271,1,2,1075,1,844,0
3,1,1,20,0,0,0,0,0,0,True,5272,1,2,1076,1,415,2
2,0,1,26,0,0,0,827,1,0,False,5273,1,2,1077,1,984,3
2,0,1,25,0,662,34,0,79,148,False,5274,1,2,1078,1,1512,3
2,0,1,29,0,0,10,0,594,120,False,5275,1,2,1014,2,414,3
1,0,3,39,1,0,2868,0,5,1968,True,5276,1,1,179,1,1822,1
2,0,1,18,0,0,0,0,87,1232,True,5277,1,2,1079,1,1414,2
1,1,3,37,0,0,0,0,0,0,True,5278,1,1,203,2,1037,1
2,0,1,28,0,467,0,0,0,307,False,5279,1,4,852,1,550,2
2,0,1,18,0,0,0,2728,0,0,True,5280,1,2,1015,2,243,3
2,0,1,30,0,0,6,621,0,433,False,5281,1,2,1080,1,1811,1
2,0,1,35,0,35,0,14,0,816,True,5282,1,6,337,2,416,1
2,0,1,26,0,0,196,0,0,487,True,5282,2,2,1016,2,416,1
2,1,3,0,0,0,0,0,0,0,True,5282,3,4,860,2,416,0
2,0,2,42,0,0,0,0,214,50,True,5287,1,4,861,2,114,1
2,0,1,36,0,1,716,3,0,57,True,5288,1,2,1081,1,733,3
2,0,1,31,0,1177,2,0,0,1,False,5290,1,2,1083,1,1427,1
2,0,3,27,0,3905,7,0,4,53,False,5291,1,4,854,1,389,1
1,0,1,25,0,0,4313,0,175,60,True,5292,1,8,206,2,1823,0
2,1,1,32,0,0,0,0,0,0,True,5297,1,4,856,1,1790,2
2,1,1,14,0,0,0,0,0,0,True,5298,1,4,862,2,549,1
2,1,1,16,0,0,0,0,0,0,True,5299,1,4,863,2,56,0
2,1,3,51,0,0,0,0,0,0,True,5300,1,4,864,2,1446,3
1,1,1,21,0,0,0,0,0,0,True,5301,1,1,181,1,1824,3
1,1,3,31,0,0,0,0,0,0,True,5301,2,1,181,1,1824,3
2,0,1,9,0,0,0,0,0,0,False,5303,1,4,427,2,1825,2
2,0,1,7,0,0,0,0,0,0,True,5303,2,4,857,1,1825,4
2,0,1,3,0,0,0,0,0,0,True,5303,3,4,857,1,1561,2
2,1,1,2,0,0,0,0,0,0,True,5303,4,4,857,1,1561,0
2,0,3,7,0,0,0,0,0,0,False,5303,5,4,857,1,1561,5
3,0,1,18,0,1744,0,8,8,0,False,5304,1,2,1019,2,379,1
3,1,1,33,0,0,0,0,0,0,True,5304,2,2,1019,2,379,1
2,0,1,23,0,0,2891,0,6,0,True,5305,1,2,1084,1,836,1
1,1,1,13,0,0,0,0,0,0,True,5307,1,1,204,2,301,1
3,0,1,32,0,4702,0,449,190,0,False,5310,1,2,1021,2,677,1
1,1,1,27,0,0,0,0,0,0,True,5312,1,1,182,1,1753,2
2,0,1,23,0,0,491,0,61,0,True,5313,1,2,1085,1,834,4
1,0,1,25,0,0,3625,0,0,168,True,5314,1,8,208,2,1826,2
2,0,1,18,0,454,0,0,324,0,False,5315,1,2,1086,1,462,3
3,1,3,23,0,0,0,0,0,0,True,5316,1,2,1087,1,1272,4
1,1,3,31,0,0,0,0,0,0,True,5320,1,6,330,1,1827,0
1,0,1,32,0,0,1301,0,94,356,False,5320,2,6,330,1,1828,2
3,1,1,22,0,0,0,0,0,0,True,5322,1,2,1090,1,422,2
3,1,1,38,0,0,0,0,0,0,True,5323,1,2,1091,1,1829,1
2,0,2,21,0,751,5,0,1,0,True,5325,1,2,1023,2,322,0
3,1,1,28,0,0,0,0,0,0,True,5326,1,2,1092,1,1789,5
1,0,1,38,0,0,0,0,0,0,False,5327,1,1,183,1,1830,2
2,0,1,20,0,0,0,708,101,0,True,5330,1,2,1094,1,813,1
2,0,1,23,0,0,1,292,0,340,False,5331,1,2,1095,1,366,3
2,0,1,48,0,456,0,39,0,5,True,5333,1,4,862,1,1831,1
2,1,3,15,0,0,0,0,0,0,True,5334,1,4,867,2,226,1
2,0,1,30,0,0,674,39,0,10,True,5334,2,4,867,2,226,1
3,0,1,40,0,286,0,2299,12,0,True,5337,1,2,1024,2,1731,2
2,0,1,36,0,0,0,33,677,0,False,5340,1,4,868,2,1554,0
2,1,1,20,0,0,0,0,0,0,True,5341,1,4,869,2,1496,3
3,0,1,17,0,13,0,565,367,1,False,5343,1,6,332,1,154,1
1,0,3,38,0,0,439,0,434,10074,False,5344,1,8,168,1,1832,3
1,1,3,38,0,0,0,0,0,0,True,5344,2,8,168,1,1832,1
3,0,1,14,0,809,0,59,0,0,False,5345,1,7,167,1,1392,1
3,0,1,27,0,134,0,6,1450,0,False,5345,2,6,333,1,1392,2
2,0,1,21,0,37,0,31,696,63,True,5346,1,6,334,1,1636,4
1,0,1,18,0,0,3770,0,287,3491,False,5347,1,8,169,1,1833,0
3,0,1,26,0,164,0,853,0,39,True,5348,1,7,168,1,1407,3
1,0,1,35,0,25,866,0,3198,459,False,5350,1,8,170,1,862,2
3,0,3,46,0,1082,80,1177,0,323,False,5351,1,2,1026,2,274,0
1,1,3,13,0,0,0,0,0,0,True,5353,1,1,205,2,1834,2
1,0,1,39,0,43,9365,144,0,118,True,5353,2,1,205,2,1834,4
3,0,2,49,0,1690,0,85,0,0,False,5354,1,7,161,2,1835,2
3,0,1,28,0,0,0,0,0,0,False,5354,2,6,339,2,219,2
2,0,1,27,0,0,686,0,101,9,True,5355,1,2,1098,1,1836,2
2,1,1,21,0,0,0,0,0,0,True,5355,2,4,865,1,1836,1
2,0,1,29,0,0,32,0,4517,0,False,5356,1,6,340,2,777,5
2,0,1,27,0,0,45,225,14,519,False,5359,1,2,1099,1,858,3
3,1,1,38,0,0,0,0,0,0,True,5360,1,2,1100,1,1837,1
2,0,2,18,0,0,0,0,150,0,True,5361,1,2,1101,1,17,3
1,1,3,35,0,0,0,0,0,0,True,5362,1,6,336,1,1334,4
3,1,1,37,0,0,0,0,0,0,True,5363,1,2,1102,1,441,1
2,0,1,60,0,943,53,0,0,0,False,5365,1,6,337,1,1254,2
1,1,1,31,0,0,0,0,0,0,True,5366,1,6,338,1,1838,3
1,1,1,4,0,0,0,0,0,0,True,5367,1,8,209,2,1839,3
2,0,1,34,0,0,3195,0,102,1469,True,5367,2,8,209,2,1839,1
1,0,3,46,0,0,8221,0,1010,160,True,5367,3,8,209,2,1839,3
2,0,1,18,0,0,0,55,2288,1,False,5368,1,4,870,2,905,1
3,0,1,38,0,0,0,363,7,3,False,5372,1,6,342,2,1840,1
2,0,1,29,0,0,61,942,2,0,True,5374,1,2,1029,2,1664,2
1,1,1,13,0,0,0,0,0,0,True,5375,1,8,210,2,359,0
1,1,1,26,0,0,0,0,0,0,True,5375,2,8,210,2,359,4
1,0,1,30,0,0,95,0,1202,5558,False,5378,1,8,173,1,1429,4
2,0,1,42,0,0,0,8,3409,0,False,5379,1,2,1030,2,493,0
3,0,1,36,0,386,0,756,6,0,False,5380,1,2,1104,1,1049,0
2,0,3,23,0,253,0,1175,3,0,False,5383,1,2,1105,1,765,2
1,0,1,34,1,0,5210,0,1332,2,True,5384,1,3,65,2,1841,1
1,0,1,26,0,0,4894,0,62,85,True,5384,2,3,65,2,1841,1
3,0,1,31,0,2048,0,1040,136,0,False,5385,1,7,170,1,653,1
3,0,1,48,0,581,6,1,158,0,False,5387,1,7,171,1,1842,1
2,1,1,10,0,0,0,0,0,0,True,5388,1,4,871,2,299,0
3,0,1,27,0,2,0,1320,0,26,True,5389,1,2,1106,1,1270,2
3,0,1,32,0,2497,0,101,0,0,False,5389,2,2,1106,1,1270,3
2,1,1,24,0,0,0,0,0,0,True,5390,1,4,872,2,1241,1
2,1,2,20,0,0,0,0,0,0,True,5390,2,4,872,2,1241,2
2,0,1,48,0,83,110,0,690,8,True,5390,3,2,1032,2,1241,1
3,0,1,35,1,628,6,528,136,0,False,5392,1,6,343,2,1843,3
3,0,1,14,0,246,0,2153,0,0,True,5394,1,7,172,1,1489,1
3,0,1,28,0,4,0,2574,0,0,True,5395,1,7,173,1,460,4
3,0,1,27,0,743,378,8,0,0,False,5396,1,2,1109,1,1460,2
3,1,1,42,0,0,0,0,0,0,True,5397,1,7,162,2,1227,1
3,1,1,8,0,0,0,0,0,0,True,5397,2,7,162,2,1227,0
3,1,3,30,0,0,0,0,0,0,True,5397,3,7,162,2,1227,1
2,0,1,44,0,0,0,5,30,777,False,5401,1,4,869,1,247,2
3,0,1,40,0,1269,0,75,0,4,False,5402,1,2,1034,2,426,1
2,0,1,38,0,766,38,0,0,0,False,5404,1,2,1111,1,1248,0
2,0,2,22,0,2,46,0,483,67,False,5406,1,2,1035,2,1816,2
3,0,1,32,0,1781,0,654,580,0,False,5408,1,7,174,1,375,0
3,0,1,16,0,2116,0,350,0,901,False,5408,2,7,174,1,375,1
3,0,1,33,0,748,130,1047,458,0,False,5410,1,7,163,2,595,5
1,0,1,38,0,20,3960,153,280,1674,False,5411,1,1,206,2,947,2
2,0,1,23,0,0,806,0,2,0,True,5412,1,4,870,1,1427,3
2,0,1,16,0,3,595,0,9,321,True,5413,1,4,871,1,1844,1
2,0,2,16,0,481,0,166,0,122,False,5414,1,4,872,1,414,2
2,0,1,11,0,0,0,0,0,0,False,5414,2,4,872,1,414,2
2,0,1,22,0,0,824,0,0,411,False,5414,3,2,1112,1,414,3
2,0,1,43,0,0,0,0,0,1544,False,5414,4,2,1112,1,414,1
2,1,2,20,0,0,0,0,0,0,True,5414,5,4,872,1,414,5
2,0,1,22,0,0,747,8,0,314,False,5415,1,2,1113,1,476,1
3,0,1,0,0,0,0,0,0,0,True,5416,1,2,1114,1,1845,0
3,0,1,30,0,138,0,208,952,0,False,5416,2,6,340,1,1845,4
3,1,1,18,0,0,0,0,0,0,True,5416,3,2,1114,1,1845,0
3,0,3,0,0,0,0,0,0,0,True,5416,4,2,1114,1,1845,1
3,0,1,41,0,164,0,1115,1,18,False,5418,1,6,349,2,987,3
2,0,1,39,0,0,829,0,1,0,True,5420,1,2,1036,2,1846,3
2,0,1,37,0,389,0,1,3369,3,False,5421,1,4,873,2,264,3
1,1,3,26,0,0,0,0,0,0,True,5422,1,7,164,2,1847,3
3,0,1,49,0,552,0,7,0,183,False,5423,1,2,1116,1,1647,2
3,0,1,28,0,142,0,1878,62,0,True,5423,2,6,341,1,1647,1
3,0,2,13,0,358,65,599,676,0,False,5424,1,2,1117,1,51,0
2,0,1,64,0,469,700,2,1,0,False,5424,2,6,342,1,51,0
2,0,2,24,0,1,0,11,0,734,False,5425,1,2,1037,2,905,1
2,1,1,18,0,0,0,0,0,0,True,5427,1,2,1118,1,1848,4
3,0,1,18,0,3458,0,216,0,0,False,5427,2,2,1118,1,1357,4
3,0,1,25,0,948,0,1,170,0,False,5427,3,2,1118,1,1848,1
2,1,1,19,0,0,0,0,0,0,False,5430,1,4,873,1,126,2
2,0,3,33,0,2,0,0,0,720,True,5431,1,6,350,2,30,1
2,1,1,27,0,0,0,0,0,0,True,5434,1,4,874,1,137,1
3,0,1,50,0,846,0,280,280,0,False,5435,1,2,1121,1,1357,2
2,0,1,30,0,0,0,0,2,827,False,5436,1,4,427,2,699,2
3,0,1,44,0,1267,18,0,3,0,True,5437,1,2,1123,1,1580,0
2,1,2,52,0,0,0,0,0,0,False,5438,1,4,875,1,821,0
2,1,1,7,0,0,0,0,0,0,True,5440,1,4,875,2,917,2
2,0,3,30,0,0,59,18,639,0,False,5440,2,2,1041,2,917,2
2,0,1,27,0,1109,0,0,0,0,False,5440,3,2,1041,2,917,1
1,1,3,24,0,0,0,0,0,0,True,5441,1,1,207,2,1462,2
2,0,3,13,0,4,99,1,0,595,False,5443,1,2,1124,1,1367,0
2,0,1,61,0,0,53,813,3,0,False,5445,1,2,1125,1,701,5
2,1,1,32,0,0,0,0,0,0,True,5446,1,4,876,1,1268,3
3,1,3,17,0,0,0,0,0,0,True,5447,1,2,1126,1,1344,2
3,0,1,36,0,0,0,0,0,0,True,5447,2,2,1126,1,1849,3
2,1,2,16,0,0,0,0,0,0,True,5450,1,4,877,1,806,1
2,0,2,21,0,0,697,0,0,0,True,5451,1,2,1127,1,472,5
1,0,1,24,0,0,0,0,0,0,True,5452,1,8,212,2,1331,2
2,0,3,28,0,0,9,0,1114,5,False,5453,1,2,1044,2,803,2
3,0,1,27,0,848,1497,2,0,0,False,5454,1,6,343,1,1649,3
3,0,3,13,0,9920,0,180,130,571,False,5455,1,6,344,1,149,3
2,0,1,39,0,0,1,0,739,0,False,5457,1,2,1129,1,746,2
2,0,1,24,0,0,0,980,7,0,False,5458,1,6,351,2,1850,6
1,0,1,38,0,0,347,0,1545,2187,False,5459,1,8,213,2,1851,4
3,0,1,20,0,489,126,663,214,0,False,5462,1,2,1131,1,876,2
2,0,1,21,0,724,0,0,0,0,True,5463,1,2,1045,2,1852,1
3,0,1,27,0,1,1,2196,372,0,False,5465,1,2,1132,1,1484,2
2,0,1,49,0,226,11,2,1580,0,False,5465,2,2,1132,1,1484,1
3,1,1,6,0,0,0,0,0,0,True,5465,3,2,1132,1,1484,1
1,1,3,41,0,0,0,0,0,0,True,5466,1,1,185,1,1853,0
1,0,3,33,1,0,1473,1089,5700,1466,False,5466,2,1,185,1,1044,3
1,0,1,6,0,0,0,0,0,0,True,5466,3,1,185,1,1044,2
1,0,3,35,0,0,4618,0,324,12061,False,5466,4,1,185,1,1044,1
1,0,1,46,0,0,4524,0,243,7730,False,5466,5,1,185,1,1853,3
2,0,1,31,0,2703,21,0,0,1,False,5467,1,2,1046,2,1682,2
1,1,1,32,0,0,0,0,0,0,True,5468,1,1,208,2,955,2
1,1,3,31,0,0,0,0,0,0,True,5469,1,3,50,1,1037,4
2,1,1,20,0,0,0,0,0,0,False,5470,1,4,878,1,696,1
2,0,1,57,0,685,0,0,0,0,False,5471,1,4,877,2,972,2
2,0,2,37,0,0,0,559,11,0,True,5472,1,2,1047,2,1831,3
2,1,1,21,0,0,0,0,0,0,True,5474,1,4,427,2,1854,1
2,0,1,43,0,0,0,1,0,0,False,5475,1,2,1134,1,767,2
2,0,1,49,0,1020,0,2,2,0,True,5476,1,4,879,2,32,0
2,0,1,17,0,0,150,166,570,0,True,5477,1,4,880,2,1855,4
3,0,1,29,0,518,0,10,1245,0,False,5478,1,2,1048,2,1270,1
2,1,3,36,0,0,0,0,0,0,True,5479,1,4,881,2,1199,2
1,0,1,37,0,31,9307,0,904,11213,False,5480,1,4,427,2,57,5
2,0,2,17,0,2,0,0,0,681,False,5483,1,2,1135,1,455,1
3,1,3,45,0,0,0,0,0,0,True,5484,1,2,1050,2,1856,3
2,0,1,20,0,0,9,82,14,704,False,5485,1,4,880,1,391,0
3,1,1,24,0,0,0,0,0,0,True,5487,1,2,1136,1,513,0
1,1,1,28,0,0,0,0,0,0,True,5488,1,1,186,1,1857,0
1,0,1,15,0,0,22,6805,0,531,True,5488,2,1,186,1,1857,1
1,0,1,53,0,0,6634,0,5047,108,False,5488,3,1,186,1,1857,0
1,1,1,51,0,0,0,0,0,0,True,5488,4,1,186,1,1857,2
2,1,1,14,0,0,0,0,0,0,True,5489,1,4,881,1,993,1
2,1,1,1,0,0,0,0,0,0,False,5489,2,4,881,1,993,2
3,0,1,26,0,665,76,0,1478,0,False,5490,1,2,1137,1,122,3
2,0,1,20,0,0,0,499,285,103,False,5491,1,4,882,2,1161,2
2,0,1,23,0,0,551,59,720,14,False,5492,1,2,1052,2,594,0
2,0,1,22,0,658,0,0,161,3,True,5494,1,2,1053,2,806,1
2,1,3,22,0,0,0,0,0,0,True,5496,1,4,882,1,1858,5
1,1,1,13,0,0,0,0,0,0,True,5497,1,1,210,2,525,4
1,0,1,28,0,0,0,0,0,0,True,5497,2,1,210,2,525,2
2,1,1,40,0,0,0,0,0,0,True,5499,1,4,884,2,1367,4
3,0,3,21,0,4027,0,47,83,0,False,5500,1,7,175,1,640,2
2,0,1,35,0,702,104,5,76,0,True,5501,1,4,885,2,533,4
2,0,1,22,0,142,1307,0,0,0,False,5504,1,2,1140,1,1651,1
1,1,1,37,0,0,0,0,0,0,True,5506,1,7,166,2,1859,1
3,0,1,21,0,0,0,0,0,0,False,5507,1,6,356,2,1845,1
2,0,1,50,0,0,358,0,620,4,False,5508,1,4,427,2,384,2
2,0,1,27,0,0,0,800,0,0,True,5509,1,2,1055,2,1251,6
2,1,1,20,0,0,0,0,0,0,True,5510,1,4,887,2,618,1
2,1,1,15,0,0,0,0,0,0,True,5511,1,4,884,1,984,1
2,0,2,25,0,39,0,169,20,1403,False,5511,2,6,346,1,984,4
1,0,3,31,0,0,225,0,301,4090,False,5512,1,3,67,2,1587,0
1,0,3,27,0,0,8162,1044,699,46,True,5512,2,1,211,2,1587,2
2,1,1,18,0,0,0,0,0,0,True,5514,1,4,889,2,871,1
2,1,2,2,0,0,0,0,0,0,True,5514,2,4,889,2,871,1
2,0,1,27,0,0,6,0,814,107,True,5514,3,4,889,2,871,2
2,0,1,0,0,0,0,0,0,0,True,5514,4,4,889,2,871,2
2,0,1,22,0,758,0,46,0,0,False,5515,1,2,1141,1,1538,2
3,0,1,27,0,0,0,0,0,0,False,5517,1,6,357,2,927,1
2,0,1,56,0,0,4,778,0,0,True,5520,1,4,890,2,1220,3
2,0,1,28,0,0,0,0,676,124,False,5521,1,2,1058,2,1335,1
2,0,3,42,0,31,0,0,635,0,True,5522,1,6,358,2,858,2
2,0,1,20,0,0,0,0,703,0,True,5522,2,2,1059,2,858,2
2,0,1,27,0,508,585,9,0,0,True,5522,3,2,1059,2,858,3
2,0,2,29,0,0,0,20,0,402,False,5523,1,4,885,1,1025,1
2,0,3,36,0,85,0,545,15,0,True,5524,1,2,1060,2,1163,1
2,0,1,23,0,0,0,4,145,0,False,5526,1,2,1061,2,1640,0
2,1,1,64,0,0,0,0,0,0,True,5526,2,4,891,2,1640,2
2,0,1,19,0,1,1,0,0,1755,False,5527,1,4,886,1,1860,1
2,1,3,1,0,0,0,0,0,0,False,5527,2,4,886,1,1860,3
2,1,1,49,0,0,0,0,0,0,False,5527,3,4,886,1,905,2
2,1,3,0,0,0,0,0,0,0,True,5527,4,4,886,1,1860,4
2,0,1,18,0,0,288,35,0,435,False,5528,1,2,1143,1,306,4
1,0,3,39,0,5645,132,0,1,1814,False,5529,1,8,174,1,484,2
3,0,1,37,0,10,20,868,115,0,False,5530,1,6,347,1,86,4
3,1,1,44,0,0,0,0,0,0,True,5530,2,2,1144,1,86,1
3,0,2,43,0,817,0,617,0,0,False,5531,1,2,1145,1,1861,2
3,1,1,33,0,0,0,0,0,0,True,5531,2,2,1145,1,1861,1
2,0,1,20,0,41,222,0,43,601,True,5535,1,4,893,2,1187,0
2,0,1,0,0,0,0,0,0,0,True,5535,2,4,893,2,1187,3
2,0,3,4,0,0,0,0,0,0,True,5535,3,4,893,2,1187,4
3,1,1,20,0,0,0,0,0,0,True,5536,1,2,1062,2,1862,3
3,0,1,50,0,690,0,30,762,428,False,5537,1,2,1063,2,526,2
3,1,1,47,0,0,0,0,0,0,True,5538,1,2,1146,1,1318,0
3,1,1,17,0,0,0,0,0,0,True,5538,2,2,1146,1,1318,2
1,0,1,26,0,0,1583,0,232,8040,False,5539,1,1,187,1,1863,2
2,0,1,21,0,39,360,0,0,0,True,5540,1,6,360,2,411,1
3,1,1,20,0,0,0,0,0,0,True,5541,1,2,1147,1,373,0
1,1,1,26,0,0,0,0,0,0,True,5543,1,8,175,1,568,2
3,0,1,27,1,1565,0,0,0,145,False,5544,1,2,1149,1,333,1
2,0,2,34,0,0,0,693,3,77,True,5545,1,4,894,2,738,1
2,1,1,11,0,0,0,0,0,0,True,5545,2,4,894,2,738,1
2,1,1,0,0,0,0,0,0,0,True,5545,3,4,894,2,738,2
1,0,3,28,0,550,5203,0,2244,1624,False,5546,1,7,176,1,348,1
2,0,1,33,0,127,745,9,0,0,True,5550,1,4,895,2,293,1
2,1,1,22,0,0,0,0,0,0,True,5551,1,4,888,1,1193,6
3,0,1,28,0,0,0,0,0,0,False,5552,1,2,1150,1,1864,2
3,1,1,11,0,0,0,0,0,0,True,5552,2,2,1150,1,1864,4
3,0,1,60,0,51,10,754,1412,137,False,5552,3,2,1150,1,1864,3
2,0,1,43,0,1,0,213,7,701,True,5555,1,4,896,2,597,5
2,0,1,27,0,0,1,667,897,43,False,5556,1,6,361,2,1120,1
2,1,1,37,0,0,0,0,0,0,True,5557,1,4,890,1,1197,3
2,1,3,23,0,0,0,0,0,0,True,5559,1,4,897,2,905,1
3,0,1,57,0,1696,0,1006,0,27,False,5560,1,7,168,2,1314,0
1,1,1,29,0,0,0,0,0,0,True,5561,1,3,51,1,509,1
1,0,1,28,0,0,175,0,214,7461,False,5561,2,3,51,1,509,2
1,0,1,42,0,0,890,2929,352,4898,False,5561,3,3,51,1,509,1
1,0,1,43,0,7,494,2473,443,71,False,5561,4,3,51,1,509,3
1,1,1,26,0,0,0,0,0,0,True,5563,1,8,176,1,1319,3
1,0,3,72,0,2445,3023,0,704,20,False,5566,1,6,349,1,224,2
1,0,1,49,0,0,3991,298,289,2740,False,5568,1,1,188,1,525,0
1,1,3,29,1,0,0,0,0,0,True,5568,2,1,188,1,525,2
2,1,1,18,0,0,0,0,0,0,False,5569,1,4,891,1,1865,4
2,0,3,26,0,0,406,0,0,503,True,5571,1,4,900,2,295,2
3,1,3,19,0,0,0,0,0,0,True,5572,1,2,1153,1,717,1
2,0,3,18,0,749,0,74,0,0,False,5573,1,2,1154,1,699,1
2,0,3,14,0,714,237,0,587,1,False,5574,1,2,1155,1,176,1
3,0,1,44,0,583,0,222,0,1560,False,5575,1,2,1156,1,1183,0
3,1,1,34,0,0,0,0,0,0,True,5575,2,2,1156,1,1183,0
2,1,3,18,0,0,0,0,0,0,True,5578,1,4,892,1,390,2
2,1,2,36,0,0,0,0,0,0,True,5580,1,4,902,2,666,5
1,1,3,27,0,0,0,0,0,0,True,5581,1,1,212,2,479,1
2,0,1,35,0,753,335,1,348,0,False,5582,1,4,893,1,1322,5
1,0,1,52,0,5,3514,31,601,13,True,5583,1,7,170,2,454,3
2,0,2,22,0,688,5,80,0,0,False,5585,1,4,894,1,1542,0
2,0,1,34,0,245,0,542,0,19,True,5585,2,2,1158,1,1542,0
2,0,2,37,0,0,0,6,746,1,False,5586,1,4,895,1,1125,0
2,0,3,22,0,654,2,83,0,0,False,5587,1,2,1159,1,1614,1
2,0,1,26,0,0,786,0,11,83,True,5589,1,2,1160,1,923,2
2,0,3,14,0,590,9,0,0,192,False,5591,1,6,363,2,452,5
3,1,3,53,0,0,0,0,0,0,True,5592,1,2,1161,1,1866,1
2,0,1,17,0,0,823,0,1168,14,False,5594,1,2,1163,1,449,6
2,0,1,30,0,0,1,0,870,0,False,5595,1,2,1067,2,1867,0
1,0,1,65,0,0,722,302,103,2659,False,5596,1,7,179,1,192,3
2,0,1,19,0,0,0,500,2,208,True,5598,1,4,903,2,844,5
1,0,3,36,0,380,686,0,295,1247,False,5599,1,6,364,2,1868,3
2,1,1,3,0,0,0,0,0,0,True,5601,1,4,904,2,992,1
2,0,1,6,0,0,0,0,0,0,True,5601,2,4,904,2,992,1
2,0,3,4,0,0,0,0,0,0,True,5601,3,4,427,2,992,1
2,0,1,21,0,958,1668,82,0,78,True,5601,4,2,1069,2,992,2
2,1,3,8,0,0,0,0,0,0,True,5601,5,4,904,2,992,2
1,1,1,35,0,0,0,0,0,0,True,5602,1,1,190,1,1034,1
1,0,3,18,0,0,3268,0,436,342,True,5602,2,1,190,1,1034,2
2,0,1,34,0,170,1256,0,3926,7121,False,5603,1,6,365,2,1869,1
1,1,3,45,0,0,0,0,0,0,True,5606,1,1,213,2,1870,1
1,0,1,31,0,0,1219,7,104,1082,True,5606,2,1,213,2,1719,2
2,0,1,14,0,30,757,115,0,0,True,5608,1,2,1164,1,70,2
2,0,1,23,0,765,5,0,0,0,False,5609,1,4,897,1,1727,1
1,1,1,61,0,0,0,0,0,0,True,5610,1,1,214,2,1788,3
1,0,3,54,1,0,7996,0,4549,10206,False,5610,2,1,214,2,1788,2
1,1,1,28,0,0,0,0,0,0,True,5611,1,7,171,2,1871,1
1,0,1,46,0,0,3477,0,1,5543,False,5611,2,7,171,2,1871,1
2,0,1,32,0,125,874,0,180,1,True,5613,1,2,1072,2,1872,3
2,1,3,49,0,0,0,0,0,0,True,5614,1,4,906,2,1223,2
2,1,3,20,0,0,0,0,0,0,True,5615,1,4,907,2,502,4
2,0,2,25,0,458,240,0,239,0,True,5616,1,2,1073,2,177,1
2,0,1,19,0,0,785,0,0,19,True,5618,1,2,1075,2,874,1
2,1,3,28,0,0,0,0,0,0,True,5619,1,4,908,2,1730,2
2,0,1,68,0,0,0,970,0,0,True,5622,1,2,1076,2,1173,2
2,1,1,16,0,0,0,0,0,0,True,5623,1,4,898,1,1702,1
3,1,1,19,0,0,0,0,0,0,False,5625,1,6,352,1,1873,1
3,0,2,49,0,0,0,0,0,0,False,5625,2,6,352,1,1874,1
3,0,1,15,0,890,9,0,1250,57,False,5625,3,6,352,1,1873,4
3,1,1,26,0,0,0,0,0,0,True,5625,4,6,352,1,1873,3
3,0,1,22,0,804,0,378,0,0,False,5625,5,6,352,1,905,1
2,1,2,23,0,0,0,0,0,0,True,5626,1,4,911,2,543,1
2,0,1,31,0,0,0,0,0,0,False,5627,1,4,899,1,1875,1
2,1,1,27,0,0,0,0,0,0,False,5628,1,4,900,1,447,1
2,1,1,28,0,0,0,0,0,0,True,5629,1,4,901,1,879,1
2,0,1,20,0,47,0,0,0,2711,False,5631,1,2,1166,1,1175,2
2,0,1,43,0,1,8,0,0,715,False,5637,1,2,1168,1,100,1
2,0,1,22,0,19,9,0,0,594,True,5639,1,4,913,2,626,1
1,1,1,27,0,0,0,0,0,0,True,5640,1,6,368,2,1299,4
1,1,1,35,0,0,0,0,0,0,True,5642,1,1,216,2,76,3
1,1,3,37,0,0,0,0,0,0,True,5642,2,4,427,2,76,1
3,0,1,24,0,158,0,1594,1,0,True,5643,1,2,1077,2,1876,1
3,0,3,18,0,2803,0,17,0,0,False,5643,2,2,1077,2,905,3
3,0,1,15,0,643,0,45,0,10,False,5643,3,2,1077,2,1876,2
3,0,1,28,0,1909,0,0,0,6,False,5644,1,2,1169,1,1877,4
2,0,1,24,0,0,117,2134,0,0,True,5645,1,2,1078,2,242,1
3,1,3,39,0,0,0,0,0,0,True,5646,1,2,1079,2,905,1
1,1,1,35,0,0,0,0,0,0,True,5647,1,8,178,1,1853,1
1,0,3,52,0,0,1425,31,0,1320,True,5647,2,8,178,1,1853,4
1,0,1,48,0,0,0,0,2851,1478,False,5647,3,8,178,1,1599,1
1,0,3,27,0,332,918,0,5,4817,False,5648,1,8,179,1,617,5
1,0,3,50,0,0,103,0,240,8221,False,5648,2,8,179,1,617,1
2,0,1,24,0,56,22,285,1453,0,False,5650,1,4,902,1,56,4
2,0,2,26,0,807,0,0,0,40,True,5651,1,4,915,2,523,3
2,0,1,24,0,215,0,0,0,350,False,5652,1,2,1171,1,1108,0
2,1,1,15,0,0,0,0,0,0,False,5653,1,4,903,1,502,2
2,0,2,42,0,1188,39,3,3,0,False,5655,1,2,1172,1,686,2
2,0,1,51,0,0,0,0,0,880,False,5659,1,2,1175,1,1573,1
2,0,2,43,0,635,53,0,3,0,True,5661,1,6,355,1,962,1
2,1,3,31,0,0,0,0,0,0,False,5661,2,4,905,1,962,3
2,1,1,14,0,0,0,0,0,0,True,5662,1,4,916,2,97,2
2,0,1,31,0,13,0,0,679,0,False,5662,2,2,1080,2,97,4
1,0,1,33,0,0,1513,5,63,144,True,5663,1,3,71,2,1878,2
2,0,3,21,0,0,496,0,3867,30,False,5667,1,4,906,1,797,4
2,0,1,13,0,56,1706,15,0,23,False,5671,1,4,907,1,583,4
2,0,1,29,0,286,545,0,0,0,True,5673,1,2,1083,2,347,3
1,0,1,22,0,0,11594,0,10247,1,False,5674,1,1,217,2,1758,5
3,0,1,22,0,1035,0,264,0,0,False,5677,1,6,357,1,1350,3
2,1,2,18,0,0,0,0,0,0,True,5679,1,4,920,2,1216,1
2,1,3,35,0,0,0,0,0,0,True,5679,2,4,920,2,1216,2
2,1,1,20,0,0,0,0,0,0,True,5679,3,4,920,2,1216,3
2,0,1,18,0,0,0,1609,0,0,True,5680,1,6,359,1,597,3
2,1,1,66,0,0,0,0,0,0,True,5681,1,4,921,2,1802,3
2,1,1,33,0,0,0,0,0,0,True,5684,1,1,218,2,1879,2
1,1,3,48,0,0,0,0,0,0,True,5684,2,1,218,2,1879,1
1,0,3,38,0,0,1198,48,278,1244,False,5684,3,1,218,2,1879,0
1,1,1,62,0,0,0,0,0,0,True,5684,4,1,218,2,689,1
2,1,1,19,0,0,0,0,0,0,False,5685,1,4,910,1,1296,4
3,0,3,44,0,2267,0,107,0,0,False,5686,1,4,427,2,1201,1
3,0,3,25,0,1410,123,26,9,812,False,5686,2,7,180,1,1201,4
2,0,1,15,0,348,1627,0,0,0,False,5687,1,2,1179,1,319,2
2,0,1,20,0,12,177,1110,0,0,True,5688,1,2,1084,2,1880,2
2,0,1,34,0,233,0,0,1054,156,False,5689,1,2,1180,1,714,3
3,0,1,23,0,821,0,863,664,0,False,5692,1,6,360,1,819,4
2,0,1,45,0,0,0,2332,84,0,True,5693,1,2,1087,2,774,0
2,1,1,39,0,0,0,0,0,0,True,5695,1,4,922,2,1791,0
2,1,2,33,0,0,0,0,0,0,True,5696,1,4,911,1,1305,0
2,0,1,14,0,0,0,325,247,305,False,5698,1,2,1088,2,851,0
2,0,1,26,0,178,0,3,0,704,True,5698,2,4,923,2,905,3
2,1,1,47,0,0,0,0,0,0,True,5700,1,4,924,2,1418,0
3,1,1,27,0,0,0,0,0,0,True,5701,1,7,173,2,894,3
2,1,3,28,0,0,0,0,0,0,True,5702,1,4,912,1,101,1
2,1,1,22,0,0,0,0,0,0,True,5704,1,4,913,1,1085,1
2,1,1,17,0,0,0,0,0,0,True,5705,1,4,925,2,218,1
2,0,1,16,0,0,458,725,0,0,True,5706,1,2,1090,2,1881,2
2,0,1,9,0,0,0,0,0,0,True,5706,2,4,926,2,284,4
2,0,1,15,0,0,0,973,29,0,True,5707,1,2,1091,2,695,0
1,0,1,33,0,0,4372,0,4103,0,True,5709,1,8,215,2,1711,3
2,0,1,61,0,0,166,1080,0,16,True,5710,1,2,1092,2,879,2
2,0,1,19,0,0,0,0,692,164,False,5711,1,2,1183,1,1765,2
1,1,1,61,0,0,0,0,0,0,True,5712,1,6,371,2,50,1
2,0,1,42,0,0,29,317,434,45,True,5713,1,4,915,1,1882,2
2,0,1,4,0,0,0,0,0,0,False,5714,1,4,916,1,327,3
2,0,1,12,0,0,0,0,0,0,True,5714,2,4,916,1,327,3
2,0,1,0,0,0,0,0,0,0,True,5714,3,4,916,1,1458,0
2,1,1,19,0,0,0,0,0,0,True,5714,4,4,916,1,1458,1
2,1,1,27,0,0,0,0,0,0,True,5714,5,4,916,1,1458,1
2,0,2,29,0,0,173,0,0,1155,True,5716,1,2,1093,2,184,3
2,0,1,59,0,0,664,0,144,141,True,5717,1,4,917,1,88,4
2,1,1,20,0,0,0,0,0,0,True,5718,1,4,927,2,1636,4
2,0,1,70,0,390,0,0,0,518,True,5719,1,4,918,1,722,1
2,1,1,3,0,0,0,0,0,0,False,5719,2,4,918,1,722,1
1,1,1,37,0,0,0,0,0,0,True,5721,1,1,219,2,50,0
1,0,1,58,0,0,1975,598,7,3726,False,5721,2,1,219,2,50,1
2,0,1,44,0,69,0,17,176,2105,False,5722,1,4,928,2,1883,4
3,1,1,24,0,0,0,0,0,0,False,5723,1,6,372,2,1884,2
2,1,2,20,0,0,0,0,0,0,True,5724,1,4,919,1,1617,5
2,0,1,24,0,156,0,364,489,383,True,5725,1,2,1094,2,1041,2
1,1,3,27,0,0,0,0,0,0,True,5726,1,1,192,1,1885,1
2,0,3,28,0,0,0,0,711,0,False,5727,1,4,920,1,182,2
2,0,1,24,0,0,217,0,77,510,False,5728,1,2,1185,1,97,2
3,1,1,29,0,0,0,0,0,0,True,5729,1,2,1186,1,837,5
2,0,1,25,0,2029,1,0,0,121,False,5730,1,2,1187,1,419,1
2,0,1,20,0,0,0,53,2,754,False,5732,1,4,921,1,209,2
2,0,3,34,0,0,1745,6,5,37,True,5733,1,4,922,1,1881,2
2,0,1,28,0,0,0,0,1191,109,False,5733,2,2,1188,1,376,2
2,1,1,27,0,0,0,0,0,0,True,5735,1,6,362,1,1063,3
2,0,1,23,0,1,0,1,0,618,False,5736,1,2,1189,1,521,2
1,0,1,39,0,0,11856,13,39,3,True,5737,1,8,216,2,132,3
1,0,1,35,0,0,7636,0,353,705,True,5737,2,8,216,2,132,5
2,1,1,18,0,0,0,0,0,0,True,5738,1,4,929,2,1734,3
2,1,1,20,0,0,0,0,0,0,True,5739,1,4,930,2,346,2
1,0,1,42,0,0,16,0,144,7492,False,5740,1,3,52,1,1886,1
1,0,3,32,0,70,764,724,547,1297,False,5740,2,3,52,1,1887,1
2,0,3,50,0,57,29,0,0,643,False,5742,1,2,1096,2,738,3
2,0,1,23,0,0,37,859,9,1,True,5744,1,4,931,2,858,0
2,0,1,19,0,0,0,0,5381,139,False,5746,1,4,932,2,992,0
2,0,1,29,0,715,47,0,0,0,False,5747,1,2,1192,1,1888,2
1,0,1,35,1,247,436,459,1,1984,False,5748,1,3,53,1,1654,0
2,0,1,18,0,0,625,0,0,356,False,5750,1,6,363,1,330,1
2,0,2,24,0,160,20,39,552,1,False,5751,1,4,924,1,905,3
2,0,1,23,0,88,0,586,0,0,True,5755,1,4,933,2,166,5
2,0,1,51,0,542,0,360,0,0,False,5756,1,2,1194,1,854,0
2,0,1,42,0,439,0,0,0,254,False,5756,2,2,1194,1,524,1
2,0,2,19,0,5,0,0,716,0,False,5756,3,2,1194,1,524,4
2,0,1,23,0,0,0,0,0,0,False,5756,4,2,1194,1,905,4
2,1,1,19,0,0,0,0,0,0,True,5756,5,2,1194,1,524,4
2,0,2,22,0,158,0,476,0,26,False,5756,6,2,1194,1,524,2
2,0,1,25,0,12,6,2817,342,0,False,5756,7,4,427,2,1682,1
2,0,2,31,0,11,0,0,1912,1120,False,5756,8,2,1194,1,524,1
2,0,1,23,0,0,0,0,558,1,False,5757,1,2,1195,1,1164,4
2,1,1,22,0,0,0,0,0,0,True,5758,1,4,934,2,328,1
1,1,1,55,0,0,0,0,0,0,True,5761,1,1,220,2,1889,0
2,0,1,40,0,0,0,56,1,642,False,5763,1,2,1099,2,335,1
2,0,1,24,0,0,0,0,838,193,False,5763,2,2,1099,2,335,3
2,0,1,25,0,0,0,1037,8,1,True,5764,1,2,1100,2,1173,4
1,0,1,42,0,0,1871,0,570,199,False,5765,1,8,181,1,674,2
2,1,2,33,0,0,0,0,0,0,True,5767,1,4,936,2,1177,1
1,1,1,54,0,0,0,0,0,0,True,5768,1,1,193,1,1886,1
1,1,3,22,0,0,0,0,0,0,True,5768,2,1,193,1,1886,2
1,1,1,22,0,0,0,0,0,0,True,5769,1,1,194,1,1890,2
1,1,3,19,0,0,0,0,0,0,True,5769,2,1,194,1,1890,1
2,0,1,47,0,0,868,0,4,0,True,5771,1,4,937,2,84,1
3,0,3,23,0,610,858,75,1358,0,False,5772,1,2,1197,1,1752,2
1,1,3,61,0,0,0,0,0,0,True,5773,1,8,217,2,1891,4
2,0,1,21,0,0,128,209,4,383,False,5776,1,2,1102,2,1611,4
2,0,2,46,0,559,25,0,22,765,False,5777,1,2,1199,1,139,2
2,0,1,36,0,0,0,0,0,907,False,5778,1,4,926,1,1892,2
2,0,1,15,0,0,706,0,0,0,True,5779,1,4,938,2,1688,4
1,0,1,33,0,2233,6408,0,23,273,True,5780,1,1,195,1,360,2
1,1,1,35,0,0,0,0,0,0,True,5780,2,1,195,1,360,1
1,1,3,21,0,0,0,0,0,0,True,5780,3,1,195,1,360,1
2,0,3,21,0,0,0,0,1,594,False,5781,1,2,1200,1,1893,1
2,0,3,43,0,0,1197,0,223,1,True,5783,1,2,1201,1,706,3
2,0,2,34,0,571,0,0,0,0,False,5785,1,2,1104,2,1305,5
2,0,2,47,0,14,3,0,1720,0,False,5786,1,4,928,1,514,2
3,0,1,27,0,850,0,681,1,0,True,5788,1,2,1105,2,1314,0
1,0,1,46,0,0,1068,945,2587,811,False,5790,1,8,218,2,793,0
2,0,1,46,0,183,7,637,182,5,True,5791,1,4,941,2,787,2
1,0,3,40,0,0,3338,0,6344,199,False,5792,1,1,196,1,1894,2
1,1,3,59,0,0,0,0,0,0,True,5793,1,6,375,2,224,1
1,0,1,45,0,0,1202,149,1472,3379,False,5794,1,7,182,1,676,4
2,0,2,19,0,0,95,595,0,0,True,5795,1,2,1106,2,278,5
3,0,1,32,0,6769,0,0,113,1,False,5796,1,2,1107,2,1275,3
2,1,3,39,0,0,0,0,0,0,True,5799,1,2,1108,2,782,1
2,0,1,40,0,661,0,830,0,6,False,5800,1,2,1203,1,1434,0
3,0,1,44,0,815,219,22,0,0,True,5802,1,7,175,2,1011,0
2,1,1,26,0,0,0,0,0,0,False,5804,1,4,933,1,243,0
2,0,1,22,0,514,0,2,129,583,False,5806,1,2,1109,2,1895,3
2,0,1,2,0,0,0,0,0,0,False,5808,1,4,934,1,152,2
2,0,1,18,0,0,3,41,359,393,False,5808,2,2,1204,1,152,1
2,0,1,53,0,751,0,0,7,0,False,5808,3,2,1204,1,152,2
2,0,1,22,0,104,511,254,425,4,False,5809,1,2,1205,1,1472,2
2,0,1,46,0,0,98,2077,0,0,True,5809,2,2,1205,1,1472,3
2,1,1,28,0,0,0,0,0,0,True,5810,1,4,935,1,1035,1
2,0,1,31,0,0,1489,68,6,0,True,5810,2,6,366,1,1035,2
1,0,3,36,0,1,4058,95,0,2109,False,5811,1,3,54,1,1143,2
1,0,3,46,0,35,3953,0,2108,0,True,5811,2,3,54,1,1143,4
2,1,1,0,0,0,0,0,0,0,True,5812,1,4,943,2,1425,2
2,0,1,3,0,0,0,0,0,0,True,5812,2,4,943,2,1425,1
2,1,1,12,0,0,0,0,0,0,True,5812,3,4,943,2,1425,2
2,1,1,2,0,0,0,0,0,0,True,5812,4,4,943,2,1425,1
2,1,1,41,0,0,0,0,0,0,True,5812,5,4,943,2,1425,1
2,1,3,11,0,0,0,0,0,0,True,5812,6,4,943,2,1425,4
2,1,1,41,0,0,0,0,0,0,True,5813,1,4,936,1,147,4
3,0,1,17,0,513,0,669,0,0,False,5814,1,7,176,2,1377,1
3,1,3,21,0,0,0,0,0,0,True,5814,2,7,176,2,1377,2
3,1,3,21,0,0,0,0,0,0,True,5814,3,7,176,2,1377,3
3,0,1,27,0,89,888,51,5,0,True,5814,4,7,176,2,1377,1
3,1,1,54,0,0,0,0,0,0,True,5814,5,7,176,2,1377,1
3,0,1,15,0,2309,0,1142,1,10,False,5814,6,7,176,2,1377,2
3,1,1,39,0,0,0,0,0,0,True,5814,7,7,176,2,1377,1
2,0,1,31,0,1,0,7,0,387,True,5816,1,4,937,1,2,3
3,1,1,28,0,0,0,0,0,0,True,5817,1,2,1111,2,1896,2
2,0,1,21,0,3553,5,0,0,2,False,5818,1,4,938,1,1765,2
1,1,1,29,0,0,0,0,0,0,True,5819,1,1,221,2,81,0
2,0,1,45,0,112,406,198,0,0,True,5820,1,2,1112,2,1549,2
1,0,3,44,0,0,496,99,317,5615,False,5821,1,8,183,1,1545,2
2,1,1,12,0,0,0,0,0,0,True,5822,1,4,939,1,1035,0
2,1,3,18,0,0,0,0,0,0,True,5823,1,4,944,2,596,2
2,1,3,20,0,0,0,0,0,0,True,5824,1,4,940,1,1897,4
1,0,1,43,0,0,8808,0,580,0,True,5825,1,1,198,1,1195,1
2,1,3,46,0,0,0,0,0,0,True,5826,1,6,367,1,940,4
2,0,1,53,0,0,68,0,920,4,True,5827,1,4,945,2,632,1
2,0,1,21,0,621,0,0,0,0,False,5828,1,4,941,1,1898,1
2,0,1,23,0,0,21,0,0,716,False,5829,1,2,1113,2,787,2
2,0,3,9,0,0,0,0,0,0,False,5831,1,4,427,2,1899,1
2,0,1,19,0,546,11,0,325,218,False,5834,1,2,1206,1,1315,1
2,1,2,52,0,0,0,0,0,0,True,5835,1,4,946,2,1250,0
1,1,3,31,0,0,0,0,0,0,True,5836,1,1,222,2,731,1
2,0,1,62,0,761,15,0,0,0,False,5837,1,2,1114,2,521,2
1,1,1,27,0,0,0,0,0,0,True,5839,1,8,219,2,308,2
2,1,1,23,0,0,0,0,0,0,False,5840,1,4,946,1,384,1
1,1,3,28,0,0,0,0,0,0,True,5842,1,8,220,2,1900,1
1,1,3,27,0,0,0,0,0,0,True,5842,2,8,220,2,1753,0
2,1,1,58,0,0,0,0,0,0,True,5843,1,4,947,2,670,5
2,0,3,24,0,0,30,835,0,0,True,5844,1,6,369,1,1346,2
3,0,1,27,1,149,0,890,9,0,False,5846,1,6,376,2,1901,2
2,0,1,33,0,36,0,0,1415,0,False,5847,1,2,1115,2,365,2
2,0,1,28,0,229,761,0,0,6,True,5848,1,6,377,2,654,2
2,0,1,39,0,0,0,0,0,1104,False,5849,1,2,1208,1,1145,1
2,0,1,27,0,0,0,0,727,260,False,5852,1,6,370,1,165,1
2,0,1,36,0,0,75,106,0,1903,True,5854,1,2,1117,2,1595,1
2,0,1,64,0,0,623,1827,0,0,True,5855,1,2,1209,1,1424,3
2,0,2,41,0,0,0,687,0,65,True,5855,2,4,949,1,1424,3
1,1,3,27,0,0,0,0,0,0,True,5856,1,1,199,1,919,0
1,1,1,27,0,0,0,0,0,0,True,5856,2,1,199,1,919,0
1,0,1,27,0,0,2,64,139,3831,False,5857,1,6,378,2,1902,3
2,0,3,22,0,483,0,0,304,21,True,5858,1,4,948,2,1903,0
2,0,1,23,0,0,456,2624,912,8,True,5859,1,6,371,1,1756,3
3,0,1,40,0,7,0,6,1206,88,False,5860,1,2,1118,2,1155,4
3,1,1,2,0,0,0,0,0,0,True,5860,2,2,1118,2,1155,2
3,0,1,0,0,0,0,0,0,0,True,5860,3,2,1118,2,1155,3
2,0,1,27,0,0,1774,0,17,13,True,5861,1,4,949,2,686,1
2,0,3,0,0,0,0,0,0,0,True,5863,1,4,950,1,1664,3
2,0,1,17,0,0,566,18,318,0,False,5863,2,2,1210,1,1664,2
2,0,1,45,0,0,0,0,1501,24,False,5867,1,2,1212,1,553,2
2,0,1,62,0,104,53,194,436,0,False,5868,1,6,379,2,1882,5
2,1,3,14,0,0,0,0,0,0,True,5869,1,4,952,2,176,4
2,0,3,24,0,0,1369,848,0,0,True,5871,1,2,1120,2,354,1
2,1,2,51,0,0,0,0,0,0,True,5874,1,4,953,2,1762,2
2,0,1,49,0,20,0,0,769,0,False,5875,1,6,381,2,1220,0
3,0,1,52,0,1364,131,444,0,0,True,5876,1,7,184,1,1230,0
3,1,3,35,0,0,0,0,0,0,True,5876,2,2,1213,1,1230,1
3,1,1,22,0,0,0,0,0,0,True,5876,3,2,1213,1,1230,4
2,0,1,17,0,0,0,1552,0,0,False,5877,1,2,1121,2,1554,3
1,1,3,47,0,0,0,0,0,0,True,5878,1,1,224,2,1879,1
3,1,1,25,0,0,0,0,0,0,True,5879,1,2,1122,2,1750,1
2,1,1,11,0,0,0,0,0,0,True,5880,1,4,953,1,967,1
2,0,1,17,0,18,10,73,0,1049,False,5882,1,2,1214,1,1904,2
2,0,1,41,0,8,532,0,0,100,True,5885,1,2,1123,2,130,3
2,0,1,55,0,0,0,0,507,909,True,5885,2,2,1123,2,130,1
2,0,1,29,0,0,2395,7,20,6,True,5885,3,2,1123,2,130,1
2,0,1,19,0,0,0,0,888,0,False,5885,4,4,954,2,130,2
2,1,3,23,0,0,0,0,0,0,True,5885,5,4,954,2,130,1
2,0,1,32,0,4518,914,0,93,0,False,5885,6,4,954,2,130,2
2,0,1,27,0,0,0,0,0,1818,False,5885,7,4,954,2,130,1
2,0,1,25,0,0,0,892,0,0,True,5885,8,4,954,2,130,2
3,0,1,24,0,10,49,0,1497,10,False,5886,1,2,1216,1,1905,2
3,1,1,30,0,0,0,0,0,0,False,5886,2,6,373,1,1905,2
2,0,2,50,0,781,2,0,61,0,True,5887,1,6,374,1,582,1
2,0,1,51,0,201,574,40,0,11,False,5887,2,2,1217,1,582,3
3,0,3,27,0,1331,0,0,0,0,False,5888,1,2,1218,1,540,4
3,0,1,35,0,750,0,0,0,1065,False,5888,2,2,1218,1,540,3
2,0,1,48,0,0,0,790,2368,1292,False,5889,1,4,954,1,885,1
2,1,1,27,0,0,0,0,0,0,True,5890,1,4,955,2,825,3
2,1,2,19,0,0,0,0,0,0,True,5891,1,4,955,1,468,2
2,1,2,18,0,0,0,0,0,0,True,5894,1,4,957,2,136,3
1,0,3,25,0,0,0,0,0,0,True,5897,1,8,221,2,905,1
2,1,3,41,0,0,0,0,0,0,True,5898,1,4,958,2,363,0
3,1,1,62,0,0,0,0,0,0,True,5900,1,2,1220,1,1400,5
3,1,1,30,0,0,0,0,0,0,True,5900,2,2,1220,1,1400,0
3,1,1,6,0,0,0,0,0,0,True,5900,3,2,1220,1,1400,1
2,0,3,15,0,0,40,0,0,839,False,5901,1,2,1221,1,991,1
3,0,2,34,0,162,0,690,28,0,False,5902,1,7,177,2,1906,1
2,0,1,34,0,223,0,13,514,41,False,5903,1,6,376,1,1565,1
2,0,1,23,0,16,687,1,1,0,True,5905,1,4,959,2,165,2
2,0,1,51,0,0,0,207,347,262,False,5906,1,4,957,1,182,0
2,1,2,63,0,0,0,0,0,0,True,5907,1,4,960,2,410,3
2,0,1,42,0,84,392,300,0,0,True,5908,1,2,1126,2,694,0
2,0,3,19,0,0,716,0,0,0,True,5909,1,2,1127,2,807,0
2,1,1,5,0,0,0,0,0,0,True,5909,2,4,961,2,807,0
2,1,3,2,0,0,0,0,0,0,True,5909,3,4,961,2,807,2
2,1,1,15,0,0,0,0,0,0,True,5912,1,4,963,2,1041,0
1,0,1,36,0,0,6,0,1,1407,False,5913,1,7,185,1,1907,0
2,0,1,32,0,0,0,39,0,749,False,5915,1,6,382,2,639,1
2,0,1,19,0,2,3,450,204,0,True,5916,1,6,383,2,464,1
1,0,3,26,0,0,2427,15,5,0,True,5919,1,3,55,1,1908,3
2,0,1,33,0,48,94,756,308,0,False,5920,1,2,1223,1,996,3
2,1,1,38,0,0,0,0,0,0,True,5921,1,4,959,1,1725,3
2,0,1,22,0,0,0,859,62,0,False,5921,2,2,1224,1,1725,2
2,0,1,32,0,0,0,0,0,0,False,5922,1,4,960,1,1909,2
3,1,3,30,0,0,0,0,0,0,True,5923,1,2,1129,2,888,0
2,0,1,51,0,152,55,25,74,289,False,5924,1,2,1225,1,17,2
1,0,1,29,0,0,1644,0,0,3780,False,5925,1,1,226,2,1910,2
1,0,1,16,0,0,2002,0,96,69,True,5925,2,1,226,2,1910,1
1,0,1,32,0,0,0,0,241,4757,False,5925,3,1,226,2,1910,0
1,0,3,24,0,0,2421,0,725,2300,False,5927,1,1,201,1,1911,0
1,0,1,23,0,0,109,0,4810,25,False,5927,2,1,201,1,1911,2
1,1,3,46,0,0,0,0,0,0,True,5927,3,1,201,1,1911,0
1,0,3,49,0,0,1264,0,5474,104,False,5927,4,1,201,1,1911,0
1,1,1,17,0,0,0,0,0,0,True,5927,5,1,201,1,1912,4
1,0,3,35,0,4,3857,324,899,375,False,5927,6,1,201,1,1911,4
1,0,3,43,0,0,1706,0,274,2056,False,5927,7,1,201,1,1912,0
2,0,1,20,0,149,25,559,21,33,True,5928,1,6,377,1,1913,3
1,1,3,24,0,0,0,0,0,0,True,5930,1,1,227,2,1246,0
1,0,1,28,0,0,1014,0,2463,517,False,5930,2,1,227,2,1246,2
1,1,3,19,0,0,0,0,0,0,True,5930,3,1,227,2,1246,0
1,0,3,39,0,0,0,0,1854,171,False,5931,1,3,56,1,1914,2
3,0,1,34,0,1547,485,97,59,0,False,5933,1,2,1131,2,1901,2
2,0,1,29,0,89,1725,0,0,3,True,5934,1,4,962,1,1112,0
2,0,3,14,0,0,0,52,0,0,True,5938,1,6,384,2,241,1
2,1,1,27,0,0,0,0,0,0,True,5938,2,4,967,2,241,0
2,0,1,30,0,628,0,544,0,126,False,5939,1,6,385,2,1068,3
2,0,1,27,0,72,914,0,0,7,True,5941,1,6,386,2,905,0
2,1,2,32,0,0,0,0,0,0,True,5944,1,4,969,2,1236,2
2,1,1,7,0,0,0,0,0,0,True,5945,1,4,970,2,1904,1
2,1,3,34,0,0,0,0,0,0,True,5945,2,4,970,2,374,0
2,0,2,47,0,163,2,11,593,0,True,5945,3,4,970,2,1904,2
3,0,1,19,0,300,5,642,0,0,False,5946,1,6,387,2,1915,1
1,1,1,52,0,0,0,0,0,0,True,5947,1,6,388,2,1916,2
3,0,1,19,0,758,425,0,0,0,False,5949,1,7,180,2,781,2
3,1,1,18,0,0,0,0,0,0,True,5949,2,2,1132,2,781,2
2,0,1,32,0,0,5,0,64,0,False,5950,1,6,378,1,1363,2
2,0,3,21,0,423,0,172,0,0,False,5951,1,2,1133,2,1084,2
3,0,3,22,0,0,0,0,0,0,True,5952,1,2,1134,2,890,1
3,0,1,13,0,157,0,1199,0,14,False,5953,1,6,390,2,1079,1
3,0,1,25,0,2093,0,6,0,0,False,5954,1,6,391,2,1440,5
3,0,1,33,0,836,0,155,31,0,False,5955,1,6,392,2,1768,2
3,0,1,27,0,1379,0,414,0,805,False,5955,2,2,1135,2,1768,2
2,0,1,21,0,12,0,0,1658,0,False,5956,1,6,379,1,163,3
1,1,3,17,0,0,0,0,0,0,True,5957,1,1,203,1,488,1
1,1,3,15,0,0,0,0,0,0,True,5957,2,1,203,1,488,1
1,0,3,58,1,2,3862,0,1482,73,False,5957,3,1,203,1,488,2
1,0,1,29,0,1,2809,97,61,1227,False,5959,1,7,181,2,1351,1
1,1,1,34,0,0,0,0,0,0,True,5959,2,7,181,2,1351,2
1,0,1,28,0,0,4780,1761,1,247,True,5960,1,8,222,2,979,2
1,0,1,29,0,3215,1211,4,7,417,True,5960,2,8,222,2,979,6
1,1,3,25,0,0,0,0,0,0,True,5960,3,8,222,2,979,1
3,0,3,23,0,112,1184,143,2,585,False,5963,1,2,1228,1,1312,2
2,0,1,22,0,0,40,689,0,79,True,5965,1,4,964,1,79,4
2,1,3,38,0,0,0,0,0,0,True,5967,1,4,965,1,1917,0
2,0,1,38,0,0,784,0,0,0,True,5967,2,4,965,1,1917,1
2,0,1,0,0,0,0,0,0,0,False,5967,3,4,965,1,1917,1
2,0,1,27,0,17,0,0,49,867,False,5968,1,2,1229,1,96,0
2,1,1,0,0,0,0,0,0,0,True,5969,1,4,972,2,1317,4
2,0,3,37,0,0,698,0,0,6,False,5969,2,2,1137,2,1317,2
2,0,1,2,0,0,0,0,0,0,True,5969,3,4,972,2,1317,2
1,1,3,40,0,0,0,0,0,0,True,5970,1,1,229,2,905,2
3,0,1,47,0,448,0,891,0,235,False,5971,1,2,1230,1,1918,1
2,0,1,34,0,0,11,610,591,769,True,5972,1,2,1138,2,1773,1
3,0,1,43,0,1086,4,202,401,0,False,5973,1,2,1139,2,905,3
3,1,3,21,0,0,0,0,0,0,True,5974,1,7,186,1,1644,0
1,1,3,43,0,0,0,0,0,0,True,5975,1,6,380,1,255,4
3,0,1,33,0,3090,0,808,0,0,False,5976,1,7,182,2,220,2
1,0,1,28,0,0,0,0,0,0,True,5977,1,1,230,2,1919,1
1,0,3,57,0,200,9,0,0,24133,False,5977,2,1,230,2,905,3
1,0,1,27,0,0,0,0,0,0,True,5977,3,1,230,2,1919,2
1,0,1,46,0,0,3259,761,4423,0,False,5977,4,1,230,2,1920,3
1,0,3,19,0,0,0,0,2,9,True,5980,1,8,223,2,1921,1
3,0,1,27,0,441,0,397,471,0,False,5981,1,2,1140,2,1364,0
2,0,1,2,0,0,0,0,0,0,True,5981,2,2,1140,2,1364,0
3,0,1,0,0,0,0,0,0,0,True,5981,3,2,1140,2,1364,2
3,0,1,25,1,1442,0,0,0,13,False,5983,1,2,1233,1,274,3
3,1,1,47,0,0,0,0,0,0,True,5983,2,2,1233,1,274,2
3,0,2,38,0,1208,0,13,38,0,True,5984,1,7,187,1,537,2
3,0,1,24,0,555,0,618,0,0,False,5984,2,6,381,1,537,3
2,0,1,24,0,276,0,0,0,489,True,5985,1,2,1234,1,398,0
1,0,1,25,0,0,0,0,0,0,True,5986,1,7,188,1,1214,1
2,0,1,29,0,0,5,6,0,0,True,5987,1,4,973,2,951,2
3,0,3,44,0,2956,0,10,12,692,False,5988,1,2,1235,1,933,2
2,0,1,20,0,0,0,0,703,0,False,5989,1,2,1141,2,1922,1
2,1,1,23,0,0,0,0,0,0,True,5990,1,4,974,2,991,2
1,0,3,26,0,0,9641,51,224,2428,True,5991,1,8,224,2,1923,2
2,1,2,20,0,0,0,0,0,0,True,5992,1,4,975,2,657,5
3,1,1,27,0,0,0,0,0,0,True,5993,1,6,394,2,622,4
2,0,3,23,0,94,132,0,967,5,False,5994,1,2,1236,1,1236,1
2,1,2,33,0,0,0,0,0,0,True,5995,1,4,967,1,773,0
2,0,1,30,0,477,0,8,0,323,True,5998,1,4,977,2,431,0
2,0,1,32,0,0,104,2,0,801,True,5999,1,4,968,1,1924,2
3,0,1,19,0,781,0,295,613,0,False,6000,1,4,427,2,1925,5
3,0,1,41,0,1,0,808,0,0,False,6000,2,7,189,1,1925,2
2,1,1,50,0,0,0,0,0,0,False,6001,1,4,969,1,1381,2
2,0,1,36,0,9,247,0,482,16,False,6003,1,4,970,1,1346,1
3,1,1,21,0,0,0,0,0,0,True,6004,1,2,1143,2,1754,2
1,0,3,45,1,1017,3863,0,601,3999,False,6006,1,7,190,1,1926,2
1,1,3,26,0,0,0,0,0,0,True,6006,2,7,190,1,1926,3
2,1,1,44,0,0,0,0,0,0,True,6007,1,4,971,1,202,4
2,0,2,24,0,0,73,617,0,0,True,6008,1,2,1238,1,124,2
2,1,3,15,0,0,0,0,0,0,True,6010,1,4,979,2,1893,5
2,0,1,58,0,0,0,0,1989,18,False,6011,1,2,1239,1,1546,3
2,0,1,13,0,28,396,367,0,0,False,6014,1,6,395,2,1927,3
1,1,1,19,0,0,0,0,0,0,True,6015,1,1,231,2,1928,0
1,0,3,25,0,140,4451,0,0,2050,True,6015,2,1,231,2,1928,2
2,0,1,24,0,718,0,265,302,384,False,6016,1,6,383,1,191,4
2,0,1,20,0,3,0,0,806,0,False,6016,2,4,973,1,191,3
3,1,1,34,0,0,0,0,0,0,True,6017,1,2,1144,2,1482,3
3,1,1,13,0,0,0,0,0,0,True,6017,2,2,1144,2,1482,4
2,0,1,27,0,0,839,0,36,5,True,6019,1,2,1145,2,1592,2
2,1,3,39,0,0,0,0,0,0,False,6020,1,4,974,1,1120,1
2,1,1,0,0,0,0,0,0,0,False,6020,2,4,974,1,1120,1
2,0,1,10,0,0,0,0,0,0,False,6020,3,4,974,1,1120,2
2,1,1,9,0,0,0,0,0,0,False,6020,4,4,974,1,1120,4
2,0,3,34,0,0,968,273,0,283,False,6020,5,2,1242,1,1120,2
2,0,1,11,0,0,0,0,0,0,False,6020,6,4,974,1,1120,1
2,1,1,0,0,0,0,0,0,0,False,6020,7,4,974,1,1120,2
2,0,1,24,0,0,0,0,14,631,False,6022,1,2,1243,1,905,0
2,1,2,16,0,0,0,0,0,0,True,6024,1,4,975,1,998,2
2,0,1,42,0,0,420,0,1,175,False,6025,1,2,1245,1,1097,2
3,0,1,41,0,982,64,380,0,0,True,6026,1,2,1246,1,614,0
1,0,1,36,0,0,1828,9058,1,2,True,6027,1,1,232,2,703,0
1,0,3,27,0,0,1801,0,304,1393,False,6028,1,3,57,1,1368,0
1,0,1,32,1,0,792,0,1,1335,False,6028,2,3,57,1,1368,0
1,0,3,11,0,0,0,0,0,0,True,6028,3,3,57,1,1368,0
1,0,1,26,1,0,3638,0,1043,0,True,6028,4,4,427,2,1368,5
1,0,1,28,0,0,6921,0,29,45,True,6028,5,3,57,1,1368,1
2,0,1,25,0,0,30,20,0,941,False,6029,1,6,396,2,1852,4
2,0,1,5,0,0,0,0,0,0,True,6030,1,4,981,2,1802,3
2,1,1,27,0,0,0,0,0,0,True,6030,2,4,981,2,264,1
2,0,1,13,0,852,147,7,0,1,True,6030,3,4,981,2,1802,1
2,0,1,30,0,0,0,47,703,4,True,6030,4,4,981,2,264,2
2,1,1,15,0,0,0,0,0,0,True,6030,5,4,981,2,1802,3
2,1,1,0,0,0,0,0,0,0,True,6030,6,4,981,2,1802,0
2,0,1,49,0,0,0,0,0,0,True,6030,7,4,981,2,1802,1
2,0,1,52,0,0,645,0,0,395,True,6031,1,2,1146,2,740,2
2,1,1,15,0,0,0,0,0,0,True,6032,1,4,982,2,1056,2
2,0,1,40,0,521,4,53,70,141,False,6032,2,6,397,2,833,3
2,1,3,0,0,0,0,0,0,0,True,6032,3,4,982,2,741,1
3,0,1,32,0,158,0,139,752,0,False,6033,1,6,384,1,526,3
3,1,3,15,0,0,0,0,0,0,True,6033,2,2,1247,1,526,4
3,0,2,26,0,2042,0,2387,10,0,True,6034,1,6,385,1,551,0
3,1,2,31,0,0,0,0,0,0,False,6034,2,6,385,1,551,1
3,0,1,8,0,0,0,0,0,0,True,6034,3,6,385,1,551,1
2,0,1,18,0,0,0,0,1,827,True,6035,1,6,386,1,25,1
2,0,1,3,0,0,0,0,0,0,False,6035,2,4,976,1,25,3
1,0,1,44,0,0,1289,1224,514,1674,True,6036,1,8,225,2,969,1
2,0,1,15,0,0,677,0,179,3186,True,6036,2,8,225,2,969,0
1,0,1,27,0,0,1857,0,778,587,True,6036,3,8,225,2,969,1
3,0,1,22,0,2413,0,53,1,0,False,6038,1,2,1147,2,1929,2
2,0,1,2,0,0,0,0,0,0,True,6039,1,4,983,2,905,0
2,0,1,32,0,3,0,0,0,757,False,6039,2,2,1148,2,396,3
2,0,1,16,0,805,4,0,0,0,True,6040,1,4,984,2,1013,1
3,0,1,34,0,419,0,15,0,0,False,6041,1,2,1248,1,1864,1
3,0,1,32,0,1946,0,653,0,0,False,6042,1,2,1249,1,1930,0
2,0,1,28,0,0,292,1039,1,489,False,6043,1,4,978,1,1931,1
1,0,1,27,0,0,21,0,8126,4,False,6045,1,1,233,2,1853,1
2,0,2,35,0,508,0,0,57,243,True,6047,1,4,985,2,1727,2
3,1,1,25,0,0,0,0,0,0,False,6048,1,4,427,2,958,2
2,0,1,24,0,178,0,235,0,396,True,6049,1,4,986,2,905,2
2,1,1,61,0,0,0,0,0,0,False,6052,1,4,980,1,262,2
3,1,1,28,0,0,0,0,0,0,True,6054,1,2,1151,2,1932,1
1,0,2,29,1,3,1849,0,3104,1652,False,6055,1,8,185,1,1753,3
1,1,1,41,0,0,0,0,0,0,True,6055,2,8,185,1,1753,2
1,0,1,20,0,1883,0,0,8810,0,False,6055,3,8,185,1,1753,0
3,0,3,18,0,2904,5,50,0,9,False,6058,1,2,1253,1,289,1
2,0,1,28,0,8,0,3949,0,9,True,6059,1,4,982,1,1933,0
2,0,1,18,0,33,0,455,167,48,True,6061,1,2,1153,2,230,4
3,0,1,33,0,301,0,501,0,1013,False,6062,1,2,1254,1,161,3
3,0,1,35,0,0,0,0,0,0,False,6062,2,6,388,1,161,1
1,0,3,68,0,125,13437,0,22408,17,False,6064,1,8,186,1,673,1
2,0,1,19,0,3,785,0,0,0,True,6065,1,6,398,2,1501,0
1,0,1,33,0,0,357,2366,1612,2137,False,6066,1,8,226,2,1934,2
1,0,3,55,0,8142,8,0,1481,0,False,6066,2,8,226,2,1934,4
1,0,1,15,0,0,0,0,0,0,True,6066,3,8,226,2,1934,2
2,0,1,23,0,0,0,0,44,1721,False,6067,1,4,984,1,1935,2
2,0,1,23,0,0,723,1,0,0,True,6068,1,2,1154,2,325,1
3,0,3,15,0,3811,0,109,236,0,False,6069,1,7,185,2,1478,2
3,0,1,49,0,2209,42,109,23,0,False,6070,1,7,186,2,1905,2
2,0,1,33,0,41,417,0,42,308,True,6071,1,4,987,2,371,3
3,1,3,26,0,0,0,0,0,0,True,6073,1,2,1156,2,860,2
1,1,1,26,0,0,0,0,0,0,True,6075,1,1,206,1,658,0
2,0,1,18,0,14,2,144,610,0,True,6076,1,4,988,2,1936,1
2,1,1,17,0,0,0,0,0,0,True,6077,1,4,985,1,943,5
2,0,1,39,0,657,225,0,0,0,True,6080,1,4,989,2,518,1
2,0,1,8,0,0,0,0,0,0,False,6082,1,4,987,1,631,1
2,0,1,46,0,0,0,868,0,3,True,6085,1,2,1257,1,497,2
1,0,3,32,0,0,4176,0,183,6,True,6086,1,3,72,2,1764,3
2,0,1,19,0,605,0,24,1,86,False,6087,1,2,1160,2,472,3
3,1,1,36,0,0,0,0,0,0,True,6090,1,2,1259,1,607,1
2,1,1,28,0,0,0,0,0,0,True,6091,1,4,988,1,874,3
2,0,1,39,0,0,29,291,13,527,False,6091,2,2,1260,1,874,0
2,0,1,16,0,0,0,641,33,29,True,6092,1,2,1161,2,1090,3
2,1,2,7,0,0,0,0,0,0,True,6092,2,4,991,2,1090,2
2,0,1,1,0,0,0,0,0,0,True,6092,3,4,991,2,1090,1
1,1,3,30,0,0,0,0,0,0,True,6094,1,8,227,2,348,1
1,1,3,44,0,0,0,0,0,0,True,6094,2,8,227,2,348,0
1,1,3,28,0,0,0,0,0,0,True,6094,3,8,227,2,348,1
3,0,1,29,0,3564,0,802,0,0,False,6095,1,7,192,1,1601,4
3,0,1,41,0,239,1,1048,0,0,True,6096,1,2,1162,2,1937,3
3,0,1,13,0,1119,11,1326,0,0,True,6096,2,2,1162,2,1937,3
3,0,1,18,0,4397,610,1437,4,0,False,6096,3,2,1162,2,1937,2
2,0,3,27,0,0,0,0,2725,73,False,6098,1,2,1163,2,1897,2
2,1,1,26,0,0,0,0,0,0,True,6099,1,4,992,2,410,3
2,0,3,24,0,13,0,2,673,3,False,6101,1,2,1261,1,1938,1
2,0,2,26,0,104,0,0,280,216,False,6102,1,2,1165,2,571,4
2,1,2,27,0,0,0,0,0,0,True,6103,1,4,990,1,1459,2
1,0,1,58,0,0,1012,0,1120,20,False,6105,1,6,401,2,381,1
1,1,3,54,0,0,0,0,0,0,True,6106,1,8,228,2,1631,2
2,0,3,18,0,0,0,0,63,525,True,6107,1,2,1263,1,632,2
2,0,1,13,0,206,28,0,1,629,False,6108,1,2,1166,2,905,1
1,0,1,13,0,0,9,0,0,5648,False,6109,1,8,187,1,454,2
1,1,1,28,0,0,0,0,0,0,True,6109,2,8,187,1,454,0
2,0,3,57,0,0,0,0,0,642,True,6110,1,6,389,1,534,1
1,1,1,32,0,0,0,0,0,0,True,6111,1,3,58,1,1939,2
1,0,1,32,0,0,0,0,4588,0,False,6111,2,3,58,1,1939,1
1,1,3,21,0,0,0,0,0,0,True,6111,3,4,427,2,1939,4
1,1,3,34,0,0,0,0,0,0,True,6111,4,3,58,1,1939,5
1,0,1,33,0,0,2110,0,773,10,True,6111,5,3,58,1,1939,1
3,1,1,36,0,0,0,0,0,0,True,6112,1,2,1264,1,159,3
3,0,1,50,0,513,0,0,764,21,False,6115,1,6,390,1,392,5
3,0,1,28,0,828,0,72,6,0,False,6116,1,2,1167,2,72,4
1,0,1,56,0,679,1126,0,33,3230,False,6117,1,1,234,2,1940,1
3,0,3,42,0,1156,0,1,305,0,False,6118,1,2,1266,1,1159,1
3,1,1,39,0,0,0,0,0,0,False,6118,2,6,391,1,1159,1
2,0,2,13,0,0,1180,0,0,0,True,6120,1,2,1169,2,550,1
1,0,1,28,0,0,4585,0,2,35,True,6121,1,8,229,2,487,1
1,0,1,55,0,916,1056,0,1677,593,False,6121,2,8,229,2,487,1
2,0,3,36,0,0,0,700,0,0,True,6122,1,2,1267,1,1115,1
3,1,1,27,0,0,0,0,0,0,True,6123,1,2,1268,1,1316,2
2,0,2,37,0,0,0,834,0,8,True,6124,1,4,991,1,863,2
1,1,3,50,0,0,0,0,0,0,True,6126,1,8,188,1,1394,1
1,0,1,27,0,551,1436,0,462,309,False,6127,1,6,404,2,1691,3
2,1,1,23,0,0,0,0,0,0,False,6128,1,4,992,1,1941,1
2,0,1,16,0,7,0,311,0,683,False,6128,2,2,1270,1,1941,2
1,0,3,33,1,0,3095,0,197,40,True,6130,1,8,189,1,1942,0
3,1,1,46,0,0,0,0,0,0,True,6132,1,2,1170,2,425,1
2,1,2,26,0,0,0,0,0,0,True,6133,1,4,993,2,990,1
2,0,1,24,0,270,0,534,0,0,False,6135,1,2,1272,1,962,2
2,0,1,26,0,0,0,0,213,1078,False,6136,1,2,1172,2,179,4
2,0,1,2,0,0,0,0,0,0,True,6137,1,4,994,2,1941,3
2,0,1,33,0,457,0,0,0,445,False,6137,2,2,1173,2,1442,2
2,1,1,32,0,0,0,0,0,0,True,6137,3,4,994,2,1941,1
2,1,1,3,0,0,0,0,0,0,True,6137,4,4,994,2,1941,5
2,1,1,2,0,0,0,0,0,0,True,6137,5,4,994,2,1941,3
2,0,1,6,0,0,0,0,0,0,True,6137,6,4,994,2,1941,1
3,0,1,27,0,236,699,332,31,0,True,6138,1,6,406,2,1943,3
1,0,1,0,0,0,0,0,0,0,True,6139,1,8,230,2,1508,1
1,1,1,4,0,0,0,0,0,0,True,6139,2,8,230,2,528,1
1,0,1,58,0,0,1073,0,803,988,True,6139,3,8,230,2,528,1
1,1,1,22,0,0,0,0,0,0,True,6139,4,8,230,2,528,5
1,1,3,51,0,0,0,0,0,0,True,6139,5,8,230,2,528,4
1,1,3,37,0,0,0,0,0,0,True,6139,6,8,230,2,528,3
2,0,2,17,0,0,20,0,14,884,False,6141,1,2,1174,2,431,1
2,0,1,21,0,28,0,0,662,0,False,6141,2,4,427,2,905,3
2,0,1,27,0,3,791,0,362,0,True,6143,1,2,1175,2,686,0
1,0,3,27,0,3478,10,0,105,2383,False,6145,1,8,231,2,1738,0
1,0,1,31,0,0,0,0,0,0,False,6146,1,1,207,1,1944,0
3,1,1,43,0,0,0,0,0,0,True,6148,1,2,1176,2,1945,2
3,1,1,27,0,0,0,0,0,0,True,6148,2,2,1176,2,1945,0
2,0,1,15,0,1682,103,0,0,3,True,6149,1,4,995,2,803,4
2,0,1,18,0,0,784,8,11,0,True,6150,1,2,1177,2,981,1
1,1,1,33,0,0,0,0,0,0,True,6152,1,1,235,2,1808,4
1,0,1,31,0,0,53,0,2963,1017,False,6152,2,1,235,2,1808,2
1,1,3,41,0,0,0,0,0,0,True,6153,1,1,236,2,1946,0
2,0,1,22,0,1,0,10,625,0,False,6155,1,2,1178,2,1188,0
2,0,1,40,0,0,1,0,888,80,False,6156,1,2,1179,2,990,0
3,0,1,49,0,460,86,92,659,0,False,6157,1,6,407,2,1930,0
2,1,2,14,0,0,0,0,0,0,True,6158,1,4,996,2,1672,0
2,0,3,22,0,0,0,1,575,0,False,6162,1,2,1181,2,1512,5
2,0,1,22,0,0,32,33,429,1174,False,6163,1,6,409,2,835,2
2,0,1,25,0,980,0,3,0,0,False,6166,1,6,394,1,73,2
2,1,2,42,0,0,0,0,0,0,True,6167,1,4,998,2,842,5
2,1,2,16,0,0,0,0,0,0,True,6168,1,4,999,2,409,0
2,0,3,12,0,0,0,0,0,0,True,6168,2,4,999,2,409,0
2,0,1,18,0,382,10,291,90,9,True,6169,1,4,1000,2,1893,5
2,0,1,33,0,0,2,0,0,807,False,6170,1,4,998,1,1641,4
2,0,1,14,0,5,0,479,297,9,False,6171,1,6,410,2,738,5
2,1,1,36,0,0,0,0,0,0,True,6172,1,4,1001,2,1947,1
1,1,1,23,0,0,0,0,0,0,True,6173,1,1,208,1,905,1
2,0,3,24,0,0,479,116,1,37,False,6174,1,2,1274,1,1284,4
2,1,2,4,0,0,0,0,0,0,True,6174,2,4,999,1,872,2
2,1,1,27,0,0,0,0,0,0,False,6174,3,4,999,1,1284,2
2,0,1,18,0,628,0,0,31,150,False,6175,1,4,1000,1,1015,3
2,1,1,21,0,0,0,0,0,0,True,6175,2,4,1000,1,218,3
2,0,1,27,0,12,0,0,873,0,False,6175,3,4,1000,1,1015,2
3,1,1,34,0,0,0,0,0,0,True,6176,1,2,1275,1,1050,1
2,1,2,28,0,0,0,0,0,0,False,6178,1,4,1001,1,601,1
1,1,1,35,0,0,0,0,0,0,True,6179,1,1,209,1,1948,0
2,1,2,16,0,0,0,0,0,0,True,6180,1,4,1002,2,1026,2
1,0,1,36,0,0,2624,1657,2799,1,False,6181,1,8,191,1,1949,0
2,1,1,30,0,0,0,0,0,0,False,6182,1,4,1002,1,1134,4
2,1,2,4,0,0,0,0,0,0,True,6184,1,4,1003,2,856,0
3,0,1,19,1,61,783,110,0,0,True,6186,1,6,396,1,1316,3
2,0,1,3,0,0,0,0,0,0,True,6189,1,4,1004,1,137,1
1,1,1,51,0,0,0,0,0,0,True,6191,1,3,59,1,1179,2
1,1,1,27,0,0,0,0,0,0,True,6191,2,3,59,1,1179,0
1,1,1,45,0,0,0,0,0,0,True,6191,3,3,59,1,1179,0
1,1,1,18,0,0,0,0,0,0,True,6191,4,3,59,1,1179,0
2,0,2,23,0,0,126,403,0,21,True,6192,1,2,1183,2,1173,1
2,0,1,15,0,1042,0,36,0,0,False,6194,1,2,1185,2,905,4
3,1,1,34,0,0,0,0,0,0,True,6199,1,6,412,2,1950,0
3,0,1,47,0,5,1027,0,24,0,True,6199,2,7,188,2,1950,2
1,0,1,27,0,3,4654,0,657,214,True,6200,1,1,238,2,1951,1
1,0,1,26,0,0,9,0,3,2047,False,6200,2,1,238,2,1951,0
1,0,3,25,0,2026,4929,0,1179,10270,False,6200,3,1,238,2,1951,2
1,0,3,34,1,0,1174,0,130,1141,False,6201,1,3,60,1,1952,1
3,0,1,27,1,55,0,50,1849,1,False,6205,1,7,189,2,1953,3
2,0,1,39,0,0,176,43,660,0,False,6206,1,2,1187,2,1954,3
3,0,1,31,0,915,0,1313,370,0,False,6207,1,2,1278,1,1861,0
3,0,1,4,0,0,0,0,0,0,True,6207,2,2,1278,1,1861,0
3,0,1,19,0,0,0,0,0,0,False,6207,3,6,397,1,1861,2
3,1,3,59,0,0,0,0,0,0,True,6208,1,2,1279,1,1955,4
3,0,1,19,0,2006,0,0,0,0,True,6211,1,7,193,1,1956,2
2,0,3,25,0,258,0,306,311,24,True,6213,1,2,1280,1,235,1
1,0,3,28,0,0,809,0,2043,72,True,6215,1,1,239,2,1957,0
1,0,3,37,0,0,90,0,3282,11,False,6215,2,1,239,2,1957,4
3,0,1,43,0,24,1,1167,0,0,True,6216,1,2,1282,1,1643,4
2,0,3,18,0,425,779,0,0,74,False,6218,1,2,1188,2,880,1
2,0,1,36,0,1603,0,2,87,0,False,6218,2,6,413,2,880,3
2,0,1,14,0,71,0,0,0,0,False,6219,1,2,1283,1,500,1
2,0,2,42,0,0,168,0,113,461,False,6220,1,2,1284,1,6,0
2,0,2,29,0,25,0,2,0,657,False,6222,1,2,1190,2,943,2
3,0,1,23,0,1696,46,82,235,17,False,6223,1,6,398,1,1562,3
2,0,1,16,0,0,0,60,0,1963,False,6224,1,2,1191,2,472,3
2,0,3,8,0,0,0,0,0,0,True,6224,2,4,1006,2,472,3
2,0,1,20,0,1,0,0,32,875,False,6225,1,4,1007,1,1614,0
2,0,2,50,0,199,0,182,0,0,False,6227,1,2,1192,2,124,0
2,0,1,38,0,0,709,39,62,0,True,6228,1,4,1007,2,1710,0
3,1,1,39,0,0,0,0,0,0,True,6229,1,2,1286,1,1958,1
3,0,1,33,0,559,0,145,594,0,False,6230,1,6,414,2,1959,4
1,1,3,30,0,0,0,0,0,0,True,6232,1,1,241,2,1960,2
3,0,2,40,1,301,0,1310,4,0,True,6234,1,2,1287,1,1445,1
2,0,1,22,0,395,0,0,300,125,False,6236,1,2,1194,2,937,2
3,1,1,52,0,0,0,0,0,0,True,6237,1,2,1195,2,1950,1
3,1,1,26,0,0,0,0,0,0,True,6238,1,2,1196,2,1767,2
2,0,1,19,0,2044,0,13,1,0,False,6239,1,2,1197,2,683,1
2,0,1,33,0,6,0,0,0,950,False,6241,1,2,1198,2,1961,2
2,1,2,33,0,0,0,0,0,0,True,6243,1,4,1010,2,1710,2
2,0,1,20,0,0,0,841,5,0,True,6245,1,4,1011,2,101,3
3,0,1,28,0,0,0,129,0,0,False,6246,1,2,1199,2,823,2
2,1,3,10,0,0,0,0,0,0,True,6248,1,4,1012,2,1756,3
2,0,1,23,0,0,1,908,0,0,True,6249,1,4,1008,1,706,1
2,0,1,28,0,0,0,887,0,0,True,6250,1,4,1013,2,661,4
2,0,1,23,0,2189,0,0,0,0,True,6251,1,2,1200,2,281,0
3,0,1,54,0,630,298,418,312,0,False,6252,1,2,1201,2,367,2
3,0,1,57,0,368,0,636,1082,512,False,6253,1,2,1289,1,684,1
3,0,3,24,0,737,293,301,0,0,False,6253,2,2,1289,1,684,3
1,1,1,37,0,0,0,0,0,0,True,6254,1,1,243,2,1962,1
1,1,1,59,0,0,0,0,0,0,True,6254,2,1,243,2,1962,1
2,1,1,53,0,0,0,0,0,0,True,6256,1,4,1009,1,1032,1
3,1,1,22,0,0,0,0,0,0,True,6262,1,2,1293,1,717,1
2,0,1,18,0,102,3,186,2287,0,False,6262,2,7,195,1,717,1
1,1,3,17,0,0,0,0,0,0,True,6263,1,1,213,1,1003,1
2,0,3,25,0,0,1674,3,9,3554,False,6263,2,1,213,1,1003,3
2,0,1,18,0,108,2,11,0,680,False,6264,1,2,1294,1,472,0
2,0,1,20,0,379,0,29,39,91,False,6265,1,4,427,2,1963,3
2,0,1,24,0,0,2680,0,2,45,True,6266,1,2,1296,1,412,1
3,1,1,33,0,0,0,0,0,0,True,6268,1,2,1202,2,1482,2
2,0,1,34,0,124,0,0,679,0,False,6270,1,2,1297,1,1963,1
2,0,3,24,0,0,254,13,0,477,False,6270,2,2,1297,1,1963,1
1,0,1,37,0,0,0,0,0,0,True,6271,1,3,62,1,1964,4
3,0,1,23,0,690,0,0,292,1596,False,6273,1,7,196,1,1285,3
3,0,1,32,0,2031,0,28,519,0,False,6273,2,7,196,1,1285,2
3,1,1,13,0,0,0,0,0,0,True,6274,1,2,1203,2,1650,0
2,1,3,23,0,0,0,0,0,0,True,6276,1,4,1011,1,110,0
2,1,1,23,0,0,0,0,0,0,True,6277,1,4,1014,2,1056,0
1,0,1,27,0,135,3103,9,424,629,False,6279,1,3,74,2,536,1
2,1,1,47,0,0,0,0,0,0,True,6280,1,4,1012,1,1444,0
2,0,1,38,0,20,0,751,0,2,True,6281,1,4,1015,2,917,1
3,0,1,28,0,158,0,0,465,0,False,6282,1,2,1205,2,486,1
2,0,1,21,0,0,296,2,0,1543,False,6283,1,2,1206,2,218,0
2,0,1,27,0,2,3,93,6,540,False,6283,2,2,1206,2,218,1
1,0,3,64,0,0,0,0,0,0,True,6285,1,1,245,2,812,0
1,0,1,43,0,2,5329,0,7,0,True,6285,2,1,245,2,812,2
2,0,1,21,0,0,0,28,508,272,True,6289,1,4,1018,2,1420,2
2,0,1,36,0,78,9,0,0,841,True,6290,1,4,1013,1,1604,1
2,0,2,22,0,0,0,0,48,653,True,6292,1,4,1020,2,852,1
2,0,1,24,0,0,1049,1,0,0,False,6293,1,2,1301,1,578,1
1,1,1,21,0,0,0,0,0,0,True,6296,1,1,247,2,747,4
2,0,1,57,0,0,1409,29,0,0,True,6297,1,4,1014,1,832,2
1,0,3,46,0,0,8943,0,0,159,True,6299,1,8,192,1,1124,5
3,1,1,42,0,0,0,0,0,0,True,6300,1,2,1303,1,1862,2
2,0,1,16,0,17,0,0,537,173,False,6301,1,2,1304,1,664,4
2,0,1,40,0,0,175,0,11,537,False,6302,1,2,1305,1,1965,1
2,0,1,3,0,0,0,0,0,0,False,6302,2,4,1015,1,1688,2
2,0,1,8,0,0,0,0,0,0,True,6302,3,4,1015,1,853,2
2,1,2,3,0,0,0,0,0,0,True,6302,4,4,427,2,1041,2
2,0,3,35,0,1669,0,7,0,90,False,6302,5,4,1015,1,853,2
2,0,3,12,0,0,0,0,0,0,True,6302,6,4,1015,1,1688,1
2,1,1,27,0,0,0,0,0,0,True,6302,7,4,1015,1,853,0
1,0,3,47,1,0,2225,1573,201,23,True,6304,1,8,193,1,1966,1
1,1,3,19,0,0,0,0,0,0,True,6305,1,1,248,2,1967,2
1,0,1,46,0,3616,564,0,15,3303,False,6305,2,1,248,2,1967,1
2,0,1,28,0,0,152,215,30,510,False,6308,1,4,1017,1,863,1
2,0,1,5,0,0,0,0,0,0,True,6309,1,4,1023,2,1898,1
2,0,1,7,0,0,0,0,0,0,True,6309,2,4,1023,2,1501,1
2,1,1,3,0,0,0,0,0,0,True,6309,3,4,1023,2,1898,1
2,0,1,1,0,0,0,0,0,0,True,6309,4,4,1023,2,1501,1
2,0,3,7,0,0,0,0,0,0,True,6309,5,4,1023,2,1501,2
1,0,1,60,0,0,190,3,1964,30,False,6313,1,7,190,2,1952,4
2,0,1,34,0,6,878,0,10,2203,False,6313,2,7,190,2,1952,4
1,0,1,28,0,0,0,0,6,9837,False,6315,1,8,234,2,3,3
2,0,3,64,0,0,316,2,673,0,False,6316,1,6,401,1,1612,4
2,0,1,13,0,898,0,0,0,24,False,6317,1,2,1208,2,943,1
2,1,1,15,0,0,0,0,0,0,True,6318,1,4,1018,1,623,1
2,0,1,65,0,458,0,555,0,0,False,6319,1,4,1019,1,406,4
3,0,1,53,0,78,85,859,0,0,True,6320,1,6,418,2,1842,1
1,1,3,58,0,0,0,0,0,0,True,6321,1,8,194,1,1968,3
1,0,1,19,0,0,1234,0,1956,0,False,6321,2,8,194,1,1968,0
1,1,3,27,0,0,0,0,0,0,True,6321,3,8,194,1,1968,0
2,0,1,16,0,0,68,1541,0,0,True,6322,1,6,419,2,170,0
1,0,3,48,0,3,4089,0,4368,147,False,6323,1,8,235,2,1571,1
1,0,1,33,0,2,4742,0,34,0,True,6323,2,8,235,2,1969,4
2,0,1,31,0,19,509,0,0,177,False,6324,1,6,420,2,5,0
2,0,3,44,0,0,0,0,0,0,True,6324,2,4,1025,2,5,1
2,0,1,40,0,1,0,895,10,0,True,6324,3,4,1025,2,5,0
2,1,1,34,0,0,0,0,0,0,True,6325,1,4,1026,2,654,1
2,0,1,21,0,0,541,0,143,0,False,6325,2,2,1209,2,1321,0
2,0,1,20,0,0,20,1,696,0,False,6326,1,2,1307,1,5,0
3,1,1,9,0,0,0,0,0,0,True,6327,1,2,1308,1,1970,3
2,1,1,33,0,0,0,0,0,0,False,6328,1,4,1020,1,828,3
2,1,2,2,0,0,0,0,0,0,False,6328,2,4,1020,1,828,1
2,0,1,53,0,627,32,0,0,37,False,6328,3,2,1309,1,828,3
2,0,3,0,0,0,0,0,0,0,True,6328,4,4,1020,1,828,1
2,1,2,38,0,0,0,0,0,0,True,6330,1,4,1027,2,1250,3
1,1,3,21,0,0,0,0,0,0,True,6331,1,8,237,2,1971,3
2,1,1,31,0,0,0,0,0,0,True,6334,1,4,1028,2,956,1
2,1,2,7,0,0,0,0,0,0,True,6334,2,4,1028,2,956,0
2,0,3,12,0,0,0,0,0,0,True,6334,3,4,1028,2,836,0
2,1,2,0,0,0,0,0,0,0,True,6334,4,4,1028,2,956,2
2,0,1,17,0,5,0,1317,287,0,True,6334,5,6,421,2,956,3
2,0,1,55,0,0,242,0,479,3,False,6334,6,2,1210,2,956,2
2,0,3,2,0,0,0,0,0,0,True,6334,7,4,1028,2,956,3
2,0,1,32,0,18,0,0,1382,0,False,6335,1,2,1312,1,1778,2
2,0,3,16,0,0,0,694,0,102,False,6338,1,2,1313,1,971,0
2,0,1,0,0,0,0,0,0,0,False,6339,1,4,1022,1,712,0
1,0,1,29,0,0,584,5468,7,661,True,6340,1,8,195,1,1817,2
1,0,3,25,0,484,11441,0,4,5477,False,6340,2,8,195,1,1817,2
3,0,3,39,0,1884,0,1435,5,469,False,6341,1,7,191,2,1745,1
3,1,1,42,0,0,0,0,0,0,True,6343,1,6,423,2,428,1
2,0,3,0,0,0,0,0,0,0,True,6344,1,4,1023,1,1280,1
2,1,1,14,0,0,0,0,0,0,True,6344,2,4,1023,1,1280,1
3,0,1,29,0,2223,0,0,0,0,False,6346,1,2,1212,2,1643,0
3,0,1,54,0,676,0,231,379,0,False,6346,2,2,1212,2,1643,3
2,1,1,35,0,0,0,0,0,0,True,6347,1,4,1030,2,91,2
1,0,3,27,0,49,13342,0,1885,6985,False,6348,1,8,238,2,1972,1
3,0,1,18,0,593,0,508,0,12,True,6349,1,2,1314,1,595,0
2,0,3,14,0,0,973,0,1,0,True,6351,1,6,403,1,332,1
1,1,1,53,0,0,0,0,0,0,True,6353,1,7,199,1,905,0
2,0,1,48,0,410,2108,0,0,0,True,6354,1,2,1315,1,249,1
2,0,3,21,0,0,641,0,0,0,True,6355,1,2,1213,2,1193,2
2,0,1,44,0,0,0,0,729,397,True,6356,1,2,1316,1,448,1
2,0,1,25,0,106,0,0,0,925,False,6357,1,2,1214,2,506,1
1,0,1,0,0,0,0,0,0,0,True,6360,1,3,75,2,1973,2
1,1,1,27,0,0,0,0,0,0,True,6360,2,3,75,2,1973,2
1,1,1,40,0,0,0,0,0,0,True,6360,3,3,75,2,1973,1
2,0,1,44,0,0,509,129,246,0,True,6361,1,4,1031,2,736,2
2,1,1,36,0,0,0,0,0,0,False,6363,1,4,427,2,1702,0
2,1,3,3,0,0,0,0,0,0,True,6363,2,4,1026,1,1702,0
2,1,1,9,0,0,0,0,0,0,False,6363,3,4,1026,1,1702,7
2,1,1,1,0,0,0,0,0,0,False,6363,4,4,1026,1,1702,1
2,0,1,17,0,0,0,977,0,5,True,6363,5,6,405,1,1702,2
2,1,1,47,0,0,0,0,0,0,False,6363,6,4,1026,1,1702,4
2,1,1,27,0,0,0,0,0,0,False,6363,7,4,1026,1,1702,1
1,0,3,33,0,0,38,0,1,3167,False,6365,1,3,64,1,1974,5
2,0,2,16,0,0,0,99,0,774,True,6366,1,6,424,2,1651,2
3,0,1,30,1,1960,0,638,0,0,False,6367,1,2,1215,2,1975,2
3,0,3,18,0,114,131,927,0,0,True,6367,2,2,1215,2,1975,3
2,0,1,26,0,360,8,1,329,185,False,6368,1,4,1033,2,1019,2
2,0,2,19,0,577,169,0,7,0,True,6369,1,2,1318,1,630,1
3,1,1,28,0,0,0,0,0,0,True,6370,1,2,1216,2,1138,3
2,0,1,35,0,858,10,16,0,0,False,6371,1,4,1027,1,649,2
1,0,1,40,0,773,3729,43,10,0,True,6372,1,1,216,1,763,1
1,0,1,26,1,0,2199,0,328,329,False,6372,2,1,216,1,1834,0
1,0,3,45,0,0,3200,0,415,161,True,6372,3,1,216,1,1834,2
1,1,3,18,0,0,0,0,0,0,True,6372,4,1,216,1,1834,2
2,0,3,54,0,801,5,0,0,0,True,6373,1,2,1319,1,1976,1
2,0,1,13,0,1144,0,6,0,0,False,6374,1,2,1320,1,1074,2
3,1,3,26,0,0,0,0,0,0,True,6376,1,2,1217,2,903,1
2,1,2,16,0,0,0,0,0,0,True,6378,1,4,1034,2,765,2
2,0,1,37,0,0,959,8,20,169,False,6380,1,2,1322,1,177,0
2,1,1,17,0,0,0,0,0,0,True,6380,2,4,1028,1,177,0
2,0,3,16,0,2,511,0,0,1578,False,6380,3,2,1322,1,177,2
2,0,1,18,0,358,336,0,0,0,False,6381,1,2,1323,1,446,1
3,0,2,21,0,435,0,422,16,0,False,6385,1,4,427,2,1977,2
2,0,1,24,0,0,0,0,0,826,True,6388,1,4,1029,1,306,3
2,1,1,22,0,0,0,0,0,0,True,6390,1,4,1036,2,1194,2
2,1,1,41,0,0,0,0,0,0,True,6394,1,4,1037,2,1561,1
2,1,1,15,0,0,0,0,0,0,True,6394,2,4,1037,2,1573,1
2,1,1,36,0,0,0,0,0,0,True,6394,3,4,1037,2,1573,1
2,0,3,23,0,0,0,478,4560,0,False,6394,4,4,1037,2,1573,1
2,0,1,31,0,0,243,0,0,0,False,6396,1,6,427,2,1978,2
2,0,1,19,0,114,3,622,0,0,False,6397,1,2,1223,2,683,1
2,1,3,23,0,0,0,0,0,0,True,6398,1,4,1030,1,1151,1
2,0,1,47,0,0,106,2915,0,1200,False,6399,1,4,1031,1,1941,0
1,0,3,40,0,0,1677,0,109,320,True,6400,1,3,76,2,820,1
1,0,3,34,1,0,618,0,0,10888,False,6400,2,3,76,2,820,2
2,0,1,2,0,0,0,0,0,0,False,6402,1,4,1032,1,609,1
2,1,1,8,0,0,0,0,0,0,False,6402,2,4,1032,1,609,2
2,1,1,0,0,0,0,0,0,0,True,6402,3,4,1032,1,609,3
2,0,2,18,0,0,0,1720,1,0,True,6402,4,4,1032,1,910,0
2,0,1,11,0,0,0,0,0,0,False,6402,5,4,1032,1,609,1
2,0,1,18,0,0,20,790,0,0,True,6404,1,4,1038,2,1070,3
2,0,2,19,0,54,0,0,42,986,False,6405,1,2,1224,2,462,2
2,0,1,2,0,0,0,0,0,0,True,6405,2,4,427,2,462,1
2,1,1,25,0,0,0,0,0,0,True,6405,3,4,1039,2,462,3
2,0,3,0,0,0,0,0,0,0,True,6405,4,4,1039,2,462,2
1,1,3,27,0,0,0,0,0,0,True,6406,1,4,427,2,1261,5
1,1,3,34,0,0,0,0,0,0,True,6406,2,1,249,2,1261,1
2,1,1,19,0,0,0,0,0,0,True,6407,1,4,1033,1,905,3
2,0,2,22,0,431,40,0,10,0,False,6408,1,4,1034,1,1701,2
2,0,1,22,0,0,0,165,14,629,False,6409,1,4,1035,1,1590,6
2,0,2,52,0,0,652,9,0,0,False,6411,1,2,1328,1,1979,3
2,0,1,30,0,59,0,0,0,1611,False,6412,1,6,407,1,1378,2
1,0,1,65,0,0,1420,0,85,827,False,6413,1,3,77,2,1980,3
2,0,1,31,0,294,480,31,3,0,True,6414,1,4,1040,2,1194,2
3,1,1,51,0,0,0,0,0,0,True,6415,1,2,1225,2,1864,1
2,0,1,21,0,365,52,0,0,288,True,6416,1,4,427,2,1614,2
2,0,1,27,0,93,0,0,0,772,False,6418,1,2,1329,1,180,1
2,0,1,31,0,0,0,873,0,0,True,6419,1,6,428,2,630,2
1,1,3,28,0,0,0,0,0,0,True,6421,1,8,197,1,1981,3
1,0,1,29,0,0,577,0,5568,432,False,6421,2,4,427,2,1981,5
3,0,1,23,0,1533,0,858,297,0,False,6422,1,2,1330,1,1982,2
3,1,1,11,0,0,0,0,0,0,True,6422,2,2,1330,1,1982,3
3,0,1,23,0,1233,0,527,0,0,False,6422,3,2,1330,1,1354,3
3,0,1,34,0,801,0,246,1,0,False,6422,4,6,408,1,1982,5
2,0,1,20,0,0,0,151,508,0,False,6424,1,2,1331,1,372,2
1,1,3,20,0,0,0,0,0,0,True,6428,1,8,198,1,267,1
1,1,1,16,0,0,0,0,0,0,True,6428,2,8,198,1,267,4
2,1,1,18,0,0,0,0,0,0,False,6430,1,4,1037,1,555,1
2,0,3,20,0,24,56,1,0,468,False,6431,1,2,1334,1,163,2
2,1,2,20,0,0,0,0,0,0,True,6431,2,4,1038,1,163,1
2,0,3,27,0,30,0,763,0,57,False,6431,3,4,1038,1,163,5
1,0,3,55,0,114,222,0,2575,2919,False,6432,1,7,202,1,1983,1
3,0,3,53,0,83,0,1590,60,0,True,6433,1,7,193,2,1094,0
3,1,1,37,0,0,0,0,0,0,True,6433,2,7,193,2,905,4
2,1,2,55,0,0,0,0,0,0,True,6434,1,4,1039,1,905,1
2,0,1,24,0,552,1,0,231,0,True,6436,1,4,1043,2,1235,1
2,0,3,24,0,14,0,1,528,109,True,6437,1,2,1228,2,1070,3
2,1,2,49,0,0,0,0,0,0,True,6439,1,4,1044,2,1145,1
2,0,1,17,0,0,0,0,1806,0,False,6442,1,4,1045,2,390,1
2,0,1,39,0,0,0,710,56,1,True,6443,1,4,1046,2,906,5
2,1,3,5,0,0,0,0,0,0,True,6443,2,4,1046,2,158,4
2,0,1,10,0,0,0,0,0,0,True,6443,3,4,1046,2,158,1
2,1,1,1,0,0,0,0,0,0,True,6443,4,4,1046,2,158,2
2,0,1,16,0,45,0,622,0,564,False,6443,5,2,1229,2,158,2
2,0,1,51,0,0,10,388,1380,0,False,6443,6,4,1046,2,158,2
2,1,1,5,0,0,0,0,0,0,True,6443,7,4,1046,2,582,2
2,0,1,19,0,0,0,0,0,0,False,6444,1,4,1041,1,1425,4
2,1,1,0,0,0,0,0,0,0,True,6444,2,4,1041,1,1425,1
2,0,1,20,0,810,0,0,0,0,False,6446,1,4,1047,2,1040,5
2,1,1,0,0,0,0,0,0,0,True,6446,2,4,1047,2,1040,1
2,1,1,1,0,0,0,0,0,0,True,6446,3,4,1047,2,1040,3
2,1,2,38,0,0,0,0,0,0,True,6447,1,4,1043,1,905,1
2,0,1,40,0,0,0,433,343,0,False,6448,1,2,1230,2,880,1
3,0,1,18,0,0,0,0,0,0,False,6449,1,6,430,2,1984,1
3,0,1,36,0,636,0,168,1795,0,False,6449,2,2,1231,2,1984,3
1,0,1,23,0,0,596,57,259,4666,False,6450,1,8,200,1,1985,4
1,1,3,42,0,0,0,0,0,0,True,6450,2,8,200,1,1985,1
3,0,1,37,0,610,0,410,148,14,False,6451,1,4,427,2,1330,0
2,0,1,24,0,0,854,11,0,0,True,6452,1,2,1336,1,905,2
2,0,1,12,0,0,0,0,0,0,True,6452,2,4,1044,1,1221,1
2,1,1,2,0,0,0,0,0,0,True,6452,3,4,1044,1,1221,2
2,0,2,28,0,0,7,17,0,1724,False,6453,1,4,1045,1,90,1
2,1,1,44,0,0,0,0,0,0,True,6454,1,4,1046,1,555,3
1,0,1,26,0,0,3818,0,1877,136,False,6455,1,7,203,1,1985,4
2,0,1,36,0,32,3,657,58,41,False,6456,1,6,410,1,497,0
2,0,3,28,0,0,728,0,0,82,True,6457,1,2,1337,1,125,3
3,0,1,14,0,0,0,0,0,0,False,6458,1,6,431,2,810,3
2,1,1,14,0,0,0,0,0,0,False,6459,1,4,1047,1,1595,2
2,0,1,28,0,0,602,0,115,0,True,6461,1,2,1232,2,1033,0
3,1,1,27,0,0,0,0,0,0,True,6462,1,2,1233,2,905,1
3,0,1,21,0,899,1,1686,13,0,True,6462,2,2,1233,2,408,2
2,0,1,24,0,1256,2,8,1530,0,False,6463,1,2,1234,2,1672,1
2,0,2,18,0,22,0,20,596,5,False,6464,1,2,1338,1,962,2
3,1,1,24,0,0,0,0,0,0,True,6468,1,2,1339,1,377,2
3,1,1,8,0,0,0,0,0,0,True,6468,2,2,1339,1,377,4
3,1,1,36,0,0,0,0,0,0,False,6468,3,6,411,1,377,5
3,0,1,32,1,1179,0,4,0,0,False,6468,4,7,204,1,377,1
2,0,1,19,0,14,614,0,160,0,False,6470,1,6,432,2,303,3
2,0,1,12,0,0,0,0,0,0,True,6471,1,4,1050,2,1695,2
1,1,1,21,0,0,0,0,0,0,True,6472,1,1,250,2,1575,2
1,1,3,13,0,0,0,0,0,0,True,6472,2,1,250,2,1575,1
3,1,1,20,0,0,0,0,0,0,True,6473,1,2,1236,2,501,2
3,1,1,35,0,0,0,0,0,0,True,6475,1,2,1340,1,1272,3
1,0,3,23,0,0,44,0,3452,83,False,6477,1,7,196,2,1203,5
1,0,3,17,0,0,311,6,4236,557,False,6477,2,7,196,2,1203,1
3,0,1,29,0,1290,0,6,1,0,False,6478,1,6,412,1,840,1
2,0,1,27,0,352,14,1,407,15,False,6480,1,6,433,2,1399,4
2,0,1,22,0,89,0,795,0,3,True,6481,1,4,1052,2,1783,2
3,0,3,26,0,414,239,681,352,0,False,6482,1,2,1237,2,1986,1
3,1,1,1,0,0,0,0,0,0,True,6482,2,2,1237,2,1986,4
3,1,1,7,0,0,0,0,0,0,True,6482,3,2,1237,2,1986,3
2,0,3,78,0,0,213,202,288,0,True,6485,1,2,1238,2,431,2
2,0,1,24,0,0,0,53,652,0,True,6485,2,4,1053,2,431,0
2,0,1,26,0,0,0,0,22,1030,False,6487,1,2,1343,1,1161,1
1,0,1,50,0,0,1663,336,1855,4,False,6488,1,3,79,2,621,2
2,1,1,16,0,0,0,0,0,0,False,6489,1,4,1049,1,1487,2
1,1,3,57,0,0,0,0,0,0,True,6490,1,8,201,1,1987,3
1,0,3,29,0,0,889,0,4921,290,False,6490,2,8,201,1,1987,4
1,0,3,27,0,0,6924,849,149,1166,True,6490,3,8,201,1,1988,0
2,0,1,42,0,0,1972,0,108,5,True,6490,4,8,201,1,1987,1
2,1,2,28,0,0,0,0,0,0,True,6492,1,4,1055,2,1790,0
2,1,2,18,0,0,0,0,0,0,True,6493,1,4,1050,1,418,1
3,0,1,38,0,1192,5,1864,4287,0,False,6494,1,2,1344,1,213,2
2,0,1,32,0,1,0,0,1,785,False,6500,1,6,413,1,618,1
2,0,1,21,0,0,31,2076,77,0,True,6501,1,2,1240,2,1255,1
2,0,1,6,0,0,0,0,0,0,True,6502,1,4,1058,2,179,1
2,0,1,27,0,0,1,20,0,1363,False,6503,1,2,1347,1,930,4
2,0,2,32,0,397,0,7,182,5,False,6508,1,2,1242,2,508,2
2,0,2,23,0,601,0,113,0,39,True,6509,1,2,1243,2,120,4
1,0,1,29,0,0,6,0,0,5531,False,6510,1,7,205,1,1764,6
2,0,1,22,0,151,6,26,0,533,False,6511,1,2,1348,1,497,2
2,1,1,31,0,0,0,0,0,0,False,6511,2,4,1055,1,497,2
2,1,3,0,0,0,0,0,0,0,True,6511,3,4,1055,1,497,3
1,0,1,2,0,0,0,0,0,0,True,6512,1,3,80,2,1465,2
2,1,1,27,0,0,0,0,0,0,True,6512,2,3,80,2,710,2
1,0,1,28,0,0,3527,1,2929,2236,False,6512,3,3,80,2,1989,0
3,0,1,20,0,57,0,1185,0,0,False,6513,1,2,1244,2,276,0
1,0,3,28,1,19,22,2974,3603,158,False,6514,1,1,251,2,1432,0
1,0,1,42,0,0,6244,0,10912,4,False,6514,2,1,251,2,1990,2
2,0,2,32,0,388,0,0,439,0,False,6517,1,2,1350,1,1455,0
2,0,1,19,0,0,4,0,1785,3,False,6520,1,4,1060,2,1424,3
2,0,3,20,0,0,0,715,2,0,True,6522,1,2,1245,2,1682,2
2,1,2,20,0,0,0,0,0,0,True,6523,1,2,1246,2,1188,2
2,0,1,21,0,0,20,1540,80,512,False,6525,1,2,1248,2,1695,0
2,1,2,32,0,0,0,0,0,0,True,6525,2,4,1061,2,1695,1
2,1,1,16,0,0,0,0,0,0,True,6525,3,4,1061,2,1695,1
2,1,1,21,0,0,0,0,0,0,True,6526,1,4,1056,1,1662,5
2,0,3,12,0,0,0,0,0,0,False,6526,2,4,1056,1,1662,1
2,1,2,21,0,0,0,0,0,0,True,6529,1,4,1063,2,798,2
3,0,1,31,0,127,76,976,118,0,False,6530,1,6,436,2,1445,3
2,1,3,18,0,0,0,0,0,0,True,6531,1,4,1064,2,1512,1
3,0,1,35,0,771,0,183,0,0,False,6535,1,6,415,1,1735,2
1,0,1,44,0,0,819,835,266,4056,False,6539,1,8,242,2,361,5
2,0,1,13,0,0,671,0,8,0,True,6540,1,4,1059,1,346,2
2,0,1,21,0,0,717,0,0,0,False,6541,1,2,1356,1,767,4
1,0,1,37,0,0,4616,339,2008,175,True,6544,1,8,243,2,1709,2
2,0,1,27,0,0,1362,0,1267,0,True,6545,1,2,1250,2,138,2
2,0,1,34,0,228,0,150,15,1,False,6546,1,4,1060,1,231,4
3,0,3,21,0,861,0,310,0,0,False,6547,1,2,1358,1,1744,6
2,0,1,38,0,395,1035,0,0,4,True,6548,1,4,1065,2,1389,1
3,0,1,31,0,1979,0,2,112,0,False,6549,1,2,1251,2,1436,2
3,0,1,61,0,1143,0,580,0,0,False,6549,2,7,198,2,1436,0
2,0,1,20,0,0,564,25,158,62,False,6552,1,4,1061,1,636,4
2,0,2,39,0,0,0,0,0,744,False,6553,1,2,1360,1,1991,1
3,1,1,29,0,0,0,0,0,0,True,6556,1,2,1362,1,1176,1
3,1,3,68,0,0,0,0,0,0,True,6556,2,2,1362,1,1176,4
1,0,3,38,0,0,201,0,1308,4085,False,6557,1,6,417,1,1992,0
2,0,1,31,0,3,0,0,747,43,True,6558,1,2,1363,1,346,0
2,0,1,41,0,699,0,0,2,31,True,6560,1,2,1253,2,1280,3
1,0,1,29,0,19,4900,6,6324,2056,False,6561,1,1,253,2,458,1
2,0,1,25,0,0,0,0,0,0,True,6561,2,1,253,2,458,2
2,0,1,27,0,0,0,23,30,815,False,6562,1,2,1364,1,518,3
2,0,1,21,0,0,0,845,4,470,True,6563,1,2,1254,2,497,1
2,0,1,30,0,0,123,0,1,784,False,6563,2,4,1067,2,497,1
3,0,1,40,0,2081,1,0,0,25,False,6565,1,6,437,2,122,1
3,0,1,59,0,126,0,127,11,1393,False,6565,2,2,1255,2,122,3
2,1,1,35,0,0,0,0,0,0,False,6567,1,4,1063,1,432,0
2,0,1,41,0,18,0,35,0,845,False,6567,2,2,1365,1,432,3
2,0,3,36,0,695,0,0,0,0,False,6568,1,2,1366,1,230,3
2,1,3,58,0,0,0,0,0,0,True,6569,1,4,1064,1,1993,1
2,0,1,27,0,0,0,0,908,0,False,6570,1,4,1068,2,1145,2
2,0,1,24,0,0,4,336,304,0,False,6572,1,2,1256,2,752,2
2,0,1,50,0,0,896,1,0,5,True,6573,1,2,1257,2,1080,3
1,0,1,22,0,0,335,0,818,3014,False,6574,1,3,65,1,525,2
3,1,1,26,0,0,0,0,0,0,False,6578,1,6,438,2,975,1
3,1,1,16,0,0,0,0,0,0,True,6578,2,2,1259,2,753,2
2,0,1,56,0,0,605,0,179,0,False,6580,1,4,1066,1,1063,2
1,0,3,25,0,0,1538,97,530,35,False,6582,1,3,66,1,568,2
1,0,1,13,0,0,100,12253,6,80,True,6583,1,1,254,2,1994,3
1,0,3,53,0,0,2606,0,1170,0,True,6583,2,1,254,2,1995,4
2,1,1,21,0,0,0,0,0,0,True,6585,1,4,1071,2,329,2
2,0,1,18,0,289,1809,3,2,2,True,6585,2,2,1260,2,329,0
2,0,1,38,0,115,125,0,202,0,True,6588,1,4,1073,2,32,2
2,1,1,20,0,0,0,0,0,0,True,6588,2,4,1073,2,32,4
1,1,1,24,0,0,0,0,0,0,False,6590,1,1,217,1,1996,0
1,0,1,56,0,0,13561,0,2,4088,True,6590,2,1,217,1,1996,3
2,0,1,47,0,285,600,3,0,640,False,6591,1,2,1261,2,1865,2
3,1,1,21,0,0,0,0,0,0,True,6592,1,2,1262,2,1754,2
2,0,2,27,0,0,67,661,0,0,True,6593,1,2,1370,1,687,3
2,0,1,26,0,0,666,0,0,58,False,6593,2,2,1370,1,687,3
2,1,3,34,0,0,0,0,0,0,True,6594,1,4,1067,1,712,1
2,0,1,35,0,102,780,6,0,0,True,6595,1,4,1074,2,510,2
3,1,1,35,0,0,0,0,0,0,True,6598,1,2,1263,2,252,1
1,1,1,49,0,0,0,0,0,0,True,6599,1,8,245,2,1569,3
2,0,1,24,0,2,0,0,52,638,False,6601,1,2,1372,1,1997,1
2,0,1,62,0,94,267,2341,94,0,True,6602,1,2,1265,2,124,5
3,0,1,25,0,68,0,3700,0,0,True,6603,1,7,208,1,1116,3
1,1,3,42,0,0,0,0,0,0,True,6604,1,8,205,1,1998,2
2,0,2,25,0,166,0,520,0,0,False,6606,1,2,1266,2,1389,2
2,0,1,21,0,588,0,17,0,1548,False,6608,1,2,1374,1,1999,2
3,1,1,17,0,0,0,0,0,0,False,6609,1,6,420,1,905,2
2,0,3,41,0,635,0,7,0,0,True,6611,1,6,421,1,2000,0
2,1,1,50,0,0,0,0,0,0,False,6611,2,4,1069,1,2000,1
2,0,2,20,0,0,90,561,2,0,True,6611,3,2,1375,1,2000,2
2,1,1,15,0,0,0,0,0,0,True,6613,1,4,1078,2,908,1
3,1,1,29,0,0,0,0,0,0,True,6614,1,2,1268,2,492,2
2,0,1,20,0,2532,1,0,59,10,True,6616,1,2,1377,1,114,1
1,0,1,35,0,345,4514,0,0,421,True,6618,1,8,246,2,522,2
2,0,2,22,0,0,115,273,0,218,True,6620,1,4,1079,2,2001,4
2,0,3,43,0,0,0,642,0,8,True,6621,1,2,1378,1,592,1
2,0,3,54,0,752,0,44,14,0,False,6622,1,4,1070,1,874,1
2,1,1,15,0,0,0,0,0,0,True,6622,2,4,1070,1,874,1
2,1,3,38,0,0,0,0,0,0,True,6623,1,1,218,1,459,4
2,0,1,44,0,1175,0,13,642,498,False,6624,1,4,1071,1,1074,0
2,1,2,34,0,0,0,0,0,0,True,6625,1,4,1072,1,1682,4
2,0,3,15,0,3,854,23,0,0,False,6625,2,2,1379,1,1682,1
2,1,1,24,0,0,0,0,0,0,False,6626,1,4,1073,1,2002,2
2,0,1,29,0,0,0,272,394,50,False,6628,1,2,1381,1,905,1
2,0,1,19,0,0,1044,0,2,4,True,6630,1,2,1270,2,1766,1
1,0,1,27,0,0,1891,0,2167,0,False,6631,1,8,208,1,2003,4
1,0,1,26,0,0,0,0,0,0,True,6633,1,1,255,2,427,1
1,1,3,46,0,0,0,0,0,0,True,6634,1,1,219,1,156,2
2,1,1,64,0,0,0,0,0,0,True,6634,2,4,427,2,156,2
1,0,1,17,0,0,1339,26,244,15,False,6635,1,8,209,1,1526,4
1,0,3,45,0,0,313,1791,414,1675,False,6635,2,8,209,1,1526,1
3,0,1,27,0,1228,0,0,0,0,False,6637,1,2,1271,2,918,0
2,1,1,29,0,0,0,0,0,0,False,6638,1,4,1074,1,741,0
2,1,2,18,0,0,0,0,0,0,True,6639,1,4,1075,1,1854,2
1,1,1,26,0,0,0,0,0,0,True,6641,1,8,247,2,279,3
1,1,3,39,0,0,0,0,0,0,True,6641,2,8,247,2,279,0
2,1,1,59,0,0,0,0,0,0,True,6642,1,4,1081,2,941,2
2,0,1,20,0,0,6,24,0,672,False,6643,1,2,1272,2,765,0
2,1,3,17,0,0,0,0,0,0,True,6645,1,4,1083,2,714,1
2,1,1,47,0,0,0,0,0,0,True,6646,1,4,1084,2,1725,4
2,0,2,29,0,2,3,1501,26,0,True,6647,1,2,1273,2,1924,3
2,0,1,16,0,0,0,265,0,0,False,6649,1,2,1274,2,437,0
2,0,1,48,0,12,0,0,0,796,False,6650,1,4,1077,1,1321,3
2,0,2,39,0,0,69,29,424,18,False,6652,1,4,427,2,1322,0
2,1,3,28,0,0,0,0,0,0,True,6654,1,4,1086,2,1756,0
2,1,3,12,0,0,0,0,0,0,True,6654,2,4,1086,2,905,3
2,1,1,24,0,0,0,0,0,0,True,6654,3,4,1086,2,1756,0
3,1,1,30,0,0,0,0,0,0,True,6655,1,6,422,1,121,5
1,1,1,34,0,0,0,0,0,0,True,6656,1,1,221,1,2004,4
3,0,1,37,0,0,0,0,0,0,True,6659,1,2,1383,1,1047,1
2,0,1,47,0,590,0,47,3,53,False,6660,1,2,1384,1,1424,0
2,0,1,0,0,0,0,0,0,0,False,6662,1,4,1087,2,1149,0
2,0,1,23,0,0,0,0,0,0,True,6662,2,4,1087,2,1149,1
2,1,3,0,0,0,0,0,0,0,True,6662,3,4,1087,2,206,3
2,0,1,20,0,402,25,9,373,0,False,6663,1,4,1079,1,39,1
2,0,1,35,0,90,0,655,43,16,False,6663,2,2,1385,1,39,0
2,0,1,18,0,0,0,827,0,0,True,6664,1,4,1088,2,1172,2
1,1,3,17,0,0,0,0,0,0,True,6665,1,1,222,1,2005,5
1,0,1,18,0,4,1337,0,0,182,False,6665,2,1,222,1,2005,2
1,0,1,53,0,0,0,0,0,0,True,6665,3,1,222,1,2005,3
1,0,3,35,0,0,2504,0,0,5496,False,6665,4,1,222,1,2005,2
1,1,1,48,0,0,0,0,0,0,True,6667,1,8,248,2,1225,2
2,0,1,68,0,0,0,649,0,239,True,6668,1,4,1089,2,905,3
2,0,1,27,0,17,65,74,1548,18,False,6668,2,4,1089,2,1721,3
2,0,3,28,0,32,0,304,291,2,True,6669,1,6,423,1,1773,0
2,0,1,37,0,864,35,0,0,0,False,6670,1,2,1278,2,211,4
3,1,1,35,0,0,0,0,0,0,True,6671,1,2,1279,2,24,3
3,0,1,31,0,1002,0,0,0,0,True,6671,2,2,1279,2,24,4
3,0,3,14,0,1880,0,15,0,0,False,6671,3,6,440,2,24,3
3,0,1,1,0,0,0,0,0,0,True,6672,1,2,1387,1,144,2
3,0,3,4,0,0,0,0,0,0,True,6672,2,2,1387,1,144,1
3,0,2,30,0,77,71,1147,0,0,False,6672,3,6,424,1,144,2
3,1,1,11,0,0,0,0,0,0,True,6672,4,2,1387,1,144,1
2,0,1,45,0,1595,0,0,0,13,False,6673,1,6,425,1,1991,3
1,0,1,29,0,0,841,0,1733,11,False,6674,1,6,426,1,2006,6
1,1,1,32,0,0,0,0,0,0,True,6674,2,6,426,1,2007,1
1,0,3,15,0,0,0,0,0,0,True,6674,3,6,426,1,2007,3
1,1,1,25,0,0,0,0,0,0,True,6674,4,6,426,1,2006,0
1,0,1,25,0,0,4,0,1525,475,False,6674,5,6,426,1,2006,2
2,0,1,60,0,707,24,0,0,170,False,6675,1,2,1388,1,1702,2
2,0,2,24,0,61,0,0,0,1495,False,6675,2,6,427,1,905,0
1,1,1,35,0,0,0,0,0,0,True,6676,1,7,200,2,2008,0
2,0,1,36,0,0,361,512,34,0,True,6680,1,4,1082,1,821,0
2,0,3,22,0,0,833,381,0,12,True,6681,1,2,1280,2,423,3
2,1,2,32,0,0,0,0,0,0,True,6683,1,4,1083,1,1223,2
1,0,1,57,0,0,218,0,8522,0,False,6684,1,8,210,1,2009,2
1,0,1,30,0,0,0,335,143,764,True,6684,2,8,210,1,2009,3
1,0,1,46,0,0,370,0,2395,1638,False,6684,3,8,210,1,2009,0
2,0,1,28,0,62,202,542,0,0,True,6691,1,2,1390,1,954,5
1,1,3,26,0,0,0,0,0,0,True,6692,1,1,256,2,1714,2
2,0,1,55,0,0,0,719,274,0,False,6693,1,6,428,1,606,1
2,1,1,66,0,0,0,0,0,0,True,6694,1,4,1084,1,639,4
2,0,1,20,0,0,1,34,0,774,False,6697,1,4,1085,1,683,6
2,0,2,31,0,239,321,0,0,124,False,6698,1,2,1393,1,1805,0
3,0,1,13,0,0,0,0,0,0,False,6699,1,6,429,1,1556,4
2,1,1,50,0,0,0,0,0,0,True,6702,1,4,1087,1,504,0
1,1,1,21,0,0,0,0,0,0,True,6706,1,1,224,1,651,0
1,1,1,25,0,0,0,0,0,0,True,6706,2,1,224,1,651,4
2,1,1,46,0,0,0,0,0,0,True,6707,1,4,1091,2,1763,2
1,0,1,0,0,0,0,0,0,0,True,6708,1,3,67,1,1911,2
1,0,1,2,0,0,0,0,0,0,True,6708,2,3,67,1,905,1
1,0,1,36,0,994,526,0,7,1279,False,6708,3,3,67,1,1911,1
1,1,3,19,0,0,0,0,0,0,True,6708,4,3,67,1,1911,3
1,1,3,35,0,0,0,0,0,0,True,6708,5,3,67,1,1911,3
1,1,3,41,1,0,0,0,0,0,True,6708,6,3,67,1,1911,2
2,1,1,22,0,0,0,0,0,0,True,6709,1,4,1092,2,596,2
3,0,1,25,1,0,280,714,0,0,False,6711,1,7,210,1,214,1
2,0,3,24,0,700,0,0,0,0,False,6713,1,2,1395,1,520,2
2,0,1,37,0,18,238,0,528,0,False,6718,1,4,1088,1,1397,1
2,1,1,5,0,0,0,0,0,0,False,6718,2,4,1088,1,1397,0
2,1,1,27,0,0,0,0,0,0,True,6718,3,4,1088,1,1397,1
3,1,1,41,0,0,0,0,0,0,True,6719,1,2,1396,1,782,1
1,0,1,44,0,0,0,0,0,0,True,6720,1,3,81,2,2010,4
2,0,1,23,0,0,0,0,0,0,True,6721,1,4,1095,2,346,1
1,1,3,28,0,0,0,0,0,0,True,6722,1,6,445,2,1788,2
1,0,3,27,0,0,33,9,1847,2035,False,6722,2,6,445,2,1788,1
1,1,3,40,0,0,0,0,0,0,True,6722,3,6,445,2,1788,2
1,1,3,27,0,0,0,0,0,0,True,6724,1,8,213,1,2011,2
1,1,3,17,0,0,0,0,0,0,True,6724,2,8,213,1,2011,0
1,0,1,32,0,0,390,60,5015,211,False,6725,1,8,214,1,2012,3
2,0,1,29,0,68,74,713,37,15,True,6726,1,4,1089,1,898,0
2,0,1,29,0,0,316,0,0,338,True,6727,1,4,1090,1,574,2
1,0,1,41,0,0,371,0,1701,21,False,6729,1,3,82,2,430,0
1,1,3,48,0,0,0,0,0,0,True,6729,2,3,82,2,430,4
1,0,1,27,0,2664,15,0,109,2,False,6729,3,3,82,2,348,0
2,0,1,14,0,0,6,791,49,0,True,6730,1,4,1096,2,1236,1
2,0,1,32,0,3135,2,0,0,0,False,6731,1,2,1397,1,2013,0
1,0,3,47,0,0,2699,0,671,8,True,6734,1,8,249,2,2014,1
1,1,3,14,0,0,0,0,0,0,True,6734,2,8,249,2,2014,2
1,1,3,37,1,0,0,0,0,0,True,6734,3,8,249,2,2014,2
1,1,3,33,0,0,0,0,0,0,True,6734,4,8,249,2,2014,1
3,0,1,33,0,1373,0,23,920,6,True,6736,1,7,203,2,729,3
2,0,1,44,0,0,714,174,0,0,True,6739,1,4,1097,2,442,1
2,0,1,37,0,0,1190,4,455,71,True,6741,1,4,1098,2,1125,1
2,0,2,18,0,103,0,181,1611,22,False,6741,2,2,1286,2,1125,3
2,0,1,33,0,1288,2,0,0,1,True,6742,1,2,1287,2,611,5
3,0,1,21,0,1244,0,1119,0,3,False,6744,1,2,1399,1,513,1
3,0,1,38,0,1717,16,39,0,48,False,6744,2,2,1399,1,513,4
3,0,3,16,0,1337,0,2614,0,0,False,6744,3,7,212,1,513,2
3,1,1,58,0,0,0,0,0,0,False,6744,4,6,431,1,513,2
3,0,1,41,0,1203,756,140,0,0,False,6744,5,6,431,1,513,4
2,0,2,28,0,545,0,501,0,0,False,6745,1,2,1400,1,1289,2
2,1,1,28,0,0,0,0,0,0,True,6746,1,4,1092,1,1289,4
1,1,1,31,0,0,0,0,0,0,True,6747,1,8,215,1,1887,2
3,1,1,27,0,0,0,0,0,0,True,6748,1,2,1289,2,1228,3
3,0,1,7,0,0,0,0,0,0,True,6748,2,2,1289,2,1228,2
3,0,1,25,0,1610,29,6,0,0,False,6748,3,2,1289,2,1228,2
3,0,1,34,0,470,0,0,45,539,False,6748,4,7,205,2,1228,2
2,0,1,21,0,0,13,813,0,0,True,6749,1,4,1093,1,968,3
2,0,1,29,0,0,95,424,1,364,False,6750,1,4,1094,1,1192,0
3,1,1,23,0,0,0,0,0,0,True,6751,1,2,1290,2,1896,0
3,1,1,31,0,0,0,0,0,0,False,6751,2,6,446,2,1896,1
1,1,1,50,0,0,0,0,0,0,True,6753,1,1,226,1,2015,0
1,0,1,25,0,0,0,0,0,0,False,6753,2,1,226,1,2015,0
1,0,1,25,1,0,4209,0,2,896,True,6754,1,8,250,2,1806,2
2,0,1,23,0,0,0,12,726,19,False,6756,1,2,1402,1,530,5
2,0,2,46,0,0,0,743,4,6,True,6756,2,4,1095,1,530,1
2,0,1,0,0,0,0,0,0,0,True,6756,3,4,1095,1,530,1
3,0,1,53,0,1964,0,635,0,0,False,6757,1,2,1292,2,2016,1
2,0,3,25,0,76,600,0,0,25,False,6758,1,2,1403,1,990,4
3,0,2,30,0,51,0,1373,0,5,True,6760,1,2,1404,1,1071,1
3,1,1,18,0,0,0,0,0,0,True,6761,1,2,1405,1,283,3
3,0,1,20,0,0,0,0,0,0,False,6761,2,6,432,1,978,0
2,0,3,54,0,0,704,0,0,0,False,6762,1,2,1293,2,2017,1
2,0,1,20,0,0,97,725,26,104,True,6763,1,4,1097,1,1813,2
3,0,1,32,0,2937,60,696,0,0,False,6764,1,2,1294,2,2018,3
3,0,1,31,0,76,0,2398,102,23,True,6764,2,2,1294,2,2018,0
3,1,1,55,0,0,0,0,0,0,True,6765,1,2,1295,2,724,2
2,0,2,16,0,399,0,3,0,137,False,6766,1,4,1098,1,489,5
2,1,1,0,0,0,0,0,0,0,True,6766,2,4,1098,1,534,4
2,1,1,3,0,0,0,0,0,0,True,6766,3,4,1098,1,534,4
2,0,1,33,0,47,0,0,0,3047,False,6773,1,2,1407,1,43,3
2,1,1,45,0,0,0,0,0,0,True,6774,1,4,1100,1,264,4
2,1,1,6,0,0,0,0,0,0,False,6774,2,4,1100,1,264,1
2,0,1,33,0,0,0,704,0,0,False,6774,3,2,1408,1,264,2
2,1,3,14,0,0,0,0,0,0,True,6775,1,4,1101,2,905,5
2,0,3,24,0,1,0,0,691,0,False,6776,1,2,1409,1,1305,2
2,0,1,47,0,0,758,0,0,1417,False,6778,1,2,1299,2,84,2
1,0,1,37,0,0,7920,270,1,322,True,6779,1,1,258,2,1879,1
1,1,3,14,0,0,0,0,0,0,True,6779,2,1,258,2,2019,1
1,1,1,44,0,0,0,0,0,0,True,6779,3,1,258,2,2019,1
1,0,1,11,0,0,0,0,0,0,True,6779,4,1,258,2,2019,2
1,1,3,15,0,0,0,0,0,0,True,6780,1,8,251,2,2020,1
1,0,1,39,0,2167,30,1472,0,0,True,6780,2,8,251,2,2020,2
2,0,2,15,0,0,0,533,72,0,False,6782,1,2,1300,2,341,3
2,0,3,60,0,0,0,0,8,698,False,6784,1,4,1102,2,448,2
2,0,1,49,0,0,366,0,0,401,True,6784,2,4,1102,2,448,3
2,0,2,23,0,8,173,0,1052,0,False,6786,1,2,1410,1,989,1
2,0,1,9,0,0,0,0,0,0,True,6787,1,2,1411,1,973,0
2,0,1,0,0,0,0,0,0,0,False,6787,2,2,1411,1,973,0
2,0,1,17,0,108,4,1898,13,0,False,6787,3,2,1411,1,1641,2
2,1,2,42,0,0,0,0,0,0,True,6787,4,2,1411,1,973,0
2,1,1,16,0,0,0,0,0,0,True,6787,5,2,1411,1,973,1
2,0,3,0,0,0,0,0,0,0,True,6787,6,2,1411,1,973,3
2,0,1,26,0,113,38,0,0,630,False,6787,7,2,1411,1,973,1
2,0,1,56,0,2,736,0,71,0,False,6788,1,4,1103,1,2021,4
3,0,3,26,0,866,0,0,0,0,True,6789,1,7,213,1,1521,1
3,0,1,41,0,145,0,2383,30,40,True,6792,1,2,1412,1,444,0
3,0,1,27,0,20,0,1000,36,0,True,6794,1,7,206,2,340,1
2,0,1,31,0,470,0,0,182,52,False,6796,1,4,1104,1,1389,3
2,0,1,40,0,3,0,61,0,742,True,6798,1,2,1414,1,1677,5
1,1,3,40,0,0,0,0,0,0,True,6799,1,8,252,2,1552,2
2,1,1,15,0,0,0,0,0,0,True,6800,1,4,1105,1,1435,6
1,0,1,50,1,0,7293,136,97,440,True,6801,1,1,259,2,478,0
1,0,3,42,0,1751,516,0,12,672,False,6802,1,3,68,1,2022,4
1,0,1,50,0,52,996,0,700,1,False,6805,1,6,449,2,2003,1
2,0,1,39,0,14,583,310,0,0,True,6806,1,4,1104,2,984,1
2,0,1,27,0,0,0,192,38,599,False,6808,1,2,1416,1,4,0
3,1,1,20,0,0,0,0,0,0,True,6810,1,6,450,2,113,3
3,0,1,30,0,768,11,2010,0,0,True,6810,2,6,450,2,113,2
3,1,1,16,0,0,0,0,0,0,True,6810,3,4,427,2,113,1
2,1,1,36,0,0,0,0,0,0,True,6810,4,6,450,2,113,2
3,1,3,68,0,0,0,0,0,0,True,6810,5,6,450,2,113,1
2,0,3,22,0,38,19,348,217,115,False,6813,1,2,1417,1,1880,1
3,0,3,36,0,1339,6,7810,0,0,True,6814,1,6,451,2,429,1
2,1,3,3,0,0,0,0,0,0,False,6816,1,4,1108,1,452,2
2,0,1,28,0,944,0,0,0,75,False,6816,2,4,1108,1,452,3
2,1,2,32,0,0,0,0,0,0,True,6816,3,4,1108,1,930,3
2,0,1,10,0,0,0,0,0,0,True,6816,4,4,1108,1,452,0
2,1,3,0,0,0,0,0,0,0,False,6816,5,4,1108,1,452,1
2,1,1,9,0,0,0,0,0,0,True,6816,6,4,1108,1,452,5
2,0,1,37,0,21,54,5,178,431,False,6817,1,2,1304,2,1075,2
2,0,1,31,0,32,2667,0,0,9,True,6818,1,2,1418,1,1495,0
2,0,1,31,0,0,0,0,1490,0,False,6820,1,2,1419,1,1860,0
2,0,1,43,0,142,1208,0,0,204,False,6821,1,2,1420,1,110,1
2,0,1,15,0,0,532,29,0,163,False,6822,1,2,1305,2,910,1
2,0,1,58,0,0,0,0,444,0,True,6824,1,4,1108,2,2023,2
3,1,1,30,0,0,0,0,0,0,True,6825,1,2,1306,2,1918,2
3,0,1,24,0,3481,0,1236,2,256,False,6825,2,2,1306,2,905,1
2,0,1,49,0,0,69,92,1600,15,False,6826,1,4,1109,2,744,3
1,0,3,73,0,181,1,840,2618,1949,False,6827,1,3,84,2,1588,1
1,1,1,14,0,0,0,0,0,0,True,6827,2,3,84,2,1588,1
1,1,1,50,0,0,0,0,0,0,True,6827,3,3,84,2,1588,3
1,0,1,12,0,0,0,0,0,0,True,6827,4,3,84,2,1588,1
2,1,1,2,0,0,0,0,0,0,True,6829,1,4,1109,1,98,1
2,0,1,49,0,355,449,8,0,0,False,6829,2,4,1109,1,98,3
2,1,1,32,0,0,0,0,0,0,False,6829,3,4,1109,1,98,3
2,1,1,27,0,0,0,0,0,0,False,6831,1,4,1111,1,69,1
3,1,1,33,0,0,0,0,0,0,True,6832,1,2,1421,1,599,2
2,0,1,23,0,7,0,0,716,800,True,6833,1,6,452,2,438,4
2,1,1,23,0,0,0,0,0,0,True,6834,1,4,1111,2,1381,1
3,1,1,43,0,0,0,0,0,0,True,6837,1,6,435,1,1707,2
2,0,1,36,0,1912,0,0,2,0,False,6839,1,2,1307,2,807,2
3,1,1,26,0,0,0,0,0,0,True,6840,1,2,1422,1,1300,2
3,1,3,29,0,0,0,0,0,0,True,6841,1,6,454,2,1754,1
1,1,1,21,0,0,0,0,0,0,True,6843,1,1,260,2,2024,3
1,1,3,30,0,0,0,0,0,0,True,6843,2,1,260,2,2024,3
3,0,3,23,0,71,0,1376,0,890,False,6844,1,6,455,2,681,0
1,1,1,13,0,0,0,0,0,0,True,6848,1,7,214,1,1528,1
2,0,1,22,0,735,138,0,0,0,False,6850,1,2,1424,1,1663,2
2,1,2,25,0,0,0,0,0,0,False,6850,2,4,1113,1,1663,1
2,0,1,52,0,2,46,800,0,773,False,6850,3,6,436,1,1663,1
2,0,1,22,0,0,752,18,0,18,True,6851,1,6,456,2,172,1
1,0,3,31,0,0,1604,4058,4094,124,False,6853,1,8,218,1,2025,2
3,0,1,23,0,3211,4,243,0,0,False,6854,1,6,437,1,988,3
2,0,2,35,0,22,0,1179,0,33,False,6857,1,2,1310,2,956,1
1,1,1,26,0,0,0,0,0,0,True,6858,1,1,229,1,811,2
1,1,1,14,0,0,0,0,0,0,True,6858,2,1,229,1,811,2
1,0,3,39,0,0,60,0,310,4674,False,6858,3,1,229,1,811,2
1,0,1,8,0,0,0,0,0,0,True,6858,4,1,229,1,811,2
2,1,2,29,0,0,0,0,0,0,True,6859,1,4,1113,2,1353,0
2,1,2,15,0,0,0,0,0,0,True,6861,1,4,1114,2,1938,1
2,1,1,48,0,0,0,0,0,0,True,6862,1,4,1115,2,18,1
2,0,1,9,0,0,0,0,0,0,False,6862,2,4,1115,2,18,2
2,0,1,25,0,0,10,909,0,17,False,6863,1,2,1311,2,906,1
1,1,1,13,0,0,0,0,0,0,True,6864,1,3,71,1,947,1
1,1,3,25,0,0,0,0,0,0,True,6864,2,3,71,1,947,2
1,0,1,27,0,69,2878,0,4232,3798,False,6865,1,7,208,2,2026,1
1,1,1,32,0,0,0,0,0,0,True,6865,2,7,208,2,2026,3
1,0,3,20,0,0,17958,99,14,57,True,6866,1,8,253,2,103,1
1,0,3,40,0,6103,7570,860,13117,192,False,6866,2,8,253,2,103,2
2,0,1,18,0,0,18,73,2134,25,False,6868,1,2,1427,1,22,1
2,0,1,21,0,0,0,901,3,0,False,6869,1,2,1428,1,2000,2
2,0,1,38,0,190,1,616,0,0,True,6871,1,4,1116,2,1724,2
1,0,3,62,0,362,1049,46,104,829,True,6873,1,3,72,1,250,2
2,1,1,23,0,0,0,0,0,0,True,6879,1,4,1119,2,886,1
3,0,1,48,1,2191,0,172,1,0,False,6880,1,2,1315,2,252,2
3,1,1,27,0,0,0,0,0,0,False,6880,2,6,457,2,252,2
3,1,3,32,0,0,0,0,0,0,True,6882,1,2,1430,1,2027,4
3,0,1,53,0,0,0,0,0,0,False,6882,2,6,438,1,2027,5
2,0,1,26,0,0,0,1,0,398,True,6883,1,4,1120,2,97,3
3,1,1,46,0,0,0,0,0,0,True,6885,1,2,1316,2,556,1
2,0,1,32,0,0,326,31,5,545,False,6887,1,4,1122,2,906,0
2,0,1,40,0,862,0,0,0,59,False,6889,1,2,1317,2,2028,1
3,0,1,27,0,725,0,1660,0,0,True,6891,1,7,215,1,1970,1
2,0,1,28,0,0,669,0,1,2,True,6892,1,2,1318,2,173,4
1,1,1,29,0,0,0,0,0,0,True,6893,1,1,261,2,1555,0
3,1,1,37,0,0,0,0,0,0,True,6894,1,2,1319,2,905,3
3,0,1,0,0,0,0,0,0,0,True,6894,2,2,1319,2,766,0
3,0,1,12,0,0,0,0,0,0,True,6894,3,2,1319,2,766,2
1,0,1,25,0,0,4612,0,2585,1919,False,6895,1,8,220,1,1661,4
3,0,1,27,0,473,0,575,0,0,False,6896,1,6,459,2,2029,3
3,0,1,3,0,0,0,0,0,0,True,6896,2,2,1320,2,2029,1
3,0,1,9,0,0,0,0,0,0,True,6896,3,2,1320,2,2029,1
1,0,3,27,0,146,3786,490,0,18,True,6898,1,4,427,2,75,4
1,0,1,59,0,0,0,0,0,0,True,6899,1,3,73,1,703,1
1,0,1,24,0,0,0,0,0,0,False,6899,2,3,73,1,703,1
2,1,1,16,0,0,0,0,0,0,True,6900,1,4,1123,2,1163,1
3,0,1,16,0,501,974,1164,0,0,False,6901,1,2,1321,2,1739,1
1,1,1,46,0,0,0,0,0,0,True,6902,1,7,217,1,2030,1
2,0,2,25,0,0,1428,0,1483,0,False,6903,1,2,1431,1,1031,0
2,0,1,39,0,130,741,0,0,0,False,6905,1,2,1322,2,1629,3
2,0,1,15,0,0,0,0,938,44,False,6905,2,6,460,2,1629,2
2,0,3,16,0,43,3,750,0,0,True,6905,3,2,1322,2,1629,1
3,0,1,35,0,1719,4389,1015,0,14,True,6906,1,2,1432,1,2031,3
3,0,3,43,0,528,13,1583,11,0,False,6906,2,6,440,1,1445,1
3,1,1,7,0,0,0,0,0,0,True,6906,3,2,1432,1,2031,2
2,1,1,29,0,0,0,0,0,0,True,6907,1,4,1117,1,108,4
1,0,1,60,0,0,960,46,854,17074,False,6908,1,8,254,2,323,2
2,0,1,49,0,173,0,18,580,1,False,6910,1,4,1124,2,1064,1
3,0,1,50,0,118,0,1041,0,0,True,6911,1,2,1323,2,1266,1
1,0,1,40,0,0,120,0,2814,318,False,6912,1,8,221,1,2032,3
3,1,1,49,0,0,0,0,0,0,True,6913,1,2,1324,2,766,1
3,0,1,18,0,1988,0,95,0,0,False,6913,2,6,461,2,766,0
3,1,1,29,0,0,0,0,0,0,True,6915,1,2,1325,2,1116,5
3,0,1,56,1,995,0,177,0,739,False,6917,1,2,1433,1,978,5
2,1,2,29,0,0,0,0,0,0,True,6918,1,4,1126,2,532,3
2,0,1,29,0,0,10,0,5,975,False,6920,1,6,462,2,97,0
1,0,1,22,0,0,1914,2090,100,0,True,6921,1,8,255,2,1990,1
1,1,3,24,0,0,0,0,0,0,True,6921,2,8,255,2,1243,3
1,0,1,23,0,69,6101,0,0,214,True,6921,3,8,255,2,1990,0
1,0,1,28,1,0,14076,0,928,372,True,6921,4,8,255,2,1990,0
1,1,3,19,0,0,0,0,0,0,True,6921,5,8,255,2,1243,3
1,0,1,32,0,0,89,0,8330,1,False,6921,6,8,255,2,1990,3
2,0,1,37,0,0,0,0,0,0,True,6924,1,4,1127,2,1161,2
2,0,1,26,0,0,0,677,1,108,False,6925,1,4,1120,1,1582,5
2,0,1,43,0,1944,17,657,0,0,True,6926,1,2,1435,1,1541,2
2,0,1,25,0,439,0,0,557,0,False,6928,1,6,463,2,172,5
2,0,1,11,0,0,0,0,0,0,False,6928,2,4,1128,2,172,0
2,0,1,4,0,0,0,0,0,0,True,6929,1,4,1122,1,1189,0
2,1,1,32,0,0,0,0,0,0,True,6929,2,4,1122,1,1189,1
2,0,1,15,0,9,776,4,0,2,True,6929,3,6,441,1,1189,0
2,1,1,17,0,0,0,0,0,0,True,6930,1,4,1129,2,719,5
1,1,3,37,0,0,0,0,0,0,True,6931,1,8,222,1,2033,1
2,0,1,20,0,559,0,83,112,0,True,6932,1,4,1130,2,452,0
3,0,1,47,0,160,0,1232,36,0,True,6934,1,2,1436,1,685,2
3,0,3,16,0,1228,0,450,446,0,False,6934,2,6,443,1,685,1
2,1,1,8,0,0,0,0,0,0,True,6937,1,4,1131,2,2034,2
2,0,1,22,0,245,0,0,661,1,False,6939,1,4,1124,1,1586,3
3,0,1,39,0,9,0,687,0,0,True,6940,1,2,1326,2,2035,0
1,1,3,57,0,0,0,0,0,0,True,6943,1,1,262,2,2036,2
1,1,1,29,0,0,0,0,0,0,True,6944,1,8,223,1,2037,2
1,1,3,27,0,0,0,0,0,0,True,6945,1,1,263,2,2038,2
2,0,1,70,0,28,0,0,672,104,False,6946,1,2,1439,1,2039,2
1,1,1,13,0,0,0,0,0,0,True,6947,1,1,264,2,200,0
1,0,1,49,0,0,1757,0,797,567,True,6947,2,1,264,2,178,2
2,0,3,25,0,0,12,851,19,103,False,6949,1,6,464,2,887,2
1,1,3,19,0,0,0,0,0,0,True,6950,1,1,265,2,2040,2
1,1,3,15,0,0,0,0,0,0,True,6950,2,1,265,2,2040,1
1,0,1,37,0,26,2898,9,0,40,True,6951,1,7,219,1,1610,5
1,1,1,27,0,0,0,0,0,0,True,6951,2,7,219,1,2041,3
3,0,1,28,0,1998,0,13,87,0,False,6954,1,6,445,1,1809,1
2,0,1,22,0,969,47,23,134,0,False,6954,2,6,445,1,1809,1
1,0,1,26,0,135,2080,7,34,84,True,6957,1,1,266,2,2042,4
2,0,2,25,0,60,0,0,0,777,False,6960,1,4,1135,2,2043,1
2,0,1,19,0,0,0,0,804,5,False,6962,1,4,1136,2,1043,1
3,0,1,20,0,3839,57,1967,4,2,False,6963,1,2,1328,2,1052,1
2,0,3,35,0,0,71,631,0,0,False,6964,1,2,1444,1,870,1
2,0,1,37,0,951,0,0,80,0,False,6966,1,2,1446,1,1005,1
1,0,3,37,0,0,9965,0,5697,676,False,6967,1,8,256,2,1202,2
2,0,1,13,0,0,114,682,0,7,False,6968,1,2,1447,1,399,2
2,0,2,20,0,0,0,0,0,1318,False,6968,2,2,1447,1,399,1
3,0,1,65,0,3358,1,12,0,0,False,6970,1,4,427,2,816,1
3,0,1,29,0,456,230,363,0,0,False,6970,2,6,465,2,276,1
1,0,1,0,0,0,0,0,0,0,True,6971,1,8,225,1,793,1
1,0,1,4,0,0,0,0,0,0,True,6971,2,8,225,1,793,1
1,1,1,19,0,0,0,0,0,0,True,6971,3,8,225,1,793,2
1,1,3,17,0,0,0,0,0,0,True,6971,4,8,225,1,793,2
1,0,3,28,0,0,4173,0,33,420,True,6971,5,8,225,1,1824,3
1,0,3,28,0,0,160,0,1538,1426,False,6971,6,8,225,1,793,3
2,0,1,21,0,0,0,0,43,667,False,6972,1,4,1126,1,956,2
2,0,2,45,0,1,15,44,0,1541,False,6973,1,6,466,2,1241,1
2,0,1,21,0,27,0,782,0,0,True,6976,1,4,1127,1,611,1
2,1,2,20,0,0,0,0,0,0,True,6977,1,4,1137,2,2023,1
2,0,1,38,0,0,806,3,0,0,True,6977,2,4,1137,2,2023,1
2,0,3,24,0,0,893,0,4,8,True,6978,1,6,446,1,2044,1
2,0,1,22,0,712,6,70,0,0,False,6979,1,6,447,1,1734,1
2,0,1,44,0,3,0,33,769,0,True,6980,1,2,1331,2,1931,0
2,0,2,41,0,0,0,0,0,628,False,6981,1,2,1332,2,938,2
2,1,1,21,0,0,0,0,0,0,True,6982,1,4,1128,1,137,4
3,0,1,26,0,1967,0,116,0,0,False,6984,1,2,1450,1,1877,4
3,1,1,54,0,0,0,0,0,0,True,6984,2,2,1450,1,1877,1
3,0,1,19,0,1962,0,1,641,0,False,6984,3,2,1450,1,1877,2
2,0,1,32,0,0,243,0,0,776,False,6985,1,4,1138,2,532,0
2,1,1,27,0,0,0,0,0,0,True,6987,1,4,1139,2,288,4
1,0,1,26,0,554,1307,32,93,1553,False,6988,1,8,226,1,1212,2
1,0,1,28,0,0,4340,0,186,0,True,6988,2,8,226,1,1212,0
2,0,2,21,0,1,22,0,649,2,False,6990,1,4,427,2,523,2
1,0,3,38,0,0,692,0,3587,0,False,6991,1,1,233,1,2005,0
1,1,1,43,0,0,0,0,0,0,True,6991,2,1,233,1,2005,2
2,0,1,12,0,0,0,0,0,0,False,6992,1,4,1131,1,150,2
2,1,1,25,0,0,0,0,0,0,False,6992,2,4,1131,1,150,2
2,1,1,27,0,0,0,0,0,0,True,6992,3,4,1131,1,150,1
1,1,1,22,0,0,0,0,0,0,True,6994,1,1,267,2,309,2
1,0,1,20,0,0,275,1690,580,5499,False,6994,2,1,267,2,1639,5
2,0,3,24,0,0,58,618,0,41,False,6995,1,2,1334,2,451,1
2,0,3,34,0,0,442,175,79,3,False,6996,1,2,1452,1,1134,1
3,0,1,42,0,1058,0,0,0,0,False,6997,1,7,220,1,629,2
3,0,1,24,0,2261,0,95,10,0,False,6997,2,2,1453,1,629,2
2,0,1,28,0,0,0,285,136,337,False,6998,1,2,1454,1,1383,3
3,0,1,29,0,907,0,0,142,0,False,6999,1,6,449,1,1324,1
1,1,1,31,0,0,0,0,0,0,True,7001,1,7,213,2,2010,1
2,0,1,29,0,888,0,1,0,0,False,7002,1,4,1141,2,1276,4
2,0,3,14,0,0,1,400,297,0,False,7004,1,2,1337,2,1221,2
2,0,3,16,0,0,17,1211,0,25,True,7005,1,2,1338,2,1537,1
2,1,2,16,0,0,0,0,0,0,True,7006,1,4,1142,2,2045,3
1,0,1,27,0,0,2897,659,485,11,True,7007,1,6,450,1,2046,4
1,0,1,27,0,0,996,0,726,813,False,7007,2,6,450,1,2046,3
2,0,1,23,0,779,7,9,9,0,False,7008,1,2,1339,2,1072,2
2,0,1,16,0,418,195,100,88,90,False,7010,1,4,1143,2,665,4
2,0,1,30,0,0,6,0,0,1435,True,7010,2,2,1340,2,905,1
2,0,1,24,0,468,0,163,0,0,False,7011,1,2,1455,1,242,0
2,1,1,36,0,0,0,0,0,0,True,7013,1,4,1144,2,1492,2
1,0,3,25,0,0,3512,20,24,1459,True,7014,1,8,257,2,2047,3
1,1,1,29,0,0,0,0,0,0,True,7015,1,8,227,1,2048,2
2,1,2,21,0,0,0,0,0,0,False,7016,1,4,1132,1,1899,0
2,1,1,26,0,0,0,0,0,0,True,7017,1,4,1133,1,1046,2
3,0,1,30,0,0,0,0,0,0,False,7018,1,6,467,2,1768,2
2,0,1,31,0,0,0,717,0,0,False,7019,1,2,1457,1,1220,2
2,0,1,20,0,0,750,957,0,722,False,7019,2,2,1457,1,1220,0
2,1,1,27,0,0,0,0,0,0,True,7020,1,4,1145,2,2039,0
2,1,3,33,0,0,0,0,0,0,True,7021,1,4,1146,2,423,1
1,0,1,35,0,0,5552,6,8,226,True,7022,1,7,215,2,2049,2
1,0,1,46,0,0,664,0,2,2177,False,7022,2,7,215,2,2049,3
2,1,1,63,0,0,0,0,0,0,True,7025,1,4,1147,2,632,4
1,0,3,37,0,0,1678,0,36,3128,False,7026,1,3,86,2,2033,4
2,0,1,23,0,26,266,404,0,0,True,7027,1,6,451,1,1259,3
2,0,3,5,0,0,0,0,0,0,True,7028,1,4,1148,2,902,3
2,1,1,16,0,0,0,0,0,0,True,7028,2,4,1148,2,902,1
2,0,1,20,0,0,0,2330,120,0,True,7029,1,2,1458,1,911,3
2,1,2,49,0,0,0,0,0,0,False,7029,2,2,1458,1,911,2
2,0,1,3,0,0,0,0,0,0,True,7031,1,4,1135,1,1185,0
2,0,1,41,0,0,176,414,133,0,False,7032,1,2,1459,1,1153,1
3,0,1,27,0,1216,0,30,43,0,False,7034,1,2,1341,2,933,1
2,1,1,14,0,0,0,0,0,0,True,7036,1,4,1136,1,807,1
3,0,1,26,0,782,0,0,2503,1,False,7037,1,7,216,2,1083,1
2,1,1,51,0,0,0,0,0,0,False,7038,1,4,1137,1,2050,3
2,0,2,36,0,56,0,81,0,468,False,7039,1,2,1461,1,654,1
2,1,1,16,0,0,0,0,0,0,True,7040,1,4,1150,2,1185,4
3,1,1,18,0,0,0,0,0,0,True,7041,1,2,1343,2,1982,0
2,1,2,48,0,0,0,0,0,0,False,7042,1,4,1138,1,477,0
3,0,1,24,0,235,0,1642,1042,229,False,7044,1,7,221,1,1749,5
3,0,3,19,0,1043,0,138,0,0,False,7045,1,7,222,1,2051,1
2,1,3,21,0,0,0,0,0,0,True,7047,1,4,1152,2,598,3
2,0,1,24,0,332,9,356,0,0,False,7048,1,2,1462,1,1005,2
2,1,1,21,0,0,0,0,0,0,True,7049,1,4,1153,2,803,4
2,0,1,13,0,0,999,0,0,4,True,7050,1,2,1344,2,1264,2
3,0,1,39,0,42,0,352,1,369,False,7051,1,7,223,1,2052,3
1,0,3,27,0,0,0,0,0,0,True,7052,1,6,469,2,2053,1
2,0,2,23,0,64,4,0,1125,0,False,7053,1,2,1463,1,1722,1
1,0,3,43,0,0,2093,0,3409,30,False,7056,1,7,217,2,2054,5
3,0,1,19,0,3332,878,926,781,0,False,7057,1,2,1346,2,1083,2
3,1,3,30,0,0,0,0,0,0,True,7058,1,2,1347,2,1312,4
2,1,1,52,0,0,0,0,0,0,True,7059,1,4,1154,2,468,4
2,0,1,35,0,2224,0,105,1,0,False,7060,1,4,1155,2,1265,1
2,0,1,16,0,4,1666,0,35,40,True,7061,1,4,1156,2,1194,3
2,0,1,21,0,0,13,0,720,170,False,7062,1,2,1464,1,807,1
2,0,2,45,0,0,0,0,0,595,False,7068,1,2,1350,2,1112,5
2,0,1,22,0,0,125,0,663,0,False,7069,1,6,472,2,905,3
2,1,3,27,0,0,0,0,0,0,False,7069,2,4,1159,2,1337,1
2,0,1,0,0,0,0,0,0,0,True,7069,3,4,1159,2,455,2
2,0,2,63,0,526,2,0,0,0,False,7071,1,4,1160,2,1790,3
2,0,2,56,0,1,2,0,102,0,False,7072,1,2,1351,2,602,2
2,1,1,40,0,0,0,0,0,0,True,7073,1,4,1161,2,281,1
2,1,1,1,0,0,0,0,0,0,True,7074,1,4,1162,2,1976,0
2,0,1,24,0,0,0,3,797,5,False,7074,2,2,1352,2,1976,4
2,0,1,36,0,21,0,844,0,0,False,7077,1,2,1353,2,647,1
2,0,1,13,0,244,0,100,423,14,False,7078,1,4,1163,2,437,2
2,0,3,13,0,0,722,0,37,8,False,7079,1,2,1354,2,1612,0
2,1,3,37,0,0,0,0,0,0,True,7080,1,4,1140,1,631,1
2,0,1,44,0,143,47,0,717,87,False,7082,1,6,473,2,65,0
1,1,1,32,0,0,0,0,0,0,True,7083,1,8,259,2,237,3
1,0,3,57,0,0,0,0,0,0,True,7083,2,8,259,2,237,1
2,0,3,26,0,0,158,0,0,912,False,7084,1,2,1355,2,1477,1
3,0,1,62,0,453,1,1911,0,0,False,7085,1,2,1466,1,276,1
3,1,3,2,0,0,0,0,0,0,True,7085,2,2,1466,1,276,1
3,1,1,1,0,0,0,0,0,0,True,7085,3,2,1466,1,705,2
2,0,1,24,0,590,0,1,168,16,False,7086,1,2,1467,1,1458,2
2,1,1,1,0,0,0,0,0,0,True,7087,1,4,1141,1,1382,3
2,0,1,63,0,0,742,0,125,3,False,7088,1,2,1468,1,1813,1
1,0,1,20,0,1040,2487,0,174,182,True,7089,1,7,218,2,2055,3
2,0,1,15,0,0,610,267,0,0,False,7090,1,2,1469,1,576,0
2,1,1,32,0,0,0,0,0,0,True,7091,1,4,1142,1,842,1
2,0,1,24,0,61,397,185,1,0,True,7092,1,2,1470,1,990,3
2,1,1,32,0,0,0,0,0,0,False,7093,1,4,1143,1,1427,1
1,0,1,36,0,10,2478,2080,19,328,True,7094,1,6,454,1,2042,3
2,1,2,13,0,0,0,0,0,0,True,7095,1,4,1144,1,1127,2
1,1,1,29,0,0,0,0,0,0,True,7096,1,8,260,2,2056,1
1,0,1,27,0,0,14,0,0,2325,False,7096,2,8,260,2,2056,1
1,1,1,30,0,0,0,0,0,0,True,7096,3,8,260,2,2056,3
1,0,3,27,0,0,44,4761,5,41,True,7097,1,3,75,1,430,4
1,0,1,14,0,0,3124,40,219,189,False,7097,2,3,75,1,430,2
1,0,1,32,1,527,1863,0,417,2905,False,7097,3,3,75,1,430,2
1,0,3,33,1,0,16,12,2349,12,False,7097,4,3,75,1,2057,3
2,0,1,35,0,3,0,651,0,78,True,7098,1,2,1356,2,215,3
2,0,3,21,0,301,0,19,0,0,False,7099,1,2,1471,1,223,1
2,0,1,57,0,906,22,0,8293,391,False,7104,1,8,228,1,1666,2
1,0,1,42,0,159,4387,2,3,485,True,7104,2,8,228,1,1666,3
2,0,3,20,0,0,6,552,20,0,True,7105,1,2,1473,1,580,1
3,1,1,18,0,0,0,0,0,0,True,7106,1,2,1357,2,1480,2
1,0,3,49,0,0,7683,0,13016,0,False,7109,1,1,268,2,715,2
2,0,2,23,0,0,3,0,0,546,False,7110,1,2,1358,2,1813,2
3,0,1,24,0,1058,0,0,280,0,False,7111,1,2,1359,2,2058,4
2,0,1,24,0,0,0,0,0,757,False,7113,1,2,1361,2,510,0
2,0,3,23,0,9,1,0,492,109,True,7113,2,2,1361,2,510,3
2,0,1,24,0,0,489,21,0,184,False,7114,1,2,1362,2,2059,2
2,1,2,26,0,0,0,0,0,0,False,7116,1,4,1146,1,211,3
1,1,3,28,0,0,0,0,0,0,True,7117,1,1,236,1,2054,0
2,0,2,17,0,0,1381,2,0,0,False,7118,1,2,1475,1,1725,2
2,0,1,20,0,415,479,0,1019,239,False,7119,1,2,1476,1,125,1
2,0,1,22,0,0,0,0,0,1201,False,7120,1,2,1363,2,2060,3
1,1,3,23,0,0,0,0,0,0,True,7121,1,1,269,2,982,2
1,1,3,22,0,0,0,0,0,0,True,7121,2,1,269,2,982,2
2,0,1,29,0,3,0,664,683,34,False,7126,1,2,1366,2,995,2
1,0,1,27,0,0,4155,0,1368,42,False,7127,1,1,237,1,1261,5
1,1,1,31,0,0,0,0,0,0,True,7127,2,1,237,1,1261,2
1,0,3,37,0,1,4462,1,9206,3,False,7128,1,1,238,1,2061,2
1,0,3,44,0,0,4322,3,153,52,True,7128,2,1,238,1,1713,4
1,0,3,34,0,0,2612,1,131,2714,False,7128,3,1,238,1,1713,3
2,0,3,23,0,602,0,0,0,24,False,7132,1,4,1165,2,1458,0
2,0,1,18,0,457,0,11,335,0,False,7133,1,2,1368,2,1518,2
2,1,2,18,0,0,0,0,0,0,True,7134,1,4,1148,1,1114,5
2,0,1,23,0,0,134,482,0,27,False,7137,1,2,1479,1,2062,3
2,0,1,18,0,0,10,0,0,738,False,7140,1,2,1371,2,177,1
3,0,1,22,0,0,0,1128,0,45,False,7142,1,6,474,2,1275,2
3,0,1,10,0,0,0,0,0,0,True,7142,2,6,474,2,1275,2
3,1,1,27,0,0,0,0,0,0,False,7142,3,6,474,2,1275,1
3,0,1,31,0,907,0,437,2,0,False,7143,1,2,1372,2,1433,3
2,1,1,48,0,0,0,0,0,0,False,7144,1,4,1150,1,1895,2
1,0,3,51,1,0,287,0,1442,66,True,7148,1,3,87,2,861,5
3,1,2,25,0,0,0,0,0,0,True,7149,1,2,1482,1,2016,1
3,0,1,32,0,288,0,592,670,40,False,7151,1,6,459,1,2063,4
2,0,1,8,0,0,0,0,0,0,True,7152,1,4,1167,2,1425,1
2,1,2,49,0,0,0,0,0,0,True,7152,2,4,1167,2,1425,0
2,0,2,28,0,0,0,0,669,16,False,7155,1,2,1375,2,1936,2
3,0,1,3,0,0,0,0,0,0,True,7156,1,6,475,2,1129,5
3,0,1,27,0,0,0,0,0,0,True,7156,2,6,475,2,1129,4
3,1,1,31,0,0,0,0,0,0,True,7156,3,6,475,2,1129,3
3,0,1,11,0,0,0,0,0,0,True,7156,4,6,475,2,1129,5
3,1,1,27,0,0,0,0,0,0,True,7157,1,4,427,2,1277,4
3,0,1,33,0,1631,0,754,0,0,False,7157,2,7,219,2,1277,5
1,1,2,32,0,0,0,0,0,0,True,7159,1,8,263,2,1622,3
2,1,1,20,0,0,0,0,0,0,True,7160,1,4,1152,1,229,0
1,0,1,33,0,0,3624,0,1537,498,False,7161,1,6,476,2,1806,1
2,0,1,65,0,43,21,22,50,731,False,7162,1,2,1485,1,1892,1
3,1,1,18,0,0,0,0,0,0,True,7165,1,2,1377,2,474,2
3,0,1,19,0,862,0,5,2032,0,False,7166,1,2,1378,2,1476,1
1,0,3,33,0,0,3676,0,1743,1,True,7167,1,1,270,2,1360,3
2,0,1,27,0,0,11,793,0,84,True,7168,1,4,1168,2,1696,1
2,1,2,31,0,0,0,0,0,0,False,7170,1,4,1154,1,306,1
2,1,1,37,0,0,0,0,0,0,True,7171,1,4,1155,1,502,1
2,1,2,19,0,0,0,0,0,0,True,7173,1,4,1156,1,533,4
2,0,1,18,0,0,0,773,0,4,False,7175,1,2,1486,1,490,1
1,1,3,47,0,0,0,0,0,0,True,7176,1,8,232,1,2064,3
1,0,1,26,0,0,6050,0,662,920,False,7176,2,8,232,1,2064,3
1,0,1,25,0,0,3590,0,27,0,True,7176,3,8,232,1,2064,2
2,0,1,38,0,102,12,14,669,0,False,7177,1,2,1380,2,1733,2
2,0,1,53,0,3,2251,0,95,12,True,7179,1,6,460,1,1965,3
2,0,1,38,0,0,338,0,453,0,False,7180,1,6,478,2,1695,1
3,1,1,28,0,0,0,0,0,0,True,7181,1,2,1488,1,134,1
2,0,1,46,0,438,283,944,0,355,False,7182,1,4,427,2,868,3
2,0,1,18,0,3,688,0,0,23,True,7184,1,4,1170,2,1172,1
1,1,1,14,0,0,0,0,0,0,True,7186,1,6,461,1,1824,5
1,0,1,32,0,0,1369,29,662,22,False,7186,2,6,461,1,240,2
1,0,1,44,0,0,0,16,72,4304,False,7186,3,6,461,1,240,3
2,1,2,28,0,0,0,0,0,0,True,7187,1,4,1158,1,1595,3
1,0,1,2,0,0,0,0,0,0,True,7188,1,8,233,1,2065,1
1,0,1,28,0,0,2896,46,5248,8169,False,7188,2,8,233,1,2065,1
1,1,1,27,1,0,0,0,0,0,True,7188,3,8,233,1,2065,4
1,1,1,29,0,0,0,0,0,0,True,7189,1,8,234,1,77,3
2,1,3,14,0,0,0,0,0,0,True,7190,1,4,1171,2,2060,3
2,0,1,14,0,0,0,766,0,0,False,7191,1,2,1490,1,2066,2
2,1,1,17,0,0,0,0,0,0,True,7192,1,4,1172,2,2067,2
2,0,1,35,0,150,0,96,638,0,True,7193,1,2,1381,2,1467,2
2,0,1,36,0,0,129,0,177,444,False,7194,1,2,1382,2,756,1
3,0,1,51,0,106,1942,115,0,0,False,7197,1,2,1383,2,2068,1
2,0,1,54,0,1,0,109,0,1,False,7199,1,4,1174,2,625,1
1,0,1,37,0,300,3434,0,1,171,True,7200,1,8,264,2,2069,1
2,0,1,37,0,541,38,713,316,0,False,7202,1,6,462,1,1463,3
2,0,1,24,0,1,194,0,0,632,True,7203,1,6,463,1,1570,1
3,0,1,27,0,1030,0,158,0,28,False,7205,1,2,1386,2,2070,1
2,0,1,38,0,622,1319,42,1,444,False,7206,1,2,1387,2,1273,1
2,1,1,28,0,0,0,0,0,0,True,7207,1,4,1160,1,1463,2
2,0,1,0,0,0,0,0,0,0,True,7208,1,4,1161,1,1043,3
2,0,1,16,0,23,479,0,0,373,False,7208,2,2,1492,1,1043,2
2,0,1,25,0,0,0,879,0,0,False,7210,1,2,1493,1,1963,3
2,0,3,22,0,30,0,690,41,0,True,7214,1,2,1389,2,604,0
3,1,1,24,0,0,0,0,0,0,True,7215,1,2,1494,1,2071,3
2,0,2,37,0,501,0,179,1,0,True,7216,1,6,464,1,960,4
3,0,1,21,0,21,0,874,226,0,True,7217,1,2,1495,1,80,1
1,0,1,53,0,0,0,0,0,0,True,7218,1,1,271,2,1341,2
1,0,1,0,0,0,0,0,0,0,True,7219,1,8,235,1,1826,1
1,1,1,2,0,0,0,0,0,0,False,7219,2,8,235,1,1826,4
1,1,1,64,0,0,0,0,0,0,True,7219,3,8,235,1,1826,2
1,0,1,24,0,0,2921,5,795,3155,False,7219,4,4,427,2,1826,3
1,1,1,40,0,0,0,0,0,0,True,7219,5,8,235,1,1826,1
1,0,1,32,0,0,163,0,6953,50,False,7219,6,8,235,1,1826,2
1,0,3,54,1,0,316,1,2038,388,False,7221,1,1,239,1,2072,3
2,1,1,30,0,0,0,0,0,0,True,7224,1,4,1175,2,78,2
1,0,3,37,0,0,1379,130,1488,75,False,7225,1,3,77,1,552,2
3,0,1,20,0,3191,0,211,21,117,False,7226,1,6,481,2,142,3
3,0,1,22,0,741,0,1028,0,0,False,7227,1,2,1497,1,2073,4
2,0,2,57,0,0,1,0,664,19,False,7229,1,2,1391,2,2074,5
2,1,1,34,0,0,0,0,0,0,True,7230,1,4,1177,2,907,3
1,0,1,51,0,0,980,273,2775,419,False,7232,1,1,240,1,2075,3
3,1,1,47,0,0,0,0,0,0,False,7233,1,6,465,1,599,1
2,0,1,22,0,593,34,0,0,0,False,7234,1,4,1163,1,245,1
1,0,1,36,0,0,1606,511,89,2220,False,7235,1,1,241,1,2076,1
2,1,1,16,0,0,0,0,0,0,True,7236,1,4,427,2,94,1
3,0,1,60,0,180,0,414,1181,0,False,7238,1,2,1499,1,1121,1
3,0,1,39,0,197,0,2401,0,0,True,7240,1,2,1392,2,2077,1
3,0,1,18,0,49,0,2885,1,0,True,7240,2,2,1392,2,2077,1
1,1,3,30,0,0,0,0,0,0,True,7242,1,1,273,2,466,1
3,0,1,45,0,1781,0,17,0,23,False,7246,1,2,1395,2,1376,4
2,0,1,30,0,0,0,0,0,1150,False,7247,1,2,1396,2,1641,2
2,0,1,21,0,1046,1,0,1,0,False,7249,1,6,482,2,463,3
3,0,1,0,0,0,0,0,0,0,True,7249,2,2,1397,2,463,2
3,0,3,51,0,40,716,1907,0,0,True,7250,1,2,1501,1,35,3
3,0,1,22,0,100,0,1050,0,23,False,7252,1,6,466,1,2078,1
1,0,1,26,0,0,896,0,690,1,True,7253,1,7,225,1,544,6
2,0,1,10,0,0,0,0,0,0,False,7255,1,4,1166,1,751,5
2,0,1,21,0,42,606,1,38,100,False,7256,1,6,484,2,1431,2
2,1,3,14,0,0,0,0,0,0,True,7257,1,4,1167,1,1591,1
2,0,1,27,0,0,1,12,0,779,False,7257,2,6,467,1,1591,2
2,0,1,43,0,473,1390,0,0,0,True,7258,1,2,1502,1,905,0
2,0,2,22,0,28,194,2,0,370,True,7259,1,2,1503,1,1323,0
2,0,1,22,0,401,0,196,0,126,False,7260,1,2,1398,2,1221,3
2,1,2,23,0,0,0,0,0,0,True,7261,1,4,1168,1,443,3
1,1,1,25,0,0,0,0,0,0,True,7267,1,8,265,2,1348,1
1,0,1,35,0,0,0,0,0,0,True,7267,2,8,265,2,1348,5
2,0,1,30,0,0,0,0,27,764,False,7268,1,6,468,1,1582,2
2,1,1,37,0,0,0,0,0,0,True,7270,1,4,1170,1,1682,4
2,0,3,21,0,61,201,222,161,60,False,7271,1,4,1171,1,905,3
2,0,3,36,0,207,0,450,94,0,True,7273,1,4,1183,2,506,1
2,0,1,13,0,305,582,12,19,0,False,7274,1,2,1506,1,1612,2
2,0,3,22,0,0,642,0,52,0,False,7276,1,2,1507,1,236,0
2,1,1,36,0,0,0,0,0,0,True,7277,1,4,1184,2,530,5
2,0,1,17,0,0,188,795,0,0,True,7278,1,6,485,2,1296,2
1,1,3,38,0,0,0,0,0,0,True,7279,1,8,236,1,2079,3
3,0,1,34,0,5959,0,3,0,0,False,7280,1,2,1508,1,336,0
3,0,1,20,0,0,0,0,0,0,True,7283,1,2,1509,1,2080,1
2,0,1,17,0,0,647,49,74,0,False,7284,1,4,1174,1,1287,4
2,1,2,36,0,0,0,0,0,0,True,7285,1,4,1185,2,497,3
1,0,3,52,0,360,1314,8,641,66,True,7289,1,3,78,1,1191,3
1,1,3,32,0,0,0,0,0,0,True,7290,1,7,227,1,2076,6
1,1,3,35,0,0,0,0,0,0,True,7290,2,7,227,1,905,0
1,1,3,27,0,0,0,0,0,0,True,7290,3,7,227,1,2076,2
1,0,1,36,0,83,1186,0,2160,736,False,7290,4,7,227,1,2076,1
1,0,1,36,0,31,3585,31,1400,0,False,7290,5,7,227,1,2076,4
3,0,3,21,0,0,0,0,1,378,False,7292,1,7,220,2,1330,1
3,0,1,33,0,627,0,171,254,130,False,7296,1,7,228,1,1357,3
2,0,1,40,0,678,0,229,0,0,False,7297,1,4,1188,2,905,2
2,0,1,24,0,185,0,478,29,0,True,7298,1,2,1510,1,1882,3
2,0,1,35,0,0,0,885,0,0,True,7300,1,4,1189,2,558,2
3,1,1,29,0,0,0,0,0,0,True,7301,1,2,1511,1,1959,4
3,0,1,33,0,728,0,285,0,0,False,7302,1,6,486,2,1226,0
2,0,1,51,0,3,33,12,38,896,False,7303,1,6,487,2,120,0
3,1,1,10,0,0,0,0,0,0,True,7304,1,2,1512,1,918,1
2,1,1,41,0,0,0,0,0,0,True,7305,1,4,1190,2,498,1
2,0,3,26,0,1,0,0,0,718,True,7306,1,6,471,1,1640,0
2,0,1,39,0,19,102,0,678,0,False,7307,1,2,1405,2,38,0
3,0,1,14,0,738,5,297,0,0,False,7309,1,2,1513,1,1918,1
3,0,1,28,0,1059,0,6,117,0,False,7310,1,7,229,1,2081,3
2,0,1,18,0,0,949,0,0,0,False,7311,1,2,1514,1,109,1
3,0,1,41,0,2754,398,21,0,0,False,7313,1,7,231,1,1550,2
1,0,1,33,0,0,0,0,0,0,True,7314,1,8,237,1,2082,1
2,0,1,26,0,814,0,29,16,181,False,7320,1,2,1517,1,2083,4
3,1,1,31,0,0,0,0,0,0,True,7321,1,2,1518,1,373,1
2,0,1,63,0,0,0,424,0,2027,False,7322,1,2,1408,2,1591,0
2,0,1,30,0,0,0,547,0,423,False,7323,1,2,1409,2,1289,1
1,0,1,27,0,15,2886,0,249,71,True,7324,1,8,238,1,2084,2
2,0,1,47,0,2916,0,14,63,0,False,7326,1,2,1519,1,736,2
3,0,1,37,0,1413,0,584,3,0,True,7327,1,2,1520,1,1861,5
2,0,1,14,0,399,22,458,506,187,False,7328,1,2,1410,2,938,3
2,0,1,27,0,0,63,8,129,2960,False,7330,1,8,268,2,2024,3
3,0,1,61,0,1711,0,0,0,8,False,7331,1,7,232,1,1183,1
2,0,1,39,0,2,0,0,2,787,False,7332,1,6,488,2,2085,3
2,0,1,22,0,0,0,787,1,0,False,7334,1,6,490,2,954,1
2,0,1,30,0,2,0,5,1,962,False,7336,1,2,1411,2,111,2
2,0,1,26,0,0,0,902,0,0,False,7336,2,2,1411,2,29,5
1,0,1,25,0,0,115,0,1823,4041,False,7337,1,3,89,2,2086,1
3,0,1,42,0,1318,0,1386,0,0,False,7338,1,7,233,1,1726,1
1,0,1,33,0,0,2107,0,15586,473,False,7339,1,6,474,1,2087,0
1,0,1,60,0,0,307,0,484,1967,False,7340,1,6,475,1,929,0
2,1,3,16,0,0,0,0,0,0,True,7341,1,4,1191,2,746,3
2,0,1,50,0,0,185,0,1,558,True,7342,1,4,1178,1,1811,1
2,0,1,22,0,0,0,1,95,605,False,7343,1,2,1412,2,1284,1
2,0,2,15,0,0,0,9,0,952,False,7344,1,2,1413,2,396,4
3,0,1,27,0,0,0,0,0,0,False,7346,1,6,476,1,141,3
2,0,3,58,0,0,435,2,0,239,False,7347,1,4,1179,1,1500,2
2,1,1,48,0,0,0,0,0,0,True,7350,1,4,1192,2,498,2
1,1,3,36,0,0,0,0,0,0,True,7351,1,7,221,2,2088,4
1,0,1,60,0,0,3435,0,5458,10,False,7353,1,8,269,2,1432,1
1,1,1,46,0,0,0,0,0,0,True,7353,2,8,269,2,1432,1
1,0,1,58,0,0,1386,2,128,2577,True,7353,3,4,427,2,1432,2
2,1,1,40,0,0,0,0,0,0,False,7356,1,4,1181,1,173,1
2,1,1,3,0,0,0,0,0,0,True,7356,2,4,1181,1,173,1
2,0,3,23,0,3,0,2,61,634,False,7358,1,2,1522,1,258,1
2,0,2,21,0,0,434,0,75,135,True,7359,1,6,492,2,956,1
2,1,3,29,0,0,0,0,0,0,True,7360,1,4,1194,2,1041,3
1,1,3,23,0,0,0,0,0,0,True,7361,1,8,239,1,783,3
1,1,3,41,0,0,0,0,0,0,True,7361,2,8,239,1,783,1
2,0,1,20,0,0,802,0,16,0,False,7365,1,4,1183,1,598,1
2,0,1,24,0,821,0,0,68,0,False,7366,1,4,1184,1,41,0
3,0,1,21,0,2611,0,103,4,0,False,7367,1,7,234,1,1835,0
3,0,1,55,0,1236,0,52,0,0,False,7367,2,2,1523,1,1835,1
2,0,1,21,0,0,70,2,0,486,False,7370,1,2,1525,1,1567,1
2,1,3,42,0,0,0,0,0,0,True,7371,1,4,1185,1,1125,4
2,0,1,40,0,2,147,0,1695,1147,False,7372,1,2,1526,1,679,0
3,1,1,30,0,0,0,0,0,0,True,7374,1,2,1527,1,1745,1
1,1,1,26,0,0,0,0,0,0,True,7376,1,6,477,1,1379,2
2,1,2,43,0,0,0,0,0,0,False,7377,1,4,1186,1,2089,1
2,0,1,20,0,9,0,1540,0,0,False,7379,1,2,1416,2,1296,3
2,0,2,19,0,40,0,77,572,0,False,7385,1,2,1417,2,579,0
1,0,1,40,0,0,3508,761,12,32,True,7387,1,8,240,1,2090,0
2,1,2,17,0,0,0,0,0,0,True,7388,1,4,1198,2,467,3
2,0,1,62,0,240,0,0,586,10,False,7390,1,4,1190,1,576,1
2,1,1,32,0,0,0,0,0,0,False,7391,1,4,1191,1,232,3
2,1,1,37,0,0,0,0,0,0,False,7392,1,4,1192,1,2091,1
2,0,1,40,0,0,0,0,7,782,False,7393,1,6,478,1,1235,5
2,0,3,25,0,0,653,21,0,0,False,7394,1,4,1193,1,498,2
1,1,3,17,0,0,0,0,0,0,True,7395,1,1,277,2,2003,2
1,1,1,46,0,0,0,0,0,0,True,7395,2,1,277,2,2003,3
1,0,1,38,0,4,5974,0,3682,197,False,7395,3,1,277,2,2003,2
1,0,3,43,1,0,486,0,0,2470,False,7395,4,1,277,2,2003,1
1,0,3,28,0,6,3392,3944,987,0,True,7396,1,8,271,2,1081,2
1,1,1,31,1,0,0,0,0,0,True,7396,2,8,271,2,1100,0
1,1,2,35,0,0,0,0,0,0,True,7396,3,8,271,2,2092,0
2,0,1,19,0,105,271,1,377,17,True,7398,1,2,1531,1,1692,1
2,0,1,24,0,0,0,217,0,544,False,7399,1,2,1418,2,1216,4
3,0,3,20,0,0,0,0,0,0,False,7401,1,6,479,1,1267,3
1,0,1,16,0,0,1417,3,27,186,True,7402,1,8,272,2,2019,3
1,1,3,45,0,0,0,0,0,0,True,7402,2,8,272,2,2019,5
2,0,1,19,0,294,79,536,0,0,False,7403,1,4,1194,1,1043,6
2,0,1,23,0,0,1089,311,0,0,True,7405,1,2,1419,2,468,3
2,0,1,19,0,0,78,801,0,7,False,7406,1,4,1195,1,1487,1
3,0,1,32,0,193,0,1116,0,0,False,7408,1,2,1420,2,492,2
2,0,1,41,0,85,804,0,0,0,True,7410,1,4,1201,2,1282,1
2,0,1,30,0,1110,0,439,5,0,False,7411,1,2,1533,1,1075,2
1,0,3,41,0,0,10049,214,5287,1845,False,7416,1,1,278,2,2093,4
3,0,1,7,0,0,0,0,0,0,True,7418,1,2,1534,1,1272,2
2,0,1,39,0,1,875,0,6,0,True,7419,1,4,1197,1,1673,3
2,0,1,47,0,0,61,805,0,6,True,7419,2,2,1535,1,1673,3
2,0,1,21,0,550,0,61,4,5,False,7422,1,4,1204,2,1238,3
2,1,1,29,0,0,0,0,0,0,True,7425,1,4,1200,1,1852,1
2,0,1,19,0,879,0,0,10,0,False,7425,2,4,1200,1,1852,1
3,0,1,50,0,0,0,0,0,0,True,7427,1,2,1423,2,1387,1
1,0,1,28,0,0,132,4,1915,0,False,7428,1,3,79,1,2094,2
3,0,1,38,0,1126,0,23,34,0,False,7429,1,4,427,2,276,2
2,0,2,24,0,549,3,201,0,0,False,7430,1,4,1205,2,310,3
1,0,3,31,0,0,2954,0,170,756,False,7431,1,3,90,2,585,4
1,1,1,38,0,0,0,0,0,0,True,7432,1,6,481,1,2095,1
1,1,3,26,0,0,0,0,0,0,True,7435,1,1,244,1,2096,2
2,0,1,28,0,0,0,0,0,0,False,7436,1,4,1202,1,493,5
1,1,3,45,0,0,0,0,0,0,True,7437,1,1,279,2,1358,1
1,1,1,47,0,0,0,0,0,0,True,7437,2,1,279,2,1358,3
1,1,1,60,0,0,0,0,0,0,True,7437,3,1,279,2,824,4
2,0,3,42,0,0,279,30,409,0,True,7438,1,6,483,1,1120,2
2,0,1,43,0,20,0,726,0,0,False,7442,1,6,495,2,1540,2
2,1,2,17,0,0,0,0,0,0,False,7442,2,4,427,2,1540,3
2,1,1,17,0,0,0,0,0,0,False,7444,1,4,1203,1,794,2
2,1,1,20,0,0,0,0,0,0,False,7445,1,4,1208,2,828,5
2,0,1,18,0,960,672,0,0,168,False,7446,1,4,1204,1,896,3
3,0,1,24,0,0,0,299,814,0,False,7447,1,2,1539,1,1485,1
2,0,3,25,0,244,0,40,294,124,False,7448,1,2,1540,1,347,1
2,0,2,20,0,120,321,0,932,175,False,7449,1,2,1541,1,1075,4
2,0,1,23,0,509,0,193,0,2,False,7450,1,4,1205,1,145,0
1,1,1,48,0,0,0,0,0,0,True,7452,1,1,281,2,2042,1
1,0,3,26,0,286,3387,575,213,548,True,7452,2,1,281,2,2042,1
1,1,3,36,0,0,0,0,0,0,True,7452,3,1,281,2,2042,3
1,1,3,27,0,0,0,0,0,0,True,7453,1,8,275,2,2097,1
1,0,3,41,0,0,1616,0,758,400,True,7455,1,3,80,1,1736,1
2,1,1,21,0,0,0,0,0,0,True,7456,1,4,1210,2,1149,1
3,0,1,71,0,1243,0,5,16,34,False,7457,1,6,496,2,2098,0
2,1,1,64,0,0,0,0,0,0,False,7458,1,4,1211,2,235,0
1,0,1,33,0,0,397,0,1249,845,False,7459,1,1,282,2,1626,0
2,0,3,24,0,786,0,0,309,0,True,7460,1,2,1543,1,1369,1
1,1,1,35,0,0,0,0,0,0,True,7461,1,7,223,2,2020,0
2,1,2,13,0,0,0,0,0,0,True,7462,1,4,1206,1,1082,3
2,1,1,11,0,0,0,0,0,0,True,7464,1,4,1207,1,198,1
3,1,1,27,0,0,0,0,0,0,True,7472,1,2,1426,2,905,1
3,1,1,43,0,0,0,0,0,0,True,7475,1,2,1545,1,589,0
3,1,1,36,0,0,0,0,0,0,True,7475,2,2,1545,1,589,3
2,0,2,22,0,27,0,0,663,0,False,7477,1,2,1546,1,84,1
1,0,1,56,0,0,5711,0,0,50,True,7478,1,8,276,2,1920,0
3,1,1,34,0,0,0,0,0,0,True,7479,1,2,1429,2,169,1
2,0,1,46,0,0,0,1,0,1778,False,7481,1,4,1215,2,1384,1
3,0,2,43,0,244,0,358,160,800,True,7483,1,6,485,1,415,2
2,0,3,25,0,0,1435,0,0,0,True,7484,1,4,1209,1,1038,3
1,0,1,26,0,36,2285,0,2287,159,False,7485,1,4,427,2,1345,4
2,0,3,14,0,0,184,16,1234,0,False,7486,1,4,1210,1,1326,3
2,0,1,63,0,174,282,321,8,0,True,7487,1,4,1216,2,148,4
3,0,1,29,0,558,0,386,355,0,False,7488,1,6,486,1,646,2
3,1,2,45,0,0,0,0,0,0,True,7488,2,6,486,1,646,2
2,1,1,15,0,0,0,0,0,0,True,7490,1,4,1217,2,842,4
3,0,1,19,0,193,0,2956,0,0,True,7492,1,7,224,2,1445,2
2,0,1,53,0,2,794,425,0,397,False,7494,1,6,487,1,148,1
3,0,1,45,0,2,36,1110,9,0,False,7495,1,2,1431,2,1525,1
1,0,3,41,0,0,2383,0,2,97,True,7496,1,8,278,2,301,0
3,0,1,68,1,523,0,859,201,782,False,7498,1,2,1550,1,2099,1
3,1,1,5,0,0,0,0,0,0,True,7498,2,2,1550,1,2099,2
3,0,1,27,1,30,0,910,0,0,True,7498,3,2,1550,1,2099,3
2,0,3,20,0,30,132,1121,0,0,True,7499,1,2,1551,1,83,2
2,0,1,54,1,1770,7,228,0,0,False,7500,1,2,1432,2,810,3
2,0,1,18,0,0,0,0,484,320,False,7501,1,2,1433,2,211,3
1,0,3,45,0,66,5974,0,0,625,True,7502,1,8,241,1,1966,2
1,1,1,26,0,0,0,0,0,0,True,7503,1,1,283,2,2100,2
1,0,1,37,0,1577,11396,0,1014,560,True,7503,2,1,283,2,2100,3
2,0,1,30,0,0,2,0,690,86,False,7504,1,2,1552,1,905,3
3,0,1,51,1,511,0,291,4212,0,False,7505,1,2,1553,1,316,1
3,1,1,3,0,0,0,0,0,0,True,7505,2,2,1553,1,316,3
3,1,1,3,0,0,0,0,0,0,True,7505,3,2,1553,1,316,0
2,0,1,19,0,2110,0,0,0,1,False,7506,1,2,1554,1,696,4
2,0,1,19,0,0,789,0,0,0,False,7507,1,6,499,2,182,1
2,0,1,6,0,0,0,0,0,0,True,7507,2,6,499,2,182,0
2,0,3,4,0,0,0,0,0,0,True,7507,3,6,499,2,182,0
1,0,1,23,0,3580,564,103,0,90,False,7508,1,1,284,2,2101,4
2,0,1,37,0,1442,4,0,3,0,False,7509,1,2,1434,2,639,1
3,0,3,18,0,1092,0,208,150,0,False,7510,1,2,1435,2,978,1
2,0,2,29,0,5,598,0,0,0,False,7512,1,2,1436,2,1813,2
2,0,1,25,0,0,779,0,2,6,False,7513,1,6,488,1,993,1
2,0,1,52,0,0,0,47,2059,0,False,7514,1,2,1555,1,1177,2
3,1,1,24,0,0,0,0,0,0,False,7515,1,2,1437,2,2102,1
3,0,1,0,0,0,0,0,0,0,True,7515,2,2,1437,2,2102,1
2,0,2,25,0,15,3,0,635,0,False,7517,1,2,1557,1,561,2
1,1,1,26,0,0,0,0,0,0,True,7518,1,1,246,1,1107,1
1,0,2,32,1,2502,700,1104,13902,484,False,7518,2,1,246,1,1107,1
2,0,1,58,0,1366,257,0,0,311,False,7520,1,2,1559,1,335,4
2,0,1,44,0,657,0,103,0,394,False,7521,1,2,1560,1,1264,5
2,0,1,41,0,0,0,0,0,908,False,7522,1,4,1214,1,158,2
2,0,1,24,0,0,0,643,167,0,True,7523,1,4,1219,2,286,4
2,1,1,41,0,0,0,0,0,0,True,7524,1,4,1215,1,243,2
2,1,2,23,0,0,0,0,0,0,True,7524,2,4,1215,1,243,2
1,0,1,27,0,390,1377,0,2809,4914,False,7525,1,8,279,2,881,1
1,1,3,61,0,0,0,0,0,0,True,7525,2,8,279,2,881,2
2,0,1,18,0,0,732,2,13,47,True,7527,1,2,1561,1,257,2
2,1,1,18,0,0,0,0,0,0,True,7529,1,4,1221,2,797,1
1,1,1,27,0,0,0,0,0,0,True,7531,1,1,286,2,2103,3
1,1,3,15,0,0,0,0,0,0,True,7531,2,1,286,2,2103,2
2,0,3,12,0,0,0,0,0,0,True,7533,1,4,1223,2,1997,1
2,0,2,40,0,420,0,345,1,0,False,7534,1,2,1439,2,363,1
2,0,1,19,0,122,2,0,480,565,True,7535,1,2,1562,1,2104,0
3,1,1,18,0,0,0,0,0,0,True,7536,1,2,1440,2,2105,1
1,0,1,48,1,313,2864,0,0,12424,False,7538,1,3,81,1,2106,3
1,0,3,37,0,18,2669,0,1229,0,False,7538,2,3,81,1,2106,1
2,0,1,35,0,4,53,0,0,844,False,7542,1,2,1442,2,832,5
2,0,1,29,0,0,0,702,0,56,False,7543,1,2,1564,1,412,1
2,0,1,54,0,118,0,0,669,0,False,7544,1,6,501,2,1145,3
2,1,1,27,0,0,0,0,0,0,False,7545,1,4,1225,2,1676,3
2,0,1,22,0,0,19,1468,2,119,True,7549,1,6,489,1,1604,3
2,1,2,18,0,0,0,0,0,0,True,7550,1,4,1216,1,625,3
2,0,1,26,0,0,652,97,43,0,True,7552,1,6,490,1,1085,2
2,0,2,19,0,10,24,0,0,565,False,7553,1,2,1444,2,2066,3
2,0,1,22,0,0,0,441,0,423,False,7559,1,2,1569,1,991,3
1,0,1,17,0,0,0,0,0,0,True,7560,1,8,244,1,1099,1
2,0,1,18,0,388,182,0,66,140,False,7561,1,2,1445,2,905,4
3,1,3,39,0,0,0,0,0,0,True,7563,1,2,1570,1,905,1
1,0,1,37,0,2,7272,0,50,1282,True,7565,1,1,247,1,650,2
1,1,3,17,0,0,0,0,0,0,True,7565,2,1,247,1,650,3
1,0,3,25,0,0,772,0,125,5913,False,7565,3,1,247,1,650,2
1,0,1,9,0,0,0,0,0,0,True,7565,4,1,247,1,650,1
2,1,3,15,0,0,0,0,0,0,False,7567,1,4,1227,2,1378,0
2,0,1,19,0,380,0,416,0,8,False,7568,1,2,1571,1,327,0
3,0,1,18,0,3591,0,158,0,120,False,7569,1,6,493,1,2107,1
3,0,1,50,1,828,0,572,1367,0,False,7569,2,7,237,1,2107,1
2,1,1,14,0,0,0,0,0,0,False,7572,1,4,1228,2,1487,0
2,1,2,19,0,0,0,0,0,0,False,7573,1,4,1217,1,1393,1
1,1,3,33,0,0,0,0,0,0,True,7574,1,1,287,2,2103,1
1,0,1,23,0,30,2237,1,49,52,True,7576,1,7,239,1,1533,1
1,0,1,39,0,2,530,0,0,1360,False,7576,2,7,239,1,1533,1
2,0,2,14,0,80,130,0,1323,0,False,7577,1,6,502,2,7,0
2,0,3,14,0,653,0,4,0,0,False,7578,1,2,1572,1,1780,6
2,0,2,45,0,1,7,56,613,0,True,7579,1,4,1229,2,905,2
2,1,1,22,0,0,0,0,0,0,True,7580,1,4,1230,2,1617,5
3,0,1,36,0,32,355,1826,9,0,True,7583,1,2,1574,1,1744,1
1,0,1,19,0,0,0,0,0,0,True,7584,1,1,288,2,1708,2
1,1,1,59,0,0,0,0,0,0,True,7584,2,1,288,2,1708,1
2,0,1,31,0,0,1000,0,19,1776,False,7584,3,1,288,2,1708,2
1,1,3,31,0,0,0,0,0,0,True,7585,1,8,281,2,2108,2
1,0,1,39,0,8209,18,432,3560,54,False,7585,2,8,281,2,2108,2
1,0,1,28,0,0,2674,1309,18,11,True,7585,3,8,281,2,2108,1
1,1,1,19,0,0,0,0,0,0,True,7585,4,8,281,2,2108,2
1,0,1,29,0,220,1130,0,7,951,True,7586,1,8,245,1,1761,0
2,1,3,0,0,0,0,0,0,0,True,7588,1,4,1219,1,1322,3
2,0,3,15,0,0,714,0,0,0,True,7588,2,4,1219,1,1322,3
2,0,1,18,0,0,0,0,1586,0,False,7592,1,2,1450,2,1663,1
1,1,3,49,0,0,0,0,0,0,True,7594,1,8,282,2,831,3
2,0,1,36,0,0,7,661,0,93,True,7595,1,2,1451,2,960,2
1,1,3,40,0,0,0,0,0,0,True,7596,1,8,283,2,1494,2
1,1,1,56,0,0,0,0,0,0,True,7596,2,8,283,2,905,3
2,1,2,67,0,0,0,0,0,0,True,7598,1,4,1231,2,618,1
2,0,1,44,0,0,204,135,225,223,False,7599,1,6,495,1,905,5
2,0,1,17,0,214,552,0,241,0,False,7601,1,4,1232,2,2109,1
3,1,1,27,0,0,0,0,0,0,True,7604,1,2,1579,1,405,3
3,0,1,23,0,463,0,658,0,0,False,7604,2,2,1579,1,405,0
3,0,3,28,0,2484,136,42,0,0,False,7605,1,2,1452,2,377,1
3,1,1,54,0,0,0,0,0,0,True,7606,1,2,1453,2,1204,2
3,1,1,26,0,0,0,0,0,0,True,7608,1,2,1454,2,1511,0
1,0,3,40,1,0,21,0,1503,1392,False,7609,1,3,83,1,466,1
1,1,1,39,0,0,0,0,0,0,True,7609,2,3,83,1,466,3
1,1,3,40,0,0,0,0,0,0,True,7614,1,8,246,1,1680,1
2,0,2,20,0,11,725,0,0,0,True,7616,1,2,1457,2,1150,2
2,0,1,18,0,761,21,27,0,0,True,7618,1,4,1235,2,1165,2
3,0,1,17,0,3651,0,2228,38,0,False,7620,1,2,1583,1,1514,2
1,1,3,35,0,0,0,0,0,0,True,7621,1,1,250,1,2110,1
2,0,1,31,0,0,0,185,584,0,False,7622,1,4,1237,2,785,2
2,0,1,40,0,0,0,84,798,0,False,7623,1,4,1223,1,473,2
1,1,2,50,0,0,0,0,0,0,True,7624,1,8,284,2,1286,2
2,0,1,21,0,0,0,114,2,683,False,7625,1,2,1458,2,539,3
2,0,1,29,0,767,16,9,0,0,False,7626,1,6,496,1,518,1
1,0,3,63,0,0,5036,4,519,0,True,7627,1,3,92,2,466,1
3,0,1,19,0,37,0,1288,0,0,True,7628,1,2,1584,1,599,1
3,0,1,36,0,1103,3,0,0,659,False,7628,2,7,240,1,753,1
2,0,3,48,0,0,172,115,1,645,False,7630,1,2,1585,1,14,2
1,0,1,33,0,81,1125,481,505,1261,False,7631,1,6,497,1,675,0
3,0,1,28,0,2703,0,4,1,0,False,7632,1,7,226,2,2111,1
2,0,1,39,0,0,0,0,847,1,False,7633,1,4,1224,1,1760,0
2,1,1,27,0,0,0,0,0,0,True,7634,1,4,1239,2,165,4
1,1,3,58,0,0,0,0,0,0,True,7635,1,1,289,2,1156,0
1,1,3,44,0,0,0,0,0,0,True,7639,1,1,290,2,183,1
2,1,1,23,0,0,0,0,0,0,True,7640,1,4,1226,1,1659,1
2,0,3,21,0,618,33,1,2,0,True,7641,1,2,1586,1,554,2
1,0,3,53,0,8,1489,0,2723,7401,False,7643,1,8,247,1,263,2
1,1,1,14,0,0,0,0,0,0,True,7643,2,8,247,1,263,1
2,1,2,17,0,0,0,0,0,0,True,7644,1,4,1227,1,1016,2
1,0,3,25,0,0,16016,1025,189,1037,True,7646,1,8,285,2,1209,3
1,0,3,44,1,3010,26,0,62,904,False,7646,2,8,285,2,1209,2
1,0,3,24,0,145,4224,0,5,61,True,7646,3,8,285,2,1209,1
2,0,1,24,0,0,7,127,639,37,False,7647,1,4,1240,2,856,1
2,1,1,24,0,0,0,0,0,0,True,7649,1,4,1241,2,1570,3
2,1,1,0,0,0,0,0,0,0,True,7650,1,4,1242,2,1010,4
2,1,3,7,0,0,0,0,0,0,False,7650,2,4,1242,2,384,4
2,1,2,3,0,0,0,0,0,0,True,7650,3,4,1242,2,384,6
2,0,1,18,0,711,12,0,83,0,True,7650,4,2,1461,2,384,1
2,1,1,4,0,0,0,0,0,0,False,7650,5,4,1242,2,1010,2
1,1,3,40,0,0,0,0,0,0,True,7652,1,1,292,2,2112,2
2,1,1,16,0,0,0,0,0,0,False,7656,1,4,1244,2,1151,4
1,1,3,25,0,0,0,0,0,0,True,7660,1,1,294,2,2113,1
2,1,1,10,0,0,0,0,0,0,True,7661,1,4,1245,2,1021,3
2,1,1,40,0,0,0,0,0,0,True,7665,1,4,1229,1,1146,4
3,1,1,19,0,0,0,0,0,0,True,7666,1,2,1591,1,122,0
1,1,3,15,0,0,0,0,0,0,True,7667,1,1,251,1,2114,3
2,0,1,24,0,0,636,136,37,0,False,7669,1,4,1230,1,1254,2
3,1,1,21,0,0,0,0,0,0,True,7670,1,2,1465,2,2115,0
2,0,1,29,0,0,7,31,700,0,False,7671,1,2,1466,2,1427,2
3,0,1,37,1,2771,0,6,1,10,False,7676,1,7,227,2,1366,1
2,1,2,49,0,0,0,0,0,0,False,7677,1,4,1247,2,1963,1
2,0,1,42,0,1132,0,0,77,608,False,7678,1,4,1231,1,553,3
2,1,1,54,0,0,0,0,0,0,True,7678,2,4,1231,1,553,1
2,1,1,33,0,0,0,0,0,0,False,7679,1,4,1232,1,203,0
1,0,1,27,0,0,6,0,7786,0,False,7680,1,8,250,1,360,1
2,1,1,53,0,0,0,0,0,0,False,7682,1,4,1248,2,1161,3
2,0,1,28,0,0,817,58,0,25,True,7683,1,2,1467,2,547,2
1,0,1,24,0,812,5450,0,1,262,True,7684,1,8,286,2,1878,2
2,0,2,20,0,0,0,8,1,1175,False,7687,1,2,1596,1,353,3
2,0,1,0,0,0,0,0,0,0,False,7688,1,4,1233,1,744,3
2,0,1,24,0,0,96,0,597,0,False,7689,1,2,1597,1,342,1
2,0,1,28,0,0,0,0,0,0,True,7690,1,4,1234,1,1234,3
3,1,1,42,0,0,0,0,0,0,True,7691,1,2,1598,1,149,1
1,0,3,32,1,0,48,0,3204,112,False,7692,1,8,287,2,1333,0
1,0,1,36,0,0,2979,0,68,347,True,7693,1,1,252,1,1051,3
1,0,1,40,0,0,0,0,0,0,True,7693,2,1,252,1,1051,1
2,0,1,30,0,574,0,0,25,2,False,7694,1,2,1599,1,1444,0
3,0,1,34,0,751,0,185,0,77,False,7696,1,6,499,1,2116,0
3,0,1,37,0,1000,0,80,40,0,False,7696,2,2,1601,1,1715,0
1,0,1,41,0,0,0,0,0,0,True,7697,1,1,295,2,457,1
1,1,3,25,0,0,0,0,0,0,True,7697,2,1,295,2,457,1
3,0,1,39,0,332,0,728,2,86,True,7698,1,2,1602,1,2117,2
2,0,3,0,0,0,0,0,0,0,True,7699,1,4,1235,1,1904,4
3,0,1,54,0,1144,140,2,2,0,False,7700,1,2,1603,1,1699,1
2,1,1,16,0,0,0,0,0,0,False,7702,1,4,1236,1,1899,1
2,0,1,0,0,0,0,0,0,0,True,7703,1,4,1251,2,109,4
2,1,1,13,0,0,0,0,0,0,True,7703,2,4,1251,2,905,2
3,0,1,46,0,5888,0,13,12,0,False,7705,1,2,1470,2,638,0
2,0,1,23,0,40,4,9,318,1413,False,7707,1,4,1237,1,836,3
2,0,1,18,0,110,103,471,11,1,False,7708,1,2,1471,2,600,1
2,0,2,27,0,2647,0,0,42,32,False,7709,1,2,1604,1,549,2
2,1,2,24,0,0,0,0,0,0,False,7709,2,4,1238,1,549,1
1,0,1,27,0,118,1769,4127,118,619,True,7710,1,1,253,1,2112,2
2,0,1,24,0,0,82,0,1624,77,False,7711,1,7,241,1,1949,2
1,0,1,25,1,1,4298,0,0,2,True,7712,1,3,93,2,2118,5
1,1,1,30,0,0,0,0,0,0,True,7713,1,1,296,2,2119,1
2,0,1,19,0,0,28,62,24,1686,False,7714,1,4,1239,1,138,1
2,0,3,18,0,1,5,305,347,0,False,7715,1,2,1605,1,879,0
1,1,3,49,0,0,0,0,0,0,True,7716,1,6,500,1,2120,0
2,0,1,64,0,0,0,0,563,344,False,7717,1,4,1240,1,944,1
3,1,1,26,0,0,0,0,0,0,True,7719,1,6,506,2,589,2
2,0,3,53,0,0,0,754,46,0,False,7720,1,2,1606,1,1961,1
3,0,1,27,0,83,0,2621,5,0,True,7721,1,7,242,1,1376,3
1,1,1,27,0,0,0,0,0,0,True,7723,1,1,254,1,1655,6
3,0,1,25,0,338,319,32,15,0,False,7724,1,2,1472,2,68,3
2,0,3,33,0,0,0,0,436,224,True,7727,1,6,507,2,1927,0
1,0,1,27,0,0,9,0,40,7621,False,7728,1,8,289,2,2121,3
1,1,3,20,0,0,0,0,0,0,True,7729,1,8,251,1,955,5
1,1,3,39,0,0,0,0,0,0,True,7731,1,1,255,1,2004,1
3,0,1,27,0,1730,0,379,5,0,False,7736,1,6,502,1,1843,4
3,1,1,19,0,0,0,0,0,0,True,7738,1,2,1476,2,89,1
2,0,1,22,0,60,48,0,0,500,False,7739,1,2,1609,1,22,3
2,0,1,3,0,0,0,0,0,0,False,7741,1,4,1252,2,687,4
2,0,1,24,0,9,769,9,0,0,False,7741,2,6,508,2,687,2
3,1,1,41,0,0,0,0,0,0,True,7742,1,2,1477,2,1837,2
3,1,1,18,0,0,0,0,0,0,True,7742,2,2,1477,2,1837,4
2,0,1,63,0,0,243,0,777,0,False,7743,1,4,1244,1,740,2
1,0,1,19,0,0,4534,0,617,1156,False,7744,1,1,298,2,1334,1
1,1,1,39,0,0,0,0,0,0,True,7744,2,1,298,2,1334,1
1,1,3,27,0,0,0,0,0,0,True,7746,1,4,427,2,1579,2
3,0,1,41,0,688,31,1880,0,0,False,7747,1,2,1611,1,51,1
1,0,1,44,0,18,1451,0,279,64,False,7748,1,3,94,2,2122,1
1,0,1,39,1,0,395,0,1012,1080,False,7748,2,3,94,2,2122,4
3,1,3,29,0,0,0,0,0,0,True,7749,1,7,244,1,1169,3
3,0,1,37,0,416,56,1912,0,0,False,7749,2,7,244,1,1169,1
1,1,3,41,0,0,0,0,0,0,True,7751,1,8,252,1,881,1
2,0,2,18,0,0,0,0,746,1,False,7752,1,2,1480,2,1327,3
2,1,3,27,0,0,0,0,0,0,False,7753,1,4,1245,1,1963,3
1,0,3,55,0,1,2670,34,542,1339,True,7754,1,1,299,2,2123,2
2,1,1,21,0,0,0,0,0,0,True,7755,1,6,503,1,1765,2
1,1,1,28,0,0,0,0,0,0,True,7757,1,1,300,2,1786,2
1,0,1,43,0,0,8948,0,153,872,True,7757,2,1,300,2,2100,0
2,0,2,32,0,0,494,0,0,213,False,7760,1,4,1253,2,1223,3
2,0,1,23,0,1,0,0,237,553,True,7761,1,2,1612,1,882,1
2,1,3,5,0,0,0,0,0,0,True,7761,2,4,1246,1,1021,0
2,0,3,14,0,325,0,19,506,2,False,7763,1,4,1254,2,567,3
2,0,1,24,0,1405,0,14,2,163,False,7764,1,2,1613,1,1611,2
2,1,2,22,0,0,0,0,0,0,True,7767,1,4,1257,2,813,2
2,0,1,14,0,0,268,239,127,0,True,7768,1,2,1484,2,209,3
2,0,1,20,0,98,499,0,142,52,False,7769,1,6,504,1,2124,3
2,0,1,17,0,527,124,37,290,30,False,7770,1,4,1258,2,130,1
2,0,3,20,0,748,0,0,0,487,False,7770,2,2,1485,2,130,3
2,0,1,22,0,0,0,692,18,0,True,7771,1,4,1259,2,863,0
2,1,1,15,0,0,0,0,0,0,True,7773,1,4,1248,1,1692,3
3,0,3,67,0,1146,16,39,0,518,True,7774,1,7,245,1,1918,1
1,0,3,28,0,7,489,0,4,6027,False,7775,1,8,253,1,2005,1
1,0,1,57,0,0,412,0,5491,234,False,7776,1,7,246,1,1003,2
2,1,2,21,0,0,0,0,0,0,True,7777,1,4,1249,1,948,4
3,0,1,34,0,1199,33,346,0,0,False,7778,1,2,1486,2,2125,4
3,1,1,17,0,0,0,0,0,0,False,7778,2,6,510,2,2125,1
2,0,3,33,0,0,53,615,9,0,True,7780,1,2,1614,1,108,2
1,0,3,33,0,0,73,31,8493,9065,False,7782,1,8,291,2,1818,5
1,0,1,28,0,0,180,0,778,4973,False,7782,2,8,291,2,1818,4
3,1,1,18,0,0,0,0,0,0,True,7783,1,2,1487,2,256,2
3,1,1,28,0,0,0,0,0,0,True,7784,1,2,1615,1,169,1
2,0,1,13,0,406,0,52,0,387,False,7785,1,4,1261,2,1523,1
2,0,1,38,0,0,0,0,45,3372,False,7786,1,2,1616,1,922,2
1,0,3,39,0,258,1541,0,0,621,False,7787,1,1,301,2,1345,1
1,1,1,18,0,0,0,0,0,0,True,7787,2,4,427,2,1345,0
2,0,2,43,0,0,0,110,538,0,False,7788,1,2,1488,2,215,1
2,0,1,32,0,0,368,0,304,741,False,7789,1,2,1489,2,1134,4
2,1,1,29,0,0,0,0,0,0,False,7790,1,2,1490,2,1970,1
3,0,3,45,0,810,0,132,198,0,False,7790,2,2,1490,2,1970,2
3,1,1,25,0,0,0,0,0,0,True,7790,3,2,1490,2,1970,2
2,0,3,64,0,19,261,208,0,214,False,7791,1,2,1491,2,1241,2
2,0,1,18,0,0,0,0,0,2141,False,7793,1,2,1617,1,1178,2
2,0,1,44,0,358,303,0,0,131,False,7797,1,6,506,1,482,0
2,1,1,15,0,0,0,0,0,0,True,7800,1,4,1251,1,1778,1
2,0,3,21,0,1720,2337,0,1,335,False,7801,1,4,427,2,56,1
3,0,1,33,0,166,634,419,201,1178,False,7802,1,2,1620,1,80,2
2,0,3,3,0,0,0,0,0,0,False,7803,1,4,1253,1,1499,1
2,1,3,19,0,0,0,0,0,0,True,7803,2,4,1253,1,1499,4
2,0,1,37,0,0,0,0,0,0,False,7805,1,4,1254,1,755,0
2,0,3,24,0,0,688,0,0,1,False,7806,1,2,1621,1,332,1
2,0,1,26,0,0,79,53,0,0,False,7808,1,4,1256,1,1617,1
3,1,1,26,0,0,0,0,0,0,True,7809,1,2,1493,2,2126,0
3,1,1,26,0,0,0,0,0,0,True,7809,2,2,1493,2,2126,1
2,0,1,22,0,769,0,0,1,729,False,7810,1,2,1494,2,34,1
3,0,1,26,0,1333,0,50,0,0,False,7812,1,2,1495,2,569,3
2,0,1,27,0,0,55,0,740,85,False,7813,1,2,1622,1,1888,4
2,0,2,27,0,0,605,0,0,0,True,7815,1,2,1496,2,1076,1
2,0,2,37,0,0,925,0,0,0,True,7816,1,2,1497,2,467,1
2,1,1,22,0,0,0,0,0,0,False,7818,1,4,1257,1,1315,3
2,0,3,24,0,0,0,809,0,0,True,7820,1,4,1258,1,111,4
2,0,1,23,0,535,3,17,0,214,False,7821,1,4,1264,2,833,1
2,0,2,18,0,0,76,0,993,6,False,7824,1,2,1624,1,176,3
2,1,1,28,0,0,0,0,0,0,False,7828,1,4,1266,2,1836,3
2,1,1,4,0,0,0,0,0,0,True,7829,1,4,1267,2,90,2
2,1,2,23,0,0,0,0,0,0,True,7830,1,4,1268,2,1151,0
2,1,2,2,0,0,0,0,0,0,True,7830,2,4,1268,2,1151,0
2,0,1,46,0,0,0,0,17,655,False,7830,3,4,1268,2,1151,0
2,0,1,0,0,0,0,0,0,0,False,7830,4,4,1268,2,1151,4
3,0,1,16,0,1095,0,54,0,0,False,7831,1,2,1626,1,905,1
3,0,1,19,0,1823,36,81,0,0,False,7832,1,7,228,2,1925,1
1,0,3,34,0,0,3424,6,2445,1128,False,7833,1,1,305,2,811,2
1,0,1,34,0,11,3299,0,1013,15,True,7833,2,1,305,2,811,1
2,0,1,24,0,482,967,349,19,0,False,7834,1,4,1269,2,166,2
2,1,2,28,0,0,0,0,0,0,False,7835,1,4,1270,2,1546,1
1,1,3,44,0,0,0,0,0,0,True,7837,1,1,306,2,400,5
1,1,1,35,0,0,0,0,0,0,True,7837,2,1,306,2,400,1
2,0,1,20,0,0,0,0,0,0,False,7839,1,4,1259,1,1269,1
2,0,2,18,0,328,0,0,24,309,False,7840,1,2,1500,2,223,2
2,0,2,43,0,6,25,0,5250,0,False,7841,1,4,1260,1,521,3
2,0,2,48,0,0,0,501,242,0,False,7841,2,2,1627,1,521,0
3,0,1,46,0,52,0,1185,61,0,True,7842,1,6,513,2,2127,3
3,1,1,75,0,0,0,0,0,0,True,7843,1,4,427,2,355,2
1,1,3,24,0,0,0,0,0,0,True,7845,1,1,307,2,266,0
2,0,1,34,0,0,9,617,0,281,False,7847,1,4,1261,1,1150,4
3,0,1,29,0,1052,0,635,0,0,False,7848,1,4,427,2,1239,1
3,1,1,46,0,0,0,0,0,0,True,7848,2,2,1501,2,1239,1
2,0,1,22,0,558,63,0,0,0,False,7849,1,4,1271,2,1821,1
3,1,1,42,0,0,0,0,0,0,False,7850,1,6,514,2,212,0
3,1,1,46,0,0,0,0,0,0,True,7851,1,2,1629,1,1583,2
2,0,1,15,0,0,6,0,981,0,False,7852,1,6,508,1,1139,6
2,0,1,42,0,1227,773,14,0,0,False,7853,1,2,1502,2,501,2
3,0,1,31,0,166,0,297,835,0,False,7853,2,6,515,2,501,2
3,1,1,9,0,0,0,0,0,0,True,7853,3,2,1502,2,501,0
2,0,1,34,0,0,0,0,156,620,False,7856,1,2,1503,2,1897,2
2,0,1,21,0,9,0,0,25,811,False,7858,1,4,1264,1,2128,2
2,0,3,16,0,0,11,0,863,0,False,7858,2,2,1630,1,2128,2
2,0,1,40,0,634,60,134,0,0,False,7858,3,2,1630,1,2128,2
2,0,1,23,0,550,0,738,0,0,True,7859,1,2,1504,2,1483,1
2,1,1,6,0,0,0,0,0,0,False,7861,1,4,1265,1,30,3
2,0,1,17,0,99,516,1967,0,6,True,7863,1,2,1505,2,1780,1
2,0,3,37,0,19,443,1769,0,3,True,7864,1,2,1506,2,1778,4
1,1,2,30,0,0,0,0,0,0,True,7865,1,8,293,2,2054,2
1,1,1,32,0,0,0,0,0,0,True,7865,2,8,293,2,2054,4
1,1,3,41,0,0,0,0,0,0,True,7865,3,8,293,2,2054,2
1,0,3,43,0,0,16856,0,4344,977,False,7866,1,8,255,1,1401,0
2,0,3,17,0,6256,0,0,1,21,False,7868,1,6,517,2,1582,2
1,1,1,37,0,0,0,0,0,0,True,7870,1,1,257,1,2129,1
2,1,1,18,0,0,0,0,0,0,True,7871,1,4,427,2,951,3
2,0,1,1,0,0,0,0,0,0,False,7872,1,4,1267,1,502,2
2,0,1,38,0,0,0,0,1714,0,False,7872,2,4,1267,1,549,3
2,0,1,25,0,131,124,408,196,9,False,7872,3,2,1633,1,502,3
2,0,1,6,0,0,0,0,0,0,False,7872,4,4,1267,1,502,1
2,1,1,1,0,0,0,0,0,0,True,7872,5,4,1267,1,502,1
2,0,2,7,0,0,0,0,0,0,True,7872,6,4,1267,1,502,2
2,0,1,24,0,569,156,0,12,0,False,7873,1,2,1634,1,2130,0
2,0,1,19,0,0,721,0,25,1,True,7873,2,2,1634,1,2130,0
1,1,3,26,0,0,0,0,0,0,True,7875,1,1,309,2,1319,0
2,0,1,49,0,0,1738,0,19,0,False,7877,1,4,1268,1,725,1
2,0,1,18,0,0,0,32,0,673,False,7878,1,4,1269,1,2131,2
2,0,1,25,0,0,478,71,11,162,False,7879,1,4,1270,1,1420,4
2,0,1,46,0,248,0,0,4,0,False,7881,1,2,1507,2,1701,2
2,1,1,33,0,0,0,0,0,0,False,7882,1,4,1271,1,575,4
2,0,1,10,0,0,0,0,0,0,True,7882,2,4,1271,1,575,2
2,1,1,38,0,0,0,0,0,0,True,7883,1,4,1272,1,1836,5
3,0,1,23,0,1610,2,465,0,0,False,7884,1,6,512,1,1230,2
2,1,1,26,0,0,0,0,0,0,True,7885,1,4,1273,1,384,2
2,0,1,16,0,0,11,0,8,827,False,7886,1,4,1274,1,389,1
2,0,1,29,0,37,0,644,0,177,True,7888,1,6,518,2,1031,3
1,1,2,35,0,0,0,0,0,0,True,7889,1,8,256,1,728,3
2,0,1,58,0,0,268,0,109,594,False,7890,1,2,1508,2,1317,1
2,1,3,17,0,0,0,0,0,0,True,7890,2,4,1273,2,1317,3
2,1,1,16,0,0,0,0,0,0,True,7890,3,4,427,2,1431,0
2,1,3,2,0,0,0,0,0,0,True,7891,1,4,1274,2,2062,2
2,0,1,13,0,34,1,0,824,29,False,7891,2,4,427,2,2062,1
3,0,1,18,0,196,0,744,0,0,True,7892,1,2,1636,1,1767,2
2,0,3,29,0,46,68,589,88,0,True,7894,1,6,519,2,1677,1
2,0,3,21,0,102,9,21,464,104,False,7895,1,2,1509,2,1746,5
1,1,3,43,0,0,0,0,0,0,True,7897,1,8,295,2,2132,4
2,1,1,69,0,0,0,0,0,0,False,7899,1,4,1275,2,505,2
2,0,1,40,0,0,0,14,785,10,False,7899,2,4,1275,2,505,2
2,1,1,1,0,0,0,0,0,0,True,7899,3,4,1275,2,2133,1
3,1,1,36,0,0,0,0,0,0,True,7901,1,2,1512,2,1281,3
2,0,1,60,0,0,0,0,0,0,False,7902,1,4,1276,1,880,2
2,1,2,17,0,0,0,0,0,0,True,7902,2,4,1276,1,608,1
2,1,1,49,0,0,0,0,0,0,False,7902,3,4,1276,1,608,1
2,0,1,23,0,1,700,0,7,136,False,7902,4,4,1276,1,880,1
2,0,1,39,0,472,0,0,173,0,False,7903,1,2,1638,1,2021,3
2,1,1,53,0,0,0,0,0,0,True,7904,1,4,427,2,1954,0
2,0,1,26,0,485,8,3958,0,0,True,7904,2,4,1277,1,1954,1
1,0,1,31,0,0,87,0,2263,224,False,7905,1,8,296,2,2134,1
1,1,1,48,0,0,0,0,0,0,True,7905,2,8,296,2,2134,2
1,0,3,26,0,1432,1283,0,178,5034,False,7905,3,8,296,2,2134,2
3,1,1,25,0,0,0,0,0,0,True,7907,1,2,1513,2,149,3
1,1,3,25,0,0,0,0,0,0,True,7908,1,1,310,2,1156,5
2,0,1,30,0,4,637,0,0,3,False,7910,1,2,1639,1,1534,1
2,1,1,27,0,0,0,0,0,0,True,7913,1,4,1278,2,94,1
2,1,1,23,0,0,0,0,0,0,False,7914,1,4,1278,1,1741,1
2,0,1,24,0,0,80,106,344,0,False,7914,2,4,1278,1,1741,2
2,0,1,47,0,397,0,321,0,5,True,7914,3,4,1278,1,1741,2
2,1,1,37,0,0,0,0,0,0,False,7916,1,4,1279,1,764,2
3,1,1,24,0,0,0,0,0,0,True,7918,1,2,1640,1,1224,3
2,0,1,21,0,90,0,817,0,0,False,7919,1,4,1281,1,1546,5
3,1,1,42,0,0,0,0,0,0,True,7920,1,2,1515,2,318,3
2,0,1,39,0,3030,79,0,0,0,False,7922,1,2,1517,2,1434,6
2,0,1,28,0,589,57,0,0,0,False,7924,1,2,1642,1,2135,3
2,0,1,32,0,0,0,0,365,1216,False,7926,1,6,514,1,751,1
1,0,1,31,0,0,910,58,1654,1217,False,7929,1,1,311,2,123,2
2,1,1,13,0,0,0,0,0,0,True,7930,1,4,427,2,1500,2
2,0,1,41,0,84,0,6,811,2,True,7935,1,2,1520,2,472,2
2,0,1,21,0,7,0,622,0,0,False,7936,1,2,1644,1,1734,1
2,0,1,27,0,0,0,0,0,0,False,7936,2,4,1284,1,1734,4
2,0,1,9,0,0,0,0,0,0,True,7936,3,4,1284,1,1093,6
1,0,1,36,0,0,9532,0,2326,461,False,7937,1,7,229,2,2136,1
1,1,3,30,0,0,0,0,0,0,True,7937,2,7,229,2,2136,1
2,0,1,27,0,0,593,0,259,0,False,7939,1,4,1281,2,765,2
2,0,1,40,0,580,0,447,6,0,False,7940,1,2,1521,2,858,3
1,0,1,41,0,0,116,10705,9181,10,False,7941,1,8,257,1,2137,2
1,1,3,16,0,0,0,0,0,0,True,7943,1,1,258,1,314,1
1,0,2,36,1,2,6504,0,98,4,True,7943,2,1,258,1,314,1
1,0,1,15,0,31,804,1,4732,2577,False,7944,1,7,230,2,2138,4
1,1,1,39,0,0,0,0,0,0,True,7944,2,7,230,2,2138,1
3,1,1,21,0,0,0,0,0,0,True,7945,1,2,1522,2,556,0
2,0,2,24,0,0,0,604,0,91,True,7946,1,2,1645,1,207,1
3,0,1,28,0,1811,1,57,0,0,False,7947,1,2,1646,1,781,1
2,0,1,47,0,0,14,0,2330,0,False,7949,1,4,1283,2,893,3
2,0,1,55,0,0,1620,159,0,0,False,7950,1,4,1287,1,618,1
2,1,1,27,0,0,0,0,0,0,True,7950,2,4,1287,1,905,5
2,0,3,22,0,10,0,624,0,85,True,7950,3,6,516,1,618,3
2,1,1,26,0,0,0,0,0,0,True,7950,4,4,1287,1,618,2
3,0,1,62,0,100,0,38,1211,0,False,7952,1,2,1523,2,1945,3
3,0,1,53,0,868,0,686,520,24,False,7952,2,6,524,2,1945,3
2,0,3,29,0,30,0,0,0,780,False,7954,1,4,1284,2,1252,1
2,0,1,21,0,640,0,144,104,0,False,7955,1,4,1288,1,272,0
2,1,2,18,0,0,0,0,0,0,True,7957,1,4,1285,2,1852,0
3,1,1,34,0,0,0,0,0,0,True,7958,1,6,525,2,1801,1
2,0,1,19,0,1,7,0,689,0,False,7960,1,2,1648,1,665,2
2,0,1,14,0,0,360,0,25,1340,False,7962,1,4,1290,1,48,3
2,0,1,21,0,691,0,0,0,15,False,7967,1,4,1288,2,868,1
3,0,1,55,0,376,0,858,0,31,True,7968,1,7,232,2,491,0
1,0,3,18,0,0,3492,0,506,8,True,7970,1,8,258,1,590,0
1,1,3,33,0,0,0,0,0,0,True,7972,1,1,260,1,1319,1
1,0,1,35,0,0,246,25,42,3730,False,7972,2,1,260,1,1319,2
2,1,1,31,0,0,0,0,0,0,True,7973,1,8,297,2,637,1
1,0,1,27,0,0,2318,1127,2423,115,False,7974,1,8,259,1,2139,2
1,0,1,27,0,0,36,89,948,927,False,7974,2,8,259,1,2139,5
2,1,2,13,0,0,0,0,0,0,True,7976,1,4,1289,2,464,1
2,0,1,24,0,24,174,0,509,15,False,7981,1,2,1652,1,889,1
2,0,1,22,0,31,0,1,25,757,False,7981,2,4,1293,1,889,1
1,1,1,32,0,0,0,0,0,0,False,7982,1,1,261,1,905,1
1,1,1,18,0,0,0,0,0,0,True,7982,2,1,261,1,822,3
1,1,1,53,0,0,0,0,0,0,True,7983,1,4,427,2,590,1
3,0,1,4,0,0,0,0,0,0,True,7984,1,2,1653,1,1541,3
3,1,1,24,0,0,0,0,0,0,True,7984,2,2,1653,1,1541,0
3,0,1,23,0,649,0,622,0,0,True,7984,3,2,1653,1,1541,2
3,0,1,1,0,0,0,0,0,0,True,7984,4,2,1653,1,1541,0
2,0,1,18,0,1969,0,310,0,0,True,7985,1,2,1654,1,1783,1
3,0,1,21,0,838,45,455,0,0,False,7986,1,2,1655,1,254,0
3,0,1,40,0,3809,0,21,0,1,False,7987,1,7,248,1,1095,3
1,1,1,49,0,0,0,0,0,0,True,7988,1,1,313,2,1398,0
2,1,2,25,0,0,0,0,0,0,False,7989,1,4,1290,2,10,1
2,1,3,21,0,0,0,0,0,0,True,7990,1,4,1294,1,2050,2
1,1,1,40,0,0,0,0,0,0,True,7993,1,3,96,2,2140,0
1,1,3,47,1,0,0,0,0,0,True,7993,2,3,96,2,2140,4
2,0,2,25,0,153,0,0,388,0,False,7994,1,4,1295,1,1234,1
1,1,1,36,0,0,0,0,0,0,True,7995,1,4,427,2,545,1
2,0,1,39,0,17,334,708,17,366,False,7996,1,2,1657,1,325,0
1,1,3,26,0,0,0,0,0,0,True,7999,1,1,262,1,822,4
2,0,1,0,0,0,0,0,0,0,True,8000,1,4,1292,2,1523,0
2,1,1,14,0,0,0,0,0,0,True,8000,2,4,1292,2,1523,3
3,0,1,7,0,0,0,0,0,0,True,8003,1,2,1659,1,2141,3
3,1,3,50,0,0,0,0,0,0,True,8004,1,2,1527,2,394,0
2,0,3,22,0,0,15,0,548,124,False,8005,1,2,1528,2,1491,0
2,1,2,17,0,0,0,0,0,0,True,8005,2,4,1293,2,1491,0
2,0,1,35,0,676,0,0,0,40,False,8005,3,2,1528,2,1491,3
2,0,1,22,0,0,1145,0,0,371,False,8006,1,2,1529,2,1540,2
2,0,1,26,0,0,0,1,886,0,False,8007,1,4,1296,1,735,1
2,0,2,24,0,0,0,92,1492,0,True,8007,2,6,517,1,735,4
1,0,1,59,0,0,2593,0,98,0,True,8010,1,8,300,2,905,2
3,1,1,24,0,0,0,0,0,0,True,8012,1,2,1531,2,205,1
3,0,1,17,0,0,0,0,0,0,False,8012,2,6,530,2,205,2
3,1,1,28,0,0,0,0,0,0,True,8012,3,2,1531,2,205,2
2,1,1,38,0,0,0,0,0,0,True,8014,1,4,1294,2,1145,1
1,0,1,2,0,0,0,0,0,0,True,8015,1,1,315,2,1524,1
1,0,1,36,0,0,244,0,5432,2302,False,8015,2,1,315,2,2142,1
1,1,3,32,0,0,0,0,0,0,True,8015,3,1,315,2,2142,2
2,0,1,15,0,0,10,0,595,381,False,8016,1,6,531,2,208,3
2,0,1,54,0,0,0,5,1268,26,False,8018,1,2,1532,2,1542,4
3,1,1,18,0,0,0,0,0,0,True,8019,1,2,1660,1,392,3
2,0,1,22,0,668,79,0,0,1,False,8020,1,2,1661,1,1085,3
2,1,1,23,0,0,0,0,0,0,False,8021,1,4,1298,1,322,2
1,0,1,14,0,0,4545,271,199,1377,True,8023,1,7,249,1,1934,2
1,1,1,26,0,0,0,0,0,0,True,8023,2,7,249,1,1934,1
2,0,1,73,0,16,0,722,2,89,False,8024,1,2,1533,2,1790,1
1,0,1,29,0,0,0,0,0,0,True,8025,1,1,263,1,545,0
3,1,1,29,0,0,0,0,0,0,True,8026,1,2,1534,2,936,0
2,0,1,12,0,0,0,0,0,0,False,8027,1,4,1297,2,1042,0
2,0,3,27,0,31,225,331,0,14,False,8027,2,2,1535,2,664,1
2,0,1,31,0,779,0,3,57,0,False,8029,1,4,1298,2,390,2
2,1,2,26,0,0,0,0,0,0,False,8030,1,4,1299,2,500,3
1,1,3,35,0,0,0,0,0,0,True,8031,1,7,250,1,2143,1
1,1,1,25,0,0,0,0,0,0,True,8032,1,3,85,1,2096,1
1,1,1,40,0,0,0,0,0,0,True,8032,2,3,85,1,2096,1
3,1,1,18,0,0,0,0,0,0,False,8034,1,6,532,2,1930,4
3,0,1,52,0,1222,2,74,0,0,False,8034,2,6,532,2,1930,1
3,1,1,35,0,0,0,0,0,0,True,8035,1,2,1536,2,298,1
2,0,1,51,0,172,350,0,16,1005,False,8036,1,2,1537,2,2144,0
2,0,1,35,0,0,0,62,0,891,False,8036,2,2,1537,2,2144,0
2,0,1,14,0,0,476,249,177,0,False,8037,1,2,1538,2,1893,3
1,1,3,27,0,0,0,0,0,0,True,8038,1,8,301,2,970,3
1,1,3,26,0,0,0,0,0,0,True,8038,2,8,301,2,970,4
2,1,3,21,0,0,0,0,0,0,False,8042,1,4,1299,1,117,1
1,0,3,45,0,5,17901,0,79,281,True,8043,1,3,97,2,1890,1
1,0,1,29,0,0,1408,0,408,1,True,8043,2,3,97,2,2087,1
1,0,1,39,1,1,392,64,148,1367,True,8043,3,3,97,2,2087,2
1,1,3,37,0,0,0,0,0,0,True,8043,4,3,97,2,2087,1
2,1,2,22,0,0,0,0,0,0,True,8046,1,4,1300,1,1811,3
2,0,1,22,0,6,21,0,782,0,False,8049,1,4,1301,1,135,1
2,0,2,30,0,0,34,143,275,0,False,8050,1,4,1300,2,507,5
2,1,1,1,0,0,0,0,0,0,True,8050,2,4,427,2,507,4
2,1,2,0,0,0,0,0,0,0,True,8050,3,4,1300,2,507,2
2,0,1,9,0,0,0,0,0,0,False,8052,1,4,1302,2,1941,2
2,0,2,18,0,0,0,0,1,335,False,8052,2,4,1302,2,1941,2
3,0,1,29,0,1544,1,206,0,0,False,8053,1,2,1663,1,1955,2
3,0,3,52,0,0,0,262,1425,571,False,8054,1,2,1540,2,1410,1
2,0,1,27,0,0,0,846,59,0,False,8055,1,6,533,2,1855,4
1,0,1,54,0,0,793,0,87,1567,False,8056,1,8,262,1,195,2
1,0,1,28,0,40,9012,0,111,551,True,8056,2,8,262,1,195,1
1,1,1,65,0,0,0,0,0,0,True,8057,1,1,267,1,2145,2
1,1,3,26,0,0,0,0,0,0,True,8057,2,1,267,1,2145,2
2,0,1,29,0,12,2,0,432,1548,False,8058,1,2,1664,1,2067,3
2,0,1,20,0,0,38,0,0,1779,False,8059,1,4,1302,1,1846,1
3,0,1,39,0,1369,259,960,1,29,False,8060,1,2,1541,2,1366,2
3,1,1,37,0,0,0,0,0,0,True,8060,2,2,1541,2,1366,0
2,0,1,20,0,0,25,0,11,0,False,8063,1,2,1543,2,972,0
3,1,1,40,0,0,0,0,0,0,True,8064,1,4,427,2,2071,3
3,0,1,0,0,0,0,0,0,0,True,8064,2,6,534,2,2071,0
3,1,1,33,0,0,0,0,0,0,False,8064,3,6,534,2,810,2
3,1,1,23,0,0,0,0,0,0,True,8066,1,2,1544,2,1628,0
2,0,3,32,0,1,0,0,9,663,False,8067,1,2,1666,1,1673,2
2,0,1,20,0,0,52,0,110,614,False,8068,1,2,1545,2,481,5
1,1,3,60,0,0,0,0,0,0,True,8069,1,7,234,2,2146,1
2,0,1,53,0,0,0,716,0,0,True,8071,1,2,1546,2,483,2
1,1,1,26,0,0,0,0,0,0,True,8072,1,7,236,2,2079,3
1,0,3,35,0,0,5500,0,180,3173,False,8072,2,7,236,2,2079,0
2,0,3,19,0,355,0,0,0,284,False,8075,1,2,1547,2,2109,1
1,0,3,43,0,1,2060,0,1,2764,False,8076,1,8,263,1,1286,1
1,0,3,29,0,2686,0,0,2854,2553,False,8076,2,8,263,1,1286,1
2,0,1,20,0,721,122,0,0,0,False,8077,1,4,1304,1,882,1
2,0,1,19,0,0,0,134,1931,0,False,8078,1,2,1667,1,1247,1
2,0,2,21,0,505,0,0,0,110,True,8079,1,2,1548,2,38,1
1,0,3,39,0,2,15450,336,1,904,True,8081,1,7,251,1,1528,2
2,1,1,12,0,0,0,0,0,0,False,8082,1,4,1305,1,582,1
2,0,3,20,0,1842,0,0,0,0,True,8082,2,2,1668,1,582,1
2,0,1,18,0,595,134,7,0,0,False,8083,1,2,1669,1,1663,6
1,0,1,31,0,0,745,0,6688,2161,False,8084,1,8,264,1,1634,2
2,0,2,35,0,635,3,0,0,25,False,8085,1,2,1549,2,1338,2
2,1,2,44,0,0,0,0,0,0,True,8086,1,4,1306,1,1999,0
1,0,1,62,0,33,3518,0,394,0,True,8087,1,1,268,1,360,0
3,0,1,23,0,1,0,11,0,2336,False,8088,1,6,521,1,2078,2
3,0,1,23,1,3,0,0,1677,0,False,8088,2,2,1670,1,1138,3
2,0,1,19,0,0,0,1761,0,36,True,8089,1,2,1671,1,554,1
2,0,1,29,0,18,7,0,0,779,False,8091,1,2,1672,1,1790,0
1,0,1,31,0,0,4655,135,2075,402,True,8092,1,7,238,2,1524,0
1,1,3,33,1,0,0,0,0,0,True,8092,2,7,238,2,1524,3
1,0,1,41,0,0,3216,0,433,517,False,8092,3,7,238,2,1524,1
1,0,1,60,0,19,7316,0,0,1781,True,8094,1,8,265,1,2147,1
1,1,1,41,0,0,0,0,0,0,True,8097,1,1,317,2,2148,0
1,0,1,69,1,0,269,0,190,9033,False,8098,1,1,269,1,240,2
1,0,3,44,0,9,2311,0,633,1,True,8098,2,1,269,1,240,1
1,1,3,18,0,0,0,0,0,0,True,8098,3,1,269,1,240,3
1,0,3,26,0,0,11598,0,3,386,True,8098,4,1,269,1,240,1
2,0,1,30,0,4,0,442,2441,0,False,8102,1,2,1674,1,1537,3
3,0,1,34,0,81,0,492,122,0,False,8103,1,2,1675,1,1956,1
2,0,2,18,0,0,0,15,570,84,False,8105,1,2,1677,1,880,0
2,1,3,49,0,0,0,0,0,0,True,8106,1,4,1306,2,738,0
2,0,2,71,0,48,43,0,78,534,False,8107,1,2,1678,1,1821,2
2,0,2,19,0,150,605,0,0,1,False,8108,1,2,1552,2,1590,4
2,0,2,23,0,90,4,0,7,588,False,8112,1,2,1553,2,363,2
1,1,1,31,0,0,0,0,0,0,True,8115,1,1,318,2,1832,2
1,1,1,40,0,0,0,0,0,0,True,8115,2,1,318,2,1832,1
3,0,3,28,0,49,0,0,2,1136,False,8116,1,7,252,1,1210,2
1,1,1,17,0,0,0,0,0,0,True,8117,1,1,319,2,2149,2
1,0,1,24,0,0,809,0,4928,143,False,8117,2,1,319,2,2149,2
1,1,3,54,0,0,0,0,0,0,True,8117,3,1,319,2,2149,3
2,1,1,21,0,0,0,0,0,0,False,8118,1,4,1310,1,686,5
2,1,3,2,0,0,0,0,0,0,False,8119,1,2,1555,2,1592,1
2,0,3,20,0,6,1119,0,24,13,True,8119,2,2,1555,2,1592,0
2,0,3,20,0,97,279,0,301,39,False,8119,3,2,1555,2,1592,0
1,0,3,36,0,0,4260,0,0,1678,True,8120,1,7,253,1,2150,1
2,1,1,25,0,0,0,0,0,0,True,8121,1,4,1311,1,1114,3
1,0,3,58,0,0,226,0,5481,0,False,8122,1,8,302,2,82,5
1,0,1,37,0,79,218,0,442,659,True,8122,2,8,302,2,82,3
1,0,1,26,0,0,13,0,3803,3557,False,8122,3,8,302,2,82,1
2,1,1,45,0,0,0,0,0,0,False,8123,1,4,1312,1,1880,0
2,0,1,44,0,0,903,0,0,0,False,8124,1,2,1681,1,751,2
3,1,1,24,0,0,0,0,0,0,True,8128,1,2,1682,1,1068,2
2,1,3,13,0,0,0,0,0,0,True,8129,1,4,427,2,1216,0
2,0,1,4,0,0,0,0,0,0,True,8129,2,4,1313,1,1216,1
2,0,1,24,0,381,925,342,0,642,False,8129,3,2,1683,1,1216,1
2,0,3,27,0,3,13,0,0,788,False,8129,4,2,1683,1,1216,0
2,0,1,39,0,44,1620,0,6,0,False,8129,5,6,522,1,1216,2
2,1,1,23,0,0,0,0,0,0,False,8130,1,4,1308,2,1284,3
2,0,3,4,0,0,0,0,0,0,False,8130,2,4,1308,2,1284,2
2,1,1,0,0,0,0,0,0,0,False,8130,3,4,1308,2,1284,2
3,1,1,22,0,0,0,0,0,0,True,8131,1,2,1557,2,781,3
3,0,1,27,0,831,0,0,867,20,False,8133,1,7,254,1,2151,2
1,1,1,22,0,0,0,0,0,0,True,8135,1,8,267,1,200,2
1,1,3,26,0,0,0,0,0,0,True,8136,1,8,268,1,2152,2
1,0,1,60,0,0,5998,0,4794,8,False,8136,2,8,268,1,2152,1
2,0,1,18,0,0,297,0,588,23,False,8137,1,4,1314,1,84,1
2,1,3,20,0,0,0,0,0,0,False,8138,1,4,1315,1,1028,1
2,0,1,25,0,11,780,0,0,0,True,8139,1,6,523,1,332,0
2,1,2,24,0,0,0,0,0,0,True,8140,1,4,1309,2,1035,5
2,1,1,38,0,0,0,0,0,0,True,8141,1,4,1310,2,1151,1
2,0,1,18,0,0,17,5,0,712,True,8143,1,2,1558,2,2,0
1,1,3,45,0,0,0,0,0,0,True,8144,1,1,270,1,2153,1
1,0,1,13,0,0,3680,0,1529,3854,False,8144,2,1,270,1,1587,1
1,0,1,28,0,0,3317,77,0,130,True,8144,3,1,270,1,1587,1
1,0,1,5,0,0,0,0,0,0,True,8144,4,1,270,1,2153,3
2,0,1,20,0,0,142,0,3528,92,False,8147,1,4,1317,1,1015,4
2,1,1,2,0,0,0,0,0,0,True,8147,2,4,427,2,1015,4
2,0,1,42,0,18,5,470,356,57,False,8147,3,4,1317,1,1015,1
2,0,3,0,0,0,0,0,0,0,True,8147,4,4,1317,1,1015,2
2,0,1,18,0,0,508,0,44,257,False,8148,1,4,1318,1,786,1
2,1,2,26,0,0,0,0,0,0,False,8149,1,4,1319,1,1897,1
3,1,3,3,0,0,0,0,0,0,True,8150,1,6,539,2,1138,3
3,1,2,49,0,0,0,0,0,0,True,8150,2,6,539,2,1138,1
3,0,1,19,0,691,0,10,561,25,False,8150,3,6,539,2,1138,2
2,1,1,19,0,0,0,0,0,0,False,8152,1,4,1312,2,1452,0
2,1,1,15,0,0,0,0,0,0,False,8153,1,4,1320,1,198,2
2,0,2,53,0,90,29,102,244,56,False,8156,1,4,1321,1,61,2
2,0,1,0,0,0,0,0,0,0,True,8157,1,4,1313,2,1734,1
2,0,3,39,0,1663,0,262,229,0,False,8157,2,2,1560,2,1734,3
2,0,1,45,0,0,0,2778,1910,0,False,8157,3,4,1313,2,1734,1
2,1,1,10,0,0,0,0,0,0,True,8157,4,4,1313,2,1734,3
2,0,3,1,0,0,0,0,0,0,True,8157,5,4,1313,2,1734,1
2,0,1,9,0,0,0,0,0,0,True,8157,6,4,1313,2,1734,3
3,0,1,40,0,953,0,356,0,0,False,8158,1,2,1686,1,2154,4
2,0,1,26,0,0,0,0,622,8,False,8159,1,2,1687,1,215,2
2,0,1,18,0,1157,28,50,0,0,False,8161,1,2,1688,1,12,3
1,0,1,47,0,0,314,0,889,1090,False,8162,1,6,524,1,877,2
2,0,1,31,0,0,918,0,0,900,False,8164,1,4,1314,2,1359,2
3,0,1,27,0,279,11,40,718,0,False,8165,1,6,525,1,2080,3
2,1,2,23,0,0,0,0,0,0,True,8167,1,4,1315,2,765,1
2,0,3,32,0,7,723,0,6,13,False,8168,1,2,1561,2,2130,1
2,0,1,32,0,293,889,1,1,200,False,8168,2,2,1561,2,2133,4
2,0,1,21,0,644,0,0,0,2,False,8168,3,2,1561,2,2130,0
2,0,1,27,0,4,0,9,20,831,False,8168,4,2,1561,2,2133,0
2,0,1,22,0,753,0,0,0,0,False,8168,5,4,1316,2,2130,1
2,0,1,18,0,0,858,2,0,0,True,8168,6,4,1316,2,2130,1
2,1,2,28,0,0,0,0,0,0,True,8168,7,4,1316,2,2133,2
2,1,1,38,0,0,0,0,0,0,True,8168,8,4,1316,2,2133,1
2,0,1,46,0,0,0,594,154,0,False,8171,1,2,1690,1,79,1
1,0,1,44,0,0,3771,0,521,4,True,8173,1,8,304,2,1658,2
1,1,1,38,0,0,0,0,0,0,True,8175,1,8,305,2,459,1
1,0,3,28,0,5,8252,0,181,3027,False,8176,1,3,98,2,2155,0
2,0,1,31,0,116,0,298,2,227,False,8177,1,4,1317,2,1009,0
2,1,1,18,0,0,0,0,0,0,True,8178,1,4,1318,2,343,0
2,0,2,18,0,0,220,4,0,532,False,8182,1,2,1564,2,1363,1
2,0,3,4,0,0,0,0,0,0,True,8186,1,4,1319,2,2017,0
2,1,2,0,0,0,0,0,0,0,True,8186,2,4,1319,2,2017,0
2,0,1,0,0,0,0,0,0,0,False,8186,3,4,1319,2,1160,4
2,1,2,23,0,0,0,0,0,0,False,8186,4,4,1319,2,2017,5
1,0,1,35,0,0,747,0,0,2478,False,8189,1,8,271,1,700,5
1,1,3,43,0,0,0,0,0,0,True,8190,1,1,320,2,2156,4
2,0,2,18,0,0,0,19,751,4,False,8191,1,4,1320,2,389,1
2,0,1,18,0,539,2,3,900,0,False,8192,1,2,1566,2,1185,3
2,0,1,18,0,0,0,662,30,0,True,8194,1,2,1567,2,1963,0
2,0,3,49,0,598,0,0,118,0,False,8197,1,2,1693,1,953,2
2,0,1,19,0,0,0,0,0,0,False,8199,1,4,1329,1,1070,3
2,1,2,22,0,0,0,0,0,0,True,8200,1,4,1330,1,30,0
1,0,1,4,0,0,0,0,0,0,True,8202,1,8,306,2,1798,1
1,0,1,0,0,0,0,0,0,0,True,8202,2,8,306,2,1798,1
2,1,1,27,0,0,0,0,0,0,True,8202,3,8,306,2,1798,1
1,0,1,39,0,19,3603,0,421,517,True,8202,4,8,306,2,1798,3
1,0,3,36,0,0,8151,5,0,8182,False,8202,5,8,306,2,1798,4
1,1,1,53,0,0,0,0,0,0,True,8202,6,8,306,2,1798,0
1,0,3,23,0,0,395,0,6,0,False,8203,1,8,307,2,2149,0
1,1,1,24,0,0,0,0,0,0,True,8203,2,8,307,2,2149,0
1,0,1,25,0,0,1003,1629,73,748,False,8204,1,6,541,2,793,0
1,0,1,30,0,209,157,2566,171,472,False,8204,2,6,541,2,793,5
2,0,1,20,0,625,0,2,0,0,False,8205,1,4,1331,1,570,0
3,1,1,40,0,0,0,0,0,0,True,8207,1,2,1695,1,1433,1
2,1,2,18,0,0,0,0,0,0,True,8208,1,4,1322,2,363,2
2,0,1,57,0,6,510,372,0,0,True,8209,1,4,1332,1,900,1
3,0,1,47,0,1282,0,5,495,0,False,8210,1,7,241,2,259,0
2,1,3,26,0,0,0,0,0,0,True,8211,1,4,1323,2,1811,1
2,0,2,29,0,487,0,60,12,0,False,8212,1,2,1569,2,1592,1
2,0,1,32,0,0,2,1,0,881,False,8213,1,4,1333,1,1702,2
1,1,1,30,0,0,0,0,0,0,True,8214,1,7,242,2,2157,2
2,0,1,18,0,22,0,681,0,1,True,8216,1,4,1334,1,1180,1
2,0,1,49,0,0,4,50,0,746,False,8217,1,2,1570,2,1284,0
1,1,1,33,0,0,0,0,0,0,True,8218,1,1,272,1,74,3
2,0,1,18,0,3,0,3,1773,0,False,8219,1,4,1335,1,550,2
1,0,1,29,0,0,5157,1,136,32,True,8220,1,3,99,2,728,2
3,1,1,34,0,0,0,0,0,0,True,8221,1,2,1696,1,1001,4
3,0,1,43,0,1054,109,576,645,0,False,8222,1,7,257,1,1078,0
3,0,1,18,0,32,1255,1,0,0,True,8222,2,2,1697,1,1078,3
2,1,1,31,0,0,0,0,0,0,False,8224,1,4,1325,2,12,1
3,0,1,15,0,85,0,1130,0,248,False,8225,1,4,427,2,685,2
3,1,1,3,0,0,0,0,0,0,True,8226,1,2,1572,2,1915,1
3,1,1,37,0,0,0,0,0,0,True,8226,2,2,1572,2,1915,4
3,1,1,1,0,0,0,0,0,0,True,8226,3,2,1572,2,1915,0
2,0,1,27,0,14,1186,460,12,9,True,8227,1,6,527,1,229,1
2,1,1,15,0,0,0,0,0,0,True,8229,1,4,1336,1,1427,3
2,0,1,33,0,201,819,0,0,0,True,8231,1,4,1327,2,177,0
2,0,1,65,0,0,0,113,208,587,False,8231,2,4,1327,2,177,1
2,0,1,19,0,5,666,0,123,440,False,8232,1,2,1574,2,351,1
2,0,1,30,0,0,0,779,0,18,False,8233,1,2,1575,2,1852,1
2,0,1,37,0,72,0,18,0,809,False,8233,2,2,1575,2,1852,1
2,0,1,15,0,0,21,22,1149,249,False,8235,1,2,1576,2,575,2
2,0,1,19,0,511,0,0,267,0,False,8237,1,2,1577,2,904,1
2,0,1,20,0,749,16,0,0,29,False,8238,1,2,1578,2,1763,1
2,1,3,19,0,0,0,0,0,0,False,8238,2,4,1328,2,1763,1
2,0,3,21,0,499,0,193,1,1,False,8239,1,2,1579,2,137,2
2,0,1,20,0,2,2,876,8,0,True,8242,1,4,1330,2,90,1
2,0,1,18,0,0,44,0,795,69,False,8243,1,4,1331,2,1621,2
2,0,1,27,0,1007,0,0,9,0,False,8244,1,4,1337,1,1066,3
1,0,1,23,0,0,2984,23,686,173,True,8247,1,7,258,1,905,1
2,1,1,25,0,0,0,0,0,0,False,8248,1,4,1339,1,912,3
2,0,2,72,0,309,0,0,0,463,False,8248,2,4,1339,1,912,2
2,1,1,35,0,0,0,0,0,0,True,8251,1,4,1332,2,1766,1
2,0,3,29,0,52,0,612,465,79,False,8252,1,2,1699,1,2131,2
2,0,1,11,0,0,0,0,0,0,False,8252,2,4,1341,1,2131,4
2,1,1,7,0,0,0,0,0,0,False,8252,3,4,1341,1,2131,1
3,1,1,27,0,0,0,0,0,0,True,8254,1,2,1700,1,1230,4
2,0,1,28,0,0,1,12,875,0,False,8255,1,4,1333,2,668,2
3,0,1,41,0,396,0,653,0,0,False,8257,1,6,529,1,424,4
2,0,1,27,0,0,0,486,324,0,False,8259,1,4,1342,1,447,2
2,0,3,19,0,84,4,4,629,0,False,8260,1,2,1582,2,1076,2
2,0,3,8,0,0,0,0,0,0,True,8260,2,4,1334,2,62,4
2,1,3,4,0,0,0,0,0,0,True,8260,3,4,1334,2,1076,2
2,1,2,38,0,0,0,0,0,0,False,8261,1,4,1343,1,1773,3
3,0,1,21,0,32,0,1008,0,0,True,8264,1,2,1584,2,1842,3
2,1,1,18,0,0,0,0,0,0,False,8265,1,4,1344,1,777,1
2,1,1,10,0,0,0,0,0,0,True,8266,1,4,1345,1,794,2
3,0,1,29,0,304,0,48,946,0,False,8267,1,6,530,1,421,1
3,1,1,25,0,0,0,0,0,0,True,8267,2,2,1701,1,421,5
1,1,1,40,0,0,0,0,0,0,True,8268,1,1,321,2,1303,1
1,0,1,19,0,0,3,0,918,2346,False,8268,2,1,321,2,1303,1
3,0,1,38,0,86,1144,783,0,0,True,8270,1,2,1702,1,72,4
2,0,1,19,0,29,2633,0,0,124,True,8271,1,2,1586,2,371,2
3,0,1,0,0,0,0,0,0,0,True,8272,1,2,1587,2,724,2
3,1,1,4,0,0,0,0,0,0,True,8272,2,2,1587,2,724,3
3,1,1,29,0,0,0,0,0,0,True,8272,3,2,1587,2,724,3
2,0,1,46,0,0,0,0,369,515,False,8273,1,4,1346,1,825,1
3,1,1,32,0,0,0,0,0,0,True,8275,1,2,1588,2,958,1
1,0,1,26,0,0,0,0,0,0,True,8276,1,8,273,1,2158,2
1,1,1,23,0,0,0,0,0,0,True,8276,2,8,273,1,40,5
2,1,3,32,0,0,0,0,0,0,True,8277,1,4,1348,1,825,1
2,0,1,31,0,0,4334,55,56,0,True,8279,1,4,1349,1,880,0
2,0,1,34,0,0,0,880,22,0,True,8280,1,2,1703,1,1603,3
2,0,1,45,0,0,1,233,453,17,False,8281,1,2,1704,1,1621,1
2,0,1,61,0,67,0,654,0,86,False,8282,1,4,1336,2,230,2
3,0,1,21,0,1242,0,654,0,0,False,8287,1,6,542,2,1489,6
3,0,1,27,0,1852,0,870,0,7,False,8288,1,7,259,1,1407,5
3,0,1,15,0,1150,0,175,1,11,False,8288,2,2,1705,1,1407,1
2,1,1,14,0,0,0,0,0,0,False,8289,1,4,1350,1,1128,4
2,1,1,18,0,0,0,0,0,0,True,8291,1,4,1339,2,1197,1
1,1,1,39,0,0,0,0,0,0,True,8292,1,8,310,2,1413,2
3,1,1,62,0,0,0,0,0,0,True,8294,1,6,543,2,905,1
3,0,1,40,0,1309,0,0,0,0,False,8295,1,2,1591,2,15,2
2,0,1,21,0,5,0,0,22,639,False,8297,1,2,1592,2,986,4
3,1,1,12,0,0,0,0,0,0,True,8298,1,2,1593,2,1094,3
1,0,1,27,0,0,0,0,1866,676,True,8300,1,8,274,1,2159,5
1,0,1,28,0,1722,5063,0,87,920,False,8301,1,8,275,1,2160,4
2,0,1,0,0,0,0,0,0,0,True,8302,1,4,1340,2,839,2
2,0,1,17,0,4,0,867,0,0,False,8302,2,2,1594,2,839,1
3,0,3,23,0,218,0,2267,497,0,False,8303,1,2,1595,2,1535,2
2,0,1,6,0,0,0,0,0,0,True,8306,1,4,1351,1,1872,1
2,1,2,29,0,0,0,0,0,0,True,8306,2,4,1351,1,1872,2
2,0,1,41,0,836,0,0,0,49,False,8306,3,4,1351,1,1872,2
1,0,3,27,1,0,1337,1929,0,0,True,8307,1,3,100,2,1969,1
1,1,1,34,0,0,0,0,0,0,True,8307,2,3,100,2,1969,3
1,1,3,36,0,0,0,0,0,0,True,8310,1,6,545,2,2161,3
2,0,1,30,0,467,0,0,0,287,False,8313,1,4,1341,2,497,2
1,0,1,30,0,0,640,0,31,6201,False,8314,1,7,245,2,1939,2
2,0,3,29,1,0,2949,0,2,654,True,8314,2,7,245,2,1939,4
2,0,1,21,0,380,177,161,0,85,False,8315,1,2,1598,2,639,2
2,0,3,21,0,532,4,37,1,0,False,8316,1,2,1709,1,79,1
2,0,3,18,0,2,83,576,37,0,False,8317,1,2,1710,1,553,3
3,1,1,11,0,0,0,0,0,0,True,8318,1,2,1711,1,1525,1
3,0,1,65,0,1399,0,0,0,0,False,8318,2,2,1711,1,1525,1
3,0,3,25,0,149,0,194,731,0,False,8318,3,2,1711,1,1525,4
3,1,3,0,0,0,0,0,0,0,True,8318,4,2,1711,1,1525,0
2,0,1,24,0,0,0,729,0,75,False,8319,1,2,1712,1,1313,0
2,1,2,19,0,0,0,0,0,0,True,8320,1,4,1352,1,201,3
2,0,1,23,0,0,0,0,0,693,False,8321,1,2,1713,1,1997,4
1,0,2,45,1,0,49,0,4864,3902,False,8322,1,4,427,2,1815,4
2,1,3,52,0,0,0,0,0,0,True,8322,2,8,312,2,1815,4
2,0,2,55,0,0,465,277,48,0,True,8323,1,6,546,2,908,1
2,1,2,24,0,0,0,0,0,0,False,8324,1,4,1353,1,342,3
2,0,1,31,0,773,0,0,0,1,False,8326,1,4,1354,1,1171,2
2,1,1,18,0,0,0,0,0,0,False,8328,1,4,1356,1,1439,5
2,1,1,22,0,0,0,0,0,0,False,8329,1,4,1357,1,1883,2
2,0,1,39,0,799,0,0,4,0,False,8330,1,2,1600,2,906,1
2,1,2,19,0,0,0,0,0,0,True,8332,1,4,1358,1,48,1
1,0,3,33,0,988,0,0,2274,3098,False,8333,1,8,313,2,1020,2
2,1,2,14,0,0,0,0,0,0,True,8334,1,4,1359,1,257,3
3,0,1,30,0,697,0,602,0,0,False,8335,1,6,531,1,1372,3
3,1,1,30,0,0,0,0,0,0,True,8336,1,6,547,2,1266,1
3,1,1,21,0,0,0,0,0,0,True,8338,1,2,1716,1,1984,1
3,0,1,45,0,506,0,2,829,0,False,8338,2,2,1716,1,1984,1
3,1,1,17,0,0,0,0,0,0,True,8338,3,2,1716,1,1984,3
1,0,1,39,0,0,261,0,1831,1797,False,8339,1,7,246,2,1626,2
1,0,1,22,0,0,3716,0,1098,2065,False,8339,2,7,246,2,1626,1
2,0,1,37,0,477,0,167,0,46,False,8341,1,2,1601,2,1954,0
1,0,1,48,0,0,0,0,408,293,True,8342,1,6,548,2,1036,1
1,1,1,33,0,0,0,0,0,0,True,8342,2,6,548,2,1036,1
1,0,3,37,0,0,2215,2,1294,274,False,8342,3,6,548,2,1036,3
2,0,1,27,0,1403,169,1081,0,0,False,8343,1,2,1717,1,580,4
3,1,1,29,0,0,0,0,0,0,True,8344,1,7,247,2,1608,1
3,0,1,38,0,30,434,117,372,0,True,8344,2,7,247,2,1608,1
3,1,1,16,0,0,0,0,0,0,True,8344,3,7,247,2,1182,5
2,0,2,18,0,0,0,1792,16,248,False,8345,1,2,1602,2,523,1
2,0,1,27,0,41,23,63,0,647,False,8346,1,2,1718,1,1031,1
3,1,1,47,0,0,0,0,0,0,True,8348,1,6,532,1,2162,3
1,1,1,15,0,0,0,0,0,0,True,8354,1,1,323,2,2163,3
1,1,1,13,0,0,0,0,0,0,True,8354,2,1,323,2,2163,2
2,1,2,19,0,0,0,0,0,0,False,8356,1,4,1361,1,1641,0
1,1,1,17,0,0,0,0,0,0,True,8360,1,1,326,2,2164,1
1,1,1,31,0,0,0,0,0,0,True,8360,2,1,326,2,2164,1
2,0,1,19,0,49,680,0,0,46,True,8362,1,2,1720,1,524,2
1,0,3,25,0,0,1673,0,642,612,False,8363,1,3,101,2,2165,1
1,0,1,26,0,0,690,1,1030,2273,False,8363,2,3,101,2,2165,2
2,1,3,25,0,0,0,0,0,0,True,8365,1,4,1363,1,1188,1
2,0,1,2,0,0,0,0,0,0,False,8366,1,4,1364,1,1115,2
2,0,1,7,0,0,0,0,0,0,False,8366,2,4,427,2,905,2
2,1,1,2,0,0,0,0,0,0,True,8366,3,4,1364,1,1727,2
2,0,1,19,0,0,0,0,0,616,False,8366,4,4,1364,1,1115,1
2,0,1,1,0,0,0,0,0,0,False,8366,5,4,1364,1,1115,3
2,1,1,4,0,0,0,0,0,0,True,8368,1,4,1365,1,96,4
2,0,3,49,0,336,64,377,0,0,True,8368,2,2,1721,1,96,0
3,1,1,61,0,0,0,0,0,0,True,8369,1,2,1604,2,1737,4
3,0,1,57,1,435,22,1435,4,0,True,8369,2,6,549,2,551,2
2,0,3,52,0,0,0,638,115,0,True,8371,1,2,1605,2,567,5
2,0,1,22,0,1,2,243,0,484,False,8373,1,2,1606,2,1701,1
1,1,3,37,0,0,0,0,0,0,True,8374,1,4,427,2,2166,1
2,0,2,15,0,64,0,0,0,640,True,8375,1,4,427,2,203,2
3,1,1,28,0,0,0,0,0,0,True,8376,1,2,1607,2,1601,1
3,0,1,40,0,963,14,320,1,0,False,8377,1,6,537,1,2115,4
2,0,1,13,0,0,0,505,2810,9,False,8378,1,2,1608,2,652,1
2,0,1,24,0,462,0,0,0,240,False,8379,1,2,1609,2,1712,1
2,1,2,25,0,0,0,0,0,0,True,8380,1,4,1367,1,2130,5
2,0,1,25,0,0,0,0,788,3,False,8381,1,6,550,2,54,2
1,0,1,43,0,0,7269,0,2750,2367,False,8382,1,8,277,1,905,1
2,1,1,46,0,0,0,0,0,0,False,8383,1,4,1368,1,1043,3
2,1,1,3,0,0,0,0,0,0,False,8383,2,4,1368,1,1043,1
2,0,1,3,0,0,0,0,0,0,True,8383,3,4,1368,1,1043,3
2,1,1,3,0,0,0,0,0,0,True,8383,4,4,1368,1,1043,1
2,0,1,8,0,0,0,0,0,0,False,8383,5,4,1368,1,1043,1
2,0,1,57,0,0,839,1,0,2,True,8383,6,4,1368,1,1043,0
2,0,1,11,0,0,0,0,0,0,False,8383,7,4,1368,1,1043,3
2,0,1,20,0,0,0,0,1535,0,False,8384,1,2,1722,1,1897,2
2,0,3,27,0,0,1283,0,2256,0,False,8386,1,4,1369,1,600,0
2,0,1,20,0,781,0,33,0,0,True,8388,1,2,1724,1,1418,0
2,1,2,14,0,0,0,0,0,0,True,8390,1,4,1370,1,342,1
2,0,2,24,0,86,669,1,0,0,False,8392,1,2,1610,2,1145,1
2,0,1,21,0,163,146,54,245,95,False,8393,1,2,1725,1,172,1
1,0,3,33,1,9,1365,0,5577,1483,False,8394,1,1,276,1,2167,3
1,0,1,32,0,0,13,0,2148,319,False,8395,1,7,260,1,758,1
2,0,2,22,0,2,104,404,0,0,True,8397,1,4,1371,1,1273,6
1,1,1,15,0,0,0,0,0,0,True,8398,1,1,329,2,1983,2
1,1,1,41,0,0,0,0,0,0,True,8398,2,1,329,2,1983,0
1,1,3,31,0,0,0,0,0,0,True,8401,1,8,315,2,3,2
1,1,3,35,0,0,0,0,0,0,True,8403,1,8,316,2,1989,2
2,1,1,48,0,0,0,0,0,0,True,8404,1,4,1346,2,1098,1
2,1,1,15,0,0,0,0,0,0,True,8404,2,4,1346,2,1098,1
2,0,1,37,0,0,0,1025,0,0,True,8405,1,4,1372,1,450,2
3,0,1,21,0,1214,179,566,0,619,False,8406,1,7,250,2,1267,1
2,0,1,34,0,44,1290,51,0,9,False,8407,1,2,1613,2,670,2
2,1,1,19,0,0,0,0,0,0,False,8409,1,4,1373,1,1546,0
2,0,1,52,0,289,302,0,112,0,False,8410,1,2,1615,2,834,1
2,0,1,15,0,0,3137,0,0,0,True,8411,1,2,1726,1,899,2
2,0,1,24,0,0,171,591,22,0,False,8414,1,4,1374,1,1393,0
2,0,1,45,0,0,0,635,2,0,True,8416,1,6,553,2,1075,1
1,1,3,13,0,0,0,0,0,0,True,8418,1,1,330,2,1380,4
1,0,1,18,0,0,0,0,206,2684,False,8418,2,1,330,2,1380,0
2,0,1,19,0,0,168,481,0,0,True,8419,1,2,1618,2,1080,3
2,1,1,20,0,0,0,0,0,0,True,8419,2,4,1349,2,1080,1
2,0,1,20,0,4210,4,0,58,0,False,8420,1,6,554,2,83,1
2,0,1,27,0,1,30,739,0,33,True,8421,1,2,1619,2,354,1
2,0,1,22,0,0,0,6,0,733,False,8423,1,2,1620,2,564,1
2,1,2,17,0,0,0,0,0,0,False,8427,1,4,1376,1,297,4
2,1,3,23,0,0,0,0,0,0,True,8429,1,4,1351,2,2168,2
2,0,1,29,0,324,0,546,0,0,False,8430,1,2,1621,2,1422,0
1,1,3,24,0,0,0,0,0,0,True,8431,1,1,277,1,92,4
1,0,3,26,0,1,4680,25,564,13,False,8431,2,1,277,1,92,0
2,1,1,36,0,0,0,0,0,0,False,8432,1,4,1377,1,448,2
2,0,1,25,0,341,608,2,2,16,True,8433,1,2,1729,1,304,4
2,0,2,36,0,52,0,132,334,176,False,8437,1,4,427,2,1549,2
3,0,1,32,0,725,0,1641,0,0,False,8438,1,2,1624,2,800,3
2,1,3,16,0,0,0,0,0,0,True,8441,1,4,1352,2,1519,1
3,0,1,32,0,857,158,0,33,0,False,8442,1,6,540,1,1637,3
2,0,1,48,0,0,1570,1,0,2,False,8444,1,2,1733,1,1343,1
2,0,1,25,0,1,0,1,14,1491,False,8447,1,2,1734,1,331,4
1,1,3,46,0,0,0,0,0,0,True,8448,1,1,278,1,2169,2
1,0,3,32,0,0,2154,0,9655,859,False,8449,1,8,317,2,1191,1
1,0,1,50,0,0,3070,0,44,562,True,8449,2,8,317,2,1191,1
3,0,3,31,0,1997,0,0,0,0,False,8451,1,2,1625,2,428,1
3,1,1,27,0,0,0,0,0,0,True,8451,2,2,1625,2,428,0
1,0,3,52,1,0,831,1536,0,7953,False,8452,1,8,279,1,435,0
1,1,1,34,0,0,0,0,0,0,True,8452,2,8,279,1,435,1
1,1,3,40,0,0,0,0,0,0,True,8452,3,8,279,1,435,1
1,0,1,36,0,0,1055,18,1669,49,True,8452,4,8,279,1,435,4
2,0,1,19,0,112,0,265,396,0,False,8454,1,4,1354,2,135,0
1,1,3,33,0,0,0,0,0,0,True,8456,1,8,280,1,1545,1
2,0,1,23,0,29,0,0,332,270,False,8457,1,2,1627,2,856,1
1,0,3,57,0,0,4301,31,665,6329,False,8458,1,8,319,2,2170,1
1,1,3,24,0,0,0,0,0,0,True,8458,2,8,319,2,2170,1
1,1,3,19,0,0,0,0,0,0,True,8458,3,8,319,2,2170,2
1,1,1,54,0,0,0,0,0,0,True,8458,4,8,319,2,2170,2
1,0,1,28,0,1004,2423,0,0,17,True,8458,5,8,319,2,2170,1
1,0,1,26,1,1,5610,0,5,119,True,8458,6,8,319,2,822,4
2,1,2,43,0,0,0,0,0,0,False,8459,1,4,1355,2,1414,2
2,0,1,39,0,0,21,63,677,0,False,8460,1,2,1628,2,1821,4
2,0,1,21,0,32,640,0,0,0,True,8462,1,2,1629,2,483,4
2,0,3,24,0,0,0,608,37,0,False,8463,1,2,1630,2,287,0
3,0,1,35,0,0,0,0,0,0,False,8465,1,6,542,1,1715,4
3,1,1,61,0,0,0,0,0,0,True,8465,2,2,1736,1,1715,2
2,0,1,21,0,0,5,0,687,10,False,8466,1,2,1737,1,931,2
2,1,3,14,0,0,0,0,0,0,True,8467,1,4,1379,1,1760,3
3,0,3,38,0,1161,0,19,0,0,False,8468,1,7,263,1,1541,2
2,1,3,23,0,0,0,0,0,0,True,8469,1,4,1356,2,1936,3
1,0,3,31,1,8243,280,0,3220,2285,False,8470,1,8,281,1,74,4
1,0,3,66,1,0,1828,1,1873,45,False,8471,1,6,556,2,1447,3
2,1,1,56,0,0,0,0,0,0,False,8472,1,4,1380,1,1251,1
2,0,3,21,0,39,53,94,33,518,False,8474,1,2,1632,2,116,1
1,0,3,49,0,0,2808,1083,110,1132,False,8475,1,1,331,2,2171,0
1,0,3,21,0,2,4887,64,4952,1734,False,8475,2,1,331,2,2171,3
3,0,1,27,0,244,0,492,297,23,True,8476,1,7,252,2,1915,3
2,0,1,23,0,0,1,51,1711,219,False,8477,1,2,1633,2,39,1
2,0,1,27,0,0,0,0,716,0,False,8479,1,2,1738,1,166,0
2,0,1,49,0,188,0,143,1443,555,False,8480,1,4,1382,1,1282,3
2,0,1,38,0,0,847,3,34,0,False,8480,2,4,1382,1,1282,3
1,1,1,60,0,0,0,0,0,0,True,8481,1,1,332,2,617,2
2,1,3,47,0,0,0,0,0,0,False,8482,1,4,1358,2,870,0
1,1,1,29,1,0,0,0,0,0,True,8483,1,7,253,2,2172,4
2,1,1,19,0,0,0,0,0,0,True,8486,1,4,1360,2,1178,1
1,0,3,32,1,65,0,0,88,9811,False,8487,1,8,282,1,818,2
2,1,2,22,0,0,0,0,0,0,True,8489,1,4,1383,1,1205,3
3,0,3,35,0,319,0,6331,8,0,True,8491,1,2,1635,2,1982,2
2,0,1,28,0,0,62,3,667,0,True,8492,1,2,1740,1,1592,1
2,1,2,22,0,0,0,0,0,0,False,8493,1,4,1384,1,1718,1
3,0,1,42,0,770,0,1301,0,0,True,8494,1,6,543,1,2173,3
1,0,3,37,0,18,4754,1,1254,2,True,8495,1,8,283,1,2174,2
3,0,1,31,0,49,322,977,0,0,True,8500,1,2,1743,1,1476,0
3,0,1,33,1,1264,1787,36,473,337,False,8502,1,7,254,2,1476,0
1,0,1,48,0,3784,917,146,1770,880,False,8503,1,1,279,1,703,3
1,0,1,31,0,0,529,0,0,3884,False,8503,2,1,279,1,703,1
1,1,3,18,0,0,0,0,0,0,True,8503,3,1,279,1,703,1
2,0,1,44,0,0,0,2036,2,1,True,8504,1,2,1744,1,581,1
2,1,3,22,0,0,0,0,0,0,True,8504,2,4,1385,1,581,1
2,0,1,18,0,490,0,54,195,0,False,8506,1,2,1746,1,654,2
3,1,1,48,0,0,0,0,0,0,True,8508,1,2,1747,1,1699,0
3,1,1,2,0,0,0,0,0,0,True,8508,2,2,1747,1,1699,0
3,0,1,0,0,0,0,0,0,0,True,8508,3,2,1747,1,1699,0
2,0,1,43,0,21,0,863,0,0,False,8509,1,4,1364,2,1486,3
2,0,2,51,0,590,28,73,0,82,False,8511,1,4,1365,2,1382,2
2,0,3,48,0,0,717,0,0,10,True,8512,1,2,1637,2,1373,0
3,0,1,51,0,870,28,278,154,1288,False,8514,1,2,1748,1,1842,1
2,0,1,20,0,0,0,0,327,0,True,8516,1,2,1750,1,896,3
1,0,1,41,0,0,0,0,0,0,False,8521,1,3,102,2,1812,3
2,0,1,27,0,3,0,10,4,855,True,8522,1,2,1751,1,665,2
1,0,3,56,0,53,3033,0,140,6102,False,8523,1,8,320,2,1777,2
1,1,3,26,0,0,0,0,0,0,True,8524,1,1,333,2,2175,3
2,0,1,21,0,11,0,0,839,0,False,8528,1,4,1369,2,1384,1
3,0,1,27,0,2502,0,44,23,29,False,8530,1,2,1640,2,586,0
2,0,3,23,0,348,210,0,0,1,False,8535,1,2,1642,2,2034,4
1,0,3,28,0,0,101,0,0,12143,False,8536,1,6,559,2,471,1
3,1,1,40,0,0,0,0,0,0,True,8537,1,2,1643,2,491,3
3,0,1,39,0,5327,0,290,0,0,False,8537,2,2,1643,2,491,2
3,1,1,16,0,0,0,0,0,0,True,8537,3,2,1643,2,491,4
2,0,1,20,0,59,29,27,0,0,False,8539,1,4,1372,2,1688,1
2,0,1,24,0,686,0,13,0,0,False,8540,1,2,1645,2,342,1
3,0,1,45,1,1093,950,341,0,0,False,8541,1,7,266,1,1774,5
3,0,3,33,0,1914,5,0,0,228,True,8541,2,7,266,1,1774,4
3,1,1,19,0,0,0,0,0,0,False,8542,1,6,544,1,1396,3
2,0,1,15,0,114,161,22,419,0,False,8544,1,2,1647,2,119,3
2,0,1,18,0,0,0,7,717,0,False,8545,1,2,1753,1,1042,2
2,0,1,21,0,129,106,280,183,18,False,8548,1,2,1755,1,905,2
3,1,1,37,0,0,0,0,0,0,True,8549,1,2,1648,2,1295,4
1,0,1,53,0,0,847,0,630,2060,False,8551,1,7,257,2,1167,1
3,0,1,19,0,0,0,0,0,0,False,8552,1,6,545,1,565,3
3,0,1,17,0,387,0,28,2183,0,False,8552,2,2,1756,1,565,1
2,0,2,58,0,487,0,195,0,7,True,8554,1,6,547,1,203,2
1,0,1,18,0,0,1878,0,18572,10028,False,8556,1,1,280,1,2176,3
1,0,3,25,1,0,3978,0,266,597,True,8556,2,1,280,1,2176,5
1,1,1,39,0,0,0,0,0,0,True,8557,1,1,334,2,1708,6
1,1,3,40,0,0,0,0,0,0,True,8557,2,1,334,2,1708,1
3,0,1,27,1,3,952,208,951,0,False,8559,1,6,548,1,49,1
3,0,1,3,0,0,0,0,0,0,True,8559,2,2,1758,1,49,1
3,1,1,18,0,0,0,0,0,0,True,8559,3,2,1758,1,49,1
2,1,3,18,0,0,0,0,0,0,True,8560,1,4,1391,1,281,1
2,1,2,29,0,0,0,0,0,0,False,8561,1,4,1375,2,1515,1
2,0,1,22,0,3,214,0,0,591,False,8566,1,4,1392,1,473,0
1,0,1,34,0,0,3636,0,70,27,True,8569,1,3,88,1,2113,4
2,1,2,19,0,0,0,0,0,0,False,8570,1,4,1377,2,1727,4
3,0,1,26,0,5757,0,206,0,0,False,8571,1,2,1651,2,2154,1
1,0,1,33,0,0,739,0,140,6901,False,8572,1,3,89,1,1857,4
2,0,1,34,0,10,4,1,0,791,True,8573,1,2,1652,2,1353,2
2,1,1,18,0,0,0,0,0,0,True,8573,2,4,1378,2,332,1
3,1,1,40,0,0,0,0,0,0,True,8574,1,2,1653,2,1544,1
3,0,1,53,0,1042,0,2,1,11,False,8574,2,7,258,2,1544,2
3,1,1,8,0,0,0,0,0,0,True,8574,3,2,1653,2,434,2
3,0,1,54,0,1763,0,11,0,0,False,8574,4,2,1653,2,1544,3
3,1,3,29,0,0,0,0,0,0,True,8574,5,2,1653,2,1544,1
3,1,1,56,0,0,0,0,0,0,True,8577,1,2,1654,2,2177,1
2,0,2,21,0,4,3,149,17,442,False,8580,1,4,1379,2,1898,3
1,1,1,25,1,0,0,0,0,0,True,8581,1,8,323,2,552,2
1,1,1,33,0,0,0,0,0,0,True,8581,2,8,323,2,2178,1
2,0,1,22,0,4,0,72,21,600,False,8584,1,2,1655,2,34,3
3,0,1,50,0,748,164,269,0,0,False,8585,1,7,259,2,2111,1
3,0,3,24,0,0,0,396,256,1482,False,8586,1,6,550,1,677,2
2,0,1,25,0,637,0,89,312,2,False,8587,1,2,1763,1,645,1
3,1,1,59,0,0,0,0,0,0,True,8588,1,6,562,2,151,1
1,0,3,26,0,6,728,0,1273,1116,False,8589,1,7,267,1,2118,3
1,0,1,19,0,0,1406,0,4199,2123,False,8592,1,7,268,1,1960,0
2,0,1,37,0,210,3,601,1,68,False,8594,1,4,1381,2,619,0
3,1,1,22,0,0,0,0,0,0,True,8595,1,6,551,1,2179,0
1,1,1,44,0,0,0,0,0,0,True,8596,1,8,284,1,715,3
1,1,3,25,0,0,0,0,0,0,True,8596,2,8,284,1,715,0
2,1,1,23,0,0,0,0,0,0,True,8597,1,4,1382,2,1382,0
2,0,3,6,0,0,0,0,0,0,True,8598,1,4,1394,1,1117,1
2,1,2,39,0,0,0,0,0,0,True,8598,2,4,1394,1,1117,5
2,0,3,26,0,12,71,0,103,624,False,8598,3,4,427,2,1117,0
2,0,3,14,0,547,145,5,0,9,False,8599,1,4,1383,2,706,4
2,1,1,3,0,0,0,0,0,0,False,8602,1,4,1396,1,1564,2
2,0,2,21,0,10,1028,3,2519,0,False,8602,2,4,1396,1,1564,1
2,1,1,24,0,0,0,0,0,0,False,8602,3,4,1396,1,1564,3
2,1,2,18,0,0,0,0,0,0,False,8603,1,4,427,2,244,1
3,0,1,37,0,50,0,343,2205,0,False,8604,1,2,1765,1,333,2
3,1,1,21,0,0,0,0,0,0,True,8604,2,2,1765,1,333,1
1,0,1,67,0,0,82,0,2279,293,False,8605,1,8,324,2,2180,1
1,1,1,28,0,0,0,0,0,0,True,8605,2,4,427,2,2180,1
1,1,3,13,0,0,0,0,0,0,True,8605,3,8,324,2,2180,3
1,0,1,26,0,0,226,0,436,4051,False,8605,4,8,324,2,2180,1
1,1,3,33,0,0,0,0,0,0,True,8605,5,8,324,2,2180,0
2,1,1,18,0,0,0,0,0,0,False,8606,1,4,1386,2,620,5
2,0,1,24,0,13,221,0,1154,0,False,8606,2,2,1658,2,620,1
2,0,1,26,0,0,0,148,551,89,False,8606,3,6,563,2,620,0
2,0,2,21,0,0,2202,9,71,100,True,8607,1,4,1387,2,390,1
2,0,1,27,0,0,0,2,994,0,False,8609,1,6,564,2,582,1
2,1,2,15,0,0,0,0,0,0,True,8610,1,4,1398,1,1722,1
2,0,3,24,0,2,644,0,0,0,False,8611,1,2,1766,1,93,1
2,0,1,31,0,4,9,870,0,0,False,8612,1,4,1399,1,993,0
2,0,1,10,0,0,0,0,0,0,True,8613,1,4,1388,2,905,0
2,0,1,23,0,4,3,1785,0,0,True,8614,1,4,1400,1,905,0
2,0,3,50,0,0,0,117,712,0,True,8615,1,6,565,2,414,0
2,1,3,13,0,0,0,0,0,0,True,8615,2,4,1389,2,414,3
3,0,1,43,0,27,0,797,830,161,False,8616,1,2,1767,1,1849,0
3,1,3,20,0,0,0,0,0,0,True,8616,2,2,1767,1,1849,2
2,0,1,21,0,11,1475,0,0,0,True,8617,1,2,1768,1,1567,0
1,0,3,18,0,0,694,0,0,1370,False,8618,1,1,336,2,763,1
1,1,1,16,0,0,0,0,0,0,True,8618,2,1,336,2,763,2
1,0,1,47,0,187,268,977,3441,236,False,8619,1,6,566,2,674,1
3,0,1,35,1,1234,35,7,0,0,False,8620,1,2,1659,2,377,3
2,0,1,15,0,9,731,85,0,537,False,8623,1,4,427,2,1825,2
2,0,1,46,0,135,0,0,0,928,False,8624,1,2,1661,2,2128,3
2,1,1,6,0,0,0,0,0,0,False,8624,2,4,1390,2,2128,2
2,0,1,26,0,1,0,1,15,854,False,8626,1,2,1770,1,668,1
2,0,2,49,0,0,18,0,0,686,False,8628,1,2,1664,2,1064,3
2,1,1,28,0,0,0,0,0,0,True,8629,1,4,1391,2,451,1
3,1,1,37,0,0,0,0,0,0,False,8631,1,6,553,1,333,5
2,0,1,17,0,2,33,97,553,0,False,8633,1,2,1665,2,1273,1
2,0,1,38,0,1739,0,0,83,0,False,8634,1,4,1392,2,741,3
2,0,1,18,0,224,0,0,0,1384,False,8635,1,6,554,1,993,1
3,1,1,55,0,0,0,0,0,0,True,8636,1,2,1772,1,1088,4
2,1,1,28,0,0,0,0,0,0,True,8637,1,2,1773,1,1950,3
3,0,1,25,0,987,0,6221,141,0,True,8637,2,2,1773,1,1950,0
3,0,1,17,0,330,1,967,0,0,False,8637,3,6,555,1,1950,2
2,1,1,22,0,0,0,0,0,0,False,8638,1,4,1402,1,2085,5
2,0,1,4,0,0,0,0,0,0,True,8638,2,4,1402,1,2085,1
2,0,3,3,0,0,0,0,0,0,True,8638,3,4,1402,1,2085,2
3,1,1,21,0,0,0,0,0,0,False,8639,1,6,567,2,1896,3
3,0,1,24,0,1455,2207,163,2354,0,False,8639,2,7,260,2,1896,0
2,0,1,50,0,133,0,525,0,31,False,8640,1,2,1666,2,1927,3
3,0,1,3,0,0,0,0,0,0,True,8641,1,2,1667,2,1915,1
3,0,1,19,0,1146,0,3,0,0,False,8641,2,2,1667,2,1915,1
3,1,1,22,0,0,0,0,0,0,True,8641,3,2,1667,2,1915,2
2,0,2,20,0,0,4,0,0,625,False,8642,1,2,1774,1,1327,1
3,0,1,18,0,2048,0,2,848,0,False,8643,1,2,1775,1,1129,0
2,0,1,27,0,20,0,11,0,848,False,8644,1,2,1668,2,62,1
2,0,1,29,0,0,0,0,0,1972,False,8644,2,2,1668,2,62,4
2,0,3,23,0,1,26,1908,318,0,True,8645,1,2,1776,1,2181,3
1,1,1,48,0,0,0,0,0,0,True,8646,1,8,325,2,2182,1
1,0,1,32,0,0,1285,0,3030,334,False,8646,2,8,325,2,2182,2
1,1,1,55,0,0,0,0,0,0,True,8646,3,8,325,2,2182,1
1,0,3,49,0,3,1108,2,5775,1964,False,8646,4,8,325,2,2182,0
2,1,1,15,0,0,0,0,0,0,True,8650,1,4,1404,1,2021,0
2,1,1,50,0,0,0,0,0,0,True,8653,1,4,1393,2,1909,3
2,0,1,35,0,777,0,23,0,61,False,8654,1,2,1779,1,485,2
1,0,1,29,0,0,4455,0,1663,4435,False,8656,1,3,103,2,2183,1
1,0,3,38,1,0,1298,0,1841,1547,False,8656,2,3,103,2,1910,1
1,1,3,29,1,0,0,0,0,0,True,8656,3,3,103,2,2183,4
3,0,1,39,0,200,0,1083,65,0,True,8657,1,2,1780,1,1520,2
3,0,1,49,0,0,1,1364,226,0,True,8658,1,6,568,2,1507,1
3,0,1,39,0,345,0,848,0,116,False,8658,2,2,1673,2,1507,2
2,0,1,19,0,125,556,23,0,0,True,8659,1,2,1781,1,548,1
2,0,1,19,0,886,0,0,1587,12,False,8661,1,2,1675,2,181,1
2,0,1,14,0,450,4791,896,0,0,True,8663,1,4,1394,2,1927,1
2,1,3,40,0,0,0,0,0,0,True,8663,2,4,427,2,1927,1
2,0,1,40,0,909,0,0,0,0,False,8664,1,4,1395,2,1888,2
3,0,1,20,0,733,0,455,0,0,False,8667,1,2,1676,2,2077,1
3,1,1,6,0,0,0,0,0,0,True,8668,1,2,1783,1,1601,7
3,0,1,41,0,806,16,125,1008,0,False,8668,2,7,269,1,1601,3
3,0,1,37,0,0,0,0,0,0,False,8668,3,6,556,1,1601,1
2,0,1,31,0,949,0,22,0,0,False,8669,1,2,1677,2,1567,0
2,0,1,8,0,0,0,0,0,0,False,8669,2,4,1397,2,1567,2
2,0,1,55,0,506,0,456,0,0,False,8669,3,2,1677,2,1567,3
2,1,2,16,0,0,0,0,0,0,True,8670,1,4,1398,2,798,1
1,0,3,29,0,1,764,1,265,1539,True,8671,1,3,90,1,413,0
2,0,1,40,0,21,155,0,267,0,False,8672,1,4,1406,1,382,1
1,1,1,27,0,0,0,0,0,0,True,8673,1,8,285,1,1256,2
3,0,1,21,0,4924,0,49,2,0,False,8674,1,2,1784,1,154,2
1,1,1,25,0,0,0,0,0,0,True,8675,1,1,281,1,1107,2
3,0,1,44,0,0,971,700,0,0,False,8680,1,2,1786,1,2126,3
3,0,1,34,0,368,499,1729,0,2,False,8681,1,2,1787,1,1480,2
3,0,1,1,0,0,0,0,0,0,True,8681,2,2,1787,1,1008,1
3,0,1,1,0,0,0,0,0,0,True,8681,3,2,1787,1,1480,1
2,0,2,42,0,51,6,87,21,404,False,8683,1,2,1679,2,594,1
2,0,1,18,0,1,1,0,226,488,False,8684,1,2,1788,1,948,1
2,1,3,21,0,0,0,0,0,0,True,8685,1,4,1400,2,1495,2
2,0,1,24,0,0,0,594,95,0,True,8687,1,2,1680,2,1567,3
2,0,1,27,0,0,0,0,595,0,False,8688,1,2,1681,2,1033,3
2,1,2,18,0,0,0,0,0,0,False,8691,1,4,1409,1,181,2
2,1,2,27,0,0,0,0,0,0,True,8693,1,4,1410,1,2039,2
2,1,1,13,0,0,0,0,0,0,True,8694,1,4,1411,1,561,0
2,0,1,10,0,0,0,0,0,0,False,8694,2,4,1411,1,561,1
2,1,1,8,0,0,0,0,0,0,False,8694,3,4,1411,1,561,1
3,0,1,40,0,76,0,1169,0,64,True,8695,1,2,1683,2,643,3
1,1,2,35,0,0,0,0,0,0,True,8696,1,8,326,2,2184,1
3,0,1,13,0,217,7,928,0,728,False,8700,1,2,1684,2,1027,2
3,0,3,19,0,203,0,172,1460,151,False,8701,1,2,1789,1,1774,2
2,0,1,44,0,84,0,308,0,1179,False,8703,1,2,1685,2,243,0
3,1,1,36,0,0,0,0,0,0,True,8704,1,2,1686,2,1959,2
3,0,1,29,0,2239,0,146,0,0,False,8704,2,7,264,2,1959,2
2,0,2,28,0,679,0,0,0,0,False,8708,1,4,1413,1,6,5
2,0,1,36,0,0,98,456,277,70,False,8709,1,2,1687,2,158,0
2,0,2,24,0,312,227,50,0,0,False,8710,1,2,1688,2,380,0
3,1,1,14,0,0,0,0,0,0,True,8712,1,2,1792,1,1325,1
3,0,1,50,0,1584,0,36,104,0,True,8714,1,7,270,1,2052,2
2,0,2,20,0,426,0,220,2,0,False,8716,1,2,1793,1,2185,1
2,0,1,38,0,139,9,0,0,582,False,8717,1,2,1689,2,1005,1
1,0,1,33,1,0,3076,0,3,994,False,8719,1,3,104,2,183,2
1,0,3,54,0,0,1821,2370,949,46,False,8719,2,3,104,2,536,1
1,0,3,20,0,0,0,0,0,0,True,8719,3,3,104,2,183,2
2,0,3,23,0,0,247,1063,36,0,True,8720,1,2,1690,2,1019,1
1,1,3,65,0,0,0,0,0,0,True,8721,1,1,337,2,1516,0
3,1,1,51,0,0,0,0,0,0,False,8722,1,6,558,1,1239,1
3,0,1,36,0,2002,0,10,87,0,False,8722,2,6,558,1,1239,2
2,0,1,38,0,32,1163,0,52,1935,False,8723,1,2,1794,1,627,1
2,0,3,28,0,34,0,0,0,658,False,8727,1,2,1797,1,1783,1
2,0,1,32,0,258,500,3,15,128,True,8728,1,2,1798,1,570,2
2,0,1,55,0,694,0,1,87,0,False,8728,2,4,1416,1,570,2
2,0,1,23,0,1254,0,45,0,0,False,8728,3,2,1798,1,570,1
2,0,2,38,0,647,23,1,0,0,False,8728,4,2,1798,1,570,1
2,1,3,18,0,0,0,0,0,0,True,8728,5,4,1416,1,570,2
2,1,2,32,0,0,0,0,0,0,False,8728,6,4,1416,1,570,1
2,0,1,44,0,266,3,2,0,748,False,8728,7,4,427,2,570,2
2,0,1,62,0,0,592,164,0,0,True,8728,8,4,1416,1,570,2
1,0,1,66,0,354,2639,0,1180,0,False,8729,1,6,559,1,1729,2
1,0,1,20,0,0,7759,18,4925,12685,False,8729,2,6,559,1,1729,1
2,0,1,19,0,193,251,0,165,0,False,8732,1,2,1691,2,6,1
2,0,1,27,0,22,226,0,0,633,False,8733,1,4,1406,2,1359,4
2,0,2,25,0,0,0,707,1,0,True,8734,1,4,1417,1,37,1
2,0,1,20,0,227,0,1,0,707,False,8735,1,2,1799,1,548,1
3,1,1,18,0,0,0,0,0,0,True,8736,1,2,1800,1,684,1
3,0,1,20,0,0,2,289,976,0,True,8736,2,2,1800,1,684,1
1,1,1,14,0,0,0,0,0,0,True,8741,1,3,91,1,1039,2
1,0,3,49,0,0,3853,0,245,178,True,8741,2,3,91,1,1039,1
1,0,1,49,0,4,44,1401,1043,0,False,8741,3,3,91,1,2186,1
2,0,3,19,0,179,16,246,280,0,False,8743,1,2,1802,1,880,2
2,0,1,53,0,1613,0,0,0,7,False,8744,1,6,570,2,2091,3
3,0,1,31,0,947,83,19,0,0,False,8749,1,6,562,1,640,0
2,0,1,18,0,24,753,0,0,0,False,8750,1,2,1804,1,1422,3
2,0,1,24,0,0,0,124,4,471,False,8751,1,2,1694,2,343,0
3,0,1,35,0,2758,0,1,0,0,False,8752,1,7,272,1,222,1
2,0,1,27,0,0,0,0,545,89,False,8753,1,2,1805,1,953,1
2,0,1,38,0,22,9,40,732,0,False,8753,2,2,1805,1,953,3
2,0,1,23,0,0,0,9,69,1157,False,8753,3,2,1805,1,953,1
2,0,1,22,0,151,0,613,6,0,False,8754,1,4,1408,2,1542,2
1,1,3,38,0,0,0,0,0,0,True,8755,1,7,265,2,2187,5
2,0,1,28,0,1,1484,210,0,5,True,8757,1,4,1409,2,1205,1
3,0,1,25,0,520,0,139,0,77,False,8759,1,2,1695,2,1396,6
3,0,1,45,0,74,0,0,1130,22,False,8759,2,2,1695,2,1396,2
2,0,1,22,0,804,0,0,0,0,False,8760,1,2,1696,2,695,1
2,0,1,30,0,32,180,497,0,99,True,8762,1,4,1410,2,166,1
3,1,3,25,0,0,0,0,0,0,True,8764,1,2,1697,2,375,1
3,1,1,24,0,0,0,0,0,0,True,8766,1,2,1807,1,2188,1
3,0,1,44,0,1,0,2080,11,0,True,8769,1,2,1700,2,1715,1
2,0,1,6,0,0,0,0,0,0,False,8770,1,2,1808,1,1060,3
2,1,1,0,0,0,0,0,0,0,True,8770,2,2,1808,1,1060,2
2,0,2,14,0,476,14,0,328,8,False,8770,3,4,427,2,1147,2
2,0,1,37,0,0,0,11,1028,7,False,8770,4,2,1808,1,1147,0
2,0,1,15,0,0,912,82,5,0,False,8770,5,2,1808,1,1147,0
2,0,1,0,0,0,0,0,0,0,True,8770,6,2,1808,1,1060,0
2,0,1,17,0,0,810,66,0,0,True,8770,7,2,1808,1,1060,1
2,0,1,58,0,0,805,3,3,0,False,8771,1,4,1421,1,1150,0
1,1,3,15,0,0,0,0,0,0,True,8772,1,1,339,2,905,2
1,0,3,53,0,0,1127,0,3939,0,False,8772,2,4,427,2,1808,0
3,0,1,29,0,257,0,782,8,3,False,8773,1,7,274,1,1511,1
2,1,1,24,0,0,0,0,0,0,True,8774,1,4,1412,2,1248,4
2,0,1,40,0,0,0,286,6,570,True,8776,1,6,574,2,229,1
2,0,3,21,0,2,0,0,634,0,False,8779,1,4,1413,2,2189,4
2,0,1,30,0,0,114,0,726,67,False,8780,1,4,1414,2,1771,1
2,0,1,20,0,0,91,2,623,93,False,8781,1,4,1415,2,257,2
3,1,1,20,0,0,0,0,0,0,True,8782,1,2,1701,2,920,2
3,0,1,18,0,697,0,25,0,61,False,8783,1,7,276,1,256,0
3,1,1,36,0,0,0,0,0,0,True,8783,2,7,276,1,256,2
2,0,1,20,0,874,0,80,0,0,False,8785,1,2,1810,1,1434,2
2,0,1,4,0,0,0,0,0,0,True,8785,2,4,1422,1,1434,2
1,1,3,59,0,0,0,0,0,0,True,8786,1,1,284,1,2190,4
2,0,1,20,0,11,0,0,843,0,False,8787,1,4,1416,2,905,4
2,0,3,4,0,0,0,0,0,0,False,8789,1,4,1417,2,786,2
2,0,1,23,0,0,565,0,35,188,True,8789,2,6,576,2,786,3
1,0,3,25,0,698,4978,0,146,0,True,8790,1,7,277,1,552,4
2,0,2,20,0,0,571,82,0,0,False,8791,1,2,1812,1,948,1
2,0,1,22,0,0,0,637,0,50,True,8794,1,6,563,1,1993,1
2,0,1,6,0,0,0,0,0,0,True,8796,1,4,1418,2,627,1
2,0,1,14,0,588,144,1,0,168,False,8796,2,2,1704,2,272,1
2,1,1,0,0,0,0,0,0,0,False,8796,3,4,1418,2,272,1
2,1,1,4,0,0,0,0,0,0,False,8796,4,4,1418,2,272,0
2,0,1,37,0,63,0,0,0,661,False,8796,5,2,1704,2,272,0
2,0,1,14,0,0,1427,148,0,7,True,8796,6,2,1704,2,627,2
2,0,1,34,0,14,748,0,41,0,True,8796,7,2,1704,2,904,1
2,1,3,3,0,0,0,0,0,0,True,8796,8,4,1418,2,627,4
2,0,2,18,0,0,3,110,588,0,False,8797,1,2,1705,2,910,0
2,0,1,27,0,1771,0,242,0,37,False,8798,1,2,1706,2,1504,1
2,0,1,19,0,0,0,855,11,42,True,8799,1,4,1419,2,1175,1
2,0,1,37,0,10,557,51,83,0,False,8801,1,2,1707,2,235,2
1,1,1,29,0,0,0,0,0,0,True,8802,1,7,266,2,1758,2
2,0,2,37,0,570,0,7,107,0,False,8805,1,2,1815,1,1606,4
3,0,1,32,0,81,0,1363,0,0,True,8806,1,2,1708,2,958,2
2,0,2,22,0,0,0,0,617,0,False,8807,1,4,1420,2,176,3
2,0,1,38,0,0,2532,0,204,0,True,8808,1,2,1816,1,1139,0
2,0,1,24,0,0,0,0,2019,117,False,8809,1,2,1817,1,170,2
2,0,2,63,0,0,0,80,0,2322,False,8811,1,6,577,2,2191,3
3,1,1,23,0,0,0,0,0,0,False,8812,1,6,564,1,876,4
2,0,2,41,0,413,0,0,7,347,False,8813,1,4,1421,2,905,2
2,0,3,20,0,0,0,0,335,957,False,8815,1,2,1818,1,1499,0
1,1,1,48,0,0,0,0,0,0,True,8816,1,1,340,2,2192,1
2,1,3,44,0,0,0,0,0,0,True,8816,2,1,340,2,2192,1
1,1,3,15,0,0,0,0,0,0,True,8816,3,1,340,2,2192,2
1,1,3,29,0,0,0,0,0,0,True,8816,4,1,340,2,2192,1
1,0,1,64,0,0,1770,0,4111,180,False,8816,5,1,340,2,2192,2
2,0,1,19,0,586,10,0,30,0,False,8817,1,4,1426,1,332,1
2,1,2,28,0,0,0,0,0,0,True,8818,1,4,1427,1,869,1
2,0,1,44,0,857,0,1,8,17,False,8819,1,4,1428,1,787,2
2,1,1,13,0,0,0,0,0,0,True,8820,1,4,1429,1,1416,3
2,0,1,45,0,198,454,1,0,4,True,8821,1,6,565,1,567,3
1,0,3,25,0,0,145,1359,492,205,False,8822,1,3,92,1,1450,1
3,1,1,19,0,0,0,0,0,0,True,8823,1,2,1710,2,1674,4
2,0,1,29,0,128,0,130,132,473,False,8824,1,2,1819,1,1254,0
2,1,3,21,0,0,0,0,0,0,True,8825,1,4,1422,2,2193,2
1,0,3,13,0,1212,4485,0,4016,57,False,8826,1,8,290,1,361,3
1,0,3,25,0,1369,310,3,4502,377,False,8826,2,8,290,1,361,1
1,0,1,46,0,1384,229,0,1572,1,False,8826,3,8,290,1,361,4
2,0,3,37,0,88,0,719,88,0,True,8827,1,2,1820,1,2124,1
2,0,3,19,0,0,6,0,0,1179,True,8828,1,2,1711,2,1656,2
3,0,1,29,0,230,0,1404,464,0,False,8830,1,6,578,2,556,2
3,1,1,21,0,0,0,0,0,0,True,8830,2,2,1712,2,556,1
3,1,1,13,0,0,0,0,0,0,True,8831,1,2,1713,2,2194,2
2,1,3,15,0,0,0,0,0,0,True,8833,1,4,1424,2,1101,5
2,0,1,42,0,4,0,0,0,792,False,8834,1,2,1715,2,719,1
2,1,1,27,0,0,0,0,0,0,False,8835,1,4,1425,2,1019,1
2,0,1,26,0,903,0,182,0,27,False,8836,1,2,1821,1,1289,2
2,1,1,19,0,0,0,0,0,0,False,8836,2,4,1430,1,1289,2
2,0,1,18,0,0,181,628,0,0,True,8838,1,4,1431,1,1384,4
2,0,3,50,0,0,433,4,0,2020,False,8840,1,2,1716,2,1065,3
3,1,1,28,0,0,0,0,0,0,True,8841,1,2,1822,1,1480,0
1,0,1,24,0,3,2910,0,112,36,True,8842,1,7,267,2,2195,3
1,0,1,31,0,0,927,0,2760,1,False,8843,1,8,327,2,1299,2
2,0,3,19,0,0,0,717,1,0,True,8844,1,6,579,2,300,5
2,0,1,20,0,735,0,0,41,1,False,8845,1,2,1823,1,1381,2
2,0,1,23,0,0,1204,40,0,375,False,8845,2,6,566,1,1381,3
2,0,1,19,0,1037,0,40,0,0,True,8848,1,2,1824,1,1083,1
2,1,3,27,0,0,0,0,0,0,True,8849,1,4,1427,2,1384,1
3,0,1,16,0,1032,0,267,0,0,False,8850,1,6,580,2,1932,2
3,1,1,76,0,0,0,0,0,0,True,8852,1,7,278,1,1329,2
3,0,1,41,1,22,484,354,0,0,False,8852,2,7,278,1,1329,3
2,0,2,24,0,726,3488,200,17,275,False,8853,1,4,1433,1,962,1
2,1,1,12,0,0,0,0,0,0,False,8854,1,4,1429,2,983,1
2,1,2,28,0,0,0,0,0,0,True,8856,1,4,1434,1,201,1
1,0,1,36,1,0,0,0,0,0,False,8858,1,1,285,1,2196,4
3,1,1,20,0,0,0,0,0,0,True,8860,1,2,1825,1,1767,3
2,1,1,7,0,0,0,0,0,0,True,8860,2,2,1825,1,556,3
3,1,1,21,0,0,0,0,0,0,True,8860,3,2,1825,1,556,2
3,0,1,33,0,1054,0,222,22,0,False,8860,4,6,567,1,556,3
1,0,1,32,0,0,2583,3,500,129,True,8861,1,8,291,1,2197,4
1,0,3,34,0,0,3126,0,112,15,True,8862,1,8,329,2,92,1
1,0,2,38,1,0,2191,863,207,6262,False,8862,2,8,329,2,1717,2
1,1,1,27,0,0,0,0,0,0,True,8862,3,8,329,2,92,2
1,1,3,28,0,0,0,0,0,0,True,8862,4,8,329,2,92,3
1,1,1,25,0,0,0,0,0,0,True,8862,5,8,329,2,92,2
2,0,3,24,0,0,784,5,0,1,True,8863,1,6,582,2,43,2
3,1,1,18,0,0,0,0,0,0,True,8864,1,2,1717,2,1744,1
2,0,1,24,0,121,10,341,307,47,False,8865,1,2,1826,1,175,2
1,1,3,30,0,0,0,0,0,0,True,8867,1,1,286,1,1528,1
1,1,3,38,0,0,0,0,0,0,True,8867,2,1,286,1,1528,3
2,0,1,39,0,0,798,0,56,0,True,8868,1,4,1430,2,1664,2
2,1,1,31,0,0,0,0,0,0,True,8869,1,4,1431,2,2109,1
2,0,1,33,0,0,116,412,379,0,True,8871,1,4,1432,2,654,1
2,1,2,15,0,0,0,0,0,0,True,8871,2,4,1432,2,654,2
3,1,1,23,0,0,0,0,0,0,True,8872,1,2,1828,1,1403,1
2,1,1,24,0,0,0,0,0,0,False,8874,1,4,1436,1,1780,0
1,0,3,44,0,0,71,7148,427,394,True,8876,1,1,287,1,2004,4
2,0,1,22,0,0,0,0,0,906,False,8878,1,6,568,1,351,0
3,1,1,28,0,0,0,0,0,0,True,8880,1,2,1829,1,408,2
2,0,3,34,0,0,0,717,0,0,True,8881,1,2,1719,2,925,2
2,0,1,8,0,0,0,0,0,0,False,8883,1,4,1438,1,871,0
2,0,1,26,0,1471,0,7,5,0,True,8884,1,2,1830,1,1782,0
3,0,1,29,0,876,1,54,125,0,False,8885,1,7,269,2,2198,0
2,0,3,58,0,0,0,620,0,0,False,8886,1,4,1433,2,2124,1
2,1,1,4,0,0,0,0,0,0,False,8886,2,4,1433,2,2124,2
2,0,2,1,0,0,0,0,0,0,True,8886,3,4,1433,2,2124,1
2,0,3,17,0,0,0,615,0,0,False,8889,1,4,1439,1,1961,1
2,0,2,27,0,0,0,0,1606,3675,False,8890,1,4,1434,2,1592,3
2,0,1,24,0,1186,0,381,3,173,True,8891,1,2,1831,1,967,4
2,0,1,16,0,0,1332,0,0,0,True,8891,2,2,1831,1,967,1
2,0,1,28,0,0,16,496,318,0,False,8892,1,2,1832,1,2059,0
3,1,1,23,0,0,0,0,0,0,True,8894,1,2,1721,2,586,0
3,1,3,33,0,0,0,0,0,0,True,8896,1,2,1722,2,1071,0
2,1,2,24,0,0,0,0,0,0,True,8897,1,4,1440,1,828,0
2,0,1,6,0,0,0,0,0,0,True,8899,1,4,1435,2,708,4
2,0,1,19,0,23,659,0,15,113,False,8900,1,4,1441,1,1084,1
1,1,1,31,0,0,0,0,0,0,True,8901,1,1,341,2,1345,2
2,0,1,19,0,16,1739,9,5,8,True,8902,1,4,1436,2,1718,0
2,0,1,18,0,0,0,0,0,810,False,8903,1,4,1437,2,1553,1
2,0,1,35,0,522,0,1,324,60,False,8904,1,4,1442,1,993,6
3,0,1,32,1,0,0,0,0,0,True,8905,1,6,570,1,233,2
2,0,3,19,0,720,2,0,0,0,False,8906,1,2,1723,2,497,5
2,1,2,24,0,0,0,0,0,0,True,8907,1,4,1438,2,119,3
2,0,1,33,0,0,3,0,782,7,False,8910,1,6,585,2,1190,0
2,0,1,20,0,0,1,32,755,21,False,8918,1,4,1448,1,83,3
1,0,1,27,0,0,2481,0,3657,93,False,8919,1,8,331,2,1122,2
1,0,1,26,0,0,70,0,41,0,False,8920,1,7,280,1,1432,1
2,1,1,28,0,0,0,0,0,0,True,8922,1,4,1449,1,841,2
2,0,1,19,0,0,0,0,0,0,True,8923,1,4,1450,1,2083,1
2,0,1,24,0,0,0,3,80,0,True,8926,1,6,571,1,12,1
1,1,3,52,0,0,0,0,0,0,True,8928,1,8,333,2,1110,1
2,0,2,23,0,0,471,120,13,6,True,8930,1,2,1725,2,71,3
2,0,1,23,0,0,0,0,912,41,False,8932,1,2,1727,2,597,3
1,1,1,25,0,0,0,0,0,0,True,8937,1,6,574,1,950,3
2,1,1,22,0,0,0,0,0,0,True,8938,1,2,1729,2,1277,3
3,1,1,35,0,0,0,0,0,0,True,8938,2,2,1729,2,1277,4
2,1,2,24,0,0,0,0,0,0,True,8939,1,4,1441,2,549,3
2,0,1,24,0,771,0,22,0,0,False,8940,1,6,587,2,905,2
3,0,1,26,1,1,445,170,614,68,False,8941,1,6,575,1,1182,3
3,0,1,37,0,528,0,1598,62,0,True,8941,2,2,1834,1,1182,4
3,0,1,14,0,1737,0,336,0,0,False,8941,3,6,575,1,1182,2
1,0,1,36,0,0,3423,0,466,349,True,8942,1,8,297,1,2169,0
2,1,2,0,0,0,0,0,0,0,True,8944,1,4,1442,2,1002,5
2,0,2,17,0,0,0,0,0,0,True,8944,2,4,1442,2,1002,1
2,0,1,18,0,327,170,0,0,130,False,8944,3,4,1442,2,1002,0
1,0,1,43,0,0,1632,346,957,128,False,8945,1,7,270,2,1923,4
1,0,1,21,0,3036,32,0,2,416,False,8945,2,7,270,2,1923,2
3,1,1,34,0,0,0,0,0,0,True,8947,1,2,1731,2,85,1
1,0,1,57,0,0,13,0,52,11325,False,8948,1,1,342,2,103,4
1,0,3,18,0,0,4715,0,36,995,True,8948,2,1,342,2,103,4
2,0,2,73,0,1806,0,47,0,0,False,8954,1,4,1452,1,416,2
2,0,1,31,0,0,1524,0,0,0,False,8955,1,2,1837,1,365,3
2,0,1,25,0,0,0,0,6,1989,False,8956,1,2,1838,1,2043,2
2,1,1,20,0,0,0,0,0,0,True,8956,2,4,1453,1,2043,1
2,0,2,24,0,0,0,40,0,575,False,8956,3,4,1453,1,2043,3
2,0,1,27,0,194,1,10,629,0,False,8956,4,4,1453,1,2043,2
2,1,1,21,0,0,0,0,0,0,False,8956,5,4,1453,1,2043,1
2,0,2,22,0,0,29,165,404,0,False,8956,6,2,1838,1,2043,2
2,0,3,39,0,0,0,1291,224,0,False,8956,7,2,1838,1,2043,2
2,0,1,26,0,0,0,0,0,741,False,8956,8,2,1838,1,2043,0
1,1,1,32,0,0,0,0,0,0,True,8959,1,8,298,1,266,2
2,1,1,1,0,0,0,0,0,0,True,8961,1,4,1455,1,907,1
2,0,1,7,0,0,0,0,0,0,False,8961,2,4,1455,1,907,1
2,0,1,4,0,0,0,0,0,0,False,8961,3,4,1455,1,598,5
2,0,1,21,0,0,6,0,593,0,False,8961,4,2,1839,1,907,1
2,1,1,12,0,0,0,0,0,0,False,8961,5,4,1455,1,907,1
3,0,1,28,0,1708,0,65,1,0,False,8964,1,2,1734,2,1295,2
3,0,1,0,0,0,0,0,0,0,True,8964,2,2,1734,2,1295,0
3,1,1,18,0,0,0,0,0,0,True,8964,3,2,1734,2,1295,3
3,0,1,52,0,1231,2,8,0,0,False,8966,1,2,1735,2,2199,1
2,0,1,18,0,13,822,27,0,46,False,8967,1,4,1445,2,1722,3
1,1,1,51,0,0,0,0,0,0,True,8968,1,6,588,2,2200,1
1,0,3,21,0,0,846,4407,0,2491,True,8969,1,8,299,1,2201,3
1,0,3,28,0,0,3751,0,5025,11741,False,8970,1,8,300,1,1914,2
3,1,1,34,0,0,0,0,0,0,True,8972,1,2,1736,2,1548,3
2,1,1,13,0,0,0,0,0,0,True,8973,1,4,1446,2,374,0
2,0,1,35,0,503,236,2,0,68,False,8975,1,4,1456,1,932,0
2,0,1,27,0,1,0,0,20,948,False,8975,2,2,1840,1,932,0
2,0,1,35,0,1,0,0,0,803,False,8976,1,2,1737,2,2202,2
3,0,3,51,0,324,0,563,119,0,False,8977,1,7,272,2,1079,0
3,0,1,53,0,24,0,1105,0,0,False,8978,1,2,1841,1,1958,0
2,0,1,29,0,311,7,665,0,0,False,8981,1,6,589,2,351,2
2,0,1,41,0,0,924,0,0,0,False,8982,1,2,1739,2,1456,3
2,0,1,47,0,42,509,0,0,1057,False,8983,1,6,576,1,745,1
2,0,3,22,0,0,0,626,0,14,False,8985,1,2,1842,1,907,3
2,0,1,19,0,0,810,21,788,0,False,8986,1,6,590,2,194,3
2,0,2,22,0,0,17,0,620,0,False,8986,2,2,1740,2,194,0
1,1,3,25,0,0,0,0,0,0,True,8987,1,7,282,1,1551,1
2,1,1,27,0,0,0,0,0,0,True,8988,1,4,1448,2,1363,1
2,1,3,17,0,0,0,0,0,0,True,8988,2,4,1448,2,1363,2
2,1,3,0,0,0,0,0,0,0,True,8988,3,4,1448,2,1363,3
2,1,1,5,0,0,0,0,0,0,False,8988,4,4,1448,2,529,3
2,0,1,30,0,0,1028,0,80,0,False,8988,5,2,1741,2,1363,3
2,1,1,17,0,0,0,0,0,0,True,8988,6,4,1448,2,1363,2
2,0,1,53,0,0,1487,0,67,0,False,8988,7,2,1741,2,529,4
2,1,1,9,0,0,0,0,0,0,False,8988,8,4,1448,2,1363,2
1,0,1,17,0,0,366,23492,356,3,True,8989,1,1,291,1,905,4
1,1,3,16,0,0,0,0,0,0,True,8989,2,1,291,1,183,2
1,1,1,29,0,0,0,0,0,0,True,8989,3,1,291,1,183,1
1,0,3,29,0,80,3707,0,1465,1320,False,8989,4,1,291,1,183,4
3,0,1,46,0,479,4,699,0,0,False,8992,1,7,283,1,681,2
2,0,2,27,0,32,8,5,588,18,False,8993,1,2,1844,1,281,2
1,0,1,39,0,2101,41,0,525,19,False,8996,1,7,285,1,339,1
2,1,3,15,0,0,0,0,0,0,True,8997,1,2,1742,2,215,3
2,0,1,30,0,604,0,50,147,2,False,8997,2,2,1742,2,215,3
2,1,1,41,0,0,0,0,0,0,False,8998,1,4,1449,2,886,2
2,0,1,47,0,0,1,0,967,5,False,8998,2,6,591,2,886,2
3,0,3,32,0,2555,0,456,2,0,False,8999,1,7,274,2,1155,2
2,0,3,15,0,0,20,816,39,1,False,9001,1,2,1743,2,2044,3
2,0,1,23,0,2,167,0,0,555,True,9003,1,2,1744,2,1434,0
1,1,3,20,0,0,0,0,0,0,True,9004,1,1,292,1,469,1
1,1,1,33,0,0,0,0,0,0,True,9006,1,1,343,2,1902,1
2,1,1,18,0,0,0,0,0,0,False,9007,1,4,1458,1,172,1
2,0,1,31,0,0,173,409,102,43,False,9008,1,2,1745,2,1553,1
2,1,1,25,0,0,0,0,0,0,False,9008,2,2,1745,2,1553,2
2,1,2,19,0,0,0,0,0,0,True,9009,1,4,1459,1,117,4
3,1,3,32,0,0,0,0,0,0,True,9010,1,2,1846,1,2031,2
2,0,1,45,0,2,338,307,64,0,False,9011,1,2,1746,2,1178,3
2,0,1,43,0,224,0,623,0,62,False,9012,1,4,1460,1,905,2
2,0,1,21,0,128,108,8,3,522,False,9013,1,4,1461,1,1538,3
2,0,1,48,0,38,0,23,722,1,False,9013,2,4,1461,1,1538,2
2,0,3,0,0,0,0,0,0,0,True,9013,3,4,1461,1,1538,1
1,1,1,29,0,0,0,0,0,0,True,9014,1,1,293,1,1374,3
1,0,3,41,0,3,1320,0,0,12392,False,9015,1,1,344,2,1622,3
2,0,1,23,0,0,554,0,299,0,False,9018,1,4,1462,1,180,2
2,0,3,48,0,304,0,164,320,0,False,9019,1,6,592,2,533,2
2,0,2,18,0,0,0,0,391,283,True,9020,1,2,1747,2,231,2
3,0,1,30,0,522,0,0,0,27,True,9021,1,6,577,1,895,2
3,0,1,26,1,1297,0,62,0,364,False,9021,2,7,286,1,895,2
2,0,1,18,0,0,1,0,618,21,True,9023,1,6,593,2,905,1
3,0,3,27,0,63,0,1970,0,0,True,9024,1,2,1749,2,1227,3
2,1,1,58,0,0,0,0,0,0,True,9026,1,4,1463,1,2133,0
2,0,1,22,0,1,676,13,217,1,False,9028,1,4,1464,1,2109,4
3,0,1,17,0,3146,0,87,135,0,False,9029,1,7,287,1,1896,2
2,0,1,28,0,1954,43,0,0,7,False,9030,1,2,1847,1,1529,3
2,0,1,27,0,0,0,0,298,511,False,9030,2,4,1465,1,1529,5
2,0,1,51,0,0,0,689,0,32,False,9031,1,4,1455,2,1909,1
3,1,1,37,0,0,0,0,0,0,False,9032,1,6,578,1,1105,2
1,1,1,14,0,0,0,0,0,0,True,9034,1,7,288,1,1449,3
1,1,1,43,0,0,0,0,0,0,True,9034,2,7,288,1,1449,0
1,0,3,27,0,0,984,0,13995,312,False,9034,3,7,288,1,2203,4
1,0,1,60,0,0,0,947,668,1,True,9034,4,7,288,1,905,1
1,0,1,33,0,0,1876,0,1432,14,False,9034,5,7,288,1,1449,1
2,0,1,39,0,266,4,1,0,452,False,9035,1,4,1466,1,1091,1
2,1,2,21,0,0,0,0,0,0,True,9036,1,4,1467,1,532,1
3,0,3,21,0,1410,3,49,0,0,False,9037,1,2,1751,2,336,4
1,1,3,28,0,0,0,0,0,0,True,9038,1,3,106,2,1588,1
2,1,2,30,0,0,0,0,0,0,True,9041,1,4,1470,1,1938,3
1,0,3,42,0,0,5436,0,471,109,True,9042,1,1,294,1,1154,1
2,1,1,25,0,0,0,0,0,0,True,9043,1,2,1848,1,368,0
1,1,3,25,0,0,0,0,0,0,True,9046,1,8,335,2,2012,0
1,0,1,25,0,6899,265,0,2234,2090,False,9046,2,8,335,2,2012,0
2,1,1,54,0,0,0,0,0,0,False,9048,1,4,1471,1,604,0
1,1,1,41,0,0,0,0,0,0,True,9049,1,8,336,2,1732,0
2,0,1,36,0,0,17,204,559,3,False,9052,1,4,1457,2,755,3
2,0,3,33,0,1006,0,1357,45,6,False,9052,2,2,1752,2,755,0
1,0,3,36,1,132,3479,0,3786,0,False,9057,1,4,427,2,2204,0
1,1,1,55,0,0,0,0,0,0,True,9057,2,1,296,1,2204,1
2,0,1,16,0,866,0,0,184,0,False,9059,1,2,1753,2,1018,3
2,0,1,28,0,0,8,338,135,390,False,9060,1,2,1853,1,1858,4
3,0,1,26,0,887,6,15,148,0,False,9061,1,7,276,2,1436,2
2,0,1,42,0,815,19,2,11,17,False,9064,1,2,1754,2,1336,3
2,0,2,30,0,1269,9,0,0,0,False,9066,1,2,1756,2,1399,0
1,0,1,31,0,1062,1605,0,2718,1674,False,9068,1,8,337,2,1543,2
1,1,1,22,0,0,0,0,0,0,True,9069,1,1,297,1,2205,5
1,1,3,26,0,0,0,0,0,0,True,9069,2,1,297,1,2205,0
1,1,3,25,0,0,0,0,0,0,True,9069,3,4,427,2,2205,2
1,0,1,44,0,0,4313,0,568,7,True,9069,4,1,297,1,2205,2
1,0,3,29,0,0,12563,0,3,5057,False,9069,5,1,297,1,1645,3
2,0,3,22,0,0,0,1072,46,3,False,9071,1,2,1855,1,825,2
2,1,1,23,0,0,0,0,0,0,True,9072,1,2,1758,2,1740,1
3,0,1,30,0,160,0,719,162,0,False,9072,2,2,1758,2,1740,2
3,0,1,23,0,455,10,591,232,0,False,9072,3,2,1758,2,1740,1
1,0,1,13,0,24,838,1069,1376,181,False,9073,1,3,107,2,1658,1
1,1,3,53,0,0,0,0,0,0,True,9073,2,1,347,2,1658,5
2,1,1,0,0,0,0,0,0,0,True,9074,1,4,1460,2,2206,2
2,0,2,27,0,0,468,0,59,309,False,9074,2,4,1460,2,2206,0
2,1,1,27,0,0,0,0,0,0,False,9074,3,4,1460,2,2206,3
2,1,3,10,0,0,0,0,0,0,True,9074,4,4,1460,2,2206,1
2,1,1,2,0,0,0,0,0,0,True,9074,5,4,1460,2,2206,2
2,0,3,5,0,0,0,0,0,0,True,9074,6,4,1460,2,2206,1
2,0,1,24,0,0,10,758,0,20,False,9075,1,6,580,1,1173,1
2,0,1,32,0,0,0,0,0,0,False,9076,1,4,1461,2,1762,2
2,0,3,22,0,23,100,1353,0,0,True,9077,1,2,1856,1,908,2
2,1,2,22,0,0,0,0,0,0,False,9077,2,4,1475,1,908,2
2,0,2,44,0,0,2,0,0,1556,False,9078,1,6,594,2,37,1
2,0,1,55,0,1,0,58,0,802,True,9079,1,6,595,2,1389,1
2,0,1,22,0,34,0,0,711,0,False,9080,1,2,1857,1,1671,0
2,0,1,8,0,0,0,0,0,0,False,9081,1,4,1476,1,1472,2
2,0,3,15,0,0,0,0,208,754,False,9081,2,2,1858,1,1472,2
2,1,1,1,0,0,0,0,0,0,False,9081,3,4,427,2,1472,3
2,0,1,9,0,0,0,0,0,0,True,9081,4,4,1476,1,905,1
2,0,1,48,0,0,586,784,4,21,True,9081,5,2,1858,1,1472,2
2,0,2,16,0,0,0,761,0,0,False,9081,6,2,1858,1,1472,2
2,1,1,27,0,0,0,0,0,0,True,9081,7,4,1476,1,1472,3
2,1,2,3,0,0,0,0,0,0,True,9081,8,4,1476,1,1472,2
2,0,1,25,0,1258,0,22,19,0,False,9084,1,6,582,1,1521,2
1,0,3,70,0,0,2113,0,1972,51,False,9085,1,3,95,1,905,2
1,0,3,30,0,11,495,0,2049,2064,False,9085,2,3,95,1,1475,2
1,1,1,57,0,0,0,0,0,0,True,9085,3,3,95,1,1475,2
2,0,1,42,0,866,0,16,0,0,False,9089,1,4,1463,2,1880,2
2,1,2,14,0,0,0,0,0,0,False,9094,1,4,1465,2,2067,2
2,0,1,43,0,0,704,0,2,0,True,9094,2,4,1465,2,2067,2
3,1,1,34,0,0,0,0,0,0,True,9097,1,2,1863,1,1915,2
2,0,1,21,0,8,796,0,0,0,True,9098,1,2,1864,1,648,2
2,0,1,32,0,0,475,51,440,642,False,9099,1,6,597,2,1175,2
2,0,1,21,0,0,0,496,430,0,False,9101,1,2,1865,1,507,2
2,0,1,25,0,3402,2449,28,259,197,False,9103,1,4,1479,1,179,2
1,1,3,25,0,0,0,0,0,0,True,9104,1,8,302,1,862,2
2,0,1,38,0,1736,0,123,5,115,False,9106,1,2,1761,2,438,2
2,1,1,36,0,0,0,0,0,0,False,9107,1,4,1467,2,1085,2
2,1,1,44,0,0,0,0,0,0,True,9108,1,4,1468,2,815,2
2,0,1,37,0,15,7,0,786,0,False,9108,2,4,1468,2,815,2
2,0,1,47,0,0,0,16,3,854,False,9110,1,2,1866,1,282,2
3,0,1,38,0,1478,0,631,0,0,False,9111,1,6,598,2,2207,2
3,0,1,28,0,0,0,0,0,0,False,9112,1,7,290,1,681,2
1,1,3,38,0,0,0,0,0,0,True,9114,1,1,348,2,2208,2
2,0,2,53,0,1215,0,0,0,0,False,9115,1,2,1867,1,620,2
2,0,1,26,0,0,0,0,1,48,True,9116,1,2,1868,1,523,2
2,0,3,13,0,0,1501,23,5,163,True,9118,1,6,585,1,529,2
2,0,1,64,0,37,1585,234,0,18,True,9118,2,4,1482,1,529,2
2,1,1,16,0,0,0,0,0,0,False,9119,1,4,1483,1,584,2
2,0,1,13,0,101,12,184,780,0,False,9120,1,2,1763,2,521,2
2,1,3,55,0,0,0,0,0,0,False,9122,1,4,1469,2,712,2
3,0,1,26,0,733,0,1296,80,0,False,9124,1,6,599,2,1627,2
3,1,1,23,0,0,0,0,0,0,True,9125,1,6,586,1,1310,2
3,1,1,55,0,0,0,0,0,0,True,9125,2,6,586,1,1310,2
3,1,1,50,0,0,0,0,0,0,True,9126,1,6,600,2,2209,2
2,0,2,26,0,0,749,20,0,0,False,9127,1,4,1470,2,1015,2
2,0,1,36,0,794,371,0,228,1,False,9128,1,2,1870,1,524,2
2,1,2,33,0,0,0,0,0,0,False,9128,2,4,1484,1,524,2
2,0,1,21,0,0,1,0,808,0,False,9129,1,4,1485,1,2185,2
3,1,1,41,0,0,0,0,0,0,True,9130,1,2,1765,2,1279,2
1,0,3,33,0,0,1961,0,226,1077,False,9131,1,8,303,1,2210,2
1,1,1,23,0,0,0,0,0,0,True,9131,2,8,303,1,2210,2
3,0,1,31,0,2575,1,2,0,0,False,9132,1,7,291,1,1316,2
3,0,1,28,0,1789,16,3,10,1,False,9132,2,2,1871,1,1316,2
2,0,1,13,0,590,0,32,363,0,False,9134,1,6,601,2,2074,2
2,0,1,27,0,6,0,0,800,3,False,9136,1,4,1471,2,755,2
3,0,1,35,0,3,1376,11,0,360,False,9137,1,2,1872,1,2211,2
3,0,1,25,0,410,32,14,1239,10,False,9139,1,2,1766,2,1473,2
2,1,2,19,0,0,0,0,0,0,True,9140,1,4,1488,1,1446,2
1,1,1,56,0,0,0,0,0,0,True,9141,1,1,349,2,2212,2
2,0,1,18,0,83,165,1,0,2002,False,9142,1,2,1873,1,69,2
2,0,1,22,0,1,702,0,0,0,False,9144,1,2,1768,2,2060,2
2,1,1,34,0,0,0,0,0,0,False,9145,1,4,1489,1,905,2
2,0,1,11,0,0,0,0,0,0,False,9148,1,4,1473,2,889,2
1,1,3,37,0,0,0,0,0,0,True,9149,1,1,350,2,2213,2
1,0,3,22,0,0,36,1,3761,4521,False,9149,2,1,350,2,2213,2
2,0,1,45,0,1,0,638,9,161,False,9150,1,4,1474,2,712,2
3,1,1,19,0,0,0,0,0,0,True,9151,1,2,1769,2,1628,2
2,1,1,39,0,0,0,0,0,0,True,9152,1,4,1491,1,332,2
1,1,1,28,0,0,0,0,0,0,True,9156,1,1,351,2,522,2
2,0,1,36,0,0,281,0,0,632,False,9157,1,4,1476,2,136,2
2,1,2,1,0,0,0,0,0,0,True,9157,2,4,1476,2,2168,2
2,0,2,10,0,0,0,0,0,0,True,9157,3,4,1476,2,136,2
2,0,3,12,0,0,0,0,0,0,True,9157,4,4,1476,2,136,2
2,0,1,31,0,0,522,0,54,332,False,9157,5,4,1476,2,136,2
2,0,1,12,0,0,0,0,0,0,False,9157,6,4,1476,2,136,2
2,1,1,3,0,0,0,0,0,0,True,9157,7,4,1476,2,136,2
1,1,3,30,1,0,0,0,0,0,True,9158,1,1,298,1,2214,2
2,0,1,41,0,169,0,516,0,52,True,9159,1,2,1875,1,307,2
2,0,1,19,0,640,0,0,38,12,False,9160,1,2,1770,2,1109,2
2,1,3,38,0,0,0,0,0,0,False,9161,1,4,1493,1,856,2
2,1,1,36,0,0,0,0,0,0,True,9161,2,4,1493,1,856,2
2,1,1,0,0,0,0,0,0,0,True,9163,1,4,1477,2,208,2
3,0,1,20,0,574,1,792,11,0,False,9164,1,6,602,2,394,2
2,0,1,23,0,9,2,1,0,727,False,9165,1,2,1771,2,863,2
2,0,1,35,0,0,0,0,684,0,False,9167,1,2,1772,2,2168,2
1,0,3,36,0,23,14773,0,1159,7819,False,9168,1,8,338,2,538,2
1,1,1,41,0,0,0,0,0,0,True,9168,2,8,338,2,538,2
3,0,1,38,0,48,2318,5,11,0,True,9169,1,7,295,1,260,2
2,0,1,33,0,1060,403,1,0,145,False,9170,1,6,587,1,626,2
2,0,1,54,0,724,25,71,0,1054,False,9172,1,4,1478,2,625,2
2,0,2,33,0,0,688,2,0,426,False,9173,1,2,1876,1,786,2
2,0,2,54,0,65,670,0,177,0,True,9174,1,4,1479,2,561,2
1,0,3,32,0,0,10073,0,168,337,True,9175,1,1,299,1,1719,2
2,0,1,24,0,0,537,0,5,197,True,9176,1,2,1773,2,234,2
2,0,1,53,0,49,584,0,0,70,False,9178,1,2,1877,1,1172,2
2,1,1,26,0,0,0,0,0,0,True,9179,1,4,1494,1,722,2
2,0,1,31,0,459,194,0,5,125,False,9179,2,4,1494,1,722,2
2,1,2,18,0,0,0,0,0,0,False,9179,3,4,1494,1,722,2
2,1,1,39,0,0,0,0,0,0,True,9179,4,4,1494,1,722,2
3,0,1,37,0,148,0,684,1446,88,False,9180,1,2,1774,2,572,2
2,0,1,35,0,270,4,453,7,0,True,9181,1,2,1775,2,304,2
1,0,3,34,0,0,5,11,62,5804,False,9183,1,8,307,1,905,2
2,0,1,28,0,0,7,6,0,482,False,9184,1,4,1480,2,630,2
2,0,1,43,0,698,94,0,0,0,True,9185,1,6,588,1,1082,2
3,1,1,2,0,0,0,0,0,0,True,9186,1,2,1878,1,1329,2
2,0,1,24,0,0,0,807,0,2,False,9188,1,4,1481,2,841,2
2,0,2,18,0,87,41,483,0,0,False,9189,1,2,1777,2,1172,2
2,0,1,21,0,802,0,1,1,0,True,9190,1,2,1778,2,2124,2
2,0,2,24,0,0,599,0,0,0,True,9192,1,2,1880,1,1070,2
2,0,2,35,0,0,0,0,0,0,False,9193,1,4,1483,2,2215,2
2,0,3,53,0,0,4017,0,13,3147,False,9194,1,6,603,2,905,2
1,0,1,32,1,1003,909,0,0,15,False,9194,2,6,603,2,1894,2
3,1,1,44,0,0,0,0,0,0,True,9195,1,2,1779,2,705,2
3,1,1,33,0,0,0,0,0,0,True,9195,2,2,1779,2,705,2
1,0,1,40,0,0,1674,0,269,4,True,9196,1,8,339,2,1822,2
1,0,1,31,0,1,104,1338,698,126,True,9196,2,8,339,2,1822,2
1,0,1,23,0,381,794,52,654,1317,False,9196,3,8,339,2,1822,2
1,0,3,44,0,0,0,0,0,0,True,9197,1,8,308,1,568,2
1,0,1,41,1,0,7964,0,3238,5839,False,9197,2,8,308,1,568,2
1,0,1,31,0,0,4634,8,616,0,True,9197,3,8,308,1,568,2
1,0,3,30,0,1569,0,0,0,2252,False,9197,4,8,308,1,568,2
1,1,3,33,0,0,0,0,0,0,True,9199,1,6,590,1,1086,2
2,0,2,30,0,0,816,0,0,0,True,9201,1,4,1484,2,1825,2
1,0,1,26,0,8586,77,114,29,4,False,9202,1,8,309,1,2112,2
3,1,3,22,0,0,0,0,0,0,True,9203,1,2,1780,2,2216,2
1,1,3,37,0,0,0,0,0,0,True,9205,1,1,300,1,2205,2
1,1,1,15,0,0,0,0,0,0,True,9205,2,1,300,1,905,2
1,1,1,52,0,0,0,0,0,0,True,9205,3,1,300,1,2205,2
2,1,1,35,0,0,0,0,0,0,True,9208,1,4,1485,2,905,2
2,0,1,40,0,757,40,4,2,0,False,9208,2,2,1782,2,138,2
2,0,1,60,0,0,8,0,360,74,False,9211,1,4,1486,2,2089,2
2,0,1,24,0,0,90,0,795,0,True,9213,1,2,1884,1,1641,2
2,0,3,31,0,15,679,89,6,0,True,9217,1,6,604,2,201,2
1,1,3,43,0,0,0,0,0,0,True,9218,1,1,353,2,905,2
2,0,3,9,0,0,0,0,0,0,False,9219,1,4,1487,2,2217,2
2,0,1,51,0,6,0,0,0,1164,True,9219,2,2,1783,2,2217,2
2,0,1,25,0,2,45,45,0,815,False,9220,1,4,1496,1,1404,2
2,1,1,20,0,0,0,0,0,0,True,9220,2,4,1496,1,1404,2
2,0,2,22,0,623,0,0,0,53,True,9220,3,2,1886,1,1292,2
2,1,1,21,0,0,0,0,0,0,False,9221,1,4,1497,1,180,2
3,1,1,50,0,0,0,0,0,0,True,9222,1,2,1784,2,1396,2
3,0,1,24,0,745,639,977,4,0,False,9224,1,2,1786,2,142,2
2,0,1,45,0,1,197,0,660,15,False,9225,1,2,1787,2,493,2
2,0,1,22,0,676,0,13,0,12,False,9226,1,2,1788,2,67,2
2,1,1,7,0,0,0,0,0,0,False,9227,1,4,1498,1,858,2
2,1,2,11,0,0,0,0,0,0,True,9227,2,4,1498,1,858,2
2,1,2,1,0,0,0,0,0,0,True,9227,3,4,1498,1,858,2
2,1,1,0,0,0,0,0,0,0,True,9227,4,4,1498,1,858,2
2,0,1,8,0,0,0,0,0,0,False,9227,5,4,1498,1,858,2
1,0,1,36,1,0,5600,715,2868,971,True,9230,1,8,342,2,905,2
3,1,3,2,0,0,0,0,0,0,True,9231,1,2,1888,1,1556,2
3,0,1,0,0,0,0,0,0,0,True,9231,2,2,1888,1,1556,2
3,0,1,22,0,0,0,0,0,0,False,9231,3,6,592,1,1556,2
2,0,1,41,0,3,0,668,0,0,True,9233,1,4,427,2,995,2
2,0,1,49,0,6,1,638,1107,23,False,9234,1,4,1500,1,1283,2
2,0,1,30,0,8,752,0,0,687,True,9235,1,2,1789,2,839,2
2,1,1,37,0,0,0,0,0,0,False,9237,1,4,1488,2,1026,2
3,0,1,14,0,2,0,918,128,0,False,9239,1,6,593,1,897,2
3,0,1,30,0,699,0,600,0,0,False,9241,1,6,595,1,316,2
2,0,1,62,0,102,696,0,0,0,True,9242,1,2,1891,1,150,2
2,1,2,13,0,0,0,0,0,0,True,9244,1,4,1489,2,1140,2
2,0,1,32,0,0,0,0,0,0,True,9246,1,4,1490,2,905,2
2,1,1,33,0,0,0,0,0,0,False,9247,1,4,1491,2,748,2
2,0,3,38,0,28,1208,973,207,0,True,9248,1,2,1792,2,214,2
1,0,1,29,0,0,2972,0,28,188,True,9250,1,6,597,1,1577,2
3,1,1,25,0,0,0,0,0,0,True,9251,1,2,1793,2,1550,2
1,0,3,26,0,0,8160,205,0,438,True,9252,1,1,301,1,2053,2
1,1,3,19,0,0,0,0,0,0,True,9252,2,1,301,1,2053,2
2,1,2,16,0,0,0,0,0,0,True,9253,1,4,1493,2,1763,2
2,1,2,61,0,0,0,0,0,0,False,9254,1,4,1502,1,307,2
2,1,1,28,0,0,0,0,0,0,True,9256,1,4,1494,2,523,2
2,0,1,13,0,39,0,1085,24,0,False,9257,1,2,1892,1,1929,2
2,0,1,44,0,1030,1015,0,11,0,True,9259,1,2,1893,1,735,2
2,1,2,22,0,0,0,0,0,0,False,9261,1,4,1504,1,1365,2
1,1,3,30,0,0,0,0,0,0,True,9264,1,6,606,2,2218,2
1,1,1,21,0,0,0,0,0,0,True,9267,1,6,607,2,644,2
1,1,1,20,0,0,0,0,0,0,True,9267,2,6,607,2,644,2
2,1,1,31,0,0,0,0,0,0,True,9268,1,4,1505,1,1402,2
2,1,3,33,0,0,0,0,0,0,True,9270,1,4,1497,2,201,2
2,0,1,26,0,240,242,510,0,0,True,9272,1,4,1507,1,100,2
2,0,1,21,0,86,3,149,208,329,False,9272,2,2,1894,1,100,2
2,1,1,23,0,0,0,0,0,0,True,9274,1,4,1508,1,1452,2
1,0,1,0,0,0,0,0,0,0,True,9275,1,3,97,1,1438,2
1,0,1,32,0,1,1146,0,50,34,False,9275,2,3,97,1,1438,2
1,0,1,30,0,0,3208,0,2,330,True,9275,3,3,97,1,1438,2
1,0,3,41,1,0,6819,0,1643,74,False,9276,1,3,98,1,1360,2
2,1,2,18,0,0,0,0,0,0,False,9278,1,4,1499,2,2135,2
2,0,1,26,0,0,0,1872,1,0,True,9279,1,4,1500,2,226,2
1,0,3,32,0,0,1049,0,353,3235,False,9280,1,6,608,2,381,2
1,0,1,44,0,126,4688,0,0,12,True,9280,2,6,608,2,381,2
